ISO-10303-21;
HEADER;
/* Generated by software containing ST-Developer
 * from STEP Tools, Inc. (www.steptools.com) 
 */

FILE_DESCRIPTION(
/* description */ (''),
/* implementation_level */ '2;1');

FILE_NAME(
/* name */ 
'C:\\Users\\janartha\\Desktop\\WF\\PG-TLGA-4-2_Z8B00235481_V03_3D.stp',

/* time_stamp */ '2022-09-30T15:39:13+05:00',
/* author */ ('janartha'),
/* organization */ (''),
/* preprocessor_version */ 'ST-DEVELOPER v16.13',
/* originating_system */ 'AutoCAD Mechanical',
/* authorisation */ '');

FILE_SCHEMA (('AUTOMOTIVE_DESIGN { 1 0 10303 214 3 1 1 }'));
ENDSEC;

DATA;
#10=MECHANICAL_DESIGN_GEOMETRIC_PRESENTATION_REPRESENTATION('',(#98,#97,
#82,#81,#83,#85,#84,#86,#87,#88,#89,#90,#91,#92,#94,#93,#95,#96,#99,#80),
#5926);
#11=PRESENTATION_LAYER_ASSIGNMENT('6','3D_Soldermask',(#100));
#12=PRESENTATION_LAYER_ASSIGNMENT('5','3D_Lid',(#101));
#13=PRESENTATION_LAYER_ASSIGNMENT('2','3D_Pin1',(#102));
#14=PRESENTATION_LAYER_ASSIGNMENT('1','3D_Pins',(#103,#104,#105,#106,#119));
#15=PRESENTATION_LAYER_ASSIGNMENT('3','3D_Logo',(#107,#108,#109,#110,#111,
#112,#113,#114,#115,#116,#117,#118));
#16=SHAPE_REPRESENTATION_RELATIONSHIP('SRR','None',#5932,#17);
#17=ADVANCED_BREP_SHAPE_REPRESENTATION('',(#100,#101,#102,#103,#104,#105,
#106,#107,#108,#109,#110,#111,#112,#113,#114,#115,#116,#117,#118,#119),
#5925);
#18=(
BOUNDED_CURVE()
B_SPLINE_CURVE(3,(#5079,#5080,#5081,#5082,#5083,#5084,#5085),
 .UNSPECIFIED.,.F.,.F.)
B_SPLINE_CURVE_WITH_KNOTS((4,1,1,1,4),(9.89572329692831,10.2860525432452,
10.4461076351519,10.6762822529804,10.8957232969283),.UNSPECIFIED.)
CURVE()
GEOMETRIC_REPRESENTATION_ITEM()
RATIONAL_B_SPLINE_CURVE((1.,1.,1.,1.,1.,1.,1.))
REPRESENTATION_ITEM('')
);
#19=(
BOUNDED_CURVE()
B_SPLINE_CURVE(3,(#5089,#5090,#5091,#5092,#5093,#5094,#5095),
 .UNSPECIFIED.,.F.,.F.)
B_SPLINE_CURVE_WITH_KNOTS((4,1,1,1,4),(9.89572329692831,10.2860525432452,
10.4461076351519,10.6762822529804,10.8957232969283),.UNSPECIFIED.)
CURVE()
GEOMETRIC_REPRESENTATION_ITEM()
RATIONAL_B_SPLINE_CURVE((1.,1.,1.,1.,1.,1.,1.))
REPRESENTATION_ITEM('')
);
#20=(
BOUNDED_CURVE()
B_SPLINE_CURVE(3,(#5158,#5159,#5160,#5161,#5162,#5163,#5164,#5165,#5166),
 .UNSPECIFIED.,.F.,.F.)
B_SPLINE_CURVE_WITH_KNOTS((4,1,1,1,1,1,4),(1.,1.20199002713538,1.3847763570829,
1.47454453190553,1.59390050992387,1.7709553074419,2.),.UNSPECIFIED.)
CURVE()
GEOMETRIC_REPRESENTATION_ITEM()
RATIONAL_B_SPLINE_CURVE((1.,1.,1.,1.,1.,1.,1.,1.,1.))
REPRESENTATION_ITEM('')
);
#21=(
BOUNDED_CURVE()
B_SPLINE_CURVE(3,(#5168,#5169,#5170,#5171,#5172,#5173,#5174,#5175,#5176),
 .UNSPECIFIED.,.F.,.F.)
B_SPLINE_CURVE_WITH_KNOTS((4,1,1,1,1,1,4),(1.,1.20199002713538,1.3847763570829,
1.47454453190553,1.59390050992387,1.7709553074419,2.),.UNSPECIFIED.)
CURVE()
GEOMETRIC_REPRESENTATION_ITEM()
RATIONAL_B_SPLINE_CURVE((1.,1.,1.,1.,1.,1.,1.,1.,1.))
REPRESENTATION_ITEM('')
);
#22=(
BOUNDED_CURVE()
B_SPLINE_CURVE(3,(#5213,#5214,#5215,#5216),.UNSPECIFIED.,.F.,.F.)
B_SPLINE_CURVE_WITH_KNOTS((4,4),(6.,7.),.UNSPECIFIED.)
CURVE()
GEOMETRIC_REPRESENTATION_ITEM()
RATIONAL_B_SPLINE_CURVE((1.,1.,1.,1.))
REPRESENTATION_ITEM('')
);
#23=(
BOUNDED_CURVE()
B_SPLINE_CURVE(3,(#5218,#5219,#5220,#5221),.UNSPECIFIED.,.F.,.F.)
B_SPLINE_CURVE_WITH_KNOTS((4,4),(6.,7.),.UNSPECIFIED.)
CURVE()
GEOMETRIC_REPRESENTATION_ITEM()
RATIONAL_B_SPLINE_CURVE((1.,1.,1.,1.))
REPRESENTATION_ITEM('')
);
#24=(
BOUNDED_CURVE()
B_SPLINE_CURVE(3,(#5263,#5264,#5265,#5266,#5267),.UNSPECIFIED.,.F.,.F.)
B_SPLINE_CURVE_WITH_KNOTS((4,1,4),(0.,0.506378716137783,1.),
 .UNSPECIFIED.)
CURVE()
GEOMETRIC_REPRESENTATION_ITEM()
RATIONAL_B_SPLINE_CURVE((1.,1.,1.,1.,1.))
REPRESENTATION_ITEM('')
);
#25=(
BOUNDED_CURVE()
B_SPLINE_CURVE(3,(#5268,#5269,#5270,#5271,#5272),.UNSPECIFIED.,.F.,.F.)
B_SPLINE_CURVE_WITH_KNOTS((4,1,4),(0.,0.506378716137783,1.),
 .UNSPECIFIED.)
CURVE()
GEOMETRIC_REPRESENTATION_ITEM()
RATIONAL_B_SPLINE_CURVE((1.,1.,1.,1.,1.))
REPRESENTATION_ITEM('')
);
#26=(
BOUNDED_CURVE()
B_SPLINE_CURVE(3,(#5305,#5306,#5307,#5308),.UNSPECIFIED.,.F.,.F.)
B_SPLINE_CURVE_WITH_KNOTS((4,4),(6.,7.),.UNSPECIFIED.)
CURVE()
GEOMETRIC_REPRESENTATION_ITEM()
RATIONAL_B_SPLINE_CURVE((1.,1.,1.,1.))
REPRESENTATION_ITEM('')
);
#27=(
BOUNDED_CURVE()
B_SPLINE_CURVE(3,(#5310,#5311,#5312,#5313),.UNSPECIFIED.,.F.,.F.)
B_SPLINE_CURVE_WITH_KNOTS((4,4),(6.,7.),.UNSPECIFIED.)
CURVE()
GEOMETRIC_REPRESENTATION_ITEM()
RATIONAL_B_SPLINE_CURVE((1.,1.,1.,1.))
REPRESENTATION_ITEM('')
);
#28=(
BOUNDED_CURVE()
B_SPLINE_CURVE(3,(#5355,#5356,#5357,#5358,#5359),.UNSPECIFIED.,.F.,.F.)
B_SPLINE_CURVE_WITH_KNOTS((4,1,4),(0.,0.506378716137783,1.),
 .UNSPECIFIED.)
CURVE()
GEOMETRIC_REPRESENTATION_ITEM()
RATIONAL_B_SPLINE_CURVE((1.,1.,1.,1.,1.))
REPRESENTATION_ITEM('')
);
#29=(
BOUNDED_CURVE()
B_SPLINE_CURVE(3,(#5360,#5361,#5362,#5363,#5364),.UNSPECIFIED.,.F.,.F.)
B_SPLINE_CURVE_WITH_KNOTS((4,1,4),(0.,0.506378716137783,1.),
 .UNSPECIFIED.)
CURVE()
GEOMETRIC_REPRESENTATION_ITEM()
RATIONAL_B_SPLINE_CURVE((1.,1.,1.,1.,1.))
REPRESENTATION_ITEM('')
);
#30=(
BOUNDED_CURVE()
B_SPLINE_CURVE(3,(#5379,#5380,#5381,#5382,#5383),.UNSPECIFIED.,.F.,.F.)
B_SPLINE_CURVE_WITH_KNOTS((4,1,4),(9.,9.50637871613778,10.),
 .UNSPECIFIED.)
CURVE()
GEOMETRIC_REPRESENTATION_ITEM()
RATIONAL_B_SPLINE_CURVE((1.,1.,1.,1.,1.))
REPRESENTATION_ITEM('')
);
#31=(
BOUNDED_CURVE()
B_SPLINE_CURVE(3,(#5387,#5388,#5389,#5390,#5391),.UNSPECIFIED.,.F.,.F.)
B_SPLINE_CURVE_WITH_KNOTS((4,1,4),(9.,9.50637871613778,10.),
 .UNSPECIFIED.)
CURVE()
GEOMETRIC_REPRESENTATION_ITEM()
RATIONAL_B_SPLINE_CURVE((1.,1.,1.,1.,1.))
REPRESENTATION_ITEM('')
);
#32=(
BOUNDED_CURVE()
B_SPLINE_CURVE(3,(#5420,#5421,#5422,#5423),.UNSPECIFIED.,.F.,.F.)
B_SPLINE_CURVE_WITH_KNOTS((4,4),(5.,6.),.UNSPECIFIED.)
CURVE()
GEOMETRIC_REPRESENTATION_ITEM()
RATIONAL_B_SPLINE_CURVE((1.,1.,1.,1.))
REPRESENTATION_ITEM('')
);
#33=(
BOUNDED_CURVE()
B_SPLINE_CURVE(3,(#5425,#5426,#5427,#5428),.UNSPECIFIED.,.F.,.F.)
B_SPLINE_CURVE_WITH_KNOTS((4,4),(5.,6.),.UNSPECIFIED.)
CURVE()
GEOMETRIC_REPRESENTATION_ITEM()
RATIONAL_B_SPLINE_CURVE((1.,1.,1.,1.))
REPRESENTATION_ITEM('')
);
#34=(
BOUNDED_CURVE()
B_SPLINE_CURVE(3,(#5469,#5470,#5471,#5472),.UNSPECIFIED.,.F.,.F.)
B_SPLINE_CURVE_WITH_KNOTS((4,4),(13.,14.),.UNSPECIFIED.)
CURVE()
GEOMETRIC_REPRESENTATION_ITEM()
RATIONAL_B_SPLINE_CURVE((1.,1.,1.,1.))
REPRESENTATION_ITEM('')
);
#35=(
BOUNDED_CURVE()
B_SPLINE_CURVE(3,(#5476,#5477,#5478,#5479),.UNSPECIFIED.,.F.,.F.)
B_SPLINE_CURVE_WITH_KNOTS((4,4),(13.,14.),.UNSPECIFIED.)
CURVE()
GEOMETRIC_REPRESENTATION_ITEM()
RATIONAL_B_SPLINE_CURVE((1.,1.,1.,1.))
REPRESENTATION_ITEM('')
);
#36=(
BOUNDED_CURVE()
B_SPLINE_CURVE(3,(#5496,#5497,#5498,#5499),.UNSPECIFIED.,.F.,.F.)
B_SPLINE_CURVE_WITH_KNOTS((4,4),(11.,12.),.UNSPECIFIED.)
CURVE()
GEOMETRIC_REPRESENTATION_ITEM()
RATIONAL_B_SPLINE_CURVE((1.,1.,1.,1.))
REPRESENTATION_ITEM('')
);
#37=(
BOUNDED_CURVE()
B_SPLINE_CURVE(3,(#5501,#5502,#5503,#5504),.UNSPECIFIED.,.F.,.F.)
B_SPLINE_CURVE_WITH_KNOTS((4,4),(11.,12.),.UNSPECIFIED.)
CURVE()
GEOMETRIC_REPRESENTATION_ITEM()
RATIONAL_B_SPLINE_CURVE((1.,1.,1.,1.))
REPRESENTATION_ITEM('')
);
#38=(
BOUNDED_CURVE()
B_SPLINE_CURVE(3,(#5604,#5605,#5606,#5607,#5608,#5609),.UNSPECIFIED.,.F.,
 .F.)
B_SPLINE_CURVE_WITH_KNOTS((4,1,1,4),(0.,0.324339629177968,0.571874357685934,
1.),.UNSPECIFIED.)
CURVE()
GEOMETRIC_REPRESENTATION_ITEM()
RATIONAL_B_SPLINE_CURVE((1.,1.,1.,1.,1.,1.))
REPRESENTATION_ITEM('')
);
#39=(
BOUNDED_CURVE()
B_SPLINE_CURVE(3,(#5610,#5611,#5612,#5613,#5614,#5615),.UNSPECIFIED.,.F.,
 .F.)
B_SPLINE_CURVE_WITH_KNOTS((4,1,1,4),(-1.,-0.571874357685934,-0.324339629177968,
0.),.UNSPECIFIED.)
CURVE()
GEOMETRIC_REPRESENTATION_ITEM()
RATIONAL_B_SPLINE_CURVE((1.,1.,1.,1.,1.,1.))
REPRESENTATION_ITEM('')
);
#40=(
BOUNDED_CURVE()
B_SPLINE_CURVE(3,(#5630,#5631,#5632,#5633,#5634,#5635),.UNSPECIFIED.,.F.,
 .F.)
B_SPLINE_CURVE_WITH_KNOTS((4,1,1,4),(8.,8.30644689092663,8.59799782865395,
9.),.UNSPECIFIED.)
CURVE()
GEOMETRIC_REPRESENTATION_ITEM()
RATIONAL_B_SPLINE_CURVE((1.,1.,1.,1.,1.,1.))
REPRESENTATION_ITEM('')
);
#41=(
BOUNDED_CURVE()
B_SPLINE_CURVE(3,(#5639,#5640,#5641,#5642,#5643,#5644),.UNSPECIFIED.,.F.,
 .F.)
B_SPLINE_CURVE_WITH_KNOTS((4,1,1,4),(8.,8.30644689092663,8.59799782865395,
9.),.UNSPECIFIED.)
CURVE()
GEOMETRIC_REPRESENTATION_ITEM()
RATIONAL_B_SPLINE_CURVE((1.,1.,1.,1.,1.,1.))
REPRESENTATION_ITEM('')
);
#42=(
BOUNDED_CURVE()
B_SPLINE_CURVE(3,(#5673,#5674,#5675,#5676,#5677,#5678,#5679),
 .UNSPECIFIED.,.F.,.F.)
B_SPLINE_CURVE_WITH_KNOTS((4,1,1,1,4),(5.,5.40425805790529,5.57116718233676,
5.71508347604857,6.),.UNSPECIFIED.)
CURVE()
GEOMETRIC_REPRESENTATION_ITEM()
RATIONAL_B_SPLINE_CURVE((1.,1.,1.,1.,1.,1.,1.))
REPRESENTATION_ITEM('')
);
#43=(
BOUNDED_CURVE()
B_SPLINE_CURVE(3,(#5681,#5682,#5683,#5684,#5685,#5686,#5687),
 .UNSPECIFIED.,.F.,.F.)
B_SPLINE_CURVE_WITH_KNOTS((4,1,1,1,4),(5.,5.40425805790529,5.57116718233676,
5.71508347604857,6.),.UNSPECIFIED.)
CURVE()
GEOMETRIC_REPRESENTATION_ITEM()
RATIONAL_B_SPLINE_CURVE((1.,1.,1.,1.,1.,1.,1.))
REPRESENTATION_ITEM('')
);
#44=(
BOUNDED_CURVE()
B_SPLINE_CURVE(3,(#5712,#5713,#5714,#5715,#5716,#5717,#5718,#5719),
 .UNSPECIFIED.,.F.,.F.)
B_SPLINE_CURVE_WITH_KNOTS((4,1,1,1,1,4),(3.,3.27409078480324,3.42969795369641,
3.57517369149644,3.70268031260286,4.),.UNSPECIFIED.)
CURVE()
GEOMETRIC_REPRESENTATION_ITEM()
RATIONAL_B_SPLINE_CURVE((1.,1.,1.,1.,1.,1.,1.,1.))
REPRESENTATION_ITEM('')
);
#45=(
BOUNDED_CURVE()
B_SPLINE_CURVE(3,(#5721,#5722,#5723,#5724,#5725,#5726,#5727,#5728),
 .UNSPECIFIED.,.F.,.F.)
B_SPLINE_CURVE_WITH_KNOTS((4,1,1,1,1,4),(3.,3.27409078480324,3.42969795369641,
3.57517369149644,3.70268031260286,4.),.UNSPECIFIED.)
CURVE()
GEOMETRIC_REPRESENTATION_ITEM()
RATIONAL_B_SPLINE_CURVE((1.,1.,1.,1.,1.,1.,1.,1.))
REPRESENTATION_ITEM('')
);
#46=(
BOUNDED_CURVE()
B_SPLINE_CURVE(3,(#5763,#5764,#5765,#5766,#5767,#5768,#5769),
 .UNSPECIFIED.,.F.,.F.)
B_SPLINE_CURVE_WITH_KNOTS((4,1,1,1,4),(3.,3.4114422538586,3.58192882146562,
3.69777033847074,4.),.UNSPECIFIED.)
CURVE()
GEOMETRIC_REPRESENTATION_ITEM()
RATIONAL_B_SPLINE_CURVE((1.,1.,1.,1.,1.,1.,1.))
REPRESENTATION_ITEM('')
);
#47=(
BOUNDED_CURVE()
B_SPLINE_CURVE(3,(#5773,#5774,#5775,#5776,#5777,#5778,#5779),
 .UNSPECIFIED.,.F.,.F.)
B_SPLINE_CURVE_WITH_KNOTS((4,1,1,1,4),(-4.,-3.69777033847074,-3.58192882146562,
-3.4114422538586,-3.),.UNSPECIFIED.)
CURVE()
GEOMETRIC_REPRESENTATION_ITEM()
RATIONAL_B_SPLINE_CURVE((1.,1.,1.,1.,1.,1.,1.))
REPRESENTATION_ITEM('')
);
#48=(
BOUNDED_CURVE()
B_SPLINE_CURVE(3,(#5800,#5801,#5802,#5803,#5804,#5805),.UNSPECIFIED.,.F.,
 .F.)
B_SPLINE_CURVE_WITH_KNOTS((4,1,1,4),(1.,1.41792976601001,1.60686979313225,
2.),.UNSPECIFIED.)
CURVE()
GEOMETRIC_REPRESENTATION_ITEM()
RATIONAL_B_SPLINE_CURVE((1.,1.,1.,1.,1.,1.))
REPRESENTATION_ITEM('')
);
#49=(
BOUNDED_CURVE()
B_SPLINE_CURVE(3,(#5808,#5809,#5810,#5811,#5812,#5813),.UNSPECIFIED.,.F.,
 .F.)
B_SPLINE_CURVE_WITH_KNOTS((4,1,1,4),(-2.,-1.60686979313225,-1.41792976601001,
-1.),.UNSPECIFIED.)
CURVE()
GEOMETRIC_REPRESENTATION_ITEM()
RATIONAL_B_SPLINE_CURVE((1.,1.,1.,1.,1.,1.))
REPRESENTATION_ITEM('')
);
#50=(
BOUNDED_CURVE()
B_SPLINE_CURVE(3,(#5835,#5836,#5837,#5838,#5839,#5840,#5841,#5842),
 .UNSPECIFIED.,.F.,.F.)
B_SPLINE_CURVE_WITH_KNOTS((4,1,1,1,1,4),(3.,3.23849206427794,3.36897739769037,
3.57837439943119,3.68877954293656,4.),.UNSPECIFIED.)
CURVE()
GEOMETRIC_REPRESENTATION_ITEM()
RATIONAL_B_SPLINE_CURVE((1.,1.,1.,1.,1.,1.,1.,1.))
REPRESENTATION_ITEM('')
);
#51=(
BOUNDED_CURVE()
B_SPLINE_CURVE(3,(#5846,#5847,#5848,#5849,#5850,#5851,#5852,#5853),
 .UNSPECIFIED.,.F.,.F.)
B_SPLINE_CURVE_WITH_KNOTS((4,1,1,1,1,4),(3.,3.23849206427794,3.36897739769037,
3.57837439943119,3.68877954293656,4.),.UNSPECIFIED.)
CURVE()
GEOMETRIC_REPRESENTATION_ITEM()
RATIONAL_B_SPLINE_CURVE((1.,1.,1.,1.,1.,1.,1.,1.))
REPRESENTATION_ITEM('')
);
#52=(
BOUNDED_CURVE()
B_SPLINE_CURVE(3,(#5876,#5877,#5878,#5879,#5880,#5881,#5882),
 .UNSPECIFIED.,.F.,.F.)
B_SPLINE_CURVE_WITH_KNOTS((4,1,1,1,4),(1.,1.32366156986812,1.44930228373454,
1.62896021057837,2.),.UNSPECIFIED.)
CURVE()
GEOMETRIC_REPRESENTATION_ITEM()
RATIONAL_B_SPLINE_CURVE((1.,1.,1.,1.,1.,1.,1.))
REPRESENTATION_ITEM('')
);
#53=(
BOUNDED_CURVE()
B_SPLINE_CURVE(3,(#5884,#5885,#5886,#5887,#5888,#5889,#5890),
 .UNSPECIFIED.,.F.,.F.)
B_SPLINE_CURVE_WITH_KNOTS((4,1,1,1,4),(1.,1.32366156986812,1.44930228373454,
1.62896021057837,2.),.UNSPECIFIED.)
CURVE()
GEOMETRIC_REPRESENTATION_ITEM()
RATIONAL_B_SPLINE_CURVE((1.,1.,1.,1.,1.,1.,1.))
REPRESENTATION_ITEM('')
);
#54=(
BOUNDED_SURFACE()
B_SPLINE_SURFACE(2,2,((#4799,#4800,#4801),(#4802,#4803,#4804),(#4805,#4806,
#4807)),.UNSPECIFIED.,.F.,.F.,.F.)
B_SPLINE_SURFACE_WITH_KNOTS((3,3),(3,3),(-1.5707963267949,0.),(0.,1.5707963267949),
 .UNSPECIFIED.)
GEOMETRIC_REPRESENTATION_ITEM()
RATIONAL_B_SPLINE_SURFACE(((1.,0.707106781186547,1.),(0.70710678118655,
0.500000000000001,0.70710678118655),(1.,0.707106781186547,1.)))
REPRESENTATION_ITEM('')
SURFACE()
);
#55=(
BOUNDED_SURFACE()
B_SPLINE_SURFACE(2,2,((#4811,#4812,#4813),(#4814,#4815,#4816),(#4817,#4818,
#4819)),.UNSPECIFIED.,.F.,.F.,.F.)
B_SPLINE_SURFACE_WITH_KNOTS((3,3),(3,3),(-1.5707963267949,0.),(-1.5707963267949,
0.),.UNSPECIFIED.)
GEOMETRIC_REPRESENTATION_ITEM()
RATIONAL_B_SPLINE_SURFACE(((1.,0.707106781186547,1.),(0.70710678118655,
0.500000000000001,0.70710678118655),(1.,0.707106781186547,1.)))
REPRESENTATION_ITEM('')
SURFACE()
);
#56=(
BOUNDED_SURFACE()
B_SPLINE_SURFACE(2,2,((#4835,#4836,#4837),(#4838,#4839,#4840),(#4841,#4842,
#4843)),.UNSPECIFIED.,.F.,.F.,.F.)
B_SPLINE_SURFACE_WITH_KNOTS((3,3),(3,3),(-1.5707963267949,0.),(1.57079632679489,
3.14159265358979),.UNSPECIFIED.)
GEOMETRIC_REPRESENTATION_ITEM()
RATIONAL_B_SPLINE_SURFACE(((1.,0.707106781186547,1.),(0.707106781186549,
0.5,0.707106781186549),(1.,0.707106781186547,1.)))
REPRESENTATION_ITEM('')
SURFACE()
);
#57=(
BOUNDED_SURFACE()
B_SPLINE_SURFACE(2,2,((#4847,#4848,#4849),(#4850,#4851,#4852),(#4853,#4854,
#4855)),.UNSPECIFIED.,.F.,.F.,.F.)
B_SPLINE_SURFACE_WITH_KNOTS((3,3),(3,3),(-1.5707963267949,0.),(-3.14159265358979,
-1.57079632679489),.UNSPECIFIED.)
GEOMETRIC_REPRESENTATION_ITEM()
RATIONAL_B_SPLINE_SURFACE(((1.,0.707106781186547,1.),(0.707106781186549,
0.5,0.707106781186549),(1.,0.707106781186547,1.)))
REPRESENTATION_ITEM('')
SURFACE()
);
#58=(
BOUNDED_SURFACE()
B_SPLINE_SURFACE(3,1,((#5063,#5064),(#5065,#5066),(#5067,#5068),(#5069,
#5070),(#5071,#5072),(#5073,#5074),(#5075,#5076)),.UNSPECIFIED.,.F.,.F.,
 .F.)
B_SPLINE_SURFACE_WITH_KNOTS((4,1,1,1,4),(2,2),(9.89572329692831,10.2860525432452,
10.4461076351519,10.6762822529804,10.8957232969283),(0.,0.001),
 .UNSPECIFIED.)
GEOMETRIC_REPRESENTATION_ITEM()
RATIONAL_B_SPLINE_SURFACE(((1.,1.),(1.,1.),(1.,1.),(1.,1.),(1.,1.),(1.,
1.),(1.,1.)))
REPRESENTATION_ITEM('')
SURFACE()
);
#59=(
BOUNDED_SURFACE()
B_SPLINE_SURFACE(3,1,((#5139,#5140),(#5141,#5142),(#5143,#5144),(#5145,
#5146),(#5147,#5148),(#5149,#5150),(#5151,#5152),(#5153,#5154),(#5155,#5156)),
 .UNSPECIFIED.,.F.,.F.,.F.)
B_SPLINE_SURFACE_WITH_KNOTS((4,1,1,1,1,1,4),(2,2),(1.,1.20199002713538,
1.3847763570829,1.47454453190553,1.59390050992387,1.7709553074419,2.),(0.,
0.001),.UNSPECIFIED.)
GEOMETRIC_REPRESENTATION_ITEM()
RATIONAL_B_SPLINE_SURFACE(((1.,1.),(1.,1.),(1.,1.),(1.,1.),(1.,1.),(1.,
1.),(1.,1.),(1.,1.),(1.,1.)))
REPRESENTATION_ITEM('')
SURFACE()
);
#60=(
BOUNDED_SURFACE()
B_SPLINE_SURFACE(3,1,((#5204,#5205),(#5206,#5207),(#5208,#5209),(#5210,
#5211)),.UNSPECIFIED.,.F.,.F.,.F.)
B_SPLINE_SURFACE_WITH_KNOTS((4,4),(2,2),(6.,7.),(0.,0.001),
 .UNSPECIFIED.)
GEOMETRIC_REPRESENTATION_ITEM()
RATIONAL_B_SPLINE_SURFACE(((1.,1.),(1.,1.),(1.,1.),(1.,1.)))
REPRESENTATION_ITEM('')
SURFACE()
);
#61=(
BOUNDED_SURFACE()
B_SPLINE_SURFACE(3,1,((#5253,#5254),(#5255,#5256),(#5257,#5258),(#5259,
#5260),(#5261,#5262)),.UNSPECIFIED.,.F.,.F.,.F.)
B_SPLINE_SURFACE_WITH_KNOTS((4,1,4),(2,2),(0.,0.506378716137783,1.),(0.,
0.001),.UNSPECIFIED.)
GEOMETRIC_REPRESENTATION_ITEM()
RATIONAL_B_SPLINE_SURFACE(((1.,1.),(1.,1.),(1.,1.),(1.,1.),(1.,1.)))
REPRESENTATION_ITEM('')
SURFACE()
);
#62=(
BOUNDED_SURFACE()
B_SPLINE_SURFACE(3,1,((#5296,#5297),(#5298,#5299),(#5300,#5301),(#5302,
#5303)),.UNSPECIFIED.,.F.,.F.,.F.)
B_SPLINE_SURFACE_WITH_KNOTS((4,4),(2,2),(6.,7.),(0.,0.001),
 .UNSPECIFIED.)
GEOMETRIC_REPRESENTATION_ITEM()
RATIONAL_B_SPLINE_SURFACE(((1.,1.),(1.,1.),(1.,1.),(1.,1.)))
REPRESENTATION_ITEM('')
SURFACE()
);
#63=(
BOUNDED_SURFACE()
B_SPLINE_SURFACE(3,1,((#5345,#5346),(#5347,#5348),(#5349,#5350),(#5351,
#5352),(#5353,#5354)),.UNSPECIFIED.,.F.,.F.,.F.)
B_SPLINE_SURFACE_WITH_KNOTS((4,1,4),(2,2),(0.,0.506378716137783,1.),(0.,
0.001),.UNSPECIFIED.)
GEOMETRIC_REPRESENTATION_ITEM()
RATIONAL_B_SPLINE_SURFACE(((1.,1.),(1.,1.),(1.,1.),(1.,1.),(1.,1.)))
REPRESENTATION_ITEM('')
SURFACE()
);
#64=(
BOUNDED_SURFACE()
B_SPLINE_SURFACE(3,1,((#5367,#5368),(#5369,#5370),(#5371,#5372),(#5373,
#5374),(#5375,#5376)),.UNSPECIFIED.,.F.,.F.,.F.)
B_SPLINE_SURFACE_WITH_KNOTS((4,1,4),(2,2),(9.,9.50637871613778,10.),(0.,
0.001),.UNSPECIFIED.)
GEOMETRIC_REPRESENTATION_ITEM()
RATIONAL_B_SPLINE_SURFACE(((1.,1.),(1.,1.),(1.,1.),(1.,1.),(1.,1.)))
REPRESENTATION_ITEM('')
SURFACE()
);
#65=(
BOUNDED_SURFACE()
B_SPLINE_SURFACE(3,1,((#5411,#5412),(#5413,#5414),(#5415,#5416),(#5417,
#5418)),.UNSPECIFIED.,.F.,.F.,.F.)
B_SPLINE_SURFACE_WITH_KNOTS((4,4),(2,2),(5.,6.),(0.,0.001),
 .UNSPECIFIED.)
GEOMETRIC_REPRESENTATION_ITEM()
RATIONAL_B_SPLINE_SURFACE(((1.,1.),(1.,1.),(1.,1.),(1.,1.)))
REPRESENTATION_ITEM('')
SURFACE()
);
#66=(
BOUNDED_SURFACE()
B_SPLINE_SURFACE(3,1,((#5459,#5460),(#5461,#5462),(#5463,#5464),(#5465,
#5466)),.UNSPECIFIED.,.F.,.F.,.F.)
B_SPLINE_SURFACE_WITH_KNOTS((4,4),(2,2),(13.,14.),(0.,0.001),
 .UNSPECIFIED.)
GEOMETRIC_REPRESENTATION_ITEM()
RATIONAL_B_SPLINE_SURFACE(((1.,1.),(1.,1.),(1.,1.),(1.,1.)))
REPRESENTATION_ITEM('')
SURFACE()
);
#67=(
BOUNDED_SURFACE()
B_SPLINE_SURFACE(3,1,((#5487,#5488),(#5489,#5490),(#5491,#5492),(#5493,
#5494)),.UNSPECIFIED.,.F.,.F.,.F.)
B_SPLINE_SURFACE_WITH_KNOTS((4,4),(2,2),(11.,12.),(0.,0.001),
 .UNSPECIFIED.)
GEOMETRIC_REPRESENTATION_ITEM()
RATIONAL_B_SPLINE_SURFACE(((1.,1.),(1.,1.),(1.,1.),(1.,1.)))
REPRESENTATION_ITEM('')
SURFACE()
);
#68=(
BOUNDED_SURFACE()
B_SPLINE_SURFACE(3,1,((#5592,#5593),(#5594,#5595),(#5596,#5597),(#5598,
#5599),(#5600,#5601),(#5602,#5603)),.UNSPECIFIED.,.F.,.F.,.F.)
B_SPLINE_SURFACE_WITH_KNOTS((4,1,1,4),(2,2),(0.,0.324339629177968,0.571874357685934,
1.),(0.,0.001),.UNSPECIFIED.)
GEOMETRIC_REPRESENTATION_ITEM()
RATIONAL_B_SPLINE_SURFACE(((1.,1.),(1.,1.),(1.,1.),(1.,1.),(1.,1.),(1.,
1.)))
REPRESENTATION_ITEM('')
SURFACE()
);
#69=(
BOUNDED_SURFACE()
B_SPLINE_SURFACE(3,1,((#5616,#5617),(#5618,#5619),(#5620,#5621),(#5622,
#5623),(#5624,#5625),(#5626,#5627)),.UNSPECIFIED.,.F.,.F.,.F.)
B_SPLINE_SURFACE_WITH_KNOTS((4,1,1,4),(2,2),(8.,8.30644689092663,8.59799782865395,
9.),(0.,0.001),.UNSPECIFIED.)
GEOMETRIC_REPRESENTATION_ITEM()
RATIONAL_B_SPLINE_SURFACE(((1.,1.),(1.,1.),(1.,1.),(1.,1.),(1.,1.),(1.,
1.)))
REPRESENTATION_ITEM('')
SURFACE()
);
#70=(
BOUNDED_SURFACE()
B_SPLINE_SURFACE(3,1,((#5658,#5659),(#5660,#5661),(#5662,#5663),(#5664,
#5665),(#5666,#5667),(#5668,#5669),(#5670,#5671)),.UNSPECIFIED.,.F.,.F.,
 .F.)
B_SPLINE_SURFACE_WITH_KNOTS((4,1,1,1,4),(2,2),(5.,5.40425805790529,5.57116718233676,
5.71508347604857,6.),(0.,0.001),.UNSPECIFIED.)
GEOMETRIC_REPRESENTATION_ITEM()
RATIONAL_B_SPLINE_SURFACE(((1.,1.),(1.,1.),(1.,1.),(1.,1.),(1.,1.),(1.,
1.),(1.,1.)))
REPRESENTATION_ITEM('')
SURFACE()
);
#71=(
BOUNDED_SURFACE()
B_SPLINE_SURFACE(3,1,((#5695,#5696),(#5697,#5698),(#5699,#5700),(#5701,
#5702),(#5703,#5704),(#5705,#5706),(#5707,#5708),(#5709,#5710)),
 .UNSPECIFIED.,.F.,.F.,.F.)
B_SPLINE_SURFACE_WITH_KNOTS((4,1,1,1,1,4),(2,2),(3.,3.27409078480324,3.42969795369641,
3.57517369149644,3.70268031260286,4.),(0.,0.001),.UNSPECIFIED.)
GEOMETRIC_REPRESENTATION_ITEM()
RATIONAL_B_SPLINE_SURFACE(((1.,1.),(1.,1.),(1.,1.),(1.,1.),(1.,1.),(1.,
1.),(1.,1.),(1.,1.)))
REPRESENTATION_ITEM('')
SURFACE()
);
#72=(
BOUNDED_SURFACE()
B_SPLINE_SURFACE(3,1,((#5747,#5748),(#5749,#5750),(#5751,#5752),(#5753,
#5754),(#5755,#5756),(#5757,#5758),(#5759,#5760)),.UNSPECIFIED.,.F.,.F.,
 .F.)
B_SPLINE_SURFACE_WITH_KNOTS((4,1,1,1,4),(2,2),(3.,3.4114422538586,3.58192882146562,
3.69777033847074,4.),(0.,0.001),.UNSPECIFIED.)
GEOMETRIC_REPRESENTATION_ITEM()
RATIONAL_B_SPLINE_SURFACE(((1.,1.),(1.,1.),(1.,1.),(1.,1.),(1.,1.),(1.,
1.),(1.,1.)))
REPRESENTATION_ITEM('')
SURFACE()
);
#73=(
BOUNDED_SURFACE()
B_SPLINE_SURFACE(3,1,((#5787,#5788),(#5789,#5790),(#5791,#5792),(#5793,
#5794),(#5795,#5796),(#5797,#5798)),.UNSPECIFIED.,.F.,.F.,.F.)
B_SPLINE_SURFACE_WITH_KNOTS((4,1,1,4),(2,2),(1.,1.41792976601001,1.60686979313225,
2.),(0.,0.001),.UNSPECIFIED.)
GEOMETRIC_REPRESENTATION_ITEM()
RATIONAL_B_SPLINE_SURFACE(((1.,1.),(1.,1.),(1.,1.),(1.,1.),(1.,1.),(1.,
1.)))
REPRESENTATION_ITEM('')
SURFACE()
);
#74=(
BOUNDED_SURFACE()
B_SPLINE_SURFACE(3,1,((#5817,#5818),(#5819,#5820),(#5821,#5822),(#5823,
#5824),(#5825,#5826),(#5827,#5828),(#5829,#5830),(#5831,#5832)),
 .UNSPECIFIED.,.F.,.F.,.F.)
B_SPLINE_SURFACE_WITH_KNOTS((4,1,1,1,1,4),(2,2),(3.,3.23849206427794,3.36897739769037,
3.57837439943119,3.68877954293656,4.),(0.,0.001),.UNSPECIFIED.)
GEOMETRIC_REPRESENTATION_ITEM()
RATIONAL_B_SPLINE_SURFACE(((1.,1.),(1.,1.),(1.,1.),(1.,1.),(1.,1.),(1.,
1.),(1.,1.),(1.,1.)))
REPRESENTATION_ITEM('')
SURFACE()
);
#75=(
BOUNDED_SURFACE()
B_SPLINE_SURFACE(3,1,((#5861,#5862),(#5863,#5864),(#5865,#5866),(#5867,
#5868),(#5869,#5870),(#5871,#5872),(#5873,#5874)),.UNSPECIFIED.,.F.,.F.,
 .F.)
B_SPLINE_SURFACE_WITH_KNOTS((4,1,1,1,4),(2,2),(1.,1.32366156986812,1.44930228373454,
1.62896021057837,2.),(0.,0.001),.UNSPECIFIED.)
GEOMETRIC_REPRESENTATION_ITEM()
RATIONAL_B_SPLINE_SURFACE(((1.,1.),(1.,1.),(1.,1.),(1.,1.),(1.,1.),(1.,
1.),(1.,1.)))
REPRESENTATION_ITEM('')
SURFACE()
);
#76=TOROIDAL_SURFACE('',#3482,0.28,0.025);
#77=TOROIDAL_SURFACE('',#3491,0.28,0.025);
#78=TOROIDAL_SURFACE('',#3495,0.28,0.025);
#79=TOROIDAL_SURFACE('',#3503,0.28,0.025);
#80=STYLED_ITEM('',(#5941),#100);
#81=STYLED_ITEM('',(#5942),#101);
#82=STYLED_ITEM('',(#5943),#102);
#83=STYLED_ITEM('',(#5944),#103);
#84=STYLED_ITEM('',(#5944),#104);
#85=STYLED_ITEM('',(#5944),#105);
#86=STYLED_ITEM('',(#5944),#106);
#87=STYLED_ITEM('',(#5943),#107);
#88=STYLED_ITEM('',(#5943),#108);
#89=STYLED_ITEM('',(#5943),#109);
#90=STYLED_ITEM('',(#5943),#110);
#91=STYLED_ITEM('',(#5943),#111);
#92=STYLED_ITEM('',(#5943),#112);
#93=STYLED_ITEM('',(#5943),#113);
#94=STYLED_ITEM('',(#5943),#114);
#95=STYLED_ITEM('',(#5943),#115);
#96=STYLED_ITEM('',(#5943),#116);
#97=STYLED_ITEM('',(#5943),#117);
#98=STYLED_ITEM('',(#5943),#118);
#99=STYLED_ITEM('',(#5944),#119);
#100=MANIFOLD_SOLID_BREP('15CA',#3423);
#101=MANIFOLD_SOLID_BREP('15CD',#3424);
#102=MANIFOLD_SOLID_BREP('15D0',#3425);
#103=MANIFOLD_SOLID_BREP('15D4',#3426);
#104=MANIFOLD_SOLID_BREP('15DC',#3427);
#105=MANIFOLD_SOLID_BREP('15E0',#3428);
#106=MANIFOLD_SOLID_BREP('15E3',#3429);
#107=MANIFOLD_SOLID_BREP('15E6',#3430);
#108=MANIFOLD_SOLID_BREP('15EA',#3431);
#109=MANIFOLD_SOLID_BREP('15EE',#3432);
#110=MANIFOLD_SOLID_BREP('15F2',#3433);
#111=MANIFOLD_SOLID_BREP('15F6',#3434);
#112=MANIFOLD_SOLID_BREP('15FA',#3435);
#113=MANIFOLD_SOLID_BREP('15FE',#3436);
#114=MANIFOLD_SOLID_BREP('1602',#3437);
#115=MANIFOLD_SOLID_BREP('1606',#3438);
#116=MANIFOLD_SOLID_BREP('160A',#3439);
#117=MANIFOLD_SOLID_BREP('160E',#3440);
#118=MANIFOLD_SOLID_BREP('1611',#3441);
#119=MANIFOLD_SOLID_BREP('19AB',#3442);
#120=FACE_BOUND('',#471,.T.);
#121=FACE_BOUND('',#473,.T.);
#122=FACE_BOUND('',#475,.T.);
#123=FACE_BOUND('',#477,.T.);
#124=FACE_BOUND('',#479,.T.);
#125=FACE_BOUND('',#481,.T.);
#126=FACE_BOUND('',#482,.T.);
#127=FACE_BOUND('',#483,.T.);
#128=FACE_BOUND('',#484,.T.);
#129=FACE_BOUND('',#486,.T.);
#130=FACE_BOUND('',#492,.T.);
#131=FACE_BOUND('',#494,.T.);
#132=FACE_BOUND('',#529,.T.);
#133=FACE_BOUND('',#531,.T.);
#134=FACE_BOUND('',#534,.T.);
#135=FACE_BOUND('',#552,.T.);
#136=FACE_BOUND('',#554,.T.);
#137=FACE_BOUND('',#556,.T.);
#138=FACE_BOUND('',#558,.T.);
#139=FACE_BOUND('',#560,.T.);
#140=FACE_BOUND('',#562,.T.);
#141=FACE_BOUND('',#564,.T.);
#142=FACE_BOUND('',#566,.T.);
#143=FACE_BOUND('',#586,.T.);
#144=FACE_BOUND('',#590,.T.);
#145=FACE_BOUND('',#671,.T.);
#146=FACE_BOUND('',#673,.T.);
#147=FACE_BOUND('',#683,.T.);
#148=FACE_BOUND('',#685,.T.);
#149=CIRCLE('',#3462,0.475);
#150=CIRCLE('',#3463,0.475);
#151=CIRCLE('',#3465,0.775);
#152=CIRCLE('',#3466,0.775);
#153=CIRCLE('',#3469,0.3);
#154=CIRCLE('',#3470,0.3);
#155=CIRCLE('',#3472,0.2);
#156=CIRCLE('',#3475,0.2);
#157=CIRCLE('',#3483,0.0250000000000001);
#158=CIRCLE('',#3484,0.28);
#159=CIRCLE('',#3485,0.025);
#160=CIRCLE('',#3486,0.255);
#161=CIRCLE('',#3488,0.0249999999999999);
#162=CIRCLE('',#3490,0.025);
#163=CIRCLE('',#3492,0.0250000000000004);
#164=CIRCLE('',#3493,0.28);
#165=CIRCLE('',#3494,0.255);
#166=CIRCLE('',#3496,0.28);
#167=CIRCLE('',#3497,0.025);
#168=CIRCLE('',#3498,0.255);
#169=CIRCLE('',#3500,0.0249999999999999);
#170=CIRCLE('',#3502,0.025);
#171=CIRCLE('',#3504,0.28);
#172=CIRCLE('',#3505,0.255);
#173=CIRCLE('',#3508,0.255);
#174=CIRCLE('',#3511,0.255);
#175=CIRCLE('',#3513,0.28);
#176=CIRCLE('',#3516,0.28);
#177=CIRCLE('',#3517,0.28);
#178=CIRCLE('',#3518,0.28);
#179=CIRCLE('',#3526,0.25);
#180=CIRCLE('',#3527,0.25);
#181=CIRCLE('',#3528,0.25);
#182=CIRCLE('',#3529,0.005);
#183=CIRCLE('',#3530,0.25);
#184=CIRCLE('',#3531,0.005);
#185=CIRCLE('',#3532,0.255);
#186=CIRCLE('',#3534,0.25);
#187=CIRCLE('',#3536,0.25);
#188=CIRCLE('',#3537,0.25);
#189=CIRCLE('',#3538,0.005);
#190=CIRCLE('',#3539,0.25);
#191=CIRCLE('',#3540,0.005);
#192=CIRCLE('',#3541,0.255);
#193=CIRCLE('',#3548,0.075);
#194=CIRCLE('',#3550,0.075);
#195=CIRCLE('',#3553,0.075);
#196=CIRCLE('',#3554,0.075);
#197=CIRCLE('',#3572,0.775);
#198=CIRCLE('',#3573,0.475);
#199=CIRCLE('',#3575,0.475);
#200=CIRCLE('',#3577,0.775);
#201=CIRCLE('',#3580,0.3);
#202=CIRCLE('',#3581,0.2);
#203=CIRCLE('',#3583,0.2);
#204=CIRCLE('',#3585,0.3);
#205=CIRCLE('',#3606,0.0470281145005626);
#206=CIRCLE('',#3607,0.0470281145005626);
#207=CIRCLE('',#3611,0.0228581134133132);
#208=CIRCLE('',#3612,0.0228581134133132);
#209=CIRCLE('',#3617,0.00629086650178738);
#210=CIRCLE('',#3618,0.00629086650178738);
#211=CIRCLE('',#3623,0.0196229555342363);
#212=CIRCLE('',#3624,0.0196229555342363);
#213=CYLINDRICAL_SURFACE('',#3461,0.475);
#214=CYLINDRICAL_SURFACE('',#3464,0.775);
#215=CYLINDRICAL_SURFACE('',#3468,0.3);
#216=CYLINDRICAL_SURFACE('',#3474,0.2);
#217=CYLINDRICAL_SURFACE('',#3487,0.025);
#218=CYLINDRICAL_SURFACE('',#3489,0.025);
#219=CYLINDRICAL_SURFACE('',#3499,0.025);
#220=CYLINDRICAL_SURFACE('',#3501,0.025);
#221=CYLINDRICAL_SURFACE('',#3507,0.255);
#222=CYLINDRICAL_SURFACE('',#3510,0.255);
#223=CYLINDRICAL_SURFACE('',#3512,0.28);
#224=CYLINDRICAL_SURFACE('',#3519,0.28);
#225=CYLINDRICAL_SURFACE('',#3521,0.28);
#226=CYLINDRICAL_SURFACE('',#3522,0.28);
#227=CYLINDRICAL_SURFACE('',#3525,0.25);
#228=CYLINDRICAL_SURFACE('',#3533,0.25);
#229=CYLINDRICAL_SURFACE('',#3535,0.25);
#230=CYLINDRICAL_SURFACE('',#3542,0.25);
#231=CYLINDRICAL_SURFACE('',#3543,0.255);
#232=CYLINDRICAL_SURFACE('',#3545,0.255);
#233=CYLINDRICAL_SURFACE('',#3549,0.075);
#234=CYLINDRICAL_SURFACE('',#3552,0.075);
#235=CYLINDRICAL_SURFACE('',#3574,0.475);
#236=CYLINDRICAL_SURFACE('',#3576,0.775);
#237=CYLINDRICAL_SURFACE('',#3582,0.2);
#238=CYLINDRICAL_SURFACE('',#3584,0.3);
#239=CYLINDRICAL_SURFACE('',#3605,0.0470281145005626);
#240=CYLINDRICAL_SURFACE('',#3610,0.0228581134133132);
#241=CYLINDRICAL_SURFACE('',#3616,0.00629086649992143);
#242=CYLINDRICAL_SURFACE('',#3622,0.0196229555291267);
#243=FACE_OUTER_BOUND('',#453,.T.);
#244=FACE_OUTER_BOUND('',#454,.T.);
#245=FACE_OUTER_BOUND('',#455,.T.);
#246=FACE_OUTER_BOUND('',#456,.T.);
#247=FACE_OUTER_BOUND('',#457,.T.);
#248=FACE_OUTER_BOUND('',#458,.T.);
#249=FACE_OUTER_BOUND('',#459,.T.);
#250=FACE_OUTER_BOUND('',#460,.T.);
#251=FACE_OUTER_BOUND('',#461,.T.);
#252=FACE_OUTER_BOUND('',#462,.T.);
#253=FACE_OUTER_BOUND('',#463,.T.);
#254=FACE_OUTER_BOUND('',#464,.T.);
#255=FACE_OUTER_BOUND('',#465,.T.);
#256=FACE_OUTER_BOUND('',#466,.T.);
#257=FACE_OUTER_BOUND('',#467,.T.);
#258=FACE_OUTER_BOUND('',#468,.T.);
#259=FACE_OUTER_BOUND('',#469,.T.);
#260=FACE_OUTER_BOUND('',#470,.T.);
#261=FACE_OUTER_BOUND('',#472,.T.);
#262=FACE_OUTER_BOUND('',#474,.T.);
#263=FACE_OUTER_BOUND('',#476,.T.);
#264=FACE_OUTER_BOUND('',#478,.T.);
#265=FACE_OUTER_BOUND('',#480,.T.);
#266=FACE_OUTER_BOUND('',#485,.T.);
#267=FACE_OUTER_BOUND('',#487,.T.);
#268=FACE_OUTER_BOUND('',#488,.T.);
#269=FACE_OUTER_BOUND('',#489,.T.);
#270=FACE_OUTER_BOUND('',#490,.T.);
#271=FACE_OUTER_BOUND('',#491,.T.);
#272=FACE_OUTER_BOUND('',#493,.T.);
#273=FACE_OUTER_BOUND('',#495,.T.);
#274=FACE_OUTER_BOUND('',#496,.T.);
#275=FACE_OUTER_BOUND('',#497,.T.);
#276=FACE_OUTER_BOUND('',#498,.T.);
#277=FACE_OUTER_BOUND('',#499,.T.);
#278=FACE_OUTER_BOUND('',#500,.T.);
#279=FACE_OUTER_BOUND('',#501,.T.);
#280=FACE_OUTER_BOUND('',#502,.T.);
#281=FACE_OUTER_BOUND('',#503,.T.);
#282=FACE_OUTER_BOUND('',#504,.T.);
#283=FACE_OUTER_BOUND('',#505,.T.);
#284=FACE_OUTER_BOUND('',#506,.T.);
#285=FACE_OUTER_BOUND('',#507,.T.);
#286=FACE_OUTER_BOUND('',#508,.T.);
#287=FACE_OUTER_BOUND('',#509,.T.);
#288=FACE_OUTER_BOUND('',#510,.T.);
#289=FACE_OUTER_BOUND('',#511,.T.);
#290=FACE_OUTER_BOUND('',#512,.T.);
#291=FACE_OUTER_BOUND('',#513,.T.);
#292=FACE_OUTER_BOUND('',#514,.T.);
#293=FACE_OUTER_BOUND('',#515,.T.);
#294=FACE_OUTER_BOUND('',#516,.T.);
#295=FACE_OUTER_BOUND('',#517,.T.);
#296=FACE_OUTER_BOUND('',#518,.T.);
#297=FACE_OUTER_BOUND('',#519,.T.);
#298=FACE_OUTER_BOUND('',#520,.T.);
#299=FACE_OUTER_BOUND('',#521,.T.);
#300=FACE_OUTER_BOUND('',#522,.T.);
#301=FACE_OUTER_BOUND('',#523,.T.);
#302=FACE_OUTER_BOUND('',#524,.T.);
#303=FACE_OUTER_BOUND('',#525,.T.);
#304=FACE_OUTER_BOUND('',#526,.T.);
#305=FACE_OUTER_BOUND('',#527,.T.);
#306=FACE_OUTER_BOUND('',#528,.T.);
#307=FACE_OUTER_BOUND('',#530,.T.);
#308=FACE_OUTER_BOUND('',#532,.T.);
#309=FACE_OUTER_BOUND('',#533,.T.);
#310=FACE_OUTER_BOUND('',#535,.T.);
#311=FACE_OUTER_BOUND('',#536,.T.);
#312=FACE_OUTER_BOUND('',#537,.T.);
#313=FACE_OUTER_BOUND('',#538,.T.);
#314=FACE_OUTER_BOUND('',#539,.T.);
#315=FACE_OUTER_BOUND('',#540,.T.);
#316=FACE_OUTER_BOUND('',#541,.T.);
#317=FACE_OUTER_BOUND('',#542,.T.);
#318=FACE_OUTER_BOUND('',#543,.T.);
#319=FACE_OUTER_BOUND('',#544,.T.);
#320=FACE_OUTER_BOUND('',#545,.T.);
#321=FACE_OUTER_BOUND('',#546,.T.);
#322=FACE_OUTER_BOUND('',#547,.T.);
#323=FACE_OUTER_BOUND('',#548,.T.);
#324=FACE_OUTER_BOUND('',#549,.T.);
#325=FACE_OUTER_BOUND('',#550,.T.);
#326=FACE_OUTER_BOUND('',#551,.T.);
#327=FACE_OUTER_BOUND('',#553,.T.);
#328=FACE_OUTER_BOUND('',#555,.T.);
#329=FACE_OUTER_BOUND('',#557,.T.);
#330=FACE_OUTER_BOUND('',#559,.T.);
#331=FACE_OUTER_BOUND('',#561,.T.);
#332=FACE_OUTER_BOUND('',#563,.T.);
#333=FACE_OUTER_BOUND('',#565,.T.);
#334=FACE_OUTER_BOUND('',#567,.T.);
#335=FACE_OUTER_BOUND('',#568,.T.);
#336=FACE_OUTER_BOUND('',#569,.T.);
#337=FACE_OUTER_BOUND('',#570,.T.);
#338=FACE_OUTER_BOUND('',#571,.T.);
#339=FACE_OUTER_BOUND('',#572,.T.);
#340=FACE_OUTER_BOUND('',#573,.T.);
#341=FACE_OUTER_BOUND('',#574,.T.);
#342=FACE_OUTER_BOUND('',#575,.T.);
#343=FACE_OUTER_BOUND('',#576,.T.);
#344=FACE_OUTER_BOUND('',#577,.T.);
#345=FACE_OUTER_BOUND('',#578,.T.);
#346=FACE_OUTER_BOUND('',#579,.T.);
#347=FACE_OUTER_BOUND('',#580,.T.);
#348=FACE_OUTER_BOUND('',#581,.T.);
#349=FACE_OUTER_BOUND('',#582,.T.);
#350=FACE_OUTER_BOUND('',#583,.T.);
#351=FACE_OUTER_BOUND('',#584,.T.);
#352=FACE_OUTER_BOUND('',#585,.T.);
#353=FACE_OUTER_BOUND('',#587,.T.);
#354=FACE_OUTER_BOUND('',#588,.T.);
#355=FACE_OUTER_BOUND('',#589,.T.);
#356=FACE_OUTER_BOUND('',#591,.T.);
#357=FACE_OUTER_BOUND('',#592,.T.);
#358=FACE_OUTER_BOUND('',#593,.T.);
#359=FACE_OUTER_BOUND('',#594,.T.);
#360=FACE_OUTER_BOUND('',#595,.T.);
#361=FACE_OUTER_BOUND('',#596,.T.);
#362=FACE_OUTER_BOUND('',#597,.T.);
#363=FACE_OUTER_BOUND('',#598,.T.);
#364=FACE_OUTER_BOUND('',#599,.T.);
#365=FACE_OUTER_BOUND('',#600,.T.);
#366=FACE_OUTER_BOUND('',#601,.T.);
#367=FACE_OUTER_BOUND('',#602,.T.);
#368=FACE_OUTER_BOUND('',#603,.T.);
#369=FACE_OUTER_BOUND('',#604,.T.);
#370=FACE_OUTER_BOUND('',#605,.T.);
#371=FACE_OUTER_BOUND('',#606,.T.);
#372=FACE_OUTER_BOUND('',#607,.T.);
#373=FACE_OUTER_BOUND('',#608,.T.);
#374=FACE_OUTER_BOUND('',#609,.T.);
#375=FACE_OUTER_BOUND('',#610,.T.);
#376=FACE_OUTER_BOUND('',#611,.T.);
#377=FACE_OUTER_BOUND('',#612,.T.);
#378=FACE_OUTER_BOUND('',#613,.T.);
#379=FACE_OUTER_BOUND('',#614,.T.);
#380=FACE_OUTER_BOUND('',#615,.T.);
#381=FACE_OUTER_BOUND('',#616,.T.);
#382=FACE_OUTER_BOUND('',#617,.T.);
#383=FACE_OUTER_BOUND('',#618,.T.);
#384=FACE_OUTER_BOUND('',#619,.T.);
#385=FACE_OUTER_BOUND('',#620,.T.);
#386=FACE_OUTER_BOUND('',#621,.T.);
#387=FACE_OUTER_BOUND('',#622,.T.);
#388=FACE_OUTER_BOUND('',#623,.T.);
#389=FACE_OUTER_BOUND('',#624,.T.);
#390=FACE_OUTER_BOUND('',#625,.T.);
#391=FACE_OUTER_BOUND('',#626,.T.);
#392=FACE_OUTER_BOUND('',#627,.T.);
#393=FACE_OUTER_BOUND('',#628,.T.);
#394=FACE_OUTER_BOUND('',#629,.T.);
#395=FACE_OUTER_BOUND('',#630,.T.);
#396=FACE_OUTER_BOUND('',#631,.T.);
#397=FACE_OUTER_BOUND('',#632,.T.);
#398=FACE_OUTER_BOUND('',#633,.T.);
#399=FACE_OUTER_BOUND('',#634,.T.);
#400=FACE_OUTER_BOUND('',#635,.T.);
#401=FACE_OUTER_BOUND('',#636,.T.);
#402=FACE_OUTER_BOUND('',#637,.T.);
#403=FACE_OUTER_BOUND('',#638,.T.);
#404=FACE_OUTER_BOUND('',#639,.T.);
#405=FACE_OUTER_BOUND('',#640,.T.);
#406=FACE_OUTER_BOUND('',#641,.T.);
#407=FACE_OUTER_BOUND('',#642,.T.);
#408=FACE_OUTER_BOUND('',#643,.T.);
#409=FACE_OUTER_BOUND('',#644,.T.);
#410=FACE_OUTER_BOUND('',#645,.T.);
#411=FACE_OUTER_BOUND('',#646,.T.);
#412=FACE_OUTER_BOUND('',#647,.T.);
#413=FACE_OUTER_BOUND('',#648,.T.);
#414=FACE_OUTER_BOUND('',#649,.T.);
#415=FACE_OUTER_BOUND('',#650,.T.);
#416=FACE_OUTER_BOUND('',#651,.T.);
#417=FACE_OUTER_BOUND('',#652,.T.);
#418=FACE_OUTER_BOUND('',#653,.T.);
#419=FACE_OUTER_BOUND('',#654,.T.);
#420=FACE_OUTER_BOUND('',#655,.T.);
#421=FACE_OUTER_BOUND('',#656,.T.);
#422=FACE_OUTER_BOUND('',#657,.T.);
#423=FACE_OUTER_BOUND('',#658,.T.);
#424=FACE_OUTER_BOUND('',#659,.T.);
#425=FACE_OUTER_BOUND('',#660,.T.);
#426=FACE_OUTER_BOUND('',#661,.T.);
#427=FACE_OUTER_BOUND('',#662,.T.);
#428=FACE_OUTER_BOUND('',#663,.T.);
#429=FACE_OUTER_BOUND('',#664,.T.);
#430=FACE_OUTER_BOUND('',#665,.T.);
#431=FACE_OUTER_BOUND('',#666,.T.);
#432=FACE_OUTER_BOUND('',#667,.T.);
#433=FACE_OUTER_BOUND('',#668,.T.);
#434=FACE_OUTER_BOUND('',#669,.T.);
#435=FACE_OUTER_BOUND('',#670,.T.);
#436=FACE_OUTER_BOUND('',#672,.T.);
#437=FACE_OUTER_BOUND('',#674,.T.);
#438=FACE_OUTER_BOUND('',#675,.T.);
#439=FACE_OUTER_BOUND('',#676,.T.);
#440=FACE_OUTER_BOUND('',#677,.T.);
#441=FACE_OUTER_BOUND('',#678,.T.);
#442=FACE_OUTER_BOUND('',#679,.T.);
#443=FACE_OUTER_BOUND('',#680,.T.);
#444=FACE_OUTER_BOUND('',#681,.T.);
#445=FACE_OUTER_BOUND('',#682,.T.);
#446=FACE_OUTER_BOUND('',#684,.T.);
#447=FACE_OUTER_BOUND('',#686,.T.);
#448=FACE_OUTER_BOUND('',#687,.T.);
#449=FACE_OUTER_BOUND('',#688,.T.);
#450=FACE_OUTER_BOUND('',#689,.T.);
#451=FACE_OUTER_BOUND('',#690,.T.);
#452=FACE_OUTER_BOUND('',#691,.T.);
#453=EDGE_LOOP('',(#2153,#2154,#2155,#2156));
#454=EDGE_LOOP('',(#2157,#2158,#2159,#2160));
#455=EDGE_LOOP('',(#2161,#2162,#2163,#2164));
#456=EDGE_LOOP('',(#2165,#2166,#2167,#2168));
#457=EDGE_LOOP('',(#2169,#2170,#2171,#2172));
#458=EDGE_LOOP('',(#2173,#2174,#2175,#2176));
#459=EDGE_LOOP('',(#2177,#2178,#2179,#2180));
#460=EDGE_LOOP('',(#2181,#2182,#2183,#2184));
#461=EDGE_LOOP('',(#2185,#2186,#2187,#2188));
#462=EDGE_LOOP('',(#2189,#2190,#2191,#2192));
#463=EDGE_LOOP('',(#2193,#2194,#2195,#2196,#2197));
#464=EDGE_LOOP('',(#2198,#2199,#2200,#2201));
#465=EDGE_LOOP('',(#2202,#2203,#2204,#2205));
#466=EDGE_LOOP('',(#2206,#2207,#2208,#2209));
#467=EDGE_LOOP('',(#2210,#2211,#2212,#2213));
#468=EDGE_LOOP('',(#2214,#2215,#2216,#2217));
#469=EDGE_LOOP('',(#2218,#2219,#2220,#2221,#2222));
#470=EDGE_LOOP('',(#2223));
#471=EDGE_LOOP('',(#2224));
#472=EDGE_LOOP('',(#2225));
#473=EDGE_LOOP('',(#2226));
#474=EDGE_LOOP('',(#2227));
#475=EDGE_LOOP('',(#2228));
#476=EDGE_LOOP('',(#2229));
#477=EDGE_LOOP('',(#2230));
#478=EDGE_LOOP('',(#2231));
#479=EDGE_LOOP('',(#2232));
#480=EDGE_LOOP('',(#2233,#2234,#2235,#2236));
#481=EDGE_LOOP('',(#2237,#2238,#2239,#2240));
#482=EDGE_LOOP('',(#2241,#2242,#2243,#2244,#2245));
#483=EDGE_LOOP('',(#2246,#2247,#2248,#2249,#2250));
#484=EDGE_LOOP('',(#2251));
#485=EDGE_LOOP('',(#2252));
#486=EDGE_LOOP('',(#2253));
#487=EDGE_LOOP('',(#2254,#2255,#2256,#2257));
#488=EDGE_LOOP('',(#2258,#2259,#2260,#2261));
#489=EDGE_LOOP('',(#2262,#2263,#2264,#2265));
#490=EDGE_LOOP('',(#2266,#2267,#2268,#2269));
#491=EDGE_LOOP('',(#2270));
#492=EDGE_LOOP('',(#2271));
#493=EDGE_LOOP('',(#2272,#2273,#2274,#2275));
#494=EDGE_LOOP('',(#2276));
#495=EDGE_LOOP('',(#2277,#2278,#2279,#2280));
#496=EDGE_LOOP('',(#2281,#2282,#2283,#2284));
#497=EDGE_LOOP('',(#2285,#2286,#2287,#2288));
#498=EDGE_LOOP('',(#2289,#2290,#2291,#2292));
#499=EDGE_LOOP('',(#2293,#2294,#2295,#2296));
#500=EDGE_LOOP('',(#2297,#2298,#2299,#2300));
#501=EDGE_LOOP('',(#2301,#2302,#2303,#2304));
#502=EDGE_LOOP('',(#2305,#2306,#2307,#2308));
#503=EDGE_LOOP('',(#2309,#2310,#2311,#2312));
#504=EDGE_LOOP('',(#2313,#2314,#2315,#2316));
#505=EDGE_LOOP('',(#2317,#2318,#2319,#2320));
#506=EDGE_LOOP('',(#2321,#2322,#2323,#2324));
#507=EDGE_LOOP('',(#2325,#2326,#2327,#2328));
#508=EDGE_LOOP('',(#2329,#2330,#2331,#2332));
#509=EDGE_LOOP('',(#2333,#2334,#2335,#2336,#2337,#2338,#2339,#2340));
#510=EDGE_LOOP('',(#2341,#2342,#2343,#2344));
#511=EDGE_LOOP('',(#2345,#2346,#2347,#2348));
#512=EDGE_LOOP('',(#2349,#2350,#2351,#2352));
#513=EDGE_LOOP('',(#2353,#2354,#2355,#2356));
#514=EDGE_LOOP('',(#2357,#2358,#2359,#2360));
#515=EDGE_LOOP('',(#2361,#2362,#2363,#2364));
#516=EDGE_LOOP('',(#2365,#2366,#2367,#2368));
#517=EDGE_LOOP('',(#2369,#2370,#2371,#2372));
#518=EDGE_LOOP('',(#2373,#2374,#2375,#2376));
#519=EDGE_LOOP('',(#2377,#2378,#2379,#2380));
#520=EDGE_LOOP('',(#2381,#2382,#2383,#2384));
#521=EDGE_LOOP('',(#2385,#2386,#2387,#2388));
#522=EDGE_LOOP('',(#2389,#2390,#2391,#2392));
#523=EDGE_LOOP('',(#2393,#2394,#2395,#2396));
#524=EDGE_LOOP('',(#2397,#2398,#2399,#2400));
#525=EDGE_LOOP('',(#2401,#2402,#2403,#2404));
#526=EDGE_LOOP('',(#2405,#2406,#2407,#2408));
#527=EDGE_LOOP('',(#2409,#2410,#2411,#2412));
#528=EDGE_LOOP('',(#2413,#2414,#2415,#2416,#2417,#2418,#2419,#2420));
#529=EDGE_LOOP('',(#2421));
#530=EDGE_LOOP('',(#2422));
#531=EDGE_LOOP('',(#2423));
#532=EDGE_LOOP('',(#2424));
#533=EDGE_LOOP('',(#2425));
#534=EDGE_LOOP('',(#2426));
#535=EDGE_LOOP('',(#2427));
#536=EDGE_LOOP('',(#2428));
#537=EDGE_LOOP('',(#2429,#2430,#2431,#2432));
#538=EDGE_LOOP('',(#2433,#2434,#2435,#2436));
#539=EDGE_LOOP('',(#2437,#2438,#2439,#2440));
#540=EDGE_LOOP('',(#2441,#2442,#2443,#2444));
#541=EDGE_LOOP('',(#2445,#2446,#2447,#2448));
#542=EDGE_LOOP('',(#2449,#2450,#2451,#2452,#2453));
#543=EDGE_LOOP('',(#2454,#2455,#2456,#2457,#2458));
#544=EDGE_LOOP('',(#2459,#2460,#2461,#2462));
#545=EDGE_LOOP('',(#2463,#2464,#2465,#2466));
#546=EDGE_LOOP('',(#2467,#2468,#2469,#2470));
#547=EDGE_LOOP('',(#2471,#2472,#2473,#2474));
#548=EDGE_LOOP('',(#2475,#2476,#2477,#2478));
#549=EDGE_LOOP('',(#2479,#2480,#2481,#2482,#2483));
#550=EDGE_LOOP('',(#2484,#2485,#2486,#2487,#2488));
#551=EDGE_LOOP('',(#2489));
#552=EDGE_LOOP('',(#2490));
#553=EDGE_LOOP('',(#2491));
#554=EDGE_LOOP('',(#2492));
#555=EDGE_LOOP('',(#2493));
#556=EDGE_LOOP('',(#2494));
#557=EDGE_LOOP('',(#2495));
#558=EDGE_LOOP('',(#2496));
#559=EDGE_LOOP('',(#2497));
#560=EDGE_LOOP('',(#2498));
#561=EDGE_LOOP('',(#2499));
#562=EDGE_LOOP('',(#2500));
#563=EDGE_LOOP('',(#2501));
#564=EDGE_LOOP('',(#2502));
#565=EDGE_LOOP('',(#2503));
#566=EDGE_LOOP('',(#2504));
#567=EDGE_LOOP('',(#2505,#2506,#2507,#2508));
#568=EDGE_LOOP('',(#2509,#2510,#2511,#2512));
#569=EDGE_LOOP('',(#2513,#2514,#2515,#2516));
#570=EDGE_LOOP('',(#2517,#2518,#2519,#2520));
#571=EDGE_LOOP('',(#2521,#2522,#2523,#2524));
#572=EDGE_LOOP('',(#2525,#2526,#2527,#2528));
#573=EDGE_LOOP('',(#2529,#2530,#2531,#2532));
#574=EDGE_LOOP('',(#2533,#2534,#2535,#2536));
#575=EDGE_LOOP('',(#2537,#2538,#2539,#2540));
#576=EDGE_LOOP('',(#2541,#2542,#2543,#2544));
#577=EDGE_LOOP('',(#2545,#2546,#2547,#2548));
#578=EDGE_LOOP('',(#2549,#2550,#2551,#2552));
#579=EDGE_LOOP('',(#2553,#2554,#2555,#2556));
#580=EDGE_LOOP('',(#2557,#2558,#2559,#2560));
#581=EDGE_LOOP('',(#2561,#2562,#2563,#2564));
#582=EDGE_LOOP('',(#2565,#2566,#2567,#2568));
#583=EDGE_LOOP('',(#2569,#2570,#2571,#2572));
#584=EDGE_LOOP('',(#2573,#2574,#2575,#2576));
#585=EDGE_LOOP('',(#2577));
#586=EDGE_LOOP('',(#2578));
#587=EDGE_LOOP('',(#2579));
#588=EDGE_LOOP('',(#2580));
#589=EDGE_LOOP('',(#2581));
#590=EDGE_LOOP('',(#2582));
#591=EDGE_LOOP('',(#2583));
#592=EDGE_LOOP('',(#2584));
#593=EDGE_LOOP('',(#2585,#2586,#2587,#2588));
#594=EDGE_LOOP('',(#2589,#2590,#2591,#2592));
#595=EDGE_LOOP('',(#2593,#2594,#2595,#2596));
#596=EDGE_LOOP('',(#2597,#2598,#2599,#2600));
#597=EDGE_LOOP('',(#2601,#2602,#2603,#2604));
#598=EDGE_LOOP('',(#2605,#2606,#2607,#2608));
#599=EDGE_LOOP('',(#2609,#2610,#2611,#2612));
#600=EDGE_LOOP('',(#2613,#2614,#2615,#2616));
#601=EDGE_LOOP('',(#2617,#2618,#2619,#2620));
#602=EDGE_LOOP('',(#2621,#2622,#2623,#2624));
#603=EDGE_LOOP('',(#2625,#2626,#2627,#2628,#2629,#2630,#2631,#2632,#2633,
#2634));
#604=EDGE_LOOP('',(#2635,#2636,#2637,#2638,#2639,#2640,#2641,#2642,#2643,
#2644));
#605=EDGE_LOOP('',(#2645,#2646,#2647,#2648));
#606=EDGE_LOOP('',(#2649,#2650,#2651,#2652));
#607=EDGE_LOOP('',(#2653,#2654,#2655,#2656));
#608=EDGE_LOOP('',(#2657,#2658,#2659,#2660));
#609=EDGE_LOOP('',(#2661,#2662,#2663,#2664));
#610=EDGE_LOOP('',(#2665,#2666,#2667,#2668));
#611=EDGE_LOOP('',(#2669,#2670,#2671,#2672));
#612=EDGE_LOOP('',(#2673,#2674,#2675,#2676));
#613=EDGE_LOOP('',(#2677,#2678,#2679,#2680));
#614=EDGE_LOOP('',(#2681,#2682,#2683,#2684));
#615=EDGE_LOOP('',(#2685,#2686,#2687,#2688,#2689,#2690,#2691,#2692,#2693,
#2694));
#616=EDGE_LOOP('',(#2695,#2696,#2697,#2698,#2699,#2700,#2701,#2702,#2703,
#2704));
#617=EDGE_LOOP('',(#2705,#2706,#2707,#2708));
#618=EDGE_LOOP('',(#2709,#2710,#2711,#2712));
#619=EDGE_LOOP('',(#2713,#2714,#2715,#2716));
#620=EDGE_LOOP('',(#2717,#2718,#2719,#2720));
#621=EDGE_LOOP('',(#2721,#2722,#2723,#2724));
#622=EDGE_LOOP('',(#2725,#2726,#2727,#2728));
#623=EDGE_LOOP('',(#2729,#2730,#2731,#2732));
#624=EDGE_LOOP('',(#2733,#2734,#2735,#2736));
#625=EDGE_LOOP('',(#2737,#2738,#2739,#2740));
#626=EDGE_LOOP('',(#2741,#2742,#2743,#2744));
#627=EDGE_LOOP('',(#2745,#2746,#2747,#2748,#2749,#2750,#2751,#2752,#2753,
#2754));
#628=EDGE_LOOP('',(#2755,#2756,#2757,#2758,#2759,#2760,#2761,#2762,#2763,
#2764));
#629=EDGE_LOOP('',(#2765,#2766,#2767,#2768));
#630=EDGE_LOOP('',(#2769,#2770,#2771,#2772));
#631=EDGE_LOOP('',(#2773,#2774,#2775,#2776));
#632=EDGE_LOOP('',(#2777,#2778,#2779,#2780));
#633=EDGE_LOOP('',(#2781,#2782,#2783,#2784));
#634=EDGE_LOOP('',(#2785,#2786,#2787,#2788));
#635=EDGE_LOOP('',(#2789,#2790,#2791,#2792));
#636=EDGE_LOOP('',(#2793,#2794,#2795,#2796));
#637=EDGE_LOOP('',(#2797,#2798,#2799,#2800));
#638=EDGE_LOOP('',(#2801,#2802,#2803,#2804));
#639=EDGE_LOOP('',(#2805,#2806,#2807,#2808,#2809,#2810,#2811,#2812,#2813,
#2814));
#640=EDGE_LOOP('',(#2815,#2816,#2817,#2818,#2819,#2820,#2821,#2822,#2823,
#2824));
#641=EDGE_LOOP('',(#2825,#2826,#2827,#2828));
#642=EDGE_LOOP('',(#2829,#2830,#2831,#2832));
#643=EDGE_LOOP('',(#2833,#2834,#2835,#2836));
#644=EDGE_LOOP('',(#2837,#2838,#2839,#2840));
#645=EDGE_LOOP('',(#2841,#2842,#2843,#2844));
#646=EDGE_LOOP('',(#2845,#2846,#2847,#2848));
#647=EDGE_LOOP('',(#2849,#2850,#2851,#2852));
#648=EDGE_LOOP('',(#2853,#2854,#2855,#2856));
#649=EDGE_LOOP('',(#2857,#2858,#2859,#2860));
#650=EDGE_LOOP('',(#2861,#2862,#2863,#2864));
#651=EDGE_LOOP('',(#2865,#2866,#2867,#2868));
#652=EDGE_LOOP('',(#2869,#2870,#2871,#2872));
#653=EDGE_LOOP('',(#2873,#2874,#2875,#2876));
#654=EDGE_LOOP('',(#2877,#2878,#2879,#2880));
#655=EDGE_LOOP('',(#2881,#2882,#2883,#2884,#2885,#2886,#2887,#2888,#2889,
#2890,#2891,#2892,#2893,#2894));
#656=EDGE_LOOP('',(#2895,#2896,#2897,#2898,#2899,#2900,#2901,#2902,#2903,
#2904,#2905,#2906,#2907,#2908));
#657=EDGE_LOOP('',(#2909,#2910,#2911,#2912));
#658=EDGE_LOOP('',(#2913,#2914,#2915,#2916));
#659=EDGE_LOOP('',(#2917,#2918,#2919,#2920));
#660=EDGE_LOOP('',(#2921,#2922,#2923,#2924));
#661=EDGE_LOOP('',(#2925,#2926,#2927,#2928));
#662=EDGE_LOOP('',(#2929,#2930,#2931,#2932));
#663=EDGE_LOOP('',(#2933,#2934,#2935,#2936));
#664=EDGE_LOOP('',(#2937,#2938,#2939,#2940));
#665=EDGE_LOOP('',(#2941,#2942,#2943,#2944));
#666=EDGE_LOOP('',(#2945,#2946,#2947,#2948));
#667=EDGE_LOOP('',(#2949,#2950,#2951,#2952));
#668=EDGE_LOOP('',(#2953,#2954,#2955,#2956));
#669=EDGE_LOOP('',(#2957,#2958,#2959,#2960));
#670=EDGE_LOOP('',(#2961,#2962,#2963,#2964,#2965,#2966,#2967,#2968,#2969));
#671=EDGE_LOOP('',(#2970,#2971,#2972,#2973));
#672=EDGE_LOOP('',(#2974,#2975,#2976,#2977,#2978,#2979,#2980,#2981,#2982));
#673=EDGE_LOOP('',(#2983,#2984,#2985,#2986));
#674=EDGE_LOOP('',(#2987,#2988,#2989,#2990));
#675=EDGE_LOOP('',(#2991,#2992,#2993,#2994));
#676=EDGE_LOOP('',(#2995,#2996,#2997,#2998));
#677=EDGE_LOOP('',(#2999,#3000,#3001,#3002));
#678=EDGE_LOOP('',(#3003,#3004,#3005,#3006));
#679=EDGE_LOOP('',(#3007,#3008,#3009,#3010));
#680=EDGE_LOOP('',(#3011,#3012,#3013,#3014));
#681=EDGE_LOOP('',(#3015,#3016,#3017,#3018));
#682=EDGE_LOOP('',(#3019,#3020,#3021,#3022));
#683=EDGE_LOOP('',(#3023,#3024,#3025,#3026));
#684=EDGE_LOOP('',(#3027,#3028,#3029,#3030));
#685=EDGE_LOOP('',(#3031,#3032,#3033,#3034));
#686=EDGE_LOOP('',(#3035,#3036,#3037,#3038));
#687=EDGE_LOOP('',(#3039,#3040,#3041,#3042));
#688=EDGE_LOOP('',(#3043,#3044,#3045,#3046));
#689=EDGE_LOOP('',(#3047,#3048,#3049,#3050));
#690=EDGE_LOOP('',(#3051,#3052,#3053,#3054));
#691=EDGE_LOOP('',(#3055,#3056,#3057,#3058));
#692=LINE('',#4559,#1045);
#693=LINE('',#4561,#1046);
#694=LINE('',#4563,#1047);
#695=LINE('',#4564,#1048);
#696=LINE('',#4567,#1049);
#697=LINE('',#4569,#1050);
#698=LINE('',#4570,#1051);
#699=LINE('',#4573,#1052);
#700=LINE('',#4575,#1053);
#701=LINE('',#4576,#1054);
#702=LINE('',#4578,#1055);
#703=LINE('',#4579,#1056);
#704=LINE('',#4584,#1057);
#705=LINE('',#4586,#1058);
#706=LINE('',#4588,#1059);
#707=LINE('',#4589,#1060);
#708=LINE('',#4592,#1061);
#709=LINE('',#4594,#1062);
#710=LINE('',#4595,#1063);
#711=LINE('',#4598,#1064);
#712=LINE('',#4600,#1065);
#713=LINE('',#4601,#1066);
#714=LINE('',#4604,#1067);
#715=LINE('',#4606,#1068);
#716=LINE('',#4607,#1069);
#717=LINE('',#4609,#1070);
#718=LINE('',#4610,#1071);
#719=LINE('',#4615,#1072);
#720=LINE('',#4617,#1073);
#721=LINE('',#4619,#1074);
#722=LINE('',#4620,#1075);
#723=LINE('',#4623,#1076);
#724=LINE('',#4625,#1077);
#725=LINE('',#4626,#1078);
#726=LINE('',#4629,#1079);
#727=LINE('',#4631,#1080);
#728=LINE('',#4632,#1081);
#729=LINE('',#4635,#1082);
#730=LINE('',#4637,#1083);
#731=LINE('',#4638,#1084);
#732=LINE('',#4640,#1085);
#733=LINE('',#4641,#1086);
#734=LINE('',#4665,#1087);
#735=LINE('',#4667,#1088);
#736=LINE('',#4669,#1089);
#737=LINE('',#4670,#1090);
#738=LINE('',#4676,#1091);
#739=LINE('',#4678,#1092);
#740=LINE('',#4679,#1093);
#741=LINE('',#4682,#1094);
#742=LINE('',#4683,#1095);
#743=LINE('',#4686,#1096);
#744=LINE('',#4687,#1097);
#745=LINE('',#4689,#1098);
#746=LINE('',#4703,#1099);
#747=LINE('',#4706,#1100);
#748=LINE('',#4711,#1101);
#749=LINE('',#4712,#1102);
#750=LINE('',#4727,#1103);
#751=LINE('',#4730,#1104);
#752=LINE('',#4735,#1105);
#753=LINE('',#4736,#1106);
#754=LINE('',#4742,#1107);
#755=LINE('',#4744,#1108);
#756=LINE('',#4745,#1109);
#757=LINE('',#4748,#1110);
#758=LINE('',#4752,#1111);
#759=LINE('',#4753,#1112);
#760=LINE('',#4756,#1113);
#761=LINE('',#4760,#1114);
#762=LINE('',#4763,#1115);
#763=LINE('',#4766,#1116);
#764=LINE('',#4767,#1117);
#765=LINE('',#4770,#1118);
#766=LINE('',#4774,#1119);
#767=LINE('',#4778,#1120);
#768=LINE('',#4781,#1121);
#769=LINE('',#4782,#1122);
#770=LINE('',#4784,#1123);
#771=LINE('',#4786,#1124);
#772=LINE('',#4788,#1125);
#773=LINE('',#4795,#1126);
#774=LINE('',#4798,#1127);
#775=LINE('',#4828,#1128);
#776=LINE('',#4833,#1129);
#777=LINE('',#4834,#1130);
#778=LINE('',#4861,#1131);
#779=LINE('',#4863,#1132);
#780=LINE('',#4865,#1133);
#781=LINE('',#4867,#1134);
#782=LINE('',#4886,#1135);
#783=LINE('',#4888,#1136);
#784=LINE('',#4890,#1137);
#785=LINE('',#4891,#1138);
#786=LINE('',#4894,#1139);
#787=LINE('',#4896,#1140);
#788=LINE('',#4897,#1141);
#789=LINE('',#4900,#1142);
#790=LINE('',#4902,#1143);
#791=LINE('',#4903,#1144);
#792=LINE('',#4906,#1145);
#793=LINE('',#4908,#1146);
#794=LINE('',#4909,#1147);
#795=LINE('',#4911,#1148);
#796=LINE('',#4912,#1149);
#797=LINE('',#4918,#1150);
#798=LINE('',#4920,#1151);
#799=LINE('',#4922,#1152);
#800=LINE('',#4923,#1153);
#801=LINE('',#4926,#1154);
#802=LINE('',#4928,#1155);
#803=LINE('',#4929,#1156);
#804=LINE('',#4932,#1157);
#805=LINE('',#4934,#1158);
#806=LINE('',#4935,#1159);
#807=LINE('',#4938,#1160);
#808=LINE('',#4940,#1161);
#809=LINE('',#4941,#1162);
#810=LINE('',#4943,#1163);
#811=LINE('',#4944,#1164);
#812=LINE('',#4974,#1165);
#813=LINE('',#4976,#1166);
#814=LINE('',#4978,#1167);
#815=LINE('',#4979,#1168);
#816=LINE('',#4982,#1169);
#817=LINE('',#4984,#1170);
#818=LINE('',#4985,#1171);
#819=LINE('',#4988,#1172);
#820=LINE('',#4990,#1173);
#821=LINE('',#4991,#1174);
#822=LINE('',#4993,#1175);
#823=LINE('',#4994,#1176);
#824=LINE('',#5000,#1177);
#825=LINE('',#5002,#1178);
#826=LINE('',#5004,#1179);
#827=LINE('',#5005,#1180);
#828=LINE('',#5008,#1181);
#829=LINE('',#5010,#1182);
#830=LINE('',#5011,#1183);
#831=LINE('',#5014,#1184);
#832=LINE('',#5016,#1185);
#833=LINE('',#5017,#1186);
#834=LINE('',#5019,#1187);
#835=LINE('',#5020,#1188);
#836=LINE('',#5026,#1189);
#837=LINE('',#5028,#1190);
#838=LINE('',#5030,#1191);
#839=LINE('',#5031,#1192);
#840=LINE('',#5034,#1193);
#841=LINE('',#5036,#1194);
#842=LINE('',#5037,#1195);
#843=LINE('',#5040,#1196);
#844=LINE('',#5042,#1197);
#845=LINE('',#5043,#1198);
#846=LINE('',#5045,#1199);
#847=LINE('',#5046,#1200);
#848=LINE('',#5087,#1201);
#849=LINE('',#5096,#1202);
#850=LINE('',#5099,#1203);
#851=LINE('',#5101,#1204);
#852=LINE('',#5102,#1205);
#853=LINE('',#5108,#1206);
#854=LINE('',#5111,#1207);
#855=LINE('',#5113,#1208);
#856=LINE('',#5114,#1209);
#857=LINE('',#5117,#1210);
#858=LINE('',#5119,#1211);
#859=LINE('',#5120,#1212);
#860=LINE('',#5123,#1213);
#861=LINE('',#5125,#1214);
#862=LINE('',#5126,#1215);
#863=LINE('',#5132,#1216);
#864=LINE('',#5135,#1217);
#865=LINE('',#5137,#1218);
#866=LINE('',#5138,#1219);
#867=LINE('',#5177,#1220);
#868=LINE('',#5179,#1221);
#869=LINE('',#5180,#1222);
#870=LINE('',#5186,#1223);
#871=LINE('',#5188,#1224);
#872=LINE('',#5190,#1225);
#873=LINE('',#5191,#1226);
#874=LINE('',#5194,#1227);
#875=LINE('',#5196,#1228);
#876=LINE('',#5197,#1229);
#877=LINE('',#5200,#1230);
#878=LINE('',#5202,#1231);
#879=LINE('',#5203,#1232);
#880=LINE('',#5222,#1233);
#881=LINE('',#5225,#1234);
#882=LINE('',#5227,#1235);
#883=LINE('',#5228,#1236);
#884=LINE('',#5231,#1237);
#885=LINE('',#5233,#1238);
#886=LINE('',#5234,#1239);
#887=LINE('',#5237,#1240);
#888=LINE('',#5239,#1241);
#889=LINE('',#5240,#1242);
#890=LINE('',#5243,#1243);
#891=LINE('',#5245,#1244);
#892=LINE('',#5246,#1245);
#893=LINE('',#5249,#1246);
#894=LINE('',#5251,#1247);
#895=LINE('',#5252,#1248);
#896=LINE('',#5278,#1249);
#897=LINE('',#5280,#1250);
#898=LINE('',#5282,#1251);
#899=LINE('',#5283,#1252);
#900=LINE('',#5286,#1253);
#901=LINE('',#5288,#1254);
#902=LINE('',#5289,#1255);
#903=LINE('',#5292,#1256);
#904=LINE('',#5294,#1257);
#905=LINE('',#5295,#1258);
#906=LINE('',#5314,#1259);
#907=LINE('',#5317,#1260);
#908=LINE('',#5319,#1261);
#909=LINE('',#5320,#1262);
#910=LINE('',#5323,#1263);
#911=LINE('',#5325,#1264);
#912=LINE('',#5326,#1265);
#913=LINE('',#5329,#1266);
#914=LINE('',#5331,#1267);
#915=LINE('',#5332,#1268);
#916=LINE('',#5335,#1269);
#917=LINE('',#5337,#1270);
#918=LINE('',#5338,#1271);
#919=LINE('',#5341,#1272);
#920=LINE('',#5343,#1273);
#921=LINE('',#5344,#1274);
#922=LINE('',#5385,#1275);
#923=LINE('',#5392,#1276);
#924=LINE('',#5395,#1277);
#925=LINE('',#5397,#1278);
#926=LINE('',#5398,#1279);
#927=LINE('',#5401,#1280);
#928=LINE('',#5403,#1281);
#929=LINE('',#5404,#1282);
#930=LINE('',#5407,#1283);
#931=LINE('',#5409,#1284);
#932=LINE('',#5410,#1285);
#933=LINE('',#5429,#1286);
#934=LINE('',#5432,#1287);
#935=LINE('',#5434,#1288);
#936=LINE('',#5435,#1289);
#937=LINE('',#5438,#1290);
#938=LINE('',#5440,#1291);
#939=LINE('',#5441,#1292);
#940=LINE('',#5444,#1293);
#941=LINE('',#5446,#1294);
#942=LINE('',#5447,#1295);
#943=LINE('',#5450,#1296);
#944=LINE('',#5452,#1297);
#945=LINE('',#5453,#1298);
#946=LINE('',#5455,#1299);
#947=LINE('',#5456,#1300);
#948=LINE('',#5474,#1301);
#949=LINE('',#5480,#1302);
#950=LINE('',#5483,#1303);
#951=LINE('',#5485,#1304);
#952=LINE('',#5486,#1305);
#953=LINE('',#5505,#1306);
#954=LINE('',#5508,#1307);
#955=LINE('',#5510,#1308);
#956=LINE('',#5511,#1309);
#957=LINE('',#5514,#1310);
#958=LINE('',#5516,#1311);
#959=LINE('',#5517,#1312);
#960=LINE('',#5520,#1313);
#961=LINE('',#5522,#1314);
#962=LINE('',#5523,#1315);
#963=LINE('',#5526,#1316);
#964=LINE('',#5528,#1317);
#965=LINE('',#5529,#1318);
#966=LINE('',#5532,#1319);
#967=LINE('',#5534,#1320);
#968=LINE('',#5535,#1321);
#969=LINE('',#5538,#1322);
#970=LINE('',#5540,#1323);
#971=LINE('',#5541,#1324);
#972=LINE('',#5544,#1325);
#973=LINE('',#5546,#1326);
#974=LINE('',#5547,#1327);
#975=LINE('',#5550,#1328);
#976=LINE('',#5552,#1329);
#977=LINE('',#5553,#1330);
#978=LINE('',#5556,#1331);
#979=LINE('',#5558,#1332);
#980=LINE('',#5559,#1333);
#981=LINE('',#5562,#1334);
#982=LINE('',#5564,#1335);
#983=LINE('',#5565,#1336);
#984=LINE('',#5567,#1337);
#985=LINE('',#5568,#1338);
#986=LINE('',#5574,#1339);
#987=LINE('',#5576,#1340);
#988=LINE('',#5578,#1341);
#989=LINE('',#5579,#1342);
#990=LINE('',#5582,#1343);
#991=LINE('',#5584,#1344);
#992=LINE('',#5585,#1345);
#993=LINE('',#5588,#1346);
#994=LINE('',#5590,#1347);
#995=LINE('',#5591,#1348);
#996=LINE('',#5637,#1349);
#997=LINE('',#5645,#1350);
#998=LINE('',#5648,#1351);
#999=LINE('',#5650,#1352);
#1000=LINE('',#5651,#1353);
#1001=LINE('',#5654,#1354);
#1002=LINE('',#5656,#1355);
#1003=LINE('',#5657,#1356);
#1004=LINE('',#5688,#1357);
#1005=LINE('',#5691,#1358);
#1006=LINE('',#5693,#1359);
#1007=LINE('',#5694,#1360);
#1008=LINE('',#5729,#1361);
#1009=LINE('',#5732,#1362);
#1010=LINE('',#5734,#1363);
#1011=LINE('',#5735,#1364);
#1012=LINE('',#5738,#1365);
#1013=LINE('',#5740,#1366);
#1014=LINE('',#5741,#1367);
#1015=LINE('',#5743,#1368);
#1016=LINE('',#5744,#1369);
#1017=LINE('',#5771,#1370);
#1018=LINE('',#5780,#1371);
#1019=LINE('',#5783,#1372);
#1020=LINE('',#5785,#1373);
#1021=LINE('',#5786,#1374);
#1022=LINE('',#5807,#1375);
#1023=LINE('',#5815,#1376);
#1024=LINE('',#5816,#1377);
#1025=LINE('',#5844,#1378);
#1026=LINE('',#5854,#1379);
#1027=LINE('',#5857,#1380);
#1028=LINE('',#5859,#1381);
#1029=LINE('',#5860,#1382);
#1030=LINE('',#5891,#1383);
#1031=LINE('',#5893,#1384);
#1032=LINE('',#5894,#1385);
#1033=LINE('',#5900,#1386);
#1034=LINE('',#5902,#1387);
#1035=LINE('',#5904,#1388);
#1036=LINE('',#5905,#1389);
#1037=LINE('',#5908,#1390);
#1038=LINE('',#5910,#1391);
#1039=LINE('',#5911,#1392);
#1040=LINE('',#5914,#1393);
#1041=LINE('',#5916,#1394);
#1042=LINE('',#5917,#1395);
#1043=LINE('',#5919,#1396);
#1044=LINE('',#5920,#1397);
#1045=VECTOR('',#3700,1.);
#1046=VECTOR('',#3701,1.);
#1047=VECTOR('',#3702,1.);
#1048=VECTOR('',#3703,1.);
#1049=VECTOR('',#3706,1.);
#1050=VECTOR('',#3707,1.);
#1051=VECTOR('',#3708,1.);
#1052=VECTOR('',#3711,1.);
#1053=VECTOR('',#3712,1.);
#1054=VECTOR('',#3713,1.);
#1055=VECTOR('',#3716,1.);
#1056=VECTOR('',#3717,1.);
#1057=VECTOR('',#3722,1.);
#1058=VECTOR('',#3723,1.);
#1059=VECTOR('',#3724,1.);
#1060=VECTOR('',#3725,1.);
#1061=VECTOR('',#3728,1.);
#1062=VECTOR('',#3729,1.);
#1063=VECTOR('',#3730,1.);
#1064=VECTOR('',#3733,1.);
#1065=VECTOR('',#3734,1.);
#1066=VECTOR('',#3735,1.);
#1067=VECTOR('',#3738,1.);
#1068=VECTOR('',#3739,1.);
#1069=VECTOR('',#3740,1.);
#1070=VECTOR('',#3743,1.);
#1071=VECTOR('',#3744,1.);
#1072=VECTOR('',#3749,1.);
#1073=VECTOR('',#3750,1.);
#1074=VECTOR('',#3751,1.);
#1075=VECTOR('',#3752,1.);
#1076=VECTOR('',#3755,1.);
#1077=VECTOR('',#3756,1.);
#1078=VECTOR('',#3757,1.);
#1079=VECTOR('',#3760,1.);
#1080=VECTOR('',#3761,1.);
#1081=VECTOR('',#3762,1.);
#1082=VECTOR('',#3765,1.);
#1083=VECTOR('',#3766,1.);
#1084=VECTOR('',#3767,1.);
#1085=VECTOR('',#3770,1.);
#1086=VECTOR('',#3771,1.);
#1087=VECTOR('',#3800,1.);
#1088=VECTOR('',#3801,1.);
#1089=VECTOR('',#3802,1.);
#1090=VECTOR('',#3803,1.);
#1091=VECTOR('',#3810,1.);
#1092=VECTOR('',#3811,1.);
#1093=VECTOR('',#3812,1.);
#1094=VECTOR('',#3815,1.);
#1095=VECTOR('',#3816,1.);
#1096=VECTOR('',#3819,1.);
#1097=VECTOR('',#3820,1.);
#1098=VECTOR('',#3823,1.);
#1099=VECTOR('',#3840,1.);
#1100=VECTOR('',#3843,1.);
#1101=VECTOR('',#3848,1.);
#1102=VECTOR('',#3849,1.);
#1103=VECTOR('',#3868,1.);
#1104=VECTOR('',#3871,1.);
#1105=VECTOR('',#3876,1.);
#1106=VECTOR('',#3877,1.);
#1107=VECTOR('',#3886,1.);
#1108=VECTOR('',#3887,1.);
#1109=VECTOR('',#3888,1.);
#1110=VECTOR('',#3891,1.);
#1111=VECTOR('',#3896,1.);
#1112=VECTOR('',#3897,1.);
#1113=VECTOR('',#3900,1.);
#1114=VECTOR('',#3905,1.);
#1115=VECTOR('',#3908,1.);
#1116=VECTOR('',#3911,1.);
#1117=VECTOR('',#3912,1.);
#1118=VECTOR('',#3915,1.);
#1119=VECTOR('',#3918,1.);
#1120=VECTOR('',#3921,1.);
#1121=VECTOR('',#3926,1.);
#1122=VECTOR('',#3927,1.);
#1123=VECTOR('',#3930,1.);
#1124=VECTOR('',#3933,1.);
#1125=VECTOR('',#3936,1.);
#1126=VECTOR('',#3945,1.);
#1127=VECTOR('',#3948,1.);
#1128=VECTOR('',#3963,1.);
#1129=VECTOR('',#3968,1.);
#1130=VECTOR('',#3969,1.);
#1131=VECTOR('',#3982,1.);
#1132=VECTOR('',#3985,1.);
#1133=VECTOR('',#3988,1.);
#1134=VECTOR('',#3991,1.);
#1135=VECTOR('',#4016,1.);
#1136=VECTOR('',#4017,1.);
#1137=VECTOR('',#4018,1.);
#1138=VECTOR('',#4019,1.);
#1139=VECTOR('',#4022,1.);
#1140=VECTOR('',#4023,1.);
#1141=VECTOR('',#4024,1.);
#1142=VECTOR('',#4027,1.);
#1143=VECTOR('',#4028,1.);
#1144=VECTOR('',#4029,1.);
#1145=VECTOR('',#4032,1.);
#1146=VECTOR('',#4033,1.);
#1147=VECTOR('',#4034,1.);
#1148=VECTOR('',#4037,1.);
#1149=VECTOR('',#4038,1.);
#1150=VECTOR('',#4045,1.);
#1151=VECTOR('',#4046,1.);
#1152=VECTOR('',#4047,1.);
#1153=VECTOR('',#4048,1.);
#1154=VECTOR('',#4051,1.);
#1155=VECTOR('',#4052,1.);
#1156=VECTOR('',#4053,1.);
#1157=VECTOR('',#4056,1.);
#1158=VECTOR('',#4057,1.);
#1159=VECTOR('',#4058,1.);
#1160=VECTOR('',#4061,1.);
#1161=VECTOR('',#4062,1.);
#1162=VECTOR('',#4063,1.);
#1163=VECTOR('',#4066,1.);
#1164=VECTOR('',#4067,1.);
#1165=VECTOR('',#4106,1.);
#1166=VECTOR('',#4107,1.);
#1167=VECTOR('',#4108,1.);
#1168=VECTOR('',#4109,1.);
#1169=VECTOR('',#4112,1.);
#1170=VECTOR('',#4113,1.);
#1171=VECTOR('',#4114,1.);
#1172=VECTOR('',#4117,1.);
#1173=VECTOR('',#4118,1.);
#1174=VECTOR('',#4119,1.);
#1175=VECTOR('',#4122,1.);
#1176=VECTOR('',#4123,1.);
#1177=VECTOR('',#4130,1.);
#1178=VECTOR('',#4131,1.);
#1179=VECTOR('',#4132,1.);
#1180=VECTOR('',#4133,1.);
#1181=VECTOR('',#4136,1.);
#1182=VECTOR('',#4137,1.);
#1183=VECTOR('',#4138,1.);
#1184=VECTOR('',#4141,1.);
#1185=VECTOR('',#4142,1.);
#1186=VECTOR('',#4143,1.);
#1187=VECTOR('',#4146,1.);
#1188=VECTOR('',#4147,1.);
#1189=VECTOR('',#4154,1.);
#1190=VECTOR('',#4155,1.);
#1191=VECTOR('',#4156,1.);
#1192=VECTOR('',#4157,1.);
#1193=VECTOR('',#4160,1.);
#1194=VECTOR('',#4161,1.);
#1195=VECTOR('',#4162,1.);
#1196=VECTOR('',#4165,1.);
#1197=VECTOR('',#4166,1.);
#1198=VECTOR('',#4167,1.);
#1199=VECTOR('',#4170,1.);
#1200=VECTOR('',#4171,1.);
#1201=VECTOR('',#4196,1.);
#1202=VECTOR('',#4197,1.);
#1203=VECTOR('',#4200,1.);
#1204=VECTOR('',#4201,1.);
#1205=VECTOR('',#4202,1.);
#1206=VECTOR('',#4209,1.);
#1207=VECTOR('',#4212,1.);
#1208=VECTOR('',#4213,1.);
#1209=VECTOR('',#4214,1.);
#1210=VECTOR('',#4217,1.);
#1211=VECTOR('',#4218,1.);
#1212=VECTOR('',#4219,1.);
#1213=VECTOR('',#4222,1.);
#1214=VECTOR('',#4223,1.);
#1215=VECTOR('',#4224,1.);
#1216=VECTOR('',#4231,1.);
#1217=VECTOR('',#4234,1.);
#1218=VECTOR('',#4235,1.);
#1219=VECTOR('',#4236,1.);
#1220=VECTOR('',#4237,1.);
#1221=VECTOR('',#4240,1.);
#1222=VECTOR('',#4241,1.);
#1223=VECTOR('',#4248,1.);
#1224=VECTOR('',#4249,1.);
#1225=VECTOR('',#4250,1.);
#1226=VECTOR('',#4251,1.);
#1227=VECTOR('',#4254,1.);
#1228=VECTOR('',#4255,1.);
#1229=VECTOR('',#4256,1.);
#1230=VECTOR('',#4259,1.);
#1231=VECTOR('',#4260,1.);
#1232=VECTOR('',#4261,1.);
#1233=VECTOR('',#4262,1.);
#1234=VECTOR('',#4265,1.);
#1235=VECTOR('',#4266,1.);
#1236=VECTOR('',#4267,1.);
#1237=VECTOR('',#4270,1.);
#1238=VECTOR('',#4271,1.);
#1239=VECTOR('',#4272,1.);
#1240=VECTOR('',#4275,1.);
#1241=VECTOR('',#4276,1.);
#1242=VECTOR('',#4277,1.);
#1243=VECTOR('',#4280,1.);
#1244=VECTOR('',#4281,1.);
#1245=VECTOR('',#4282,1.);
#1246=VECTOR('',#4285,1.);
#1247=VECTOR('',#4286,1.);
#1248=VECTOR('',#4287,1.);
#1249=VECTOR('',#4294,1.);
#1250=VECTOR('',#4295,1.);
#1251=VECTOR('',#4296,1.);
#1252=VECTOR('',#4297,1.);
#1253=VECTOR('',#4300,1.);
#1254=VECTOR('',#4301,1.);
#1255=VECTOR('',#4302,1.);
#1256=VECTOR('',#4305,1.);
#1257=VECTOR('',#4306,1.);
#1258=VECTOR('',#4307,1.);
#1259=VECTOR('',#4308,1.);
#1260=VECTOR('',#4311,1.);
#1261=VECTOR('',#4312,1.);
#1262=VECTOR('',#4313,1.);
#1263=VECTOR('',#4316,1.);
#1264=VECTOR('',#4317,1.);
#1265=VECTOR('',#4318,1.);
#1266=VECTOR('',#4321,1.);
#1267=VECTOR('',#4322,1.);
#1268=VECTOR('',#4323,1.);
#1269=VECTOR('',#4326,1.);
#1270=VECTOR('',#4327,1.);
#1271=VECTOR('',#4328,1.);
#1272=VECTOR('',#4331,1.);
#1273=VECTOR('',#4332,1.);
#1274=VECTOR('',#4333,1.);
#1275=VECTOR('',#4338,1.);
#1276=VECTOR('',#4339,1.);
#1277=VECTOR('',#4342,1.);
#1278=VECTOR('',#4343,1.);
#1279=VECTOR('',#4344,1.);
#1280=VECTOR('',#4347,1.);
#1281=VECTOR('',#4348,1.);
#1282=VECTOR('',#4349,1.);
#1283=VECTOR('',#4352,1.);
#1284=VECTOR('',#4353,1.);
#1285=VECTOR('',#4354,1.);
#1286=VECTOR('',#4355,1.);
#1287=VECTOR('',#4358,1.);
#1288=VECTOR('',#4359,1.);
#1289=VECTOR('',#4360,1.);
#1290=VECTOR('',#4363,1.);
#1291=VECTOR('',#4364,1.);
#1292=VECTOR('',#4365,1.);
#1293=VECTOR('',#4368,1.);
#1294=VECTOR('',#4369,1.);
#1295=VECTOR('',#4370,1.);
#1296=VECTOR('',#4373,1.);
#1297=VECTOR('',#4374,1.);
#1298=VECTOR('',#4375,1.);
#1299=VECTOR('',#4378,1.);
#1300=VECTOR('',#4379,1.);
#1301=VECTOR('',#4384,1.);
#1302=VECTOR('',#4385,1.);
#1303=VECTOR('',#4388,1.);
#1304=VECTOR('',#4389,1.);
#1305=VECTOR('',#4390,1.);
#1306=VECTOR('',#4391,1.);
#1307=VECTOR('',#4394,1.);
#1308=VECTOR('',#4395,1.);
#1309=VECTOR('',#4396,1.);
#1310=VECTOR('',#4399,1.);
#1311=VECTOR('',#4400,1.);
#1312=VECTOR('',#4401,1.);
#1313=VECTOR('',#4404,1.);
#1314=VECTOR('',#4405,1.);
#1315=VECTOR('',#4406,1.);
#1316=VECTOR('',#4409,1.);
#1317=VECTOR('',#4410,1.);
#1318=VECTOR('',#4411,1.);
#1319=VECTOR('',#4414,1.);
#1320=VECTOR('',#4415,1.);
#1321=VECTOR('',#4416,1.);
#1322=VECTOR('',#4419,1.);
#1323=VECTOR('',#4420,1.);
#1324=VECTOR('',#4421,1.);
#1325=VECTOR('',#4424,1.);
#1326=VECTOR('',#4425,1.);
#1327=VECTOR('',#4426,1.);
#1328=VECTOR('',#4429,1.);
#1329=VECTOR('',#4430,1.);
#1330=VECTOR('',#4431,1.);
#1331=VECTOR('',#4434,1.);
#1332=VECTOR('',#4435,1.);
#1333=VECTOR('',#4436,1.);
#1334=VECTOR('',#4439,1.);
#1335=VECTOR('',#4440,1.);
#1336=VECTOR('',#4441,1.);
#1337=VECTOR('',#4444,1.);
#1338=VECTOR('',#4445,1.);
#1339=VECTOR('',#4452,1.);
#1340=VECTOR('',#4453,1.);
#1341=VECTOR('',#4454,1.);
#1342=VECTOR('',#4455,1.);
#1343=VECTOR('',#4458,1.);
#1344=VECTOR('',#4459,1.);
#1345=VECTOR('',#4460,1.);
#1346=VECTOR('',#4463,1.);
#1347=VECTOR('',#4464,1.);
#1348=VECTOR('',#4465,1.);
#1349=VECTOR('',#4466,1.);
#1350=VECTOR('',#4467,1.);
#1351=VECTOR('',#4470,1.);
#1352=VECTOR('',#4471,1.);
#1353=VECTOR('',#4472,1.);
#1354=VECTOR('',#4475,1.);
#1355=VECTOR('',#4476,1.);
#1356=VECTOR('',#4477,1.);
#1357=VECTOR('',#4478,1.);
#1358=VECTOR('',#4481,1.);
#1359=VECTOR('',#4482,1.);
#1360=VECTOR('',#4483,1.);
#1361=VECTOR('',#4484,1.);
#1362=VECTOR('',#4487,1.);
#1363=VECTOR('',#4488,1.);
#1364=VECTOR('',#4489,1.);
#1365=VECTOR('',#4492,1.);
#1366=VECTOR('',#4493,1.);
#1367=VECTOR('',#4494,1.);
#1368=VECTOR('',#4497,1.);
#1369=VECTOR('',#4498,1.);
#1370=VECTOR('',#4503,1.);
#1371=VECTOR('',#4504,1.);
#1372=VECTOR('',#4507,1.);
#1373=VECTOR('',#4508,1.);
#1374=VECTOR('',#4509,1.);
#1375=VECTOR('',#4510,1.);
#1376=VECTOR('',#4513,1.);
#1377=VECTOR('',#4514,1.);
#1378=VECTOR('',#4515,1.);
#1379=VECTOR('',#4516,1.);
#1380=VECTOR('',#4519,1.);
#1381=VECTOR('',#4520,1.);
#1382=VECTOR('',#4521,1.);
#1383=VECTOR('',#4522,1.);
#1384=VECTOR('',#4525,1.);
#1385=VECTOR('',#4526,1.);
#1386=VECTOR('',#4533,1.);
#1387=VECTOR('',#4534,1.);
#1388=VECTOR('',#4535,1.);
#1389=VECTOR('',#4536,1.);
#1390=VECTOR('',#4539,1.);
#1391=VECTOR('',#4540,1.);
#1392=VECTOR('',#4541,1.);
#1393=VECTOR('',#4544,1.);
#1394=VECTOR('',#4545,1.);
#1395=VECTOR('',#4546,1.);
#1396=VECTOR('',#4549,1.);
#1397=VECTOR('',#4550,1.);
#1398=VERTEX_POINT('',#4557);
#1399=VERTEX_POINT('',#4558);
#1400=VERTEX_POINT('',#4560);
#1401=VERTEX_POINT('',#4562);
#1402=VERTEX_POINT('',#4566);
#1403=VERTEX_POINT('',#4568);
#1404=VERTEX_POINT('',#4572);
#1405=VERTEX_POINT('',#4574);
#1406=VERTEX_POINT('',#4582);
#1407=VERTEX_POINT('',#4583);
#1408=VERTEX_POINT('',#4585);
#1409=VERTEX_POINT('',#4587);
#1410=VERTEX_POINT('',#4591);
#1411=VERTEX_POINT('',#4593);
#1412=VERTEX_POINT('',#4597);
#1413=VERTEX_POINT('',#4599);
#1414=VERTEX_POINT('',#4603);
#1415=VERTEX_POINT('',#4605);
#1416=VERTEX_POINT('',#4613);
#1417=VERTEX_POINT('',#4614);
#1418=VERTEX_POINT('',#4616);
#1419=VERTEX_POINT('',#4618);
#1420=VERTEX_POINT('',#4622);
#1421=VERTEX_POINT('',#4624);
#1422=VERTEX_POINT('',#4628);
#1423=VERTEX_POINT('',#4630);
#1424=VERTEX_POINT('',#4634);
#1425=VERTEX_POINT('',#4636);
#1426=VERTEX_POINT('',#4644);
#1427=VERTEX_POINT('',#4646);
#1428=VERTEX_POINT('',#4649);
#1429=VERTEX_POINT('',#4651);
#1430=VERTEX_POINT('',#4655);
#1431=VERTEX_POINT('',#4657);
#1432=VERTEX_POINT('',#4660);
#1433=VERTEX_POINT('',#4663);
#1434=VERTEX_POINT('',#4664);
#1435=VERTEX_POINT('',#4666);
#1436=VERTEX_POINT('',#4668);
#1437=VERTEX_POINT('',#4672);
#1438=VERTEX_POINT('',#4675);
#1439=VERTEX_POINT('',#4677);
#1440=VERTEX_POINT('',#4681);
#1441=VERTEX_POINT('',#4685);
#1442=VERTEX_POINT('',#4693);
#1443=VERTEX_POINT('',#4694);
#1444=VERTEX_POINT('',#4696);
#1445=VERTEX_POINT('',#4698);
#1446=VERTEX_POINT('',#4702);
#1447=VERTEX_POINT('',#4704);
#1448=VERTEX_POINT('',#4708);
#1449=VERTEX_POINT('',#4709);
#1450=VERTEX_POINT('',#4714);
#1451=VERTEX_POINT('',#4715);
#1452=VERTEX_POINT('',#4720);
#1453=VERTEX_POINT('',#4722);
#1454=VERTEX_POINT('',#4726);
#1455=VERTEX_POINT('',#4728);
#1456=VERTEX_POINT('',#4732);
#1457=VERTEX_POINT('',#4733);
#1458=VERTEX_POINT('',#4741);
#1459=VERTEX_POINT('',#4743);
#1460=VERTEX_POINT('',#4747);
#1461=VERTEX_POINT('',#4751);
#1462=VERTEX_POINT('',#4755);
#1463=VERTEX_POINT('',#4759);
#1464=VERTEX_POINT('',#4761);
#1465=VERTEX_POINT('',#4765);
#1466=VERTEX_POINT('',#4769);
#1467=VERTEX_POINT('',#4771);
#1468=VERTEX_POINT('',#4773);
#1469=VERTEX_POINT('',#4775);
#1470=VERTEX_POINT('',#4777);
#1471=VERTEX_POINT('',#4792);
#1472=VERTEX_POINT('',#4794);
#1473=VERTEX_POINT('',#4796);
#1474=VERTEX_POINT('',#4808);
#1475=VERTEX_POINT('',#4820);
#1476=VERTEX_POINT('',#4821);
#1477=VERTEX_POINT('',#4826);
#1478=VERTEX_POINT('',#4830);
#1479=VERTEX_POINT('',#4831);
#1480=VERTEX_POINT('',#4844);
#1481=VERTEX_POINT('',#4856);
#1482=VERTEX_POINT('',#4870);
#1483=VERTEX_POINT('',#4873);
#1484=VERTEX_POINT('',#4877);
#1485=VERTEX_POINT('',#4879);
#1486=VERTEX_POINT('',#4884);
#1487=VERTEX_POINT('',#4885);
#1488=VERTEX_POINT('',#4887);
#1489=VERTEX_POINT('',#4889);
#1490=VERTEX_POINT('',#4893);
#1491=VERTEX_POINT('',#4895);
#1492=VERTEX_POINT('',#4899);
#1493=VERTEX_POINT('',#4901);
#1494=VERTEX_POINT('',#4905);
#1495=VERTEX_POINT('',#4907);
#1496=VERTEX_POINT('',#4916);
#1497=VERTEX_POINT('',#4917);
#1498=VERTEX_POINT('',#4919);
#1499=VERTEX_POINT('',#4921);
#1500=VERTEX_POINT('',#4925);
#1501=VERTEX_POINT('',#4927);
#1502=VERTEX_POINT('',#4931);
#1503=VERTEX_POINT('',#4933);
#1504=VERTEX_POINT('',#4937);
#1505=VERTEX_POINT('',#4939);
#1506=VERTEX_POINT('',#4948);
#1507=VERTEX_POINT('',#4950);
#1508=VERTEX_POINT('',#4953);
#1509=VERTEX_POINT('',#4956);
#1510=VERTEX_POINT('',#4960);
#1511=VERTEX_POINT('',#4962);
#1512=VERTEX_POINT('',#4965);
#1513=VERTEX_POINT('',#4968);
#1514=VERTEX_POINT('',#4972);
#1515=VERTEX_POINT('',#4973);
#1516=VERTEX_POINT('',#4975);
#1517=VERTEX_POINT('',#4977);
#1518=VERTEX_POINT('',#4981);
#1519=VERTEX_POINT('',#4983);
#1520=VERTEX_POINT('',#4987);
#1521=VERTEX_POINT('',#4989);
#1522=VERTEX_POINT('',#4998);
#1523=VERTEX_POINT('',#4999);
#1524=VERTEX_POINT('',#5001);
#1525=VERTEX_POINT('',#5003);
#1526=VERTEX_POINT('',#5007);
#1527=VERTEX_POINT('',#5009);
#1528=VERTEX_POINT('',#5013);
#1529=VERTEX_POINT('',#5015);
#1530=VERTEX_POINT('',#5024);
#1531=VERTEX_POINT('',#5025);
#1532=VERTEX_POINT('',#5027);
#1533=VERTEX_POINT('',#5029);
#1534=VERTEX_POINT('',#5033);
#1535=VERTEX_POINT('',#5035);
#1536=VERTEX_POINT('',#5039);
#1537=VERTEX_POINT('',#5041);
#1538=VERTEX_POINT('',#5050);
#1539=VERTEX_POINT('',#5052);
#1540=VERTEX_POINT('',#5057);
#1541=VERTEX_POINT('',#5059);
#1542=VERTEX_POINT('',#5077);
#1543=VERTEX_POINT('',#5078);
#1544=VERTEX_POINT('',#5086);
#1545=VERTEX_POINT('',#5088);
#1546=VERTEX_POINT('',#5098);
#1547=VERTEX_POINT('',#5100);
#1548=VERTEX_POINT('',#5104);
#1549=VERTEX_POINT('',#5106);
#1550=VERTEX_POINT('',#5110);
#1551=VERTEX_POINT('',#5112);
#1552=VERTEX_POINT('',#5116);
#1553=VERTEX_POINT('',#5118);
#1554=VERTEX_POINT('',#5122);
#1555=VERTEX_POINT('',#5124);
#1556=VERTEX_POINT('',#5128);
#1557=VERTEX_POINT('',#5130);
#1558=VERTEX_POINT('',#5134);
#1559=VERTEX_POINT('',#5136);
#1560=VERTEX_POINT('',#5157);
#1561=VERTEX_POINT('',#5167);
#1562=VERTEX_POINT('',#5184);
#1563=VERTEX_POINT('',#5185);
#1564=VERTEX_POINT('',#5187);
#1565=VERTEX_POINT('',#5189);
#1566=VERTEX_POINT('',#5193);
#1567=VERTEX_POINT('',#5195);
#1568=VERTEX_POINT('',#5199);
#1569=VERTEX_POINT('',#5201);
#1570=VERTEX_POINT('',#5212);
#1571=VERTEX_POINT('',#5217);
#1572=VERTEX_POINT('',#5224);
#1573=VERTEX_POINT('',#5226);
#1574=VERTEX_POINT('',#5230);
#1575=VERTEX_POINT('',#5232);
#1576=VERTEX_POINT('',#5236);
#1577=VERTEX_POINT('',#5238);
#1578=VERTEX_POINT('',#5242);
#1579=VERTEX_POINT('',#5244);
#1580=VERTEX_POINT('',#5248);
#1581=VERTEX_POINT('',#5250);
#1582=VERTEX_POINT('',#5276);
#1583=VERTEX_POINT('',#5277);
#1584=VERTEX_POINT('',#5279);
#1585=VERTEX_POINT('',#5281);
#1586=VERTEX_POINT('',#5285);
#1587=VERTEX_POINT('',#5287);
#1588=VERTEX_POINT('',#5291);
#1589=VERTEX_POINT('',#5293);
#1590=VERTEX_POINT('',#5304);
#1591=VERTEX_POINT('',#5309);
#1592=VERTEX_POINT('',#5316);
#1593=VERTEX_POINT('',#5318);
#1594=VERTEX_POINT('',#5322);
#1595=VERTEX_POINT('',#5324);
#1596=VERTEX_POINT('',#5328);
#1597=VERTEX_POINT('',#5330);
#1598=VERTEX_POINT('',#5334);
#1599=VERTEX_POINT('',#5336);
#1600=VERTEX_POINT('',#5340);
#1601=VERTEX_POINT('',#5342);
#1602=VERTEX_POINT('',#5377);
#1603=VERTEX_POINT('',#5378);
#1604=VERTEX_POINT('',#5384);
#1605=VERTEX_POINT('',#5386);
#1606=VERTEX_POINT('',#5394);
#1607=VERTEX_POINT('',#5396);
#1608=VERTEX_POINT('',#5400);
#1609=VERTEX_POINT('',#5402);
#1610=VERTEX_POINT('',#5406);
#1611=VERTEX_POINT('',#5408);
#1612=VERTEX_POINT('',#5419);
#1613=VERTEX_POINT('',#5424);
#1614=VERTEX_POINT('',#5431);
#1615=VERTEX_POINT('',#5433);
#1616=VERTEX_POINT('',#5437);
#1617=VERTEX_POINT('',#5439);
#1618=VERTEX_POINT('',#5443);
#1619=VERTEX_POINT('',#5445);
#1620=VERTEX_POINT('',#5449);
#1621=VERTEX_POINT('',#5451);
#1622=VERTEX_POINT('',#5467);
#1623=VERTEX_POINT('',#5468);
#1624=VERTEX_POINT('',#5473);
#1625=VERTEX_POINT('',#5475);
#1626=VERTEX_POINT('',#5482);
#1627=VERTEX_POINT('',#5484);
#1628=VERTEX_POINT('',#5495);
#1629=VERTEX_POINT('',#5500);
#1630=VERTEX_POINT('',#5507);
#1631=VERTEX_POINT('',#5509);
#1632=VERTEX_POINT('',#5513);
#1633=VERTEX_POINT('',#5515);
#1634=VERTEX_POINT('',#5519);
#1635=VERTEX_POINT('',#5521);
#1636=VERTEX_POINT('',#5525);
#1637=VERTEX_POINT('',#5527);
#1638=VERTEX_POINT('',#5531);
#1639=VERTEX_POINT('',#5533);
#1640=VERTEX_POINT('',#5537);
#1641=VERTEX_POINT('',#5539);
#1642=VERTEX_POINT('',#5543);
#1643=VERTEX_POINT('',#5545);
#1644=VERTEX_POINT('',#5549);
#1645=VERTEX_POINT('',#5551);
#1646=VERTEX_POINT('',#5555);
#1647=VERTEX_POINT('',#5557);
#1648=VERTEX_POINT('',#5561);
#1649=VERTEX_POINT('',#5563);
#1650=VERTEX_POINT('',#5572);
#1651=VERTEX_POINT('',#5573);
#1652=VERTEX_POINT('',#5575);
#1653=VERTEX_POINT('',#5577);
#1654=VERTEX_POINT('',#5581);
#1655=VERTEX_POINT('',#5583);
#1656=VERTEX_POINT('',#5587);
#1657=VERTEX_POINT('',#5589);
#1658=VERTEX_POINT('',#5628);
#1659=VERTEX_POINT('',#5629);
#1660=VERTEX_POINT('',#5636);
#1661=VERTEX_POINT('',#5638);
#1662=VERTEX_POINT('',#5647);
#1663=VERTEX_POINT('',#5649);
#1664=VERTEX_POINT('',#5653);
#1665=VERTEX_POINT('',#5655);
#1666=VERTEX_POINT('',#5672);
#1667=VERTEX_POINT('',#5680);
#1668=VERTEX_POINT('',#5690);
#1669=VERTEX_POINT('',#5692);
#1670=VERTEX_POINT('',#5711);
#1671=VERTEX_POINT('',#5720);
#1672=VERTEX_POINT('',#5731);
#1673=VERTEX_POINT('',#5733);
#1674=VERTEX_POINT('',#5737);
#1675=VERTEX_POINT('',#5739);
#1676=VERTEX_POINT('',#5761);
#1677=VERTEX_POINT('',#5762);
#1678=VERTEX_POINT('',#5770);
#1679=VERTEX_POINT('',#5772);
#1680=VERTEX_POINT('',#5782);
#1681=VERTEX_POINT('',#5784);
#1682=VERTEX_POINT('',#5799);
#1683=VERTEX_POINT('',#5806);
#1684=VERTEX_POINT('',#5833);
#1685=VERTEX_POINT('',#5834);
#1686=VERTEX_POINT('',#5843);
#1687=VERTEX_POINT('',#5845);
#1688=VERTEX_POINT('',#5856);
#1689=VERTEX_POINT('',#5858);
#1690=VERTEX_POINT('',#5875);
#1691=VERTEX_POINT('',#5883);
#1692=VERTEX_POINT('',#5898);
#1693=VERTEX_POINT('',#5899);
#1694=VERTEX_POINT('',#5901);
#1695=VERTEX_POINT('',#5903);
#1696=VERTEX_POINT('',#5907);
#1697=VERTEX_POINT('',#5909);
#1698=VERTEX_POINT('',#5913);
#1699=VERTEX_POINT('',#5915);
#1700=EDGE_CURVE('',#1398,#1399,#692,.T.);
#1701=EDGE_CURVE('',#1398,#1400,#693,.T.);
#1702=EDGE_CURVE('',#1400,#1401,#694,.T.);
#1703=EDGE_CURVE('',#1399,#1401,#695,.T.);
#1704=EDGE_CURVE('',#1402,#1398,#696,.T.);
#1705=EDGE_CURVE('',#1402,#1403,#697,.T.);
#1706=EDGE_CURVE('',#1403,#1400,#698,.T.);
#1707=EDGE_CURVE('',#1404,#1402,#699,.T.);
#1708=EDGE_CURVE('',#1404,#1405,#700,.T.);
#1709=EDGE_CURVE('',#1405,#1403,#701,.T.);
#1710=EDGE_CURVE('',#1399,#1404,#702,.T.);
#1711=EDGE_CURVE('',#1401,#1405,#703,.T.);
#1712=EDGE_CURVE('',#1406,#1407,#704,.T.);
#1713=EDGE_CURVE('',#1406,#1408,#705,.T.);
#1714=EDGE_CURVE('',#1408,#1409,#706,.T.);
#1715=EDGE_CURVE('',#1407,#1409,#707,.T.);
#1716=EDGE_CURVE('',#1410,#1406,#708,.T.);
#1717=EDGE_CURVE('',#1410,#1411,#709,.T.);
#1718=EDGE_CURVE('',#1411,#1408,#710,.T.);
#1719=EDGE_CURVE('',#1412,#1410,#711,.T.);
#1720=EDGE_CURVE('',#1412,#1413,#712,.T.);
#1721=EDGE_CURVE('',#1413,#1411,#713,.T.);
#1722=EDGE_CURVE('',#1414,#1412,#714,.T.);
#1723=EDGE_CURVE('',#1414,#1415,#715,.T.);
#1724=EDGE_CURVE('',#1415,#1413,#716,.T.);
#1725=EDGE_CURVE('',#1407,#1414,#717,.T.);
#1726=EDGE_CURVE('',#1409,#1415,#718,.T.);
#1727=EDGE_CURVE('',#1416,#1417,#719,.T.);
#1728=EDGE_CURVE('',#1416,#1418,#720,.T.);
#1729=EDGE_CURVE('',#1418,#1419,#721,.T.);
#1730=EDGE_CURVE('',#1417,#1419,#722,.T.);
#1731=EDGE_CURVE('',#1420,#1416,#723,.T.);
#1732=EDGE_CURVE('',#1420,#1421,#724,.T.);
#1733=EDGE_CURVE('',#1421,#1418,#725,.T.);
#1734=EDGE_CURVE('',#1422,#1420,#726,.T.);
#1735=EDGE_CURVE('',#1422,#1423,#727,.T.);
#1736=EDGE_CURVE('',#1423,#1421,#728,.T.);
#1737=EDGE_CURVE('',#1424,#1422,#729,.T.);
#1738=EDGE_CURVE('',#1424,#1425,#730,.T.);
#1739=EDGE_CURVE('',#1425,#1423,#731,.T.);
#1740=EDGE_CURVE('',#1417,#1424,#732,.T.);
#1741=EDGE_CURVE('',#1419,#1425,#733,.T.);
#1742=EDGE_CURVE('',#1426,#1426,#149,.T.);
#1743=EDGE_CURVE('',#1427,#1427,#150,.T.);
#1744=EDGE_CURVE('',#1428,#1428,#151,.T.);
#1745=EDGE_CURVE('',#1429,#1429,#152,.T.);
#1746=EDGE_CURVE('',#1430,#1430,#153,.T.);
#1747=EDGE_CURVE('',#1431,#1431,#154,.T.);
#1748=EDGE_CURVE('',#1432,#1432,#155,.T.);
#1749=EDGE_CURVE('',#1433,#1434,#734,.T.);
#1750=EDGE_CURVE('',#1434,#1435,#735,.T.);
#1751=EDGE_CURVE('',#1435,#1436,#736,.T.);
#1752=EDGE_CURVE('',#1436,#1433,#737,.T.);
#1753=EDGE_CURVE('',#1437,#1437,#156,.T.);
#1754=EDGE_CURVE('',#1434,#1438,#738,.T.);
#1755=EDGE_CURVE('',#1439,#1438,#739,.T.);
#1756=EDGE_CURVE('',#1435,#1439,#740,.T.);
#1757=EDGE_CURVE('',#1440,#1439,#741,.T.);
#1758=EDGE_CURVE('',#1436,#1440,#742,.T.);
#1759=EDGE_CURVE('',#1441,#1440,#743,.T.);
#1760=EDGE_CURVE('',#1433,#1441,#744,.T.);
#1761=EDGE_CURVE('',#1438,#1441,#745,.T.);
#1762=EDGE_CURVE('',#1442,#1443,#157,.T.);
#1763=EDGE_CURVE('',#1444,#1443,#158,.T.);
#1764=EDGE_CURVE('',#1444,#1445,#159,.T.);
#1765=EDGE_CURVE('',#1445,#1442,#160,.T.);
#1766=EDGE_CURVE('',#1442,#1446,#746,.T.);
#1767=EDGE_CURVE('',#1446,#1447,#161,.T.);
#1768=EDGE_CURVE('',#1447,#1443,#747,.T.);
#1769=EDGE_CURVE('',#1448,#1449,#162,.T.);
#1770=EDGE_CURVE('',#1449,#1445,#748,.T.);
#1771=EDGE_CURVE('',#1444,#1448,#749,.T.);
#1772=EDGE_CURVE('',#1450,#1451,#163,.T.);
#1773=EDGE_CURVE('',#1447,#1451,#164,.T.);
#1774=EDGE_CURVE('',#1446,#1450,#165,.T.);
#1775=EDGE_CURVE('',#1452,#1448,#166,.T.);
#1776=EDGE_CURVE('',#1452,#1453,#167,.T.);
#1777=EDGE_CURVE('',#1453,#1449,#168,.T.);
#1778=EDGE_CURVE('',#1450,#1454,#750,.T.);
#1779=EDGE_CURVE('',#1454,#1455,#169,.T.);
#1780=EDGE_CURVE('',#1455,#1451,#751,.T.);
#1781=EDGE_CURVE('',#1456,#1457,#170,.T.);
#1782=EDGE_CURVE('',#1457,#1453,#752,.T.);
#1783=EDGE_CURVE('',#1452,#1456,#753,.T.);
#1784=EDGE_CURVE('',#1455,#1456,#171,.T.);
#1785=EDGE_CURVE('',#1454,#1457,#172,.T.);
#1786=EDGE_CURVE('',#1458,#1450,#754,.T.);
#1787=EDGE_CURVE('',#1459,#1458,#755,.T.);
#1788=EDGE_CURVE('',#1454,#1459,#756,.T.);
#1789=EDGE_CURVE('',#1446,#1460,#757,.T.);
#1790=EDGE_CURVE('',#1458,#1460,#173,.T.);
#1791=EDGE_CURVE('',#1461,#1442,#758,.T.);
#1792=EDGE_CURVE('',#1460,#1461,#759,.T.);
#1793=EDGE_CURVE('',#1445,#1462,#760,.T.);
#1794=EDGE_CURVE('',#1461,#1462,#174,.T.);
#1795=EDGE_CURVE('',#1451,#1463,#761,.T.);
#1796=EDGE_CURVE('',#1463,#1464,#175,.T.);
#1797=EDGE_CURVE('',#1464,#1447,#762,.T.);
#1798=EDGE_CURVE('',#1465,#1464,#763,.T.);
#1799=EDGE_CURVE('',#1443,#1465,#764,.T.);
#1800=EDGE_CURVE('',#1463,#1466,#765,.T.);
#1801=EDGE_CURVE('',#1467,#1466,#176,.T.);
#1802=EDGE_CURVE('',#1467,#1468,#766,.T.);
#1803=EDGE_CURVE('',#1469,#1468,#177,.T.);
#1804=EDGE_CURVE('',#1469,#1470,#767,.T.);
#1805=EDGE_CURVE('',#1465,#1470,#178,.T.);
#1806=EDGE_CURVE('',#1456,#1467,#768,.T.);
#1807=EDGE_CURVE('',#1466,#1455,#769,.T.);
#1808=EDGE_CURVE('',#1468,#1452,#770,.T.);
#1809=EDGE_CURVE('',#1448,#1469,#771,.T.);
#1810=EDGE_CURVE('',#1470,#1444,#772,.T.);
#1811=EDGE_CURVE('',#1471,#1462,#179,.T.);
#1812=EDGE_CURVE('',#1462,#1472,#773,.T.);
#1813=EDGE_CURVE('',#1472,#1473,#180,.T.);
#1814=EDGE_CURVE('',#1473,#1471,#774,.T.);
#1815=EDGE_CURVE('',#1474,#1461,#181,.T.);
#1816=EDGE_CURVE('',#1471,#1474,#182,.T.);
#1817=EDGE_CURVE('',#1475,#1476,#183,.T.);
#1818=EDGE_CURVE('',#1476,#1473,#184,.T.);
#1819=EDGE_CURVE('',#1472,#1475,#185,.T.);
#1820=EDGE_CURVE('',#1477,#1460,#186,.T.);
#1821=EDGE_CURVE('',#1474,#1477,#775,.T.);
#1822=EDGE_CURVE('',#1478,#1479,#187,.T.);
#1823=EDGE_CURVE('',#1479,#1476,#776,.T.);
#1824=EDGE_CURVE('',#1475,#1478,#777,.T.);
#1825=EDGE_CURVE('',#1480,#1458,#188,.T.);
#1826=EDGE_CURVE('',#1477,#1480,#189,.T.);
#1827=EDGE_CURVE('',#1459,#1481,#190,.T.);
#1828=EDGE_CURVE('',#1481,#1479,#191,.T.);
#1829=EDGE_CURVE('',#1478,#1459,#192,.T.);
#1830=EDGE_CURVE('',#1480,#1481,#778,.T.);
#1831=EDGE_CURVE('',#1478,#1457,#779,.T.);
#1832=EDGE_CURVE('',#1453,#1475,#780,.T.);
#1833=EDGE_CURVE('',#1472,#1449,#781,.T.);
#1834=EDGE_CURVE('',#1482,#1482,#193,.T.);
#1835=EDGE_CURVE('',#1483,#1483,#194,.T.);
#1836=EDGE_CURVE('',#1484,#1484,#195,.T.);
#1837=EDGE_CURVE('',#1485,#1485,#196,.T.);
#1838=EDGE_CURVE('',#1486,#1487,#782,.T.);
#1839=EDGE_CURVE('',#1486,#1488,#783,.T.);
#1840=EDGE_CURVE('',#1489,#1488,#784,.T.);
#1841=EDGE_CURVE('',#1487,#1489,#785,.T.);
#1842=EDGE_CURVE('',#1487,#1490,#786,.T.);
#1843=EDGE_CURVE('',#1491,#1489,#787,.T.);
#1844=EDGE_CURVE('',#1490,#1491,#788,.T.);
#1845=EDGE_CURVE('',#1490,#1492,#789,.T.);
#1846=EDGE_CURVE('',#1493,#1491,#790,.T.);
#1847=EDGE_CURVE('',#1492,#1493,#791,.T.);
#1848=EDGE_CURVE('',#1492,#1494,#792,.T.);
#1849=EDGE_CURVE('',#1495,#1493,#793,.T.);
#1850=EDGE_CURVE('',#1494,#1495,#794,.T.);
#1851=EDGE_CURVE('',#1494,#1486,#795,.T.);
#1852=EDGE_CURVE('',#1488,#1495,#796,.T.);
#1853=EDGE_CURVE('',#1496,#1497,#797,.T.);
#1854=EDGE_CURVE('',#1496,#1498,#798,.T.);
#1855=EDGE_CURVE('',#1499,#1498,#799,.T.);
#1856=EDGE_CURVE('',#1497,#1499,#800,.T.);
#1857=EDGE_CURVE('',#1497,#1500,#801,.T.);
#1858=EDGE_CURVE('',#1501,#1499,#802,.T.);
#1859=EDGE_CURVE('',#1500,#1501,#803,.T.);
#1860=EDGE_CURVE('',#1500,#1502,#804,.T.);
#1861=EDGE_CURVE('',#1503,#1501,#805,.T.);
#1862=EDGE_CURVE('',#1502,#1503,#806,.T.);
#1863=EDGE_CURVE('',#1502,#1504,#807,.T.);
#1864=EDGE_CURVE('',#1505,#1503,#808,.T.);
#1865=EDGE_CURVE('',#1504,#1505,#809,.T.);
#1866=EDGE_CURVE('',#1504,#1496,#810,.T.);
#1867=EDGE_CURVE('',#1498,#1505,#811,.T.);
#1868=EDGE_CURVE('',#1506,#1506,#197,.T.);
#1869=EDGE_CURVE('',#1507,#1507,#198,.T.);
#1870=EDGE_CURVE('',#1508,#1508,#199,.T.);
#1871=EDGE_CURVE('',#1509,#1509,#200,.T.);
#1872=EDGE_CURVE('',#1510,#1510,#201,.T.);
#1873=EDGE_CURVE('',#1511,#1511,#202,.T.);
#1874=EDGE_CURVE('',#1512,#1512,#203,.T.);
#1875=EDGE_CURVE('',#1513,#1513,#204,.T.);
#1876=EDGE_CURVE('',#1514,#1515,#812,.T.);
#1877=EDGE_CURVE('',#1515,#1516,#813,.T.);
#1878=EDGE_CURVE('',#1517,#1516,#814,.T.);
#1879=EDGE_CURVE('',#1514,#1517,#815,.T.);
#1880=EDGE_CURVE('',#1518,#1514,#816,.T.);
#1881=EDGE_CURVE('',#1519,#1517,#817,.T.);
#1882=EDGE_CURVE('',#1518,#1519,#818,.T.);
#1883=EDGE_CURVE('',#1520,#1518,#819,.T.);
#1884=EDGE_CURVE('',#1521,#1519,#820,.T.);
#1885=EDGE_CURVE('',#1520,#1521,#821,.T.);
#1886=EDGE_CURVE('',#1515,#1520,#822,.T.);
#1887=EDGE_CURVE('',#1516,#1521,#823,.T.);
#1888=EDGE_CURVE('',#1522,#1523,#824,.T.);
#1889=EDGE_CURVE('',#1523,#1524,#825,.T.);
#1890=EDGE_CURVE('',#1525,#1524,#826,.T.);
#1891=EDGE_CURVE('',#1522,#1525,#827,.T.);
#1892=EDGE_CURVE('',#1526,#1522,#828,.T.);
#1893=EDGE_CURVE('',#1527,#1525,#829,.T.);
#1894=EDGE_CURVE('',#1526,#1527,#830,.T.);
#1895=EDGE_CURVE('',#1528,#1526,#831,.T.);
#1896=EDGE_CURVE('',#1529,#1527,#832,.T.);
#1897=EDGE_CURVE('',#1528,#1529,#833,.T.);
#1898=EDGE_CURVE('',#1523,#1528,#834,.T.);
#1899=EDGE_CURVE('',#1524,#1529,#835,.T.);
#1900=EDGE_CURVE('',#1530,#1531,#836,.T.);
#1901=EDGE_CURVE('',#1531,#1532,#837,.T.);
#1902=EDGE_CURVE('',#1533,#1532,#838,.T.);
#1903=EDGE_CURVE('',#1530,#1533,#839,.T.);
#1904=EDGE_CURVE('',#1534,#1530,#840,.T.);
#1905=EDGE_CURVE('',#1535,#1533,#841,.T.);
#1906=EDGE_CURVE('',#1534,#1535,#842,.T.);
#1907=EDGE_CURVE('',#1536,#1534,#843,.T.);
#1908=EDGE_CURVE('',#1537,#1535,#844,.T.);
#1909=EDGE_CURVE('',#1536,#1537,#845,.T.);
#1910=EDGE_CURVE('',#1531,#1536,#846,.T.);
#1911=EDGE_CURVE('',#1532,#1537,#847,.T.);
#1912=EDGE_CURVE('',#1538,#1538,#205,.T.);
#1913=EDGE_CURVE('',#1539,#1539,#206,.T.);
#1914=EDGE_CURVE('',#1540,#1540,#207,.T.);
#1915=EDGE_CURVE('',#1541,#1541,#208,.T.);
#1916=EDGE_CURVE('',#1542,#1543,#18,.T.);
#1917=EDGE_CURVE('',#1543,#1544,#848,.T.);
#1918=EDGE_CURVE('',#1545,#1544,#19,.T.);
#1919=EDGE_CURVE('',#1542,#1545,#849,.T.);
#1920=EDGE_CURVE('',#1546,#1542,#850,.T.);
#1921=EDGE_CURVE('',#1547,#1545,#851,.T.);
#1922=EDGE_CURVE('',#1546,#1547,#852,.T.);
#1923=EDGE_CURVE('',#1548,#1546,#209,.T.);
#1924=EDGE_CURVE('',#1549,#1547,#210,.T.);
#1925=EDGE_CURVE('',#1548,#1549,#853,.T.);
#1926=EDGE_CURVE('',#1550,#1548,#854,.T.);
#1927=EDGE_CURVE('',#1551,#1549,#855,.T.);
#1928=EDGE_CURVE('',#1550,#1551,#856,.T.);
#1929=EDGE_CURVE('',#1552,#1550,#857,.T.);
#1930=EDGE_CURVE('',#1553,#1551,#858,.T.);
#1931=EDGE_CURVE('',#1552,#1553,#859,.T.);
#1932=EDGE_CURVE('',#1554,#1552,#860,.T.);
#1933=EDGE_CURVE('',#1555,#1553,#861,.T.);
#1934=EDGE_CURVE('',#1554,#1555,#862,.T.);
#1935=EDGE_CURVE('',#1556,#1554,#211,.T.);
#1936=EDGE_CURVE('',#1557,#1555,#212,.T.);
#1937=EDGE_CURVE('',#1556,#1557,#863,.T.);
#1938=EDGE_CURVE('',#1558,#1556,#864,.T.);
#1939=EDGE_CURVE('',#1559,#1557,#865,.T.);
#1940=EDGE_CURVE('',#1558,#1559,#866,.T.);
#1941=EDGE_CURVE('',#1560,#1558,#20,.T.);
#1942=EDGE_CURVE('',#1561,#1559,#21,.T.);
#1943=EDGE_CURVE('',#1560,#1561,#867,.T.);
#1944=EDGE_CURVE('',#1543,#1560,#868,.T.);
#1945=EDGE_CURVE('',#1544,#1561,#869,.T.);
#1946=EDGE_CURVE('',#1562,#1563,#870,.T.);
#1947=EDGE_CURVE('',#1563,#1564,#871,.T.);
#1948=EDGE_CURVE('',#1565,#1564,#872,.T.);
#1949=EDGE_CURVE('',#1562,#1565,#873,.T.);
#1950=EDGE_CURVE('',#1566,#1562,#874,.T.);
#1951=EDGE_CURVE('',#1567,#1565,#875,.T.);
#1952=EDGE_CURVE('',#1566,#1567,#876,.T.);
#1953=EDGE_CURVE('',#1568,#1566,#877,.T.);
#1954=EDGE_CURVE('',#1569,#1567,#878,.T.);
#1955=EDGE_CURVE('',#1568,#1569,#879,.T.);
#1956=EDGE_CURVE('',#1570,#1568,#22,.T.);
#1957=EDGE_CURVE('',#1571,#1569,#23,.T.);
#1958=EDGE_CURVE('',#1570,#1571,#880,.T.);
#1959=EDGE_CURVE('',#1572,#1570,#881,.T.);
#1960=EDGE_CURVE('',#1573,#1571,#882,.T.);
#1961=EDGE_CURVE('',#1572,#1573,#883,.T.);
#1962=EDGE_CURVE('',#1574,#1572,#884,.T.);
#1963=EDGE_CURVE('',#1575,#1573,#885,.T.);
#1964=EDGE_CURVE('',#1574,#1575,#886,.T.);
#1965=EDGE_CURVE('',#1576,#1574,#887,.T.);
#1966=EDGE_CURVE('',#1577,#1575,#888,.T.);
#1967=EDGE_CURVE('',#1576,#1577,#889,.T.);
#1968=EDGE_CURVE('',#1578,#1576,#890,.T.);
#1969=EDGE_CURVE('',#1579,#1577,#891,.T.);
#1970=EDGE_CURVE('',#1578,#1579,#892,.T.);
#1971=EDGE_CURVE('',#1580,#1578,#893,.T.);
#1972=EDGE_CURVE('',#1581,#1579,#894,.T.);
#1973=EDGE_CURVE('',#1580,#1581,#895,.T.);
#1974=EDGE_CURVE('',#1563,#1580,#24,.T.);
#1975=EDGE_CURVE('',#1564,#1581,#25,.T.);
#1976=EDGE_CURVE('',#1582,#1583,#896,.T.);
#1977=EDGE_CURVE('',#1583,#1584,#897,.T.);
#1978=EDGE_CURVE('',#1585,#1584,#898,.T.);
#1979=EDGE_CURVE('',#1582,#1585,#899,.T.);
#1980=EDGE_CURVE('',#1586,#1582,#900,.T.);
#1981=EDGE_CURVE('',#1587,#1585,#901,.T.);
#1982=EDGE_CURVE('',#1586,#1587,#902,.T.);
#1983=EDGE_CURVE('',#1588,#1586,#903,.T.);
#1984=EDGE_CURVE('',#1589,#1587,#904,.T.);
#1985=EDGE_CURVE('',#1588,#1589,#905,.T.);
#1986=EDGE_CURVE('',#1590,#1588,#26,.T.);
#1987=EDGE_CURVE('',#1591,#1589,#27,.T.);
#1988=EDGE_CURVE('',#1590,#1591,#906,.T.);
#1989=EDGE_CURVE('',#1592,#1590,#907,.T.);
#1990=EDGE_CURVE('',#1593,#1591,#908,.T.);
#1991=EDGE_CURVE('',#1592,#1593,#909,.T.);
#1992=EDGE_CURVE('',#1594,#1592,#910,.T.);
#1993=EDGE_CURVE('',#1595,#1593,#911,.T.);
#1994=EDGE_CURVE('',#1594,#1595,#912,.T.);
#1995=EDGE_CURVE('',#1596,#1594,#913,.T.);
#1996=EDGE_CURVE('',#1597,#1595,#914,.T.);
#1997=EDGE_CURVE('',#1596,#1597,#915,.T.);
#1998=EDGE_CURVE('',#1598,#1596,#916,.T.);
#1999=EDGE_CURVE('',#1599,#1597,#917,.T.);
#2000=EDGE_CURVE('',#1598,#1599,#918,.T.);
#2001=EDGE_CURVE('',#1600,#1598,#919,.T.);
#2002=EDGE_CURVE('',#1601,#1599,#920,.T.);
#2003=EDGE_CURVE('',#1600,#1601,#921,.T.);
#2004=EDGE_CURVE('',#1583,#1600,#28,.T.);
#2005=EDGE_CURVE('',#1584,#1601,#29,.T.);
#2006=EDGE_CURVE('',#1602,#1603,#30,.T.);
#2007=EDGE_CURVE('',#1603,#1604,#922,.T.);
#2008=EDGE_CURVE('',#1605,#1604,#31,.T.);
#2009=EDGE_CURVE('',#1602,#1605,#923,.T.);
#2010=EDGE_CURVE('',#1606,#1602,#924,.T.);
#2011=EDGE_CURVE('',#1607,#1605,#925,.T.);
#2012=EDGE_CURVE('',#1606,#1607,#926,.T.);
#2013=EDGE_CURVE('',#1608,#1606,#927,.T.);
#2014=EDGE_CURVE('',#1609,#1607,#928,.T.);
#2015=EDGE_CURVE('',#1608,#1609,#929,.T.);
#2016=EDGE_CURVE('',#1610,#1608,#930,.T.);
#2017=EDGE_CURVE('',#1611,#1609,#931,.T.);
#2018=EDGE_CURVE('',#1610,#1611,#932,.T.);
#2019=EDGE_CURVE('',#1612,#1610,#32,.T.);
#2020=EDGE_CURVE('',#1613,#1611,#33,.T.);
#2021=EDGE_CURVE('',#1612,#1613,#933,.T.);
#2022=EDGE_CURVE('',#1614,#1612,#934,.T.);
#2023=EDGE_CURVE('',#1615,#1613,#935,.T.);
#2024=EDGE_CURVE('',#1614,#1615,#936,.T.);
#2025=EDGE_CURVE('',#1616,#1614,#937,.T.);
#2026=EDGE_CURVE('',#1617,#1615,#938,.T.);
#2027=EDGE_CURVE('',#1616,#1617,#939,.T.);
#2028=EDGE_CURVE('',#1618,#1616,#940,.T.);
#2029=EDGE_CURVE('',#1619,#1617,#941,.T.);
#2030=EDGE_CURVE('',#1618,#1619,#942,.T.);
#2031=EDGE_CURVE('',#1620,#1618,#943,.T.);
#2032=EDGE_CURVE('',#1621,#1619,#944,.T.);
#2033=EDGE_CURVE('',#1620,#1621,#945,.T.);
#2034=EDGE_CURVE('',#1603,#1620,#946,.T.);
#2035=EDGE_CURVE('',#1604,#1621,#947,.T.);
#2036=EDGE_CURVE('',#1622,#1623,#34,.T.);
#2037=EDGE_CURVE('',#1623,#1624,#948,.T.);
#2038=EDGE_CURVE('',#1625,#1624,#35,.T.);
#2039=EDGE_CURVE('',#1622,#1625,#949,.T.);
#2040=EDGE_CURVE('',#1626,#1622,#950,.T.);
#2041=EDGE_CURVE('',#1627,#1625,#951,.T.);
#2042=EDGE_CURVE('',#1626,#1627,#952,.T.);
#2043=EDGE_CURVE('',#1628,#1626,#36,.T.);
#2044=EDGE_CURVE('',#1629,#1627,#37,.T.);
#2045=EDGE_CURVE('',#1628,#1629,#953,.T.);
#2046=EDGE_CURVE('',#1630,#1628,#954,.T.);
#2047=EDGE_CURVE('',#1631,#1629,#955,.T.);
#2048=EDGE_CURVE('',#1630,#1631,#956,.T.);
#2049=EDGE_CURVE('',#1632,#1630,#957,.T.);
#2050=EDGE_CURVE('',#1633,#1631,#958,.T.);
#2051=EDGE_CURVE('',#1632,#1633,#959,.T.);
#2052=EDGE_CURVE('',#1634,#1632,#960,.T.);
#2053=EDGE_CURVE('',#1635,#1633,#961,.T.);
#2054=EDGE_CURVE('',#1634,#1635,#962,.T.);
#2055=EDGE_CURVE('',#1636,#1634,#963,.T.);
#2056=EDGE_CURVE('',#1637,#1635,#964,.T.);
#2057=EDGE_CURVE('',#1636,#1637,#965,.T.);
#2058=EDGE_CURVE('',#1638,#1636,#966,.T.);
#2059=EDGE_CURVE('',#1639,#1637,#967,.T.);
#2060=EDGE_CURVE('',#1638,#1639,#968,.T.);
#2061=EDGE_CURVE('',#1640,#1638,#969,.T.);
#2062=EDGE_CURVE('',#1641,#1639,#970,.T.);
#2063=EDGE_CURVE('',#1640,#1641,#971,.T.);
#2064=EDGE_CURVE('',#1642,#1640,#972,.T.);
#2065=EDGE_CURVE('',#1643,#1641,#973,.T.);
#2066=EDGE_CURVE('',#1642,#1643,#974,.T.);
#2067=EDGE_CURVE('',#1644,#1642,#975,.T.);
#2068=EDGE_CURVE('',#1645,#1643,#976,.T.);
#2069=EDGE_CURVE('',#1644,#1645,#977,.T.);
#2070=EDGE_CURVE('',#1646,#1644,#978,.T.);
#2071=EDGE_CURVE('',#1647,#1645,#979,.T.);
#2072=EDGE_CURVE('',#1646,#1647,#980,.T.);
#2073=EDGE_CURVE('',#1648,#1646,#981,.T.);
#2074=EDGE_CURVE('',#1649,#1647,#982,.T.);
#2075=EDGE_CURVE('',#1648,#1649,#983,.T.);
#2076=EDGE_CURVE('',#1623,#1648,#984,.T.);
#2077=EDGE_CURVE('',#1624,#1649,#985,.T.);
#2078=EDGE_CURVE('',#1650,#1651,#986,.T.);
#2079=EDGE_CURVE('',#1650,#1652,#987,.T.);
#2080=EDGE_CURVE('',#1653,#1652,#988,.T.);
#2081=EDGE_CURVE('',#1651,#1653,#989,.T.);
#2082=EDGE_CURVE('',#1654,#1650,#990,.T.);
#2083=EDGE_CURVE('',#1654,#1655,#991,.T.);
#2084=EDGE_CURVE('',#1652,#1655,#992,.T.);
#2085=EDGE_CURVE('',#1656,#1654,#993,.T.);
#2086=EDGE_CURVE('',#1656,#1657,#994,.T.);
#2087=EDGE_CURVE('',#1655,#1657,#995,.T.);
#2088=EDGE_CURVE('',#1651,#1656,#38,.T.);
#2089=EDGE_CURVE('',#1657,#1653,#39,.T.);
#2090=EDGE_CURVE('',#1658,#1659,#40,.T.);
#2091=EDGE_CURVE('',#1659,#1660,#996,.T.);
#2092=EDGE_CURVE('',#1661,#1660,#41,.T.);
#2093=EDGE_CURVE('',#1658,#1661,#997,.T.);
#2094=EDGE_CURVE('',#1662,#1658,#998,.T.);
#2095=EDGE_CURVE('',#1663,#1661,#999,.T.);
#2096=EDGE_CURVE('',#1662,#1663,#1000,.T.);
#2097=EDGE_CURVE('',#1664,#1662,#1001,.T.);
#2098=EDGE_CURVE('',#1665,#1663,#1002,.T.);
#2099=EDGE_CURVE('',#1664,#1665,#1003,.T.);
#2100=EDGE_CURVE('',#1666,#1664,#42,.T.);
#2101=EDGE_CURVE('',#1667,#1665,#43,.T.);
#2102=EDGE_CURVE('',#1666,#1667,#1004,.T.);
#2103=EDGE_CURVE('',#1668,#1666,#1005,.T.);
#2104=EDGE_CURVE('',#1669,#1667,#1006,.T.);
#2105=EDGE_CURVE('',#1668,#1669,#1007,.T.);
#2106=EDGE_CURVE('',#1670,#1668,#44,.T.);
#2107=EDGE_CURVE('',#1671,#1669,#45,.T.);
#2108=EDGE_CURVE('',#1670,#1671,#1008,.T.);
#2109=EDGE_CURVE('',#1672,#1670,#1009,.T.);
#2110=EDGE_CURVE('',#1673,#1671,#1010,.T.);
#2111=EDGE_CURVE('',#1672,#1673,#1011,.T.);
#2112=EDGE_CURVE('',#1674,#1672,#1012,.T.);
#2113=EDGE_CURVE('',#1675,#1673,#1013,.T.);
#2114=EDGE_CURVE('',#1674,#1675,#1014,.T.);
#2115=EDGE_CURVE('',#1659,#1674,#1015,.T.);
#2116=EDGE_CURVE('',#1660,#1675,#1016,.T.);
#2117=EDGE_CURVE('',#1676,#1677,#46,.T.);
#2118=EDGE_CURVE('',#1676,#1678,#1017,.T.);
#2119=EDGE_CURVE('',#1679,#1678,#47,.T.);
#2120=EDGE_CURVE('',#1677,#1679,#1018,.T.);
#2121=EDGE_CURVE('',#1680,#1676,#1019,.T.);
#2122=EDGE_CURVE('',#1680,#1681,#1020,.T.);
#2123=EDGE_CURVE('',#1678,#1681,#1021,.T.);
#2124=EDGE_CURVE('',#1682,#1680,#48,.T.);
#2125=EDGE_CURVE('',#1682,#1683,#1022,.T.);
#2126=EDGE_CURVE('',#1681,#1683,#49,.T.);
#2127=EDGE_CURVE('',#1677,#1682,#1023,.T.);
#2128=EDGE_CURVE('',#1683,#1679,#1024,.T.);
#2129=EDGE_CURVE('',#1684,#1685,#50,.T.);
#2130=EDGE_CURVE('',#1685,#1686,#1025,.T.);
#2131=EDGE_CURVE('',#1687,#1686,#51,.T.);
#2132=EDGE_CURVE('',#1684,#1687,#1026,.T.);
#2133=EDGE_CURVE('',#1688,#1684,#1027,.T.);
#2134=EDGE_CURVE('',#1689,#1687,#1028,.T.);
#2135=EDGE_CURVE('',#1688,#1689,#1029,.T.);
#2136=EDGE_CURVE('',#1690,#1688,#52,.T.);
#2137=EDGE_CURVE('',#1691,#1689,#53,.T.);
#2138=EDGE_CURVE('',#1690,#1691,#1030,.T.);
#2139=EDGE_CURVE('',#1685,#1690,#1031,.T.);
#2140=EDGE_CURVE('',#1686,#1691,#1032,.T.);
#2141=EDGE_CURVE('',#1692,#1693,#1033,.T.);
#2142=EDGE_CURVE('',#1692,#1694,#1034,.T.);
#2143=EDGE_CURVE('',#1695,#1694,#1035,.T.);
#2144=EDGE_CURVE('',#1693,#1695,#1036,.T.);
#2145=EDGE_CURVE('',#1693,#1696,#1037,.T.);
#2146=EDGE_CURVE('',#1697,#1695,#1038,.T.);
#2147=EDGE_CURVE('',#1696,#1697,#1039,.T.);
#2148=EDGE_CURVE('',#1696,#1698,#1040,.T.);
#2149=EDGE_CURVE('',#1699,#1697,#1041,.T.);
#2150=EDGE_CURVE('',#1698,#1699,#1042,.T.);
#2151=EDGE_CURVE('',#1698,#1692,#1043,.T.);
#2152=EDGE_CURVE('',#1694,#1699,#1044,.T.);
#2153=ORIENTED_EDGE('',*,*,#1700,.F.);
#2154=ORIENTED_EDGE('',*,*,#1701,.T.);
#2155=ORIENTED_EDGE('',*,*,#1702,.T.);
#2156=ORIENTED_EDGE('',*,*,#1703,.F.);
#2157=ORIENTED_EDGE('',*,*,#1704,.F.);
#2158=ORIENTED_EDGE('',*,*,#1705,.T.);
#2159=ORIENTED_EDGE('',*,*,#1706,.T.);
#2160=ORIENTED_EDGE('',*,*,#1701,.F.);
#2161=ORIENTED_EDGE('',*,*,#1707,.F.);
#2162=ORIENTED_EDGE('',*,*,#1708,.T.);
#2163=ORIENTED_EDGE('',*,*,#1709,.T.);
#2164=ORIENTED_EDGE('',*,*,#1705,.F.);
#2165=ORIENTED_EDGE('',*,*,#1710,.F.);
#2166=ORIENTED_EDGE('',*,*,#1703,.T.);
#2167=ORIENTED_EDGE('',*,*,#1711,.T.);
#2168=ORIENTED_EDGE('',*,*,#1708,.F.);
#2169=ORIENTED_EDGE('',*,*,#1711,.F.);
#2170=ORIENTED_EDGE('',*,*,#1702,.F.);
#2171=ORIENTED_EDGE('',*,*,#1706,.F.);
#2172=ORIENTED_EDGE('',*,*,#1709,.F.);
#2173=ORIENTED_EDGE('',*,*,#1712,.F.);
#2174=ORIENTED_EDGE('',*,*,#1713,.T.);
#2175=ORIENTED_EDGE('',*,*,#1714,.T.);
#2176=ORIENTED_EDGE('',*,*,#1715,.F.);
#2177=ORIENTED_EDGE('',*,*,#1716,.F.);
#2178=ORIENTED_EDGE('',*,*,#1717,.T.);
#2179=ORIENTED_EDGE('',*,*,#1718,.T.);
#2180=ORIENTED_EDGE('',*,*,#1713,.F.);
#2181=ORIENTED_EDGE('',*,*,#1719,.F.);
#2182=ORIENTED_EDGE('',*,*,#1720,.T.);
#2183=ORIENTED_EDGE('',*,*,#1721,.T.);
#2184=ORIENTED_EDGE('',*,*,#1717,.F.);
#2185=ORIENTED_EDGE('',*,*,#1722,.F.);
#2186=ORIENTED_EDGE('',*,*,#1723,.T.);
#2187=ORIENTED_EDGE('',*,*,#1724,.T.);
#2188=ORIENTED_EDGE('',*,*,#1720,.F.);
#2189=ORIENTED_EDGE('',*,*,#1725,.F.);
#2190=ORIENTED_EDGE('',*,*,#1715,.T.);
#2191=ORIENTED_EDGE('',*,*,#1726,.T.);
#2192=ORIENTED_EDGE('',*,*,#1723,.F.);
#2193=ORIENTED_EDGE('',*,*,#1726,.F.);
#2194=ORIENTED_EDGE('',*,*,#1714,.F.);
#2195=ORIENTED_EDGE('',*,*,#1718,.F.);
#2196=ORIENTED_EDGE('',*,*,#1721,.F.);
#2197=ORIENTED_EDGE('',*,*,#1724,.F.);
#2198=ORIENTED_EDGE('',*,*,#1727,.F.);
#2199=ORIENTED_EDGE('',*,*,#1728,.T.);
#2200=ORIENTED_EDGE('',*,*,#1729,.T.);
#2201=ORIENTED_EDGE('',*,*,#1730,.F.);
#2202=ORIENTED_EDGE('',*,*,#1731,.F.);
#2203=ORIENTED_EDGE('',*,*,#1732,.T.);
#2204=ORIENTED_EDGE('',*,*,#1733,.T.);
#2205=ORIENTED_EDGE('',*,*,#1728,.F.);
#2206=ORIENTED_EDGE('',*,*,#1734,.F.);
#2207=ORIENTED_EDGE('',*,*,#1735,.T.);
#2208=ORIENTED_EDGE('',*,*,#1736,.T.);
#2209=ORIENTED_EDGE('',*,*,#1732,.F.);
#2210=ORIENTED_EDGE('',*,*,#1737,.F.);
#2211=ORIENTED_EDGE('',*,*,#1738,.T.);
#2212=ORIENTED_EDGE('',*,*,#1739,.T.);
#2213=ORIENTED_EDGE('',*,*,#1735,.F.);
#2214=ORIENTED_EDGE('',*,*,#1740,.F.);
#2215=ORIENTED_EDGE('',*,*,#1730,.T.);
#2216=ORIENTED_EDGE('',*,*,#1741,.T.);
#2217=ORIENTED_EDGE('',*,*,#1738,.F.);
#2218=ORIENTED_EDGE('',*,*,#1741,.F.);
#2219=ORIENTED_EDGE('',*,*,#1729,.F.);
#2220=ORIENTED_EDGE('',*,*,#1733,.F.);
#2221=ORIENTED_EDGE('',*,*,#1736,.F.);
#2222=ORIENTED_EDGE('',*,*,#1739,.F.);
#2223=ORIENTED_EDGE('',*,*,#1742,.T.);
#2224=ORIENTED_EDGE('',*,*,#1743,.F.);
#2225=ORIENTED_EDGE('',*,*,#1744,.T.);
#2226=ORIENTED_EDGE('',*,*,#1745,.F.);
#2227=ORIENTED_EDGE('',*,*,#1744,.F.);
#2228=ORIENTED_EDGE('',*,*,#1742,.F.);
#2229=ORIENTED_EDGE('',*,*,#1746,.T.);
#2230=ORIENTED_EDGE('',*,*,#1747,.F.);
#2231=ORIENTED_EDGE('',*,*,#1746,.F.);
#2232=ORIENTED_EDGE('',*,*,#1748,.F.);
#2233=ORIENTED_EDGE('',*,*,#1749,.T.);
#2234=ORIENTED_EDGE('',*,*,#1750,.T.);
#2235=ORIENTED_EDGE('',*,*,#1751,.T.);
#2236=ORIENTED_EDGE('',*,*,#1752,.T.);
#2237=ORIENTED_EDGE('',*,*,#1700,.T.);
#2238=ORIENTED_EDGE('',*,*,#1710,.T.);
#2239=ORIENTED_EDGE('',*,*,#1707,.T.);
#2240=ORIENTED_EDGE('',*,*,#1704,.T.);
#2241=ORIENTED_EDGE('',*,*,#1712,.T.);
#2242=ORIENTED_EDGE('',*,*,#1725,.T.);
#2243=ORIENTED_EDGE('',*,*,#1722,.T.);
#2244=ORIENTED_EDGE('',*,*,#1719,.T.);
#2245=ORIENTED_EDGE('',*,*,#1716,.T.);
#2246=ORIENTED_EDGE('',*,*,#1727,.T.);
#2247=ORIENTED_EDGE('',*,*,#1740,.T.);
#2248=ORIENTED_EDGE('',*,*,#1737,.T.);
#2249=ORIENTED_EDGE('',*,*,#1734,.T.);
#2250=ORIENTED_EDGE('',*,*,#1731,.T.);
#2251=ORIENTED_EDGE('',*,*,#1745,.T.);
#2252=ORIENTED_EDGE('',*,*,#1748,.T.);
#2253=ORIENTED_EDGE('',*,*,#1753,.F.);
#2254=ORIENTED_EDGE('',*,*,#1750,.F.);
#2255=ORIENTED_EDGE('',*,*,#1754,.T.);
#2256=ORIENTED_EDGE('',*,*,#1755,.F.);
#2257=ORIENTED_EDGE('',*,*,#1756,.F.);
#2258=ORIENTED_EDGE('',*,*,#1751,.F.);
#2259=ORIENTED_EDGE('',*,*,#1756,.T.);
#2260=ORIENTED_EDGE('',*,*,#1757,.F.);
#2261=ORIENTED_EDGE('',*,*,#1758,.F.);
#2262=ORIENTED_EDGE('',*,*,#1752,.F.);
#2263=ORIENTED_EDGE('',*,*,#1758,.T.);
#2264=ORIENTED_EDGE('',*,*,#1759,.F.);
#2265=ORIENTED_EDGE('',*,*,#1760,.F.);
#2266=ORIENTED_EDGE('',*,*,#1749,.F.);
#2267=ORIENTED_EDGE('',*,*,#1760,.T.);
#2268=ORIENTED_EDGE('',*,*,#1761,.F.);
#2269=ORIENTED_EDGE('',*,*,#1754,.F.);
#2270=ORIENTED_EDGE('',*,*,#1743,.T.);
#2271=ORIENTED_EDGE('',*,*,#1747,.T.);
#2272=ORIENTED_EDGE('',*,*,#1761,.T.);
#2273=ORIENTED_EDGE('',*,*,#1759,.T.);
#2274=ORIENTED_EDGE('',*,*,#1757,.T.);
#2275=ORIENTED_EDGE('',*,*,#1755,.T.);
#2276=ORIENTED_EDGE('',*,*,#1753,.T.);
#2277=ORIENTED_EDGE('',*,*,#1762,.T.);
#2278=ORIENTED_EDGE('',*,*,#1763,.F.);
#2279=ORIENTED_EDGE('',*,*,#1764,.T.);
#2280=ORIENTED_EDGE('',*,*,#1765,.T.);
#2281=ORIENTED_EDGE('',*,*,#1762,.F.);
#2282=ORIENTED_EDGE('',*,*,#1766,.T.);
#2283=ORIENTED_EDGE('',*,*,#1767,.T.);
#2284=ORIENTED_EDGE('',*,*,#1768,.T.);
#2285=ORIENTED_EDGE('',*,*,#1769,.T.);
#2286=ORIENTED_EDGE('',*,*,#1770,.T.);
#2287=ORIENTED_EDGE('',*,*,#1764,.F.);
#2288=ORIENTED_EDGE('',*,*,#1771,.T.);
#2289=ORIENTED_EDGE('',*,*,#1772,.T.);
#2290=ORIENTED_EDGE('',*,*,#1773,.F.);
#2291=ORIENTED_EDGE('',*,*,#1767,.F.);
#2292=ORIENTED_EDGE('',*,*,#1774,.T.);
#2293=ORIENTED_EDGE('',*,*,#1769,.F.);
#2294=ORIENTED_EDGE('',*,*,#1775,.F.);
#2295=ORIENTED_EDGE('',*,*,#1776,.T.);
#2296=ORIENTED_EDGE('',*,*,#1777,.T.);
#2297=ORIENTED_EDGE('',*,*,#1772,.F.);
#2298=ORIENTED_EDGE('',*,*,#1778,.T.);
#2299=ORIENTED_EDGE('',*,*,#1779,.T.);
#2300=ORIENTED_EDGE('',*,*,#1780,.T.);
#2301=ORIENTED_EDGE('',*,*,#1781,.T.);
#2302=ORIENTED_EDGE('',*,*,#1782,.T.);
#2303=ORIENTED_EDGE('',*,*,#1776,.F.);
#2304=ORIENTED_EDGE('',*,*,#1783,.T.);
#2305=ORIENTED_EDGE('',*,*,#1781,.F.);
#2306=ORIENTED_EDGE('',*,*,#1784,.F.);
#2307=ORIENTED_EDGE('',*,*,#1779,.F.);
#2308=ORIENTED_EDGE('',*,*,#1785,.T.);
#2309=ORIENTED_EDGE('',*,*,#1778,.F.);
#2310=ORIENTED_EDGE('',*,*,#1786,.F.);
#2311=ORIENTED_EDGE('',*,*,#1787,.F.);
#2312=ORIENTED_EDGE('',*,*,#1788,.F.);
#2313=ORIENTED_EDGE('',*,*,#1774,.F.);
#2314=ORIENTED_EDGE('',*,*,#1789,.T.);
#2315=ORIENTED_EDGE('',*,*,#1790,.F.);
#2316=ORIENTED_EDGE('',*,*,#1786,.T.);
#2317=ORIENTED_EDGE('',*,*,#1766,.F.);
#2318=ORIENTED_EDGE('',*,*,#1791,.F.);
#2319=ORIENTED_EDGE('',*,*,#1792,.F.);
#2320=ORIENTED_EDGE('',*,*,#1789,.F.);
#2321=ORIENTED_EDGE('',*,*,#1765,.F.);
#2322=ORIENTED_EDGE('',*,*,#1793,.T.);
#2323=ORIENTED_EDGE('',*,*,#1794,.F.);
#2324=ORIENTED_EDGE('',*,*,#1791,.T.);
#2325=ORIENTED_EDGE('',*,*,#1773,.T.);
#2326=ORIENTED_EDGE('',*,*,#1795,.T.);
#2327=ORIENTED_EDGE('',*,*,#1796,.T.);
#2328=ORIENTED_EDGE('',*,*,#1797,.T.);
#2329=ORIENTED_EDGE('',*,*,#1797,.F.);
#2330=ORIENTED_EDGE('',*,*,#1798,.F.);
#2331=ORIENTED_EDGE('',*,*,#1799,.F.);
#2332=ORIENTED_EDGE('',*,*,#1768,.F.);
#2333=ORIENTED_EDGE('',*,*,#1796,.F.);
#2334=ORIENTED_EDGE('',*,*,#1800,.T.);
#2335=ORIENTED_EDGE('',*,*,#1801,.F.);
#2336=ORIENTED_EDGE('',*,*,#1802,.T.);
#2337=ORIENTED_EDGE('',*,*,#1803,.F.);
#2338=ORIENTED_EDGE('',*,*,#1804,.T.);
#2339=ORIENTED_EDGE('',*,*,#1805,.F.);
#2340=ORIENTED_EDGE('',*,*,#1798,.T.);
#2341=ORIENTED_EDGE('',*,*,#1784,.T.);
#2342=ORIENTED_EDGE('',*,*,#1806,.T.);
#2343=ORIENTED_EDGE('',*,*,#1801,.T.);
#2344=ORIENTED_EDGE('',*,*,#1807,.T.);
#2345=ORIENTED_EDGE('',*,*,#1806,.F.);
#2346=ORIENTED_EDGE('',*,*,#1783,.F.);
#2347=ORIENTED_EDGE('',*,*,#1808,.F.);
#2348=ORIENTED_EDGE('',*,*,#1802,.F.);
#2349=ORIENTED_EDGE('',*,*,#1775,.T.);
#2350=ORIENTED_EDGE('',*,*,#1809,.T.);
#2351=ORIENTED_EDGE('',*,*,#1803,.T.);
#2352=ORIENTED_EDGE('',*,*,#1808,.T.);
#2353=ORIENTED_EDGE('',*,*,#1763,.T.);
#2354=ORIENTED_EDGE('',*,*,#1799,.T.);
#2355=ORIENTED_EDGE('',*,*,#1805,.T.);
#2356=ORIENTED_EDGE('',*,*,#1810,.T.);
#2357=ORIENTED_EDGE('',*,*,#1795,.F.);
#2358=ORIENTED_EDGE('',*,*,#1780,.F.);
#2359=ORIENTED_EDGE('',*,*,#1807,.F.);
#2360=ORIENTED_EDGE('',*,*,#1800,.F.);
#2361=ORIENTED_EDGE('',*,*,#1809,.F.);
#2362=ORIENTED_EDGE('',*,*,#1771,.F.);
#2363=ORIENTED_EDGE('',*,*,#1810,.F.);
#2364=ORIENTED_EDGE('',*,*,#1804,.F.);
#2365=ORIENTED_EDGE('',*,*,#1811,.T.);
#2366=ORIENTED_EDGE('',*,*,#1812,.T.);
#2367=ORIENTED_EDGE('',*,*,#1813,.T.);
#2368=ORIENTED_EDGE('',*,*,#1814,.T.);
#2369=ORIENTED_EDGE('',*,*,#1815,.T.);
#2370=ORIENTED_EDGE('',*,*,#1794,.T.);
#2371=ORIENTED_EDGE('',*,*,#1811,.F.);
#2372=ORIENTED_EDGE('',*,*,#1816,.T.);
#2373=ORIENTED_EDGE('',*,*,#1817,.T.);
#2374=ORIENTED_EDGE('',*,*,#1818,.T.);
#2375=ORIENTED_EDGE('',*,*,#1813,.F.);
#2376=ORIENTED_EDGE('',*,*,#1819,.T.);
#2377=ORIENTED_EDGE('',*,*,#1820,.T.);
#2378=ORIENTED_EDGE('',*,*,#1792,.T.);
#2379=ORIENTED_EDGE('',*,*,#1815,.F.);
#2380=ORIENTED_EDGE('',*,*,#1821,.T.);
#2381=ORIENTED_EDGE('',*,*,#1822,.T.);
#2382=ORIENTED_EDGE('',*,*,#1823,.T.);
#2383=ORIENTED_EDGE('',*,*,#1817,.F.);
#2384=ORIENTED_EDGE('',*,*,#1824,.T.);
#2385=ORIENTED_EDGE('',*,*,#1825,.T.);
#2386=ORIENTED_EDGE('',*,*,#1790,.T.);
#2387=ORIENTED_EDGE('',*,*,#1820,.F.);
#2388=ORIENTED_EDGE('',*,*,#1826,.T.);
#2389=ORIENTED_EDGE('',*,*,#1827,.T.);
#2390=ORIENTED_EDGE('',*,*,#1828,.T.);
#2391=ORIENTED_EDGE('',*,*,#1822,.F.);
#2392=ORIENTED_EDGE('',*,*,#1829,.T.);
#2393=ORIENTED_EDGE('',*,*,#1825,.F.);
#2394=ORIENTED_EDGE('',*,*,#1830,.T.);
#2395=ORIENTED_EDGE('',*,*,#1827,.F.);
#2396=ORIENTED_EDGE('',*,*,#1787,.T.);
#2397=ORIENTED_EDGE('',*,*,#1785,.F.);
#2398=ORIENTED_EDGE('',*,*,#1788,.T.);
#2399=ORIENTED_EDGE('',*,*,#1829,.F.);
#2400=ORIENTED_EDGE('',*,*,#1831,.T.);
#2401=ORIENTED_EDGE('',*,*,#1782,.F.);
#2402=ORIENTED_EDGE('',*,*,#1831,.F.);
#2403=ORIENTED_EDGE('',*,*,#1824,.F.);
#2404=ORIENTED_EDGE('',*,*,#1832,.F.);
#2405=ORIENTED_EDGE('',*,*,#1777,.F.);
#2406=ORIENTED_EDGE('',*,*,#1832,.T.);
#2407=ORIENTED_EDGE('',*,*,#1819,.F.);
#2408=ORIENTED_EDGE('',*,*,#1833,.T.);
#2409=ORIENTED_EDGE('',*,*,#1770,.F.);
#2410=ORIENTED_EDGE('',*,*,#1833,.F.);
#2411=ORIENTED_EDGE('',*,*,#1812,.F.);
#2412=ORIENTED_EDGE('',*,*,#1793,.F.);
#2413=ORIENTED_EDGE('',*,*,#1814,.F.);
#2414=ORIENTED_EDGE('',*,*,#1818,.F.);
#2415=ORIENTED_EDGE('',*,*,#1823,.F.);
#2416=ORIENTED_EDGE('',*,*,#1828,.F.);
#2417=ORIENTED_EDGE('',*,*,#1830,.F.);
#2418=ORIENTED_EDGE('',*,*,#1826,.F.);
#2419=ORIENTED_EDGE('',*,*,#1821,.F.);
#2420=ORIENTED_EDGE('',*,*,#1816,.F.);
#2421=ORIENTED_EDGE('',*,*,#1834,.T.);
#2422=ORIENTED_EDGE('',*,*,#1835,.T.);
#2423=ORIENTED_EDGE('',*,*,#1834,.F.);
#2424=ORIENTED_EDGE('',*,*,#1835,.F.);
#2425=ORIENTED_EDGE('',*,*,#1836,.F.);
#2426=ORIENTED_EDGE('',*,*,#1837,.F.);
#2427=ORIENTED_EDGE('',*,*,#1837,.T.);
#2428=ORIENTED_EDGE('',*,*,#1836,.T.);
#2429=ORIENTED_EDGE('',*,*,#1838,.F.);
#2430=ORIENTED_EDGE('',*,*,#1839,.T.);
#2431=ORIENTED_EDGE('',*,*,#1840,.F.);
#2432=ORIENTED_EDGE('',*,*,#1841,.F.);
#2433=ORIENTED_EDGE('',*,*,#1842,.F.);
#2434=ORIENTED_EDGE('',*,*,#1841,.T.);
#2435=ORIENTED_EDGE('',*,*,#1843,.F.);
#2436=ORIENTED_EDGE('',*,*,#1844,.F.);
#2437=ORIENTED_EDGE('',*,*,#1845,.F.);
#2438=ORIENTED_EDGE('',*,*,#1844,.T.);
#2439=ORIENTED_EDGE('',*,*,#1846,.F.);
#2440=ORIENTED_EDGE('',*,*,#1847,.F.);
#2441=ORIENTED_EDGE('',*,*,#1848,.F.);
#2442=ORIENTED_EDGE('',*,*,#1847,.T.);
#2443=ORIENTED_EDGE('',*,*,#1849,.F.);
#2444=ORIENTED_EDGE('',*,*,#1850,.F.);
#2445=ORIENTED_EDGE('',*,*,#1851,.F.);
#2446=ORIENTED_EDGE('',*,*,#1850,.T.);
#2447=ORIENTED_EDGE('',*,*,#1852,.F.);
#2448=ORIENTED_EDGE('',*,*,#1839,.F.);
#2449=ORIENTED_EDGE('',*,*,#1851,.T.);
#2450=ORIENTED_EDGE('',*,*,#1838,.T.);
#2451=ORIENTED_EDGE('',*,*,#1842,.T.);
#2452=ORIENTED_EDGE('',*,*,#1845,.T.);
#2453=ORIENTED_EDGE('',*,*,#1848,.T.);
#2454=ORIENTED_EDGE('',*,*,#1852,.T.);
#2455=ORIENTED_EDGE('',*,*,#1849,.T.);
#2456=ORIENTED_EDGE('',*,*,#1846,.T.);
#2457=ORIENTED_EDGE('',*,*,#1843,.T.);
#2458=ORIENTED_EDGE('',*,*,#1840,.T.);
#2459=ORIENTED_EDGE('',*,*,#1853,.F.);
#2460=ORIENTED_EDGE('',*,*,#1854,.T.);
#2461=ORIENTED_EDGE('',*,*,#1855,.F.);
#2462=ORIENTED_EDGE('',*,*,#1856,.F.);
#2463=ORIENTED_EDGE('',*,*,#1857,.F.);
#2464=ORIENTED_EDGE('',*,*,#1856,.T.);
#2465=ORIENTED_EDGE('',*,*,#1858,.F.);
#2466=ORIENTED_EDGE('',*,*,#1859,.F.);
#2467=ORIENTED_EDGE('',*,*,#1860,.F.);
#2468=ORIENTED_EDGE('',*,*,#1859,.T.);
#2469=ORIENTED_EDGE('',*,*,#1861,.F.);
#2470=ORIENTED_EDGE('',*,*,#1862,.F.);
#2471=ORIENTED_EDGE('',*,*,#1863,.F.);
#2472=ORIENTED_EDGE('',*,*,#1862,.T.);
#2473=ORIENTED_EDGE('',*,*,#1864,.F.);
#2474=ORIENTED_EDGE('',*,*,#1865,.F.);
#2475=ORIENTED_EDGE('',*,*,#1866,.F.);
#2476=ORIENTED_EDGE('',*,*,#1865,.T.);
#2477=ORIENTED_EDGE('',*,*,#1867,.F.);
#2478=ORIENTED_EDGE('',*,*,#1854,.F.);
#2479=ORIENTED_EDGE('',*,*,#1866,.T.);
#2480=ORIENTED_EDGE('',*,*,#1853,.T.);
#2481=ORIENTED_EDGE('',*,*,#1857,.T.);
#2482=ORIENTED_EDGE('',*,*,#1860,.T.);
#2483=ORIENTED_EDGE('',*,*,#1863,.T.);
#2484=ORIENTED_EDGE('',*,*,#1867,.T.);
#2485=ORIENTED_EDGE('',*,*,#1864,.T.);
#2486=ORIENTED_EDGE('',*,*,#1861,.T.);
#2487=ORIENTED_EDGE('',*,*,#1858,.T.);
#2488=ORIENTED_EDGE('',*,*,#1855,.T.);
#2489=ORIENTED_EDGE('',*,*,#1868,.F.);
#2490=ORIENTED_EDGE('',*,*,#1869,.F.);
#2491=ORIENTED_EDGE('',*,*,#1869,.T.);
#2492=ORIENTED_EDGE('',*,*,#1870,.F.);
#2493=ORIENTED_EDGE('',*,*,#1868,.T.);
#2494=ORIENTED_EDGE('',*,*,#1871,.F.);
#2495=ORIENTED_EDGE('',*,*,#1871,.T.);
#2496=ORIENTED_EDGE('',*,*,#1870,.T.);
#2497=ORIENTED_EDGE('',*,*,#1872,.F.);
#2498=ORIENTED_EDGE('',*,*,#1873,.F.);
#2499=ORIENTED_EDGE('',*,*,#1873,.T.);
#2500=ORIENTED_EDGE('',*,*,#1874,.F.);
#2501=ORIENTED_EDGE('',*,*,#1872,.T.);
#2502=ORIENTED_EDGE('',*,*,#1875,.F.);
#2503=ORIENTED_EDGE('',*,*,#1875,.T.);
#2504=ORIENTED_EDGE('',*,*,#1874,.T.);
#2505=ORIENTED_EDGE('',*,*,#1876,.T.);
#2506=ORIENTED_EDGE('',*,*,#1877,.T.);
#2507=ORIENTED_EDGE('',*,*,#1878,.F.);
#2508=ORIENTED_EDGE('',*,*,#1879,.F.);
#2509=ORIENTED_EDGE('',*,*,#1880,.T.);
#2510=ORIENTED_EDGE('',*,*,#1879,.T.);
#2511=ORIENTED_EDGE('',*,*,#1881,.F.);
#2512=ORIENTED_EDGE('',*,*,#1882,.F.);
#2513=ORIENTED_EDGE('',*,*,#1883,.T.);
#2514=ORIENTED_EDGE('',*,*,#1882,.T.);
#2515=ORIENTED_EDGE('',*,*,#1884,.F.);
#2516=ORIENTED_EDGE('',*,*,#1885,.F.);
#2517=ORIENTED_EDGE('',*,*,#1886,.T.);
#2518=ORIENTED_EDGE('',*,*,#1885,.T.);
#2519=ORIENTED_EDGE('',*,*,#1887,.F.);
#2520=ORIENTED_EDGE('',*,*,#1877,.F.);
#2521=ORIENTED_EDGE('',*,*,#1887,.T.);
#2522=ORIENTED_EDGE('',*,*,#1884,.T.);
#2523=ORIENTED_EDGE('',*,*,#1881,.T.);
#2524=ORIENTED_EDGE('',*,*,#1878,.T.);
#2525=ORIENTED_EDGE('',*,*,#1886,.F.);
#2526=ORIENTED_EDGE('',*,*,#1876,.F.);
#2527=ORIENTED_EDGE('',*,*,#1880,.F.);
#2528=ORIENTED_EDGE('',*,*,#1883,.F.);
#2529=ORIENTED_EDGE('',*,*,#1888,.T.);
#2530=ORIENTED_EDGE('',*,*,#1889,.T.);
#2531=ORIENTED_EDGE('',*,*,#1890,.F.);
#2532=ORIENTED_EDGE('',*,*,#1891,.F.);
#2533=ORIENTED_EDGE('',*,*,#1892,.T.);
#2534=ORIENTED_EDGE('',*,*,#1891,.T.);
#2535=ORIENTED_EDGE('',*,*,#1893,.F.);
#2536=ORIENTED_EDGE('',*,*,#1894,.F.);
#2537=ORIENTED_EDGE('',*,*,#1895,.T.);
#2538=ORIENTED_EDGE('',*,*,#1894,.T.);
#2539=ORIENTED_EDGE('',*,*,#1896,.F.);
#2540=ORIENTED_EDGE('',*,*,#1897,.F.);
#2541=ORIENTED_EDGE('',*,*,#1898,.T.);
#2542=ORIENTED_EDGE('',*,*,#1897,.T.);
#2543=ORIENTED_EDGE('',*,*,#1899,.F.);
#2544=ORIENTED_EDGE('',*,*,#1889,.F.);
#2545=ORIENTED_EDGE('',*,*,#1899,.T.);
#2546=ORIENTED_EDGE('',*,*,#1896,.T.);
#2547=ORIENTED_EDGE('',*,*,#1893,.T.);
#2548=ORIENTED_EDGE('',*,*,#1890,.T.);
#2549=ORIENTED_EDGE('',*,*,#1898,.F.);
#2550=ORIENTED_EDGE('',*,*,#1888,.F.);
#2551=ORIENTED_EDGE('',*,*,#1892,.F.);
#2552=ORIENTED_EDGE('',*,*,#1895,.F.);
#2553=ORIENTED_EDGE('',*,*,#1900,.T.);
#2554=ORIENTED_EDGE('',*,*,#1901,.T.);
#2555=ORIENTED_EDGE('',*,*,#1902,.F.);
#2556=ORIENTED_EDGE('',*,*,#1903,.F.);
#2557=ORIENTED_EDGE('',*,*,#1904,.T.);
#2558=ORIENTED_EDGE('',*,*,#1903,.T.);
#2559=ORIENTED_EDGE('',*,*,#1905,.F.);
#2560=ORIENTED_EDGE('',*,*,#1906,.F.);
#2561=ORIENTED_EDGE('',*,*,#1907,.T.);
#2562=ORIENTED_EDGE('',*,*,#1906,.T.);
#2563=ORIENTED_EDGE('',*,*,#1908,.F.);
#2564=ORIENTED_EDGE('',*,*,#1909,.F.);
#2565=ORIENTED_EDGE('',*,*,#1910,.T.);
#2566=ORIENTED_EDGE('',*,*,#1909,.T.);
#2567=ORIENTED_EDGE('',*,*,#1911,.F.);
#2568=ORIENTED_EDGE('',*,*,#1901,.F.);
#2569=ORIENTED_EDGE('',*,*,#1911,.T.);
#2570=ORIENTED_EDGE('',*,*,#1908,.T.);
#2571=ORIENTED_EDGE('',*,*,#1905,.T.);
#2572=ORIENTED_EDGE('',*,*,#1902,.T.);
#2573=ORIENTED_EDGE('',*,*,#1910,.F.);
#2574=ORIENTED_EDGE('',*,*,#1900,.F.);
#2575=ORIENTED_EDGE('',*,*,#1904,.F.);
#2576=ORIENTED_EDGE('',*,*,#1907,.F.);
#2577=ORIENTED_EDGE('',*,*,#1912,.F.);
#2578=ORIENTED_EDGE('',*,*,#1913,.T.);
#2579=ORIENTED_EDGE('',*,*,#1912,.T.);
#2580=ORIENTED_EDGE('',*,*,#1913,.F.);
#2581=ORIENTED_EDGE('',*,*,#1914,.F.);
#2582=ORIENTED_EDGE('',*,*,#1915,.T.);
#2583=ORIENTED_EDGE('',*,*,#1914,.T.);
#2584=ORIENTED_EDGE('',*,*,#1915,.F.);
#2585=ORIENTED_EDGE('',*,*,#1916,.T.);
#2586=ORIENTED_EDGE('',*,*,#1917,.T.);
#2587=ORIENTED_EDGE('',*,*,#1918,.F.);
#2588=ORIENTED_EDGE('',*,*,#1919,.F.);
#2589=ORIENTED_EDGE('',*,*,#1920,.T.);
#2590=ORIENTED_EDGE('',*,*,#1919,.T.);
#2591=ORIENTED_EDGE('',*,*,#1921,.F.);
#2592=ORIENTED_EDGE('',*,*,#1922,.F.);
#2593=ORIENTED_EDGE('',*,*,#1923,.T.);
#2594=ORIENTED_EDGE('',*,*,#1922,.T.);
#2595=ORIENTED_EDGE('',*,*,#1924,.F.);
#2596=ORIENTED_EDGE('',*,*,#1925,.F.);
#2597=ORIENTED_EDGE('',*,*,#1926,.T.);
#2598=ORIENTED_EDGE('',*,*,#1925,.T.);
#2599=ORIENTED_EDGE('',*,*,#1927,.F.);
#2600=ORIENTED_EDGE('',*,*,#1928,.F.);
#2601=ORIENTED_EDGE('',*,*,#1929,.T.);
#2602=ORIENTED_EDGE('',*,*,#1928,.T.);
#2603=ORIENTED_EDGE('',*,*,#1930,.F.);
#2604=ORIENTED_EDGE('',*,*,#1931,.F.);
#2605=ORIENTED_EDGE('',*,*,#1932,.T.);
#2606=ORIENTED_EDGE('',*,*,#1931,.T.);
#2607=ORIENTED_EDGE('',*,*,#1933,.F.);
#2608=ORIENTED_EDGE('',*,*,#1934,.F.);
#2609=ORIENTED_EDGE('',*,*,#1935,.T.);
#2610=ORIENTED_EDGE('',*,*,#1934,.T.);
#2611=ORIENTED_EDGE('',*,*,#1936,.F.);
#2612=ORIENTED_EDGE('',*,*,#1937,.F.);
#2613=ORIENTED_EDGE('',*,*,#1938,.T.);
#2614=ORIENTED_EDGE('',*,*,#1937,.T.);
#2615=ORIENTED_EDGE('',*,*,#1939,.F.);
#2616=ORIENTED_EDGE('',*,*,#1940,.F.);
#2617=ORIENTED_EDGE('',*,*,#1941,.T.);
#2618=ORIENTED_EDGE('',*,*,#1940,.T.);
#2619=ORIENTED_EDGE('',*,*,#1942,.F.);
#2620=ORIENTED_EDGE('',*,*,#1943,.F.);
#2621=ORIENTED_EDGE('',*,*,#1944,.T.);
#2622=ORIENTED_EDGE('',*,*,#1943,.T.);
#2623=ORIENTED_EDGE('',*,*,#1945,.F.);
#2624=ORIENTED_EDGE('',*,*,#1917,.F.);
#2625=ORIENTED_EDGE('',*,*,#1945,.T.);
#2626=ORIENTED_EDGE('',*,*,#1942,.T.);
#2627=ORIENTED_EDGE('',*,*,#1939,.T.);
#2628=ORIENTED_EDGE('',*,*,#1936,.T.);
#2629=ORIENTED_EDGE('',*,*,#1933,.T.);
#2630=ORIENTED_EDGE('',*,*,#1930,.T.);
#2631=ORIENTED_EDGE('',*,*,#1927,.T.);
#2632=ORIENTED_EDGE('',*,*,#1924,.T.);
#2633=ORIENTED_EDGE('',*,*,#1921,.T.);
#2634=ORIENTED_EDGE('',*,*,#1918,.T.);
#2635=ORIENTED_EDGE('',*,*,#1944,.F.);
#2636=ORIENTED_EDGE('',*,*,#1916,.F.);
#2637=ORIENTED_EDGE('',*,*,#1920,.F.);
#2638=ORIENTED_EDGE('',*,*,#1923,.F.);
#2639=ORIENTED_EDGE('',*,*,#1926,.F.);
#2640=ORIENTED_EDGE('',*,*,#1929,.F.);
#2641=ORIENTED_EDGE('',*,*,#1932,.F.);
#2642=ORIENTED_EDGE('',*,*,#1935,.F.);
#2643=ORIENTED_EDGE('',*,*,#1938,.F.);
#2644=ORIENTED_EDGE('',*,*,#1941,.F.);
#2645=ORIENTED_EDGE('',*,*,#1946,.T.);
#2646=ORIENTED_EDGE('',*,*,#1947,.T.);
#2647=ORIENTED_EDGE('',*,*,#1948,.F.);
#2648=ORIENTED_EDGE('',*,*,#1949,.F.);
#2649=ORIENTED_EDGE('',*,*,#1950,.T.);
#2650=ORIENTED_EDGE('',*,*,#1949,.T.);
#2651=ORIENTED_EDGE('',*,*,#1951,.F.);
#2652=ORIENTED_EDGE('',*,*,#1952,.F.);
#2653=ORIENTED_EDGE('',*,*,#1953,.T.);
#2654=ORIENTED_EDGE('',*,*,#1952,.T.);
#2655=ORIENTED_EDGE('',*,*,#1954,.F.);
#2656=ORIENTED_EDGE('',*,*,#1955,.F.);
#2657=ORIENTED_EDGE('',*,*,#1956,.T.);
#2658=ORIENTED_EDGE('',*,*,#1955,.T.);
#2659=ORIENTED_EDGE('',*,*,#1957,.F.);
#2660=ORIENTED_EDGE('',*,*,#1958,.F.);
#2661=ORIENTED_EDGE('',*,*,#1959,.T.);
#2662=ORIENTED_EDGE('',*,*,#1958,.T.);
#2663=ORIENTED_EDGE('',*,*,#1960,.F.);
#2664=ORIENTED_EDGE('',*,*,#1961,.F.);
#2665=ORIENTED_EDGE('',*,*,#1962,.T.);
#2666=ORIENTED_EDGE('',*,*,#1961,.T.);
#2667=ORIENTED_EDGE('',*,*,#1963,.F.);
#2668=ORIENTED_EDGE('',*,*,#1964,.F.);
#2669=ORIENTED_EDGE('',*,*,#1965,.T.);
#2670=ORIENTED_EDGE('',*,*,#1964,.T.);
#2671=ORIENTED_EDGE('',*,*,#1966,.F.);
#2672=ORIENTED_EDGE('',*,*,#1967,.F.);
#2673=ORIENTED_EDGE('',*,*,#1968,.T.);
#2674=ORIENTED_EDGE('',*,*,#1967,.T.);
#2675=ORIENTED_EDGE('',*,*,#1969,.F.);
#2676=ORIENTED_EDGE('',*,*,#1970,.F.);
#2677=ORIENTED_EDGE('',*,*,#1971,.T.);
#2678=ORIENTED_EDGE('',*,*,#1970,.T.);
#2679=ORIENTED_EDGE('',*,*,#1972,.F.);
#2680=ORIENTED_EDGE('',*,*,#1973,.F.);
#2681=ORIENTED_EDGE('',*,*,#1974,.T.);
#2682=ORIENTED_EDGE('',*,*,#1973,.T.);
#2683=ORIENTED_EDGE('',*,*,#1975,.F.);
#2684=ORIENTED_EDGE('',*,*,#1947,.F.);
#2685=ORIENTED_EDGE('',*,*,#1975,.T.);
#2686=ORIENTED_EDGE('',*,*,#1972,.T.);
#2687=ORIENTED_EDGE('',*,*,#1969,.T.);
#2688=ORIENTED_EDGE('',*,*,#1966,.T.);
#2689=ORIENTED_EDGE('',*,*,#1963,.T.);
#2690=ORIENTED_EDGE('',*,*,#1960,.T.);
#2691=ORIENTED_EDGE('',*,*,#1957,.T.);
#2692=ORIENTED_EDGE('',*,*,#1954,.T.);
#2693=ORIENTED_EDGE('',*,*,#1951,.T.);
#2694=ORIENTED_EDGE('',*,*,#1948,.T.);
#2695=ORIENTED_EDGE('',*,*,#1974,.F.);
#2696=ORIENTED_EDGE('',*,*,#1946,.F.);
#2697=ORIENTED_EDGE('',*,*,#1950,.F.);
#2698=ORIENTED_EDGE('',*,*,#1953,.F.);
#2699=ORIENTED_EDGE('',*,*,#1956,.F.);
#2700=ORIENTED_EDGE('',*,*,#1959,.F.);
#2701=ORIENTED_EDGE('',*,*,#1962,.F.);
#2702=ORIENTED_EDGE('',*,*,#1965,.F.);
#2703=ORIENTED_EDGE('',*,*,#1968,.F.);
#2704=ORIENTED_EDGE('',*,*,#1971,.F.);
#2705=ORIENTED_EDGE('',*,*,#1976,.T.);
#2706=ORIENTED_EDGE('',*,*,#1977,.T.);
#2707=ORIENTED_EDGE('',*,*,#1978,.F.);
#2708=ORIENTED_EDGE('',*,*,#1979,.F.);
#2709=ORIENTED_EDGE('',*,*,#1980,.T.);
#2710=ORIENTED_EDGE('',*,*,#1979,.T.);
#2711=ORIENTED_EDGE('',*,*,#1981,.F.);
#2712=ORIENTED_EDGE('',*,*,#1982,.F.);
#2713=ORIENTED_EDGE('',*,*,#1983,.T.);
#2714=ORIENTED_EDGE('',*,*,#1982,.T.);
#2715=ORIENTED_EDGE('',*,*,#1984,.F.);
#2716=ORIENTED_EDGE('',*,*,#1985,.F.);
#2717=ORIENTED_EDGE('',*,*,#1986,.T.);
#2718=ORIENTED_EDGE('',*,*,#1985,.T.);
#2719=ORIENTED_EDGE('',*,*,#1987,.F.);
#2720=ORIENTED_EDGE('',*,*,#1988,.F.);
#2721=ORIENTED_EDGE('',*,*,#1989,.T.);
#2722=ORIENTED_EDGE('',*,*,#1988,.T.);
#2723=ORIENTED_EDGE('',*,*,#1990,.F.);
#2724=ORIENTED_EDGE('',*,*,#1991,.F.);
#2725=ORIENTED_EDGE('',*,*,#1992,.T.);
#2726=ORIENTED_EDGE('',*,*,#1991,.T.);
#2727=ORIENTED_EDGE('',*,*,#1993,.F.);
#2728=ORIENTED_EDGE('',*,*,#1994,.F.);
#2729=ORIENTED_EDGE('',*,*,#1995,.T.);
#2730=ORIENTED_EDGE('',*,*,#1994,.T.);
#2731=ORIENTED_EDGE('',*,*,#1996,.F.);
#2732=ORIENTED_EDGE('',*,*,#1997,.F.);
#2733=ORIENTED_EDGE('',*,*,#1998,.T.);
#2734=ORIENTED_EDGE('',*,*,#1997,.T.);
#2735=ORIENTED_EDGE('',*,*,#1999,.F.);
#2736=ORIENTED_EDGE('',*,*,#2000,.F.);
#2737=ORIENTED_EDGE('',*,*,#2001,.T.);
#2738=ORIENTED_EDGE('',*,*,#2000,.T.);
#2739=ORIENTED_EDGE('',*,*,#2002,.F.);
#2740=ORIENTED_EDGE('',*,*,#2003,.F.);
#2741=ORIENTED_EDGE('',*,*,#2004,.T.);
#2742=ORIENTED_EDGE('',*,*,#2003,.T.);
#2743=ORIENTED_EDGE('',*,*,#2005,.F.);
#2744=ORIENTED_EDGE('',*,*,#1977,.F.);
#2745=ORIENTED_EDGE('',*,*,#2005,.T.);
#2746=ORIENTED_EDGE('',*,*,#2002,.T.);
#2747=ORIENTED_EDGE('',*,*,#1999,.T.);
#2748=ORIENTED_EDGE('',*,*,#1996,.T.);
#2749=ORIENTED_EDGE('',*,*,#1993,.T.);
#2750=ORIENTED_EDGE('',*,*,#1990,.T.);
#2751=ORIENTED_EDGE('',*,*,#1987,.T.);
#2752=ORIENTED_EDGE('',*,*,#1984,.T.);
#2753=ORIENTED_EDGE('',*,*,#1981,.T.);
#2754=ORIENTED_EDGE('',*,*,#1978,.T.);
#2755=ORIENTED_EDGE('',*,*,#2004,.F.);
#2756=ORIENTED_EDGE('',*,*,#1976,.F.);
#2757=ORIENTED_EDGE('',*,*,#1980,.F.);
#2758=ORIENTED_EDGE('',*,*,#1983,.F.);
#2759=ORIENTED_EDGE('',*,*,#1986,.F.);
#2760=ORIENTED_EDGE('',*,*,#1989,.F.);
#2761=ORIENTED_EDGE('',*,*,#1992,.F.);
#2762=ORIENTED_EDGE('',*,*,#1995,.F.);
#2763=ORIENTED_EDGE('',*,*,#1998,.F.);
#2764=ORIENTED_EDGE('',*,*,#2001,.F.);
#2765=ORIENTED_EDGE('',*,*,#2006,.T.);
#2766=ORIENTED_EDGE('',*,*,#2007,.T.);
#2767=ORIENTED_EDGE('',*,*,#2008,.F.);
#2768=ORIENTED_EDGE('',*,*,#2009,.F.);
#2769=ORIENTED_EDGE('',*,*,#2010,.T.);
#2770=ORIENTED_EDGE('',*,*,#2009,.T.);
#2771=ORIENTED_EDGE('',*,*,#2011,.F.);
#2772=ORIENTED_EDGE('',*,*,#2012,.F.);
#2773=ORIENTED_EDGE('',*,*,#2013,.T.);
#2774=ORIENTED_EDGE('',*,*,#2012,.T.);
#2775=ORIENTED_EDGE('',*,*,#2014,.F.);
#2776=ORIENTED_EDGE('',*,*,#2015,.F.);
#2777=ORIENTED_EDGE('',*,*,#2016,.T.);
#2778=ORIENTED_EDGE('',*,*,#2015,.T.);
#2779=ORIENTED_EDGE('',*,*,#2017,.F.);
#2780=ORIENTED_EDGE('',*,*,#2018,.F.);
#2781=ORIENTED_EDGE('',*,*,#2019,.T.);
#2782=ORIENTED_EDGE('',*,*,#2018,.T.);
#2783=ORIENTED_EDGE('',*,*,#2020,.F.);
#2784=ORIENTED_EDGE('',*,*,#2021,.F.);
#2785=ORIENTED_EDGE('',*,*,#2022,.T.);
#2786=ORIENTED_EDGE('',*,*,#2021,.T.);
#2787=ORIENTED_EDGE('',*,*,#2023,.F.);
#2788=ORIENTED_EDGE('',*,*,#2024,.F.);
#2789=ORIENTED_EDGE('',*,*,#2025,.T.);
#2790=ORIENTED_EDGE('',*,*,#2024,.T.);
#2791=ORIENTED_EDGE('',*,*,#2026,.F.);
#2792=ORIENTED_EDGE('',*,*,#2027,.F.);
#2793=ORIENTED_EDGE('',*,*,#2028,.T.);
#2794=ORIENTED_EDGE('',*,*,#2027,.T.);
#2795=ORIENTED_EDGE('',*,*,#2029,.F.);
#2796=ORIENTED_EDGE('',*,*,#2030,.F.);
#2797=ORIENTED_EDGE('',*,*,#2031,.T.);
#2798=ORIENTED_EDGE('',*,*,#2030,.T.);
#2799=ORIENTED_EDGE('',*,*,#2032,.F.);
#2800=ORIENTED_EDGE('',*,*,#2033,.F.);
#2801=ORIENTED_EDGE('',*,*,#2034,.T.);
#2802=ORIENTED_EDGE('',*,*,#2033,.T.);
#2803=ORIENTED_EDGE('',*,*,#2035,.F.);
#2804=ORIENTED_EDGE('',*,*,#2007,.F.);
#2805=ORIENTED_EDGE('',*,*,#2035,.T.);
#2806=ORIENTED_EDGE('',*,*,#2032,.T.);
#2807=ORIENTED_EDGE('',*,*,#2029,.T.);
#2808=ORIENTED_EDGE('',*,*,#2026,.T.);
#2809=ORIENTED_EDGE('',*,*,#2023,.T.);
#2810=ORIENTED_EDGE('',*,*,#2020,.T.);
#2811=ORIENTED_EDGE('',*,*,#2017,.T.);
#2812=ORIENTED_EDGE('',*,*,#2014,.T.);
#2813=ORIENTED_EDGE('',*,*,#2011,.T.);
#2814=ORIENTED_EDGE('',*,*,#2008,.T.);
#2815=ORIENTED_EDGE('',*,*,#2034,.F.);
#2816=ORIENTED_EDGE('',*,*,#2006,.F.);
#2817=ORIENTED_EDGE('',*,*,#2010,.F.);
#2818=ORIENTED_EDGE('',*,*,#2013,.F.);
#2819=ORIENTED_EDGE('',*,*,#2016,.F.);
#2820=ORIENTED_EDGE('',*,*,#2019,.F.);
#2821=ORIENTED_EDGE('',*,*,#2022,.F.);
#2822=ORIENTED_EDGE('',*,*,#2025,.F.);
#2823=ORIENTED_EDGE('',*,*,#2028,.F.);
#2824=ORIENTED_EDGE('',*,*,#2031,.F.);
#2825=ORIENTED_EDGE('',*,*,#2036,.T.);
#2826=ORIENTED_EDGE('',*,*,#2037,.T.);
#2827=ORIENTED_EDGE('',*,*,#2038,.F.);
#2828=ORIENTED_EDGE('',*,*,#2039,.F.);
#2829=ORIENTED_EDGE('',*,*,#2040,.T.);
#2830=ORIENTED_EDGE('',*,*,#2039,.T.);
#2831=ORIENTED_EDGE('',*,*,#2041,.F.);
#2832=ORIENTED_EDGE('',*,*,#2042,.F.);
#2833=ORIENTED_EDGE('',*,*,#2043,.T.);
#2834=ORIENTED_EDGE('',*,*,#2042,.T.);
#2835=ORIENTED_EDGE('',*,*,#2044,.F.);
#2836=ORIENTED_EDGE('',*,*,#2045,.F.);
#2837=ORIENTED_EDGE('',*,*,#2046,.T.);
#2838=ORIENTED_EDGE('',*,*,#2045,.T.);
#2839=ORIENTED_EDGE('',*,*,#2047,.F.);
#2840=ORIENTED_EDGE('',*,*,#2048,.F.);
#2841=ORIENTED_EDGE('',*,*,#2049,.T.);
#2842=ORIENTED_EDGE('',*,*,#2048,.T.);
#2843=ORIENTED_EDGE('',*,*,#2050,.F.);
#2844=ORIENTED_EDGE('',*,*,#2051,.F.);
#2845=ORIENTED_EDGE('',*,*,#2052,.T.);
#2846=ORIENTED_EDGE('',*,*,#2051,.T.);
#2847=ORIENTED_EDGE('',*,*,#2053,.F.);
#2848=ORIENTED_EDGE('',*,*,#2054,.F.);
#2849=ORIENTED_EDGE('',*,*,#2055,.T.);
#2850=ORIENTED_EDGE('',*,*,#2054,.T.);
#2851=ORIENTED_EDGE('',*,*,#2056,.F.);
#2852=ORIENTED_EDGE('',*,*,#2057,.F.);
#2853=ORIENTED_EDGE('',*,*,#2058,.T.);
#2854=ORIENTED_EDGE('',*,*,#2057,.T.);
#2855=ORIENTED_EDGE('',*,*,#2059,.F.);
#2856=ORIENTED_EDGE('',*,*,#2060,.F.);
#2857=ORIENTED_EDGE('',*,*,#2061,.T.);
#2858=ORIENTED_EDGE('',*,*,#2060,.T.);
#2859=ORIENTED_EDGE('',*,*,#2062,.F.);
#2860=ORIENTED_EDGE('',*,*,#2063,.F.);
#2861=ORIENTED_EDGE('',*,*,#2064,.T.);
#2862=ORIENTED_EDGE('',*,*,#2063,.T.);
#2863=ORIENTED_EDGE('',*,*,#2065,.F.);
#2864=ORIENTED_EDGE('',*,*,#2066,.F.);
#2865=ORIENTED_EDGE('',*,*,#2067,.T.);
#2866=ORIENTED_EDGE('',*,*,#2066,.T.);
#2867=ORIENTED_EDGE('',*,*,#2068,.F.);
#2868=ORIENTED_EDGE('',*,*,#2069,.F.);
#2869=ORIENTED_EDGE('',*,*,#2070,.T.);
#2870=ORIENTED_EDGE('',*,*,#2069,.T.);
#2871=ORIENTED_EDGE('',*,*,#2071,.F.);
#2872=ORIENTED_EDGE('',*,*,#2072,.F.);
#2873=ORIENTED_EDGE('',*,*,#2073,.T.);
#2874=ORIENTED_EDGE('',*,*,#2072,.T.);
#2875=ORIENTED_EDGE('',*,*,#2074,.F.);
#2876=ORIENTED_EDGE('',*,*,#2075,.F.);
#2877=ORIENTED_EDGE('',*,*,#2076,.T.);
#2878=ORIENTED_EDGE('',*,*,#2075,.T.);
#2879=ORIENTED_EDGE('',*,*,#2077,.F.);
#2880=ORIENTED_EDGE('',*,*,#2037,.F.);
#2881=ORIENTED_EDGE('',*,*,#2077,.T.);
#2882=ORIENTED_EDGE('',*,*,#2074,.T.);
#2883=ORIENTED_EDGE('',*,*,#2071,.T.);
#2884=ORIENTED_EDGE('',*,*,#2068,.T.);
#2885=ORIENTED_EDGE('',*,*,#2065,.T.);
#2886=ORIENTED_EDGE('',*,*,#2062,.T.);
#2887=ORIENTED_EDGE('',*,*,#2059,.T.);
#2888=ORIENTED_EDGE('',*,*,#2056,.T.);
#2889=ORIENTED_EDGE('',*,*,#2053,.T.);
#2890=ORIENTED_EDGE('',*,*,#2050,.T.);
#2891=ORIENTED_EDGE('',*,*,#2047,.T.);
#2892=ORIENTED_EDGE('',*,*,#2044,.T.);
#2893=ORIENTED_EDGE('',*,*,#2041,.T.);
#2894=ORIENTED_EDGE('',*,*,#2038,.T.);
#2895=ORIENTED_EDGE('',*,*,#2076,.F.);
#2896=ORIENTED_EDGE('',*,*,#2036,.F.);
#2897=ORIENTED_EDGE('',*,*,#2040,.F.);
#2898=ORIENTED_EDGE('',*,*,#2043,.F.);
#2899=ORIENTED_EDGE('',*,*,#2046,.F.);
#2900=ORIENTED_EDGE('',*,*,#2049,.F.);
#2901=ORIENTED_EDGE('',*,*,#2052,.F.);
#2902=ORIENTED_EDGE('',*,*,#2055,.F.);
#2903=ORIENTED_EDGE('',*,*,#2058,.F.);
#2904=ORIENTED_EDGE('',*,*,#2061,.F.);
#2905=ORIENTED_EDGE('',*,*,#2064,.F.);
#2906=ORIENTED_EDGE('',*,*,#2067,.F.);
#2907=ORIENTED_EDGE('',*,*,#2070,.F.);
#2908=ORIENTED_EDGE('',*,*,#2073,.F.);
#2909=ORIENTED_EDGE('',*,*,#2078,.F.);
#2910=ORIENTED_EDGE('',*,*,#2079,.T.);
#2911=ORIENTED_EDGE('',*,*,#2080,.F.);
#2912=ORIENTED_EDGE('',*,*,#2081,.F.);
#2913=ORIENTED_EDGE('',*,*,#2082,.F.);
#2914=ORIENTED_EDGE('',*,*,#2083,.T.);
#2915=ORIENTED_EDGE('',*,*,#2084,.F.);
#2916=ORIENTED_EDGE('',*,*,#2079,.F.);
#2917=ORIENTED_EDGE('',*,*,#2085,.F.);
#2918=ORIENTED_EDGE('',*,*,#2086,.T.);
#2919=ORIENTED_EDGE('',*,*,#2087,.F.);
#2920=ORIENTED_EDGE('',*,*,#2083,.F.);
#2921=ORIENTED_EDGE('',*,*,#2088,.F.);
#2922=ORIENTED_EDGE('',*,*,#2081,.T.);
#2923=ORIENTED_EDGE('',*,*,#2089,.F.);
#2924=ORIENTED_EDGE('',*,*,#2086,.F.);
#2925=ORIENTED_EDGE('',*,*,#2090,.T.);
#2926=ORIENTED_EDGE('',*,*,#2091,.T.);
#2927=ORIENTED_EDGE('',*,*,#2092,.F.);
#2928=ORIENTED_EDGE('',*,*,#2093,.F.);
#2929=ORIENTED_EDGE('',*,*,#2094,.T.);
#2930=ORIENTED_EDGE('',*,*,#2093,.T.);
#2931=ORIENTED_EDGE('',*,*,#2095,.F.);
#2932=ORIENTED_EDGE('',*,*,#2096,.F.);
#2933=ORIENTED_EDGE('',*,*,#2097,.T.);
#2934=ORIENTED_EDGE('',*,*,#2096,.T.);
#2935=ORIENTED_EDGE('',*,*,#2098,.F.);
#2936=ORIENTED_EDGE('',*,*,#2099,.F.);
#2937=ORIENTED_EDGE('',*,*,#2100,.T.);
#2938=ORIENTED_EDGE('',*,*,#2099,.T.);
#2939=ORIENTED_EDGE('',*,*,#2101,.F.);
#2940=ORIENTED_EDGE('',*,*,#2102,.F.);
#2941=ORIENTED_EDGE('',*,*,#2103,.T.);
#2942=ORIENTED_EDGE('',*,*,#2102,.T.);
#2943=ORIENTED_EDGE('',*,*,#2104,.F.);
#2944=ORIENTED_EDGE('',*,*,#2105,.F.);
#2945=ORIENTED_EDGE('',*,*,#2106,.T.);
#2946=ORIENTED_EDGE('',*,*,#2105,.T.);
#2947=ORIENTED_EDGE('',*,*,#2107,.F.);
#2948=ORIENTED_EDGE('',*,*,#2108,.F.);
#2949=ORIENTED_EDGE('',*,*,#2109,.T.);
#2950=ORIENTED_EDGE('',*,*,#2108,.T.);
#2951=ORIENTED_EDGE('',*,*,#2110,.F.);
#2952=ORIENTED_EDGE('',*,*,#2111,.F.);
#2953=ORIENTED_EDGE('',*,*,#2112,.T.);
#2954=ORIENTED_EDGE('',*,*,#2111,.T.);
#2955=ORIENTED_EDGE('',*,*,#2113,.F.);
#2956=ORIENTED_EDGE('',*,*,#2114,.F.);
#2957=ORIENTED_EDGE('',*,*,#2115,.T.);
#2958=ORIENTED_EDGE('',*,*,#2114,.T.);
#2959=ORIENTED_EDGE('',*,*,#2116,.F.);
#2960=ORIENTED_EDGE('',*,*,#2091,.F.);
#2961=ORIENTED_EDGE('',*,*,#2116,.T.);
#2962=ORIENTED_EDGE('',*,*,#2113,.T.);
#2963=ORIENTED_EDGE('',*,*,#2110,.T.);
#2964=ORIENTED_EDGE('',*,*,#2107,.T.);
#2965=ORIENTED_EDGE('',*,*,#2104,.T.);
#2966=ORIENTED_EDGE('',*,*,#2101,.T.);
#2967=ORIENTED_EDGE('',*,*,#2098,.T.);
#2968=ORIENTED_EDGE('',*,*,#2095,.T.);
#2969=ORIENTED_EDGE('',*,*,#2092,.T.);
#2970=ORIENTED_EDGE('',*,*,#2080,.T.);
#2971=ORIENTED_EDGE('',*,*,#2084,.T.);
#2972=ORIENTED_EDGE('',*,*,#2087,.T.);
#2973=ORIENTED_EDGE('',*,*,#2089,.T.);
#2974=ORIENTED_EDGE('',*,*,#2115,.F.);
#2975=ORIENTED_EDGE('',*,*,#2090,.F.);
#2976=ORIENTED_EDGE('',*,*,#2094,.F.);
#2977=ORIENTED_EDGE('',*,*,#2097,.F.);
#2978=ORIENTED_EDGE('',*,*,#2100,.F.);
#2979=ORIENTED_EDGE('',*,*,#2103,.F.);
#2980=ORIENTED_EDGE('',*,*,#2106,.F.);
#2981=ORIENTED_EDGE('',*,*,#2109,.F.);
#2982=ORIENTED_EDGE('',*,*,#2112,.F.);
#2983=ORIENTED_EDGE('',*,*,#2078,.T.);
#2984=ORIENTED_EDGE('',*,*,#2088,.T.);
#2985=ORIENTED_EDGE('',*,*,#2085,.T.);
#2986=ORIENTED_EDGE('',*,*,#2082,.T.);
#2987=ORIENTED_EDGE('',*,*,#2117,.F.);
#2988=ORIENTED_EDGE('',*,*,#2118,.T.);
#2989=ORIENTED_EDGE('',*,*,#2119,.F.);
#2990=ORIENTED_EDGE('',*,*,#2120,.F.);
#2991=ORIENTED_EDGE('',*,*,#2121,.F.);
#2992=ORIENTED_EDGE('',*,*,#2122,.T.);
#2993=ORIENTED_EDGE('',*,*,#2123,.F.);
#2994=ORIENTED_EDGE('',*,*,#2118,.F.);
#2995=ORIENTED_EDGE('',*,*,#2124,.F.);
#2996=ORIENTED_EDGE('',*,*,#2125,.T.);
#2997=ORIENTED_EDGE('',*,*,#2126,.F.);
#2998=ORIENTED_EDGE('',*,*,#2122,.F.);
#2999=ORIENTED_EDGE('',*,*,#2127,.F.);
#3000=ORIENTED_EDGE('',*,*,#2120,.T.);
#3001=ORIENTED_EDGE('',*,*,#2128,.F.);
#3002=ORIENTED_EDGE('',*,*,#2125,.F.);
#3003=ORIENTED_EDGE('',*,*,#2129,.T.);
#3004=ORIENTED_EDGE('',*,*,#2130,.T.);
#3005=ORIENTED_EDGE('',*,*,#2131,.F.);
#3006=ORIENTED_EDGE('',*,*,#2132,.F.);
#3007=ORIENTED_EDGE('',*,*,#2133,.T.);
#3008=ORIENTED_EDGE('',*,*,#2132,.T.);
#3009=ORIENTED_EDGE('',*,*,#2134,.F.);
#3010=ORIENTED_EDGE('',*,*,#2135,.F.);
#3011=ORIENTED_EDGE('',*,*,#2136,.T.);
#3012=ORIENTED_EDGE('',*,*,#2135,.T.);
#3013=ORIENTED_EDGE('',*,*,#2137,.F.);
#3014=ORIENTED_EDGE('',*,*,#2138,.F.);
#3015=ORIENTED_EDGE('',*,*,#2139,.T.);
#3016=ORIENTED_EDGE('',*,*,#2138,.T.);
#3017=ORIENTED_EDGE('',*,*,#2140,.F.);
#3018=ORIENTED_EDGE('',*,*,#2130,.F.);
#3019=ORIENTED_EDGE('',*,*,#2140,.T.);
#3020=ORIENTED_EDGE('',*,*,#2137,.T.);
#3021=ORIENTED_EDGE('',*,*,#2134,.T.);
#3022=ORIENTED_EDGE('',*,*,#2131,.T.);
#3023=ORIENTED_EDGE('',*,*,#2119,.T.);
#3024=ORIENTED_EDGE('',*,*,#2123,.T.);
#3025=ORIENTED_EDGE('',*,*,#2126,.T.);
#3026=ORIENTED_EDGE('',*,*,#2128,.T.);
#3027=ORIENTED_EDGE('',*,*,#2139,.F.);
#3028=ORIENTED_EDGE('',*,*,#2129,.F.);
#3029=ORIENTED_EDGE('',*,*,#2133,.F.);
#3030=ORIENTED_EDGE('',*,*,#2136,.F.);
#3031=ORIENTED_EDGE('',*,*,#2117,.T.);
#3032=ORIENTED_EDGE('',*,*,#2127,.T.);
#3033=ORIENTED_EDGE('',*,*,#2124,.T.);
#3034=ORIENTED_EDGE('',*,*,#2121,.T.);
#3035=ORIENTED_EDGE('',*,*,#2141,.F.);
#3036=ORIENTED_EDGE('',*,*,#2142,.T.);
#3037=ORIENTED_EDGE('',*,*,#2143,.F.);
#3038=ORIENTED_EDGE('',*,*,#2144,.F.);
#3039=ORIENTED_EDGE('',*,*,#2145,.F.);
#3040=ORIENTED_EDGE('',*,*,#2144,.T.);
#3041=ORIENTED_EDGE('',*,*,#2146,.F.);
#3042=ORIENTED_EDGE('',*,*,#2147,.F.);
#3043=ORIENTED_EDGE('',*,*,#2148,.F.);
#3044=ORIENTED_EDGE('',*,*,#2147,.T.);
#3045=ORIENTED_EDGE('',*,*,#2149,.F.);
#3046=ORIENTED_EDGE('',*,*,#2150,.F.);
#3047=ORIENTED_EDGE('',*,*,#2151,.F.);
#3048=ORIENTED_EDGE('',*,*,#2150,.T.);
#3049=ORIENTED_EDGE('',*,*,#2152,.F.);
#3050=ORIENTED_EDGE('',*,*,#2142,.F.);
#3051=ORIENTED_EDGE('',*,*,#2151,.T.);
#3052=ORIENTED_EDGE('',*,*,#2141,.T.);
#3053=ORIENTED_EDGE('',*,*,#2145,.T.);
#3054=ORIENTED_EDGE('',*,*,#2148,.T.);
#3055=ORIENTED_EDGE('',*,*,#2152,.T.);
#3056=ORIENTED_EDGE('',*,*,#2149,.T.);
#3057=ORIENTED_EDGE('',*,*,#2146,.T.);
#3058=ORIENTED_EDGE('',*,*,#2143,.T.);
#3059=PLANE('',#3444);
#3060=PLANE('',#3445);
#3061=PLANE('',#3446);
#3062=PLANE('',#3447);
#3063=PLANE('',#3448);
#3064=PLANE('',#3449);
#3065=PLANE('',#3450);
#3066=PLANE('',#3451);
#3067=PLANE('',#3452);
#3068=PLANE('',#3453);
#3069=PLANE('',#3454);
#3070=PLANE('',#3455);
#3071=PLANE('',#3456);
#3072=PLANE('',#3457);
#3073=PLANE('',#3458);
#3074=PLANE('',#3459);
#3075=PLANE('',#3460);
#3076=PLANE('',#3467);
#3077=PLANE('',#3471);
#3078=PLANE('',#3473);
#3079=PLANE('',#3476);
#3080=PLANE('',#3477);
#3081=PLANE('',#3478);
#3082=PLANE('',#3479);
#3083=PLANE('',#3480);
#3084=PLANE('',#3481);
#3085=PLANE('',#3506);
#3086=PLANE('',#3509);
#3087=PLANE('',#3514);
#3088=PLANE('',#3515);
#3089=PLANE('',#3520);
#3090=PLANE('',#3523);
#3091=PLANE('',#3524);
#3092=PLANE('',#3544);
#3093=PLANE('',#3546);
#3094=PLANE('',#3547);
#3095=PLANE('',#3551);
#3096=PLANE('',#3555);
#3097=PLANE('',#3556);
#3098=PLANE('',#3557);
#3099=PLANE('',#3558);
#3100=PLANE('',#3559);
#3101=PLANE('',#3560);
#3102=PLANE('',#3561);
#3103=PLANE('',#3562);
#3104=PLANE('',#3563);
#3105=PLANE('',#3564);
#3106=PLANE('',#3565);
#3107=PLANE('',#3566);
#3108=PLANE('',#3567);
#3109=PLANE('',#3568);
#3110=PLANE('',#3569);
#3111=PLANE('',#3570);
#3112=PLANE('',#3571);
#3113=PLANE('',#3578);
#3114=PLANE('',#3579);
#3115=PLANE('',#3586);
#3116=PLANE('',#3587);
#3117=PLANE('',#3588);
#3118=PLANE('',#3589);
#3119=PLANE('',#3590);
#3120=PLANE('',#3591);
#3121=PLANE('',#3592);
#3122=PLANE('',#3593);
#3123=PLANE('',#3594);
#3124=PLANE('',#3595);
#3125=PLANE('',#3596);
#3126=PLANE('',#3597);
#3127=PLANE('',#3598);
#3128=PLANE('',#3599);
#3129=PLANE('',#3600);
#3130=PLANE('',#3601);
#3131=PLANE('',#3602);
#3132=PLANE('',#3603);
#3133=PLANE('',#3604);
#3134=PLANE('',#3608);
#3135=PLANE('',#3609);
#3136=PLANE('',#3613);
#3137=PLANE('',#3614);
#3138=PLANE('',#3615);
#3139=PLANE('',#3619);
#3140=PLANE('',#3620);
#3141=PLANE('',#3621);
#3142=PLANE('',#3625);
#3143=PLANE('',#3626);
#3144=PLANE('',#3627);
#3145=PLANE('',#3628);
#3146=PLANE('',#3629);
#3147=PLANE('',#3630);
#3148=PLANE('',#3631);
#3149=PLANE('',#3632);
#3150=PLANE('',#3633);
#3151=PLANE('',#3634);
#3152=PLANE('',#3635);
#3153=PLANE('',#3636);
#3154=PLANE('',#3637);
#3155=PLANE('',#3638);
#3156=PLANE('',#3639);
#3157=PLANE('',#3640);
#3158=PLANE('',#3641);
#3159=PLANE('',#3642);
#3160=PLANE('',#3643);
#3161=PLANE('',#3644);
#3162=PLANE('',#3645);
#3163=PLANE('',#3646);
#3164=PLANE('',#3647);
#3165=PLANE('',#3648);
#3166=PLANE('',#3649);
#3167=PLANE('',#3650);
#3168=PLANE('',#3651);
#3169=PLANE('',#3652);
#3170=PLANE('',#3653);
#3171=PLANE('',#3654);
#3172=PLANE('',#3655);
#3173=PLANE('',#3656);
#3174=PLANE('',#3657);
#3175=PLANE('',#3658);
#3176=PLANE('',#3659);
#3177=PLANE('',#3660);
#3178=PLANE('',#3661);
#3179=PLANE('',#3662);
#3180=PLANE('',#3663);
#3181=PLANE('',#3664);
#3182=PLANE('',#3665);
#3183=PLANE('',#3666);
#3184=PLANE('',#3667);
#3185=PLANE('',#3668);
#3186=PLANE('',#3669);
#3187=PLANE('',#3670);
#3188=PLANE('',#3671);
#3189=PLANE('',#3672);
#3190=PLANE('',#3673);
#3191=PLANE('',#3674);
#3192=PLANE('',#3675);
#3193=PLANE('',#3676);
#3194=PLANE('',#3677);
#3195=PLANE('',#3678);
#3196=PLANE('',#3679);
#3197=PLANE('',#3680);
#3198=PLANE('',#3681);
#3199=PLANE('',#3682);
#3200=PLANE('',#3683);
#3201=PLANE('',#3684);
#3202=PLANE('',#3685);
#3203=PLANE('',#3686);
#3204=PLANE('',#3687);
#3205=PLANE('',#3688);
#3206=PLANE('',#3689);
#3207=PLANE('',#3690);
#3208=PLANE('',#3691);
#3209=PLANE('',#3692);
#3210=PLANE('',#3693);
#3211=PLANE('',#3694);
#3212=PLANE('',#3695);
#3213=ADVANCED_FACE('',(#243),#3059,.F.);
#3214=ADVANCED_FACE('',(#244),#3060,.F.);
#3215=ADVANCED_FACE('',(#245),#3061,.F.);
#3216=ADVANCED_FACE('',(#246),#3062,.F.);
#3217=ADVANCED_FACE('',(#247),#3063,.F.);
#3218=ADVANCED_FACE('',(#248),#3064,.F.);
#3219=ADVANCED_FACE('',(#249),#3065,.F.);
#3220=ADVANCED_FACE('',(#250),#3066,.F.);
#3221=ADVANCED_FACE('',(#251),#3067,.F.);
#3222=ADVANCED_FACE('',(#252),#3068,.F.);
#3223=ADVANCED_FACE('',(#253),#3069,.F.);
#3224=ADVANCED_FACE('',(#254),#3070,.F.);
#3225=ADVANCED_FACE('',(#255),#3071,.F.);
#3226=ADVANCED_FACE('',(#256),#3072,.F.);
#3227=ADVANCED_FACE('',(#257),#3073,.F.);
#3228=ADVANCED_FACE('',(#258),#3074,.F.);
#3229=ADVANCED_FACE('',(#259),#3075,.F.);
#3230=ADVANCED_FACE('',(#260,#120),#213,.T.);
#3231=ADVANCED_FACE('',(#261,#121),#214,.F.);
#3232=ADVANCED_FACE('',(#262,#122),#3076,.F.);
#3233=ADVANCED_FACE('',(#263,#123),#215,.F.);
#3234=ADVANCED_FACE('',(#264,#124),#3077,.F.);
#3235=ADVANCED_FACE('',(#265,#125,#126,#127,#128),#3078,.F.);
#3236=ADVANCED_FACE('',(#266,#129),#216,.F.);
#3237=ADVANCED_FACE('',(#267),#3079,.T.);
#3238=ADVANCED_FACE('',(#268),#3080,.T.);
#3239=ADVANCED_FACE('',(#269),#3081,.T.);
#3240=ADVANCED_FACE('',(#270),#3082,.T.);
#3241=ADVANCED_FACE('',(#271,#130),#3083,.F.);
#3242=ADVANCED_FACE('',(#272,#131),#3084,.T.);
#3243=ADVANCED_FACE('',(#273),#76,.F.);
#3244=ADVANCED_FACE('',(#274),#217,.F.);
#3245=ADVANCED_FACE('',(#275),#218,.F.);
#3246=ADVANCED_FACE('',(#276),#77,.F.);
#3247=ADVANCED_FACE('',(#277),#78,.F.);
#3248=ADVANCED_FACE('',(#278),#219,.F.);
#3249=ADVANCED_FACE('',(#279),#220,.F.);
#3250=ADVANCED_FACE('',(#280),#79,.F.);
#3251=ADVANCED_FACE('',(#281),#3085,.T.);
#3252=ADVANCED_FACE('',(#282),#221,.T.);
#3253=ADVANCED_FACE('',(#283),#3086,.T.);
#3254=ADVANCED_FACE('',(#284),#222,.T.);
#3255=ADVANCED_FACE('',(#285),#223,.T.);
#3256=ADVANCED_FACE('',(#286),#3087,.T.);
#3257=ADVANCED_FACE('',(#287),#3088,.F.);
#3258=ADVANCED_FACE('',(#288),#224,.T.);
#3259=ADVANCED_FACE('',(#289),#3089,.T.);
#3260=ADVANCED_FACE('',(#290),#225,.T.);
#3261=ADVANCED_FACE('',(#291),#226,.T.);
#3262=ADVANCED_FACE('',(#292),#3090,.T.);
#3263=ADVANCED_FACE('',(#293),#3091,.T.);
#3264=ADVANCED_FACE('',(#294),#227,.T.);
#3265=ADVANCED_FACE('',(#295),#54,.F.);
#3266=ADVANCED_FACE('',(#296),#55,.F.);
#3267=ADVANCED_FACE('',(#297),#228,.T.);
#3268=ADVANCED_FACE('',(#298),#229,.T.);
#3269=ADVANCED_FACE('',(#299),#56,.F.);
#3270=ADVANCED_FACE('',(#300),#57,.F.);
#3271=ADVANCED_FACE('',(#301),#230,.T.);
#3272=ADVANCED_FACE('',(#302),#231,.T.);
#3273=ADVANCED_FACE('',(#303),#3092,.T.);
#3274=ADVANCED_FACE('',(#304),#232,.T.);
#3275=ADVANCED_FACE('',(#305),#3093,.T.);
#3276=ADVANCED_FACE('',(#306,#132),#3094,.T.);
#3277=ADVANCED_FACE('',(#307,#133),#233,.F.);
#3278=ADVANCED_FACE('',(#308),#3095,.T.);
#3279=ADVANCED_FACE('',(#309,#134),#234,.T.);
#3280=ADVANCED_FACE('',(#310),#3096,.T.);
#3281=ADVANCED_FACE('',(#311),#3097,.F.);
#3282=ADVANCED_FACE('',(#312),#3098,.T.);
#3283=ADVANCED_FACE('',(#313),#3099,.T.);
#3284=ADVANCED_FACE('',(#314),#3100,.T.);
#3285=ADVANCED_FACE('',(#315),#3101,.T.);
#3286=ADVANCED_FACE('',(#316),#3102,.T.);
#3287=ADVANCED_FACE('',(#317),#3103,.F.);
#3288=ADVANCED_FACE('',(#318),#3104,.T.);
#3289=ADVANCED_FACE('',(#319),#3105,.T.);
#3290=ADVANCED_FACE('',(#320),#3106,.T.);
#3291=ADVANCED_FACE('',(#321),#3107,.T.);
#3292=ADVANCED_FACE('',(#322),#3108,.T.);
#3293=ADVANCED_FACE('',(#323),#3109,.T.);
#3294=ADVANCED_FACE('',(#324),#3110,.F.);
#3295=ADVANCED_FACE('',(#325),#3111,.T.);
#3296=ADVANCED_FACE('',(#326,#135),#3112,.T.);
#3297=ADVANCED_FACE('',(#327,#136),#235,.F.);
#3298=ADVANCED_FACE('',(#328,#137),#236,.T.);
#3299=ADVANCED_FACE('',(#329,#138),#3113,.F.);
#3300=ADVANCED_FACE('',(#330,#139),#3114,.T.);
#3301=ADVANCED_FACE('',(#331,#140),#237,.F.);
#3302=ADVANCED_FACE('',(#332,#141),#238,.T.);
#3303=ADVANCED_FACE('',(#333,#142),#3115,.F.);
#3304=ADVANCED_FACE('',(#334),#3116,.T.);
#3305=ADVANCED_FACE('',(#335),#3117,.T.);
#3306=ADVANCED_FACE('',(#336),#3118,.T.);
#3307=ADVANCED_FACE('',(#337),#3119,.T.);
#3308=ADVANCED_FACE('',(#338),#3120,.T.);
#3309=ADVANCED_FACE('',(#339),#3121,.F.);
#3310=ADVANCED_FACE('',(#340),#3122,.T.);
#3311=ADVANCED_FACE('',(#341),#3123,.T.);
#3312=ADVANCED_FACE('',(#342),#3124,.T.);
#3313=ADVANCED_FACE('',(#343),#3125,.T.);
#3314=ADVANCED_FACE('',(#344),#3126,.T.);
#3315=ADVANCED_FACE('',(#345),#3127,.F.);
#3316=ADVANCED_FACE('',(#346),#3128,.T.);
#3317=ADVANCED_FACE('',(#347),#3129,.T.);
#3318=ADVANCED_FACE('',(#348),#3130,.T.);
#3319=ADVANCED_FACE('',(#349),#3131,.T.);
#3320=ADVANCED_FACE('',(#350),#3132,.T.);
#3321=ADVANCED_FACE('',(#351),#3133,.F.);
#3322=ADVANCED_FACE('',(#352,#143),#239,.T.);
#3323=ADVANCED_FACE('',(#353),#3134,.T.);
#3324=ADVANCED_FACE('',(#354),#3135,.F.);
#3325=ADVANCED_FACE('',(#355,#144),#240,.T.);
#3326=ADVANCED_FACE('',(#356),#3136,.T.);
#3327=ADVANCED_FACE('',(#357),#3137,.F.);
#3328=ADVANCED_FACE('',(#358),#58,.T.);
#3329=ADVANCED_FACE('',(#359),#3138,.T.);
#3330=ADVANCED_FACE('',(#360),#241,.F.);
#3331=ADVANCED_FACE('',(#361),#3139,.T.);
#3332=ADVANCED_FACE('',(#362),#3140,.T.);
#3333=ADVANCED_FACE('',(#363),#3141,.T.);
#3334=ADVANCED_FACE('',(#364),#242,.T.);
#3335=ADVANCED_FACE('',(#365),#3142,.T.);
#3336=ADVANCED_FACE('',(#366),#59,.T.);
#3337=ADVANCED_FACE('',(#367),#3143,.T.);
#3338=ADVANCED_FACE('',(#368),#3144,.T.);
#3339=ADVANCED_FACE('',(#369),#3145,.F.);
#3340=ADVANCED_FACE('',(#370),#3146,.T.);
#3341=ADVANCED_FACE('',(#371),#3147,.T.);
#3342=ADVANCED_FACE('',(#372),#3148,.T.);
#3343=ADVANCED_FACE('',(#373),#60,.T.);
#3344=ADVANCED_FACE('',(#374),#3149,.T.);
#3345=ADVANCED_FACE('',(#375),#3150,.T.);
#3346=ADVANCED_FACE('',(#376),#3151,.T.);
#3347=ADVANCED_FACE('',(#377),#3152,.T.);
#3348=ADVANCED_FACE('',(#378),#3153,.T.);
#3349=ADVANCED_FACE('',(#379),#61,.T.);
#3350=ADVANCED_FACE('',(#380),#3154,.T.);
#3351=ADVANCED_FACE('',(#381),#3155,.F.);
#3352=ADVANCED_FACE('',(#382),#3156,.T.);
#3353=ADVANCED_FACE('',(#383),#3157,.T.);
#3354=ADVANCED_FACE('',(#384),#3158,.T.);
#3355=ADVANCED_FACE('',(#385),#62,.T.);
#3356=ADVANCED_FACE('',(#386),#3159,.T.);
#3357=ADVANCED_FACE('',(#387),#3160,.T.);
#3358=ADVANCED_FACE('',(#388),#3161,.T.);
#3359=ADVANCED_FACE('',(#389),#3162,.T.);
#3360=ADVANCED_FACE('',(#390),#3163,.T.);
#3361=ADVANCED_FACE('',(#391),#63,.T.);
#3362=ADVANCED_FACE('',(#392),#3164,.T.);
#3363=ADVANCED_FACE('',(#393),#3165,.F.);
#3364=ADVANCED_FACE('',(#394),#64,.T.);
#3365=ADVANCED_FACE('',(#395),#3166,.T.);
#3366=ADVANCED_FACE('',(#396),#3167,.T.);
#3367=ADVANCED_FACE('',(#397),#3168,.T.);
#3368=ADVANCED_FACE('',(#398),#65,.T.);
#3369=ADVANCED_FACE('',(#399),#3169,.T.);
#3370=ADVANCED_FACE('',(#400),#3170,.T.);
#3371=ADVANCED_FACE('',(#401),#3171,.T.);
#3372=ADVANCED_FACE('',(#402),#3172,.T.);
#3373=ADVANCED_FACE('',(#403),#3173,.T.);
#3374=ADVANCED_FACE('',(#404),#3174,.T.);
#3375=ADVANCED_FACE('',(#405),#3175,.F.);
#3376=ADVANCED_FACE('',(#406),#66,.T.);
#3377=ADVANCED_FACE('',(#407),#3176,.T.);
#3378=ADVANCED_FACE('',(#408),#67,.T.);
#3379=ADVANCED_FACE('',(#409),#3177,.T.);
#3380=ADVANCED_FACE('',(#410),#3178,.T.);
#3381=ADVANCED_FACE('',(#411),#3179,.T.);
#3382=ADVANCED_FACE('',(#412),#3180,.T.);
#3383=ADVANCED_FACE('',(#413),#3181,.T.);
#3384=ADVANCED_FACE('',(#414),#3182,.T.);
#3385=ADVANCED_FACE('',(#415),#3183,.T.);
#3386=ADVANCED_FACE('',(#416),#3184,.T.);
#3387=ADVANCED_FACE('',(#417),#3185,.T.);
#3388=ADVANCED_FACE('',(#418),#3186,.T.);
#3389=ADVANCED_FACE('',(#419),#3187,.T.);
#3390=ADVANCED_FACE('',(#420),#3188,.T.);
#3391=ADVANCED_FACE('',(#421),#3189,.F.);
#3392=ADVANCED_FACE('',(#422),#3190,.F.);
#3393=ADVANCED_FACE('',(#423),#3191,.F.);
#3394=ADVANCED_FACE('',(#424),#3192,.F.);
#3395=ADVANCED_FACE('',(#425),#68,.F.);
#3396=ADVANCED_FACE('',(#426),#69,.T.);
#3397=ADVANCED_FACE('',(#427),#3193,.T.);
#3398=ADVANCED_FACE('',(#428),#3194,.T.);
#3399=ADVANCED_FACE('',(#429),#70,.T.);
#3400=ADVANCED_FACE('',(#430),#3195,.T.);
#3401=ADVANCED_FACE('',(#431),#71,.T.);
#3402=ADVANCED_FACE('',(#432),#3196,.T.);
#3403=ADVANCED_FACE('',(#433),#3197,.T.);
#3404=ADVANCED_FACE('',(#434),#3198,.T.);
#3405=ADVANCED_FACE('',(#435,#145),#3199,.T.);
#3406=ADVANCED_FACE('',(#436,#146),#3200,.F.);
#3407=ADVANCED_FACE('',(#437),#72,.F.);
#3408=ADVANCED_FACE('',(#438),#3201,.F.);
#3409=ADVANCED_FACE('',(#439),#73,.F.);
#3410=ADVANCED_FACE('',(#440),#3202,.F.);
#3411=ADVANCED_FACE('',(#441),#74,.T.);
#3412=ADVANCED_FACE('',(#442),#3203,.T.);
#3413=ADVANCED_FACE('',(#443),#75,.T.);
#3414=ADVANCED_FACE('',(#444),#3204,.T.);
#3415=ADVANCED_FACE('',(#445,#147),#3205,.T.);
#3416=ADVANCED_FACE('',(#446,#148),#3206,.F.);
#3417=ADVANCED_FACE('',(#447),#3207,.T.);
#3418=ADVANCED_FACE('',(#448),#3208,.T.);
#3419=ADVANCED_FACE('',(#449),#3209,.T.);
#3420=ADVANCED_FACE('',(#450),#3210,.T.);
#3421=ADVANCED_FACE('',(#451),#3211,.F.);
#3422=ADVANCED_FACE('',(#452),#3212,.T.);
#3423=CLOSED_SHELL('',(#3213,#3214,#3215,#3216,#3217,#3218,#3219,#3220,
#3221,#3222,#3223,#3224,#3225,#3226,#3227,#3228,#3229,#3230,#3231,#3232,
#3233,#3234,#3235,#3236,#3237,#3238,#3239,#3240,#3241,#3242));
#3424=CLOSED_SHELL('',(#3243,#3244,#3245,#3246,#3247,#3248,#3249,#3250,
#3251,#3252,#3253,#3254,#3255,#3256,#3257,#3258,#3259,#3260,#3261,#3262,
#3263,#3264,#3265,#3266,#3267,#3268,#3269,#3270,#3271,#3272,#3273,#3274,
#3275,#3276,#3277,#3278));
#3425=CLOSED_SHELL('',(#3279,#3280,#3281));
#3426=CLOSED_SHELL('',(#3282,#3283,#3284,#3285,#3286,#3287,#3288));
#3427=CLOSED_SHELL('',(#3289,#3290,#3291,#3292,#3293,#3294,#3295));
#3428=CLOSED_SHELL('',(#3296,#3297,#3298,#3299));
#3429=CLOSED_SHELL('',(#3300,#3301,#3302,#3303));
#3430=CLOSED_SHELL('',(#3304,#3305,#3306,#3307,#3308,#3309));
#3431=CLOSED_SHELL('',(#3310,#3311,#3312,#3313,#3314,#3315));
#3432=CLOSED_SHELL('',(#3316,#3317,#3318,#3319,#3320,#3321));
#3433=CLOSED_SHELL('',(#3322,#3323,#3324));
#3434=CLOSED_SHELL('',(#3325,#3326,#3327));
#3435=CLOSED_SHELL('',(#3328,#3329,#3330,#3331,#3332,#3333,#3334,#3335,
#3336,#3337,#3338,#3339));
#3436=CLOSED_SHELL('',(#3340,#3341,#3342,#3343,#3344,#3345,#3346,#3347,
#3348,#3349,#3350,#3351));
#3437=CLOSED_SHELL('',(#3352,#3353,#3354,#3355,#3356,#3357,#3358,#3359,
#3360,#3361,#3362,#3363));
#3438=CLOSED_SHELL('',(#3364,#3365,#3366,#3367,#3368,#3369,#3370,#3371,
#3372,#3373,#3374,#3375));
#3439=CLOSED_SHELL('',(#3376,#3377,#3378,#3379,#3380,#3381,#3382,#3383,
#3384,#3385,#3386,#3387,#3388,#3389,#3390,#3391));
#3440=CLOSED_SHELL('',(#3392,#3393,#3394,#3395,#3396,#3397,#3398,#3399,
#3400,#3401,#3402,#3403,#3404,#3405,#3406));
#3441=CLOSED_SHELL('',(#3407,#3408,#3409,#3410,#3411,#3412,#3413,#3414,
#3415,#3416));
#3442=CLOSED_SHELL('',(#3417,#3418,#3419,#3420,#3421,#3422));
#3443=AXIS2_PLACEMENT_3D('placement',#4555,#3696,#3697);
#3444=AXIS2_PLACEMENT_3D('',#4556,#3698,#3699);
#3445=AXIS2_PLACEMENT_3D('',#4565,#3704,#3705);
#3446=AXIS2_PLACEMENT_3D('',#4571,#3709,#3710);
#3447=AXIS2_PLACEMENT_3D('',#4577,#3714,#3715);
#3448=AXIS2_PLACEMENT_3D('',#4580,#3718,#3719);
#3449=AXIS2_PLACEMENT_3D('',#4581,#3720,#3721);
#3450=AXIS2_PLACEMENT_3D('',#4590,#3726,#3727);
#3451=AXIS2_PLACEMENT_3D('',#4596,#3731,#3732);
#3452=AXIS2_PLACEMENT_3D('',#4602,#3736,#3737);
#3453=AXIS2_PLACEMENT_3D('',#4608,#3741,#3742);
#3454=AXIS2_PLACEMENT_3D('',#4611,#3745,#3746);
#3455=AXIS2_PLACEMENT_3D('',#4612,#3747,#3748);
#3456=AXIS2_PLACEMENT_3D('',#4621,#3753,#3754);
#3457=AXIS2_PLACEMENT_3D('',#4627,#3758,#3759);
#3458=AXIS2_PLACEMENT_3D('',#4633,#3763,#3764);
#3459=AXIS2_PLACEMENT_3D('',#4639,#3768,#3769);
#3460=AXIS2_PLACEMENT_3D('',#4642,#3772,#3773);
#3461=AXIS2_PLACEMENT_3D('',#4643,#3774,#3775);
#3462=AXIS2_PLACEMENT_3D('',#4645,#3776,#3777);
#3463=AXIS2_PLACEMENT_3D('',#4647,#3778,#3779);
#3464=AXIS2_PLACEMENT_3D('',#4648,#3780,#3781);
#3465=AXIS2_PLACEMENT_3D('',#4650,#3782,#3783);
#3466=AXIS2_PLACEMENT_3D('',#4652,#3784,#3785);
#3467=AXIS2_PLACEMENT_3D('',#4653,#3786,#3787);
#3468=AXIS2_PLACEMENT_3D('',#4654,#3788,#3789);
#3469=AXIS2_PLACEMENT_3D('',#4656,#3790,#3791);
#3470=AXIS2_PLACEMENT_3D('',#4658,#3792,#3793);
#3471=AXIS2_PLACEMENT_3D('',#4659,#3794,#3795);
#3472=AXIS2_PLACEMENT_3D('',#4661,#3796,#3797);
#3473=AXIS2_PLACEMENT_3D('',#4662,#3798,#3799);
#3474=AXIS2_PLACEMENT_3D('',#4671,#3804,#3805);
#3475=AXIS2_PLACEMENT_3D('',#4673,#3806,#3807);
#3476=AXIS2_PLACEMENT_3D('',#4674,#3808,#3809);
#3477=AXIS2_PLACEMENT_3D('',#4680,#3813,#3814);
#3478=AXIS2_PLACEMENT_3D('',#4684,#3817,#3818);
#3479=AXIS2_PLACEMENT_3D('',#4688,#3821,#3822);
#3480=AXIS2_PLACEMENT_3D('',#4690,#3824,#3825);
#3481=AXIS2_PLACEMENT_3D('',#4691,#3826,#3827);
#3482=AXIS2_PLACEMENT_3D('',#4692,#3828,#3829);
#3483=AXIS2_PLACEMENT_3D('',#4695,#3830,#3831);
#3484=AXIS2_PLACEMENT_3D('',#4697,#3832,#3833);
#3485=AXIS2_PLACEMENT_3D('',#4699,#3834,#3835);
#3486=AXIS2_PLACEMENT_3D('',#4700,#3836,#3837);
#3487=AXIS2_PLACEMENT_3D('',#4701,#3838,#3839);
#3488=AXIS2_PLACEMENT_3D('',#4705,#3841,#3842);
#3489=AXIS2_PLACEMENT_3D('',#4707,#3844,#3845);
#3490=AXIS2_PLACEMENT_3D('',#4710,#3846,#3847);
#3491=AXIS2_PLACEMENT_3D('',#4713,#3850,#3851);
#3492=AXIS2_PLACEMENT_3D('',#4716,#3852,#3853);
#3493=AXIS2_PLACEMENT_3D('',#4717,#3854,#3855);
#3494=AXIS2_PLACEMENT_3D('',#4718,#3856,#3857);
#3495=AXIS2_PLACEMENT_3D('',#4719,#3858,#3859);
#3496=AXIS2_PLACEMENT_3D('',#4721,#3860,#3861);
#3497=AXIS2_PLACEMENT_3D('',#4723,#3862,#3863);
#3498=AXIS2_PLACEMENT_3D('',#4724,#3864,#3865);
#3499=AXIS2_PLACEMENT_3D('',#4725,#3866,#3867);
#3500=AXIS2_PLACEMENT_3D('',#4729,#3869,#3870);
#3501=AXIS2_PLACEMENT_3D('',#4731,#3872,#3873);
#3502=AXIS2_PLACEMENT_3D('',#4734,#3874,#3875);
#3503=AXIS2_PLACEMENT_3D('',#4737,#3878,#3879);
#3504=AXIS2_PLACEMENT_3D('',#4738,#3880,#3881);
#3505=AXIS2_PLACEMENT_3D('',#4739,#3882,#3883);
#3506=AXIS2_PLACEMENT_3D('',#4740,#3884,#3885);
#3507=AXIS2_PLACEMENT_3D('',#4746,#3889,#3890);
#3508=AXIS2_PLACEMENT_3D('',#4749,#3892,#3893);
#3509=AXIS2_PLACEMENT_3D('',#4750,#3894,#3895);
#3510=AXIS2_PLACEMENT_3D('',#4754,#3898,#3899);
#3511=AXIS2_PLACEMENT_3D('',#4757,#3901,#3902);
#3512=AXIS2_PLACEMENT_3D('',#4758,#3903,#3904);
#3513=AXIS2_PLACEMENT_3D('',#4762,#3906,#3907);
#3514=AXIS2_PLACEMENT_3D('',#4764,#3909,#3910);
#3515=AXIS2_PLACEMENT_3D('',#4768,#3913,#3914);
#3516=AXIS2_PLACEMENT_3D('',#4772,#3916,#3917);
#3517=AXIS2_PLACEMENT_3D('',#4776,#3919,#3920);
#3518=AXIS2_PLACEMENT_3D('',#4779,#3922,#3923);
#3519=AXIS2_PLACEMENT_3D('',#4780,#3924,#3925);
#3520=AXIS2_PLACEMENT_3D('',#4783,#3928,#3929);
#3521=AXIS2_PLACEMENT_3D('',#4785,#3931,#3932);
#3522=AXIS2_PLACEMENT_3D('',#4787,#3934,#3935);
#3523=AXIS2_PLACEMENT_3D('',#4789,#3937,#3938);
#3524=AXIS2_PLACEMENT_3D('',#4790,#3939,#3940);
#3525=AXIS2_PLACEMENT_3D('',#4791,#3941,#3942);
#3526=AXIS2_PLACEMENT_3D('',#4793,#3943,#3944);
#3527=AXIS2_PLACEMENT_3D('',#4797,#3946,#3947);
#3528=AXIS2_PLACEMENT_3D('',#4809,#3949,#3950);
#3529=AXIS2_PLACEMENT_3D('',#4810,#3951,#3952);
#3530=AXIS2_PLACEMENT_3D('',#4822,#3953,#3954);
#3531=AXIS2_PLACEMENT_3D('',#4823,#3955,#3956);
#3532=AXIS2_PLACEMENT_3D('',#4824,#3957,#3958);
#3533=AXIS2_PLACEMENT_3D('',#4825,#3959,#3960);
#3534=AXIS2_PLACEMENT_3D('',#4827,#3961,#3962);
#3535=AXIS2_PLACEMENT_3D('',#4829,#3964,#3965);
#3536=AXIS2_PLACEMENT_3D('',#4832,#3966,#3967);
#3537=AXIS2_PLACEMENT_3D('',#4845,#3970,#3971);
#3538=AXIS2_PLACEMENT_3D('',#4846,#3972,#3973);
#3539=AXIS2_PLACEMENT_3D('',#4857,#3974,#3975);
#3540=AXIS2_PLACEMENT_3D('',#4858,#3976,#3977);
#3541=AXIS2_PLACEMENT_3D('',#4859,#3978,#3979);
#3542=AXIS2_PLACEMENT_3D('',#4860,#3980,#3981);
#3543=AXIS2_PLACEMENT_3D('',#4862,#3983,#3984);
#3544=AXIS2_PLACEMENT_3D('',#4864,#3986,#3987);
#3545=AXIS2_PLACEMENT_3D('',#4866,#3989,#3990);
#3546=AXIS2_PLACEMENT_3D('',#4868,#3992,#3993);
#3547=AXIS2_PLACEMENT_3D('',#4869,#3994,#3995);
#3548=AXIS2_PLACEMENT_3D('',#4871,#3996,#3997);
#3549=AXIS2_PLACEMENT_3D('',#4872,#3998,#3999);
#3550=AXIS2_PLACEMENT_3D('',#4874,#4000,#4001);
#3551=AXIS2_PLACEMENT_3D('',#4875,#4002,#4003);
#3552=AXIS2_PLACEMENT_3D('',#4876,#4004,#4005);
#3553=AXIS2_PLACEMENT_3D('',#4878,#4006,#4007);
#3554=AXIS2_PLACEMENT_3D('',#4880,#4008,#4009);
#3555=AXIS2_PLACEMENT_3D('',#4881,#4010,#4011);
#3556=AXIS2_PLACEMENT_3D('',#4882,#4012,#4013);
#3557=AXIS2_PLACEMENT_3D('',#4883,#4014,#4015);
#3558=AXIS2_PLACEMENT_3D('',#4892,#4020,#4021);
#3559=AXIS2_PLACEMENT_3D('',#4898,#4025,#4026);
#3560=AXIS2_PLACEMENT_3D('',#4904,#4030,#4031);
#3561=AXIS2_PLACEMENT_3D('',#4910,#4035,#4036);
#3562=AXIS2_PLACEMENT_3D('',#4913,#4039,#4040);
#3563=AXIS2_PLACEMENT_3D('',#4914,#4041,#4042);
#3564=AXIS2_PLACEMENT_3D('',#4915,#4043,#4044);
#3565=AXIS2_PLACEMENT_3D('',#4924,#4049,#4050);
#3566=AXIS2_PLACEMENT_3D('',#4930,#4054,#4055);
#3567=AXIS2_PLACEMENT_3D('',#4936,#4059,#4060);
#3568=AXIS2_PLACEMENT_3D('',#4942,#4064,#4065);
#3569=AXIS2_PLACEMENT_3D('',#4945,#4068,#4069);
#3570=AXIS2_PLACEMENT_3D('',#4946,#4070,#4071);
#3571=AXIS2_PLACEMENT_3D('',#4947,#4072,#4073);
#3572=AXIS2_PLACEMENT_3D('',#4949,#4074,#4075);
#3573=AXIS2_PLACEMENT_3D('',#4951,#4076,#4077);
#3574=AXIS2_PLACEMENT_3D('',#4952,#4078,#4079);
#3575=AXIS2_PLACEMENT_3D('',#4954,#4080,#4081);
#3576=AXIS2_PLACEMENT_3D('',#4955,#4082,#4083);
#3577=AXIS2_PLACEMENT_3D('',#4957,#4084,#4085);
#3578=AXIS2_PLACEMENT_3D('',#4958,#4086,#4087);
#3579=AXIS2_PLACEMENT_3D('',#4959,#4088,#4089);
#3580=AXIS2_PLACEMENT_3D('',#4961,#4090,#4091);
#3581=AXIS2_PLACEMENT_3D('',#4963,#4092,#4093);
#3582=AXIS2_PLACEMENT_3D('',#4964,#4094,#4095);
#3583=AXIS2_PLACEMENT_3D('',#4966,#4096,#4097);
#3584=AXIS2_PLACEMENT_3D('',#4967,#4098,#4099);
#3585=AXIS2_PLACEMENT_3D('',#4969,#4100,#4101);
#3586=AXIS2_PLACEMENT_3D('',#4970,#4102,#4103);
#3587=AXIS2_PLACEMENT_3D('',#4971,#4104,#4105);
#3588=AXIS2_PLACEMENT_3D('',#4980,#4110,#4111);
#3589=AXIS2_PLACEMENT_3D('',#4986,#4115,#4116);
#3590=AXIS2_PLACEMENT_3D('',#4992,#4120,#4121);
#3591=AXIS2_PLACEMENT_3D('',#4995,#4124,#4125);
#3592=AXIS2_PLACEMENT_3D('',#4996,#4126,#4127);
#3593=AXIS2_PLACEMENT_3D('',#4997,#4128,#4129);
#3594=AXIS2_PLACEMENT_3D('',#5006,#4134,#4135);
#3595=AXIS2_PLACEMENT_3D('',#5012,#4139,#4140);
#3596=AXIS2_PLACEMENT_3D('',#5018,#4144,#4145);
#3597=AXIS2_PLACEMENT_3D('',#5021,#4148,#4149);
#3598=AXIS2_PLACEMENT_3D('',#5022,#4150,#4151);
#3599=AXIS2_PLACEMENT_3D('',#5023,#4152,#4153);
#3600=AXIS2_PLACEMENT_3D('',#5032,#4158,#4159);
#3601=AXIS2_PLACEMENT_3D('',#5038,#4163,#4164);
#3602=AXIS2_PLACEMENT_3D('',#5044,#4168,#4169);
#3603=AXIS2_PLACEMENT_3D('',#5047,#4172,#4173);
#3604=AXIS2_PLACEMENT_3D('',#5048,#4174,#4175);
#3605=AXIS2_PLACEMENT_3D('',#5049,#4176,#4177);
#3606=AXIS2_PLACEMENT_3D('',#5051,#4178,#4179);
#3607=AXIS2_PLACEMENT_3D('',#5053,#4180,#4181);
#3608=AXIS2_PLACEMENT_3D('',#5054,#4182,#4183);
#3609=AXIS2_PLACEMENT_3D('',#5055,#4184,#4185);
#3610=AXIS2_PLACEMENT_3D('',#5056,#4186,#4187);
#3611=AXIS2_PLACEMENT_3D('',#5058,#4188,#4189);
#3612=AXIS2_PLACEMENT_3D('',#5060,#4190,#4191);
#3613=AXIS2_PLACEMENT_3D('',#5061,#4192,#4193);
#3614=AXIS2_PLACEMENT_3D('',#5062,#4194,#4195);
#3615=AXIS2_PLACEMENT_3D('',#5097,#4198,#4199);
#3616=AXIS2_PLACEMENT_3D('',#5103,#4203,#4204);
#3617=AXIS2_PLACEMENT_3D('',#5105,#4205,#4206);
#3618=AXIS2_PLACEMENT_3D('',#5107,#4207,#4208);
#3619=AXIS2_PLACEMENT_3D('',#5109,#4210,#4211);
#3620=AXIS2_PLACEMENT_3D('',#5115,#4215,#4216);
#3621=AXIS2_PLACEMENT_3D('',#5121,#4220,#4221);
#3622=AXIS2_PLACEMENT_3D('',#5127,#4225,#4226);
#3623=AXIS2_PLACEMENT_3D('',#5129,#4227,#4228);
#3624=AXIS2_PLACEMENT_3D('',#5131,#4229,#4230);
#3625=AXIS2_PLACEMENT_3D('',#5133,#4232,#4233);
#3626=AXIS2_PLACEMENT_3D('',#5178,#4238,#4239);
#3627=AXIS2_PLACEMENT_3D('',#5181,#4242,#4243);
#3628=AXIS2_PLACEMENT_3D('',#5182,#4244,#4245);
#3629=AXIS2_PLACEMENT_3D('',#5183,#4246,#4247);
#3630=AXIS2_PLACEMENT_3D('',#5192,#4252,#4253);
#3631=AXIS2_PLACEMENT_3D('',#5198,#4257,#4258);
#3632=AXIS2_PLACEMENT_3D('',#5223,#4263,#4264);
#3633=AXIS2_PLACEMENT_3D('',#5229,#4268,#4269);
#3634=AXIS2_PLACEMENT_3D('',#5235,#4273,#4274);
#3635=AXIS2_PLACEMENT_3D('',#5241,#4278,#4279);
#3636=AXIS2_PLACEMENT_3D('',#5247,#4283,#4284);
#3637=AXIS2_PLACEMENT_3D('',#5273,#4288,#4289);
#3638=AXIS2_PLACEMENT_3D('',#5274,#4290,#4291);
#3639=AXIS2_PLACEMENT_3D('',#5275,#4292,#4293);
#3640=AXIS2_PLACEMENT_3D('',#5284,#4298,#4299);
#3641=AXIS2_PLACEMENT_3D('',#5290,#4303,#4304);
#3642=AXIS2_PLACEMENT_3D('',#5315,#4309,#4310);
#3643=AXIS2_PLACEMENT_3D('',#5321,#4314,#4315);
#3644=AXIS2_PLACEMENT_3D('',#5327,#4319,#4320);
#3645=AXIS2_PLACEMENT_3D('',#5333,#4324,#4325);
#3646=AXIS2_PLACEMENT_3D('',#5339,#4329,#4330);
#3647=AXIS2_PLACEMENT_3D('',#5365,#4334,#4335);
#3648=AXIS2_PLACEMENT_3D('',#5366,#4336,#4337);
#3649=AXIS2_PLACEMENT_3D('',#5393,#4340,#4341);
#3650=AXIS2_PLACEMENT_3D('',#5399,#4345,#4346);
#3651=AXIS2_PLACEMENT_3D('',#5405,#4350,#4351);
#3652=AXIS2_PLACEMENT_3D('',#5430,#4356,#4357);
#3653=AXIS2_PLACEMENT_3D('',#5436,#4361,#4362);
#3654=AXIS2_PLACEMENT_3D('',#5442,#4366,#4367);
#3655=AXIS2_PLACEMENT_3D('',#5448,#4371,#4372);
#3656=AXIS2_PLACEMENT_3D('',#5454,#4376,#4377);
#3657=AXIS2_PLACEMENT_3D('',#5457,#4380,#4381);
#3658=AXIS2_PLACEMENT_3D('',#5458,#4382,#4383);
#3659=AXIS2_PLACEMENT_3D('',#5481,#4386,#4387);
#3660=AXIS2_PLACEMENT_3D('',#5506,#4392,#4393);
#3661=AXIS2_PLACEMENT_3D('',#5512,#4397,#4398);
#3662=AXIS2_PLACEMENT_3D('',#5518,#4402,#4403);
#3663=AXIS2_PLACEMENT_3D('',#5524,#4407,#4408);
#3664=AXIS2_PLACEMENT_3D('',#5530,#4412,#4413);
#3665=AXIS2_PLACEMENT_3D('',#5536,#4417,#4418);
#3666=AXIS2_PLACEMENT_3D('',#5542,#4422,#4423);
#3667=AXIS2_PLACEMENT_3D('',#5548,#4427,#4428);
#3668=AXIS2_PLACEMENT_3D('',#5554,#4432,#4433);
#3669=AXIS2_PLACEMENT_3D('',#5560,#4437,#4438);
#3670=AXIS2_PLACEMENT_3D('',#5566,#4442,#4443);
#3671=AXIS2_PLACEMENT_3D('',#5569,#4446,#4447);
#3672=AXIS2_PLACEMENT_3D('',#5570,#4448,#4449);
#3673=AXIS2_PLACEMENT_3D('',#5571,#4450,#4451);
#3674=AXIS2_PLACEMENT_3D('',#5580,#4456,#4457);
#3675=AXIS2_PLACEMENT_3D('',#5586,#4461,#4462);
#3676=AXIS2_PLACEMENT_3D('',#5646,#4468,#4469);
#3677=AXIS2_PLACEMENT_3D('',#5652,#4473,#4474);
#3678=AXIS2_PLACEMENT_3D('',#5689,#4479,#4480);
#3679=AXIS2_PLACEMENT_3D('',#5730,#4485,#4486);
#3680=AXIS2_PLACEMENT_3D('',#5736,#4490,#4491);
#3681=AXIS2_PLACEMENT_3D('',#5742,#4495,#4496);
#3682=AXIS2_PLACEMENT_3D('',#5745,#4499,#4500);
#3683=AXIS2_PLACEMENT_3D('',#5746,#4501,#4502);
#3684=AXIS2_PLACEMENT_3D('',#5781,#4505,#4506);
#3685=AXIS2_PLACEMENT_3D('',#5814,#4511,#4512);
#3686=AXIS2_PLACEMENT_3D('',#5855,#4517,#4518);
#3687=AXIS2_PLACEMENT_3D('',#5892,#4523,#4524);
#3688=AXIS2_PLACEMENT_3D('',#5895,#4527,#4528);
#3689=AXIS2_PLACEMENT_3D('',#5896,#4529,#4530);
#3690=AXIS2_PLACEMENT_3D('',#5897,#4531,#4532);
#3691=AXIS2_PLACEMENT_3D('',#5906,#4537,#4538);
#3692=AXIS2_PLACEMENT_3D('',#5912,#4542,#4543);
#3693=AXIS2_PLACEMENT_3D('',#5918,#4547,#4548);
#3694=AXIS2_PLACEMENT_3D('',#5921,#4551,#4552);
#3695=AXIS2_PLACEMENT_3D('',#5922,#4553,#4554);
#3696=DIRECTION('axis',(0.,0.,1.));
#3697=DIRECTION('refdir',(1.,0.,0.));
#3698=DIRECTION('center_axis',(1.,0.,0.));
#3699=DIRECTION('ref_axis',(0.,1.,0.));
#3700=DIRECTION('',(0.,1.,0.));
#3701=DIRECTION('',(0.,0.,1.));
#3702=DIRECTION('',(0.,1.,0.));
#3703=DIRECTION('',(0.,0.,1.));
#3704=DIRECTION('center_axis',(0.,-1.,0.));
#3705=DIRECTION('ref_axis',(1.,0.,0.));
#3706=DIRECTION('',(1.,0.,0.));
#3707=DIRECTION('',(0.,0.,1.));
#3708=DIRECTION('',(1.,0.,0.));
#3709=DIRECTION('center_axis',(-1.,0.,0.));
#3710=DIRECTION('ref_axis',(0.,-1.,0.));
#3711=DIRECTION('',(0.,-1.,0.));
#3712=DIRECTION('',(0.,0.,1.));
#3713=DIRECTION('',(0.,-1.,0.));
#3714=DIRECTION('center_axis',(0.,1.,0.));
#3715=DIRECTION('ref_axis',(-1.,0.,0.));
#3716=DIRECTION('',(-1.,0.,0.));
#3717=DIRECTION('',(-1.,0.,0.));
#3718=DIRECTION('center_axis',(0.,0.,1.));
#3719=DIRECTION('ref_axis',(1.,0.,0.));
#3720=DIRECTION('center_axis',(1.,0.,0.));
#3721=DIRECTION('ref_axis',(0.,1.,0.));
#3722=DIRECTION('',(0.,1.,0.));
#3723=DIRECTION('',(0.,0.,1.));
#3724=DIRECTION('',(0.,1.,0.));
#3725=DIRECTION('',(0.,0.,1.));
#3726=DIRECTION('center_axis',(0.,-1.,0.));
#3727=DIRECTION('ref_axis',(1.,0.,0.));
#3728=DIRECTION('',(1.,0.,0.));
#3729=DIRECTION('',(0.,0.,1.));
#3730=DIRECTION('',(1.,0.,0.));
#3731=DIRECTION('center_axis',(-1.,0.,0.));
#3732=DIRECTION('ref_axis',(0.,-1.,0.));
#3733=DIRECTION('',(0.,-1.,0.));
#3734=DIRECTION('',(0.,0.,1.));
#3735=DIRECTION('',(0.,-1.,0.));
#3736=DIRECTION('center_axis',(-0.707106781186547,0.707106781186548,0.));
#3737=DIRECTION('ref_axis',(-0.707106781186548,-0.707106781186547,0.));
#3738=DIRECTION('',(-0.707106781186548,-0.707106781186547,0.));
#3739=DIRECTION('',(0.,0.,1.));
#3740=DIRECTION('',(-0.707106781186548,-0.707106781186547,0.));
#3741=DIRECTION('center_axis',(0.,1.,0.));
#3742=DIRECTION('ref_axis',(-1.,0.,0.));
#3743=DIRECTION('',(-1.,0.,0.));
#3744=DIRECTION('',(-1.,0.,0.));
#3745=DIRECTION('center_axis',(0.,0.,1.));
#3746=DIRECTION('ref_axis',(1.,0.,0.));
#3747=DIRECTION('center_axis',(0.707106781186547,0.707106781186548,0.));
#3748=DIRECTION('ref_axis',(-0.707106781186548,0.707106781186547,0.));
#3749=DIRECTION('',(-0.707106781186548,0.707106781186547,0.));
#3750=DIRECTION('',(0.,0.,1.));
#3751=DIRECTION('',(-0.707106781186548,0.707106781186547,0.));
#3752=DIRECTION('',(0.,0.,1.));
#3753=DIRECTION('center_axis',(1.,0.,0.));
#3754=DIRECTION('ref_axis',(0.,1.,0.));
#3755=DIRECTION('',(0.,1.,0.));
#3756=DIRECTION('',(0.,0.,1.));
#3757=DIRECTION('',(0.,1.,0.));
#3758=DIRECTION('center_axis',(0.,-1.,0.));
#3759=DIRECTION('ref_axis',(1.,0.,0.));
#3760=DIRECTION('',(1.,0.,0.));
#3761=DIRECTION('',(0.,0.,1.));
#3762=DIRECTION('',(1.,0.,0.));
#3763=DIRECTION('center_axis',(-1.,0.,0.));
#3764=DIRECTION('ref_axis',(0.,-1.,0.));
#3765=DIRECTION('',(0.,-1.,0.));
#3766=DIRECTION('',(0.,0.,1.));
#3767=DIRECTION('',(0.,-1.,0.));
#3768=DIRECTION('center_axis',(0.,1.,0.));
#3769=DIRECTION('ref_axis',(-1.,0.,0.));
#3770=DIRECTION('',(-1.,0.,0.));
#3771=DIRECTION('',(-1.,0.,0.));
#3772=DIRECTION('center_axis',(0.,0.,1.));
#3773=DIRECTION('ref_axis',(1.,0.,0.));
#3774=DIRECTION('center_axis',(0.,0.,1.));
#3775=DIRECTION('ref_axis',(1.,0.,0.));
#3776=DIRECTION('center_axis',(0.,0.,-1.));
#3777=DIRECTION('ref_axis',(1.,0.,0.));
#3778=DIRECTION('center_axis',(0.,0.,-1.));
#3779=DIRECTION('ref_axis',(1.,0.,0.));
#3780=DIRECTION('center_axis',(0.,0.,1.));
#3781=DIRECTION('ref_axis',(1.,0.,0.));
#3782=DIRECTION('center_axis',(0.,0.,1.));
#3783=DIRECTION('ref_axis',(1.,0.,0.));
#3784=DIRECTION('center_axis',(0.,0.,1.));
#3785=DIRECTION('ref_axis',(1.,0.,0.));
#3786=DIRECTION('center_axis',(0.,0.,1.));
#3787=DIRECTION('ref_axis',(1.,0.,0.));
#3788=DIRECTION('center_axis',(0.,0.,1.));
#3789=DIRECTION('ref_axis',(1.,0.,0.));
#3790=DIRECTION('center_axis',(0.,0.,1.));
#3791=DIRECTION('ref_axis',(1.,0.,0.));
#3792=DIRECTION('center_axis',(0.,0.,1.));
#3793=DIRECTION('ref_axis',(1.,0.,0.));
#3794=DIRECTION('center_axis',(0.,0.,1.));
#3795=DIRECTION('ref_axis',(1.,0.,0.));
#3796=DIRECTION('center_axis',(0.,0.,-1.));
#3797=DIRECTION('ref_axis',(1.,0.,0.));
#3798=DIRECTION('center_axis',(0.,0.,1.));
#3799=DIRECTION('ref_axis',(1.,0.,0.));
#3800=DIRECTION('',(1.,0.,0.));
#3801=DIRECTION('',(0.,-1.,0.));
#3802=DIRECTION('',(-1.,0.,0.));
#3803=DIRECTION('',(0.,1.,0.));
#3804=DIRECTION('center_axis',(0.,0.,-1.));
#3805=DIRECTION('ref_axis',(1.,0.,0.));
#3806=DIRECTION('center_axis',(0.,0.,-1.));
#3807=DIRECTION('ref_axis',(1.,0.,0.));
#3808=DIRECTION('center_axis',(1.,0.,0.));
#3809=DIRECTION('ref_axis',(0.,1.,0.));
#3810=DIRECTION('',(0.,0.,1.));
#3811=DIRECTION('',(0.,1.,0.));
#3812=DIRECTION('',(0.,0.,1.));
#3813=DIRECTION('center_axis',(0.,-1.,0.));
#3814=DIRECTION('ref_axis',(1.,0.,0.));
#3815=DIRECTION('',(1.,0.,0.));
#3816=DIRECTION('',(0.,0.,1.));
#3817=DIRECTION('center_axis',(-1.,0.,0.));
#3818=DIRECTION('ref_axis',(0.,-1.,0.));
#3819=DIRECTION('',(0.,-1.,0.));
#3820=DIRECTION('',(0.,0.,1.));
#3821=DIRECTION('center_axis',(0.,1.,0.));
#3822=DIRECTION('ref_axis',(-1.,0.,0.));
#3823=DIRECTION('',(-1.,0.,0.));
#3824=DIRECTION('center_axis',(0.,0.,1.));
#3825=DIRECTION('ref_axis',(1.,0.,0.));
#3826=DIRECTION('center_axis',(0.,0.,1.));
#3827=DIRECTION('ref_axis',(1.,0.,0.));
#3828=DIRECTION('center_axis',(0.,0.,1.));
#3829=DIRECTION('ref_axis',(1.,0.,0.));
#3830=DIRECTION('center_axis',(1.,4.4408920985006E-15,-3.94430452610503E-29));
#3831=DIRECTION('ref_axis',(4.4408920985006E-15,-1.,0.));
#3832=DIRECTION('center_axis',(0.,0.,-1.));
#3833=DIRECTION('ref_axis',(-0.707106781186547,0.707106781186548,0.));
#3834=DIRECTION('center_axis',(-8.8817841970012E-15,-1.,7.88860905221007E-29));
#3835=DIRECTION('ref_axis',(-8.88178419700124E-15,0.,-1.));
#3836=DIRECTION('center_axis',(0.,0.,-1.));
#3837=DIRECTION('ref_axis',(-0.707106781186548,0.707106781186548,0.));
#3838=DIRECTION('center_axis',(1.,0.,0.));
#3839=DIRECTION('ref_axis',(0.,-0.707106781186546,-0.707106781186549));
#3840=DIRECTION('',(1.,0.,0.));
#3841=DIRECTION('center_axis',(1.,0.,-3.5527136788005E-14));
#3842=DIRECTION('ref_axis',(0.,-1.,0.));
#3843=DIRECTION('',(-1.,0.,0.));
#3844=DIRECTION('center_axis',(0.,1.,0.));
#3845=DIRECTION('ref_axis',(0.707106781186546,0.,-0.707106781186549));
#3846=DIRECTION('center_axis',(0.,-1.,0.));
#3847=DIRECTION('ref_axis',(-1.77635683940025E-14,0.,-1.));
#3848=DIRECTION('',(0.,1.,0.));
#3849=DIRECTION('',(0.,-1.,0.));
#3850=DIRECTION('center_axis',(0.,0.,1.));
#3851=DIRECTION('ref_axis',(1.,0.,0.));
#3852=DIRECTION('center_axis',(0.,-1.,0.));
#3853=DIRECTION('ref_axis',(-1.,0.,0.));
#3854=DIRECTION('center_axis',(0.,0.,-1.));
#3855=DIRECTION('ref_axis',(0.707106781186547,0.707106781186548,0.));
#3856=DIRECTION('center_axis',(0.,0.,-1.));
#3857=DIRECTION('ref_axis',(0.707106781186548,0.707106781186548,0.));
#3858=DIRECTION('center_axis',(0.,0.,1.));
#3859=DIRECTION('ref_axis',(1.,0.,0.));
#3860=DIRECTION('center_axis',(0.,0.,-1.));
#3861=DIRECTION('ref_axis',(-0.707106781186547,-0.707106781186548,0.));
#3862=DIRECTION('center_axis',(1.,-4.4408920985006E-15,4.44089209850058E-15));
#3863=DIRECTION('ref_axis',(4.44089209850062E-15,8.88178419700124E-15,-1.));
#3864=DIRECTION('center_axis',(0.,0.,-1.));
#3865=DIRECTION('ref_axis',(-0.707106781186548,-0.707106781186548,0.));
#3866=DIRECTION('center_axis',(0.,-1.,0.));
#3867=DIRECTION('ref_axis',(-0.707106781186546,0.,-0.707106781186549));
#3868=DIRECTION('',(0.,-1.,0.));
#3869=DIRECTION('center_axis',(0.,-1.,8.88178419700124E-15));
#3870=DIRECTION('ref_axis',(-1.,0.,0.));
#3871=DIRECTION('',(0.,1.,0.));
#3872=DIRECTION('center_axis',(-1.,0.,0.));
#3873=DIRECTION('ref_axis',(0.,0.707106781186546,-0.707106781186549));
#3874=DIRECTION('center_axis',(1.,-2.66453525910038E-14,-4.44089209850062E-15));
#3875=DIRECTION('ref_axis',(-4.44089209850062E-15,0.,-1.));
#3876=DIRECTION('',(-1.,0.,0.));
#3877=DIRECTION('',(1.,0.,0.));
#3878=DIRECTION('center_axis',(0.,0.,1.));
#3879=DIRECTION('ref_axis',(1.,0.,0.));
#3880=DIRECTION('center_axis',(0.,0.,-1.));
#3881=DIRECTION('ref_axis',(0.707106781186547,-0.707106781186548,0.));
#3882=DIRECTION('center_axis',(0.,0.,-1.));
#3883=DIRECTION('ref_axis',(0.707106781186548,-0.707106781186548,0.));
#3884=DIRECTION('center_axis',(1.,0.,0.));
#3885=DIRECTION('ref_axis',(0.,1.,0.));
#3886=DIRECTION('',(0.,0.,-1.));
#3887=DIRECTION('',(0.,1.,0.));
#3888=DIRECTION('',(0.,0.,1.));
#3889=DIRECTION('center_axis',(0.,0.,1.));
#3890=DIRECTION('ref_axis',(0.707106781186548,0.707106781186548,0.));
#3891=DIRECTION('',(0.,0.,1.));
#3892=DIRECTION('center_axis',(0.,0.,1.));
#3893=DIRECTION('ref_axis',(0.707106781186548,0.707106781186548,0.));
#3894=DIRECTION('center_axis',(0.,1.,0.));
#3895=DIRECTION('ref_axis',(-1.,0.,0.));
#3896=DIRECTION('',(0.,0.,-1.));
#3897=DIRECTION('',(-1.,0.,0.));
#3898=DIRECTION('center_axis',(0.,0.,1.));
#3899=DIRECTION('ref_axis',(-0.707106781186548,0.707106781186548,0.));
#3900=DIRECTION('',(0.,0.,1.));
#3901=DIRECTION('center_axis',(0.,0.,1.));
#3902=DIRECTION('ref_axis',(-0.707106781186548,0.707106781186548,0.));
#3903=DIRECTION('center_axis',(0.,0.,1.));
#3904=DIRECTION('ref_axis',(0.707106781186547,0.707106781186548,0.));
#3905=DIRECTION('',(0.,0.,-1.));
#3906=DIRECTION('center_axis',(0.,0.,1.));
#3907=DIRECTION('ref_axis',(0.707106781186547,0.707106781186548,0.));
#3908=DIRECTION('',(0.,0.,1.));
#3909=DIRECTION('center_axis',(0.,1.,0.));
#3910=DIRECTION('ref_axis',(-1.,0.,0.));
#3911=DIRECTION('',(1.,0.,0.));
#3912=DIRECTION('',(0.,0.,-1.));
#3913=DIRECTION('center_axis',(0.,0.,1.));
#3914=DIRECTION('ref_axis',(1.,0.,0.));
#3915=DIRECTION('',(0.,-1.,0.));
#3916=DIRECTION('center_axis',(0.,0.,1.));
#3917=DIRECTION('ref_axis',(0.707106781186547,-0.707106781186548,0.));
#3918=DIRECTION('',(-1.,0.,0.));
#3919=DIRECTION('center_axis',(0.,0.,1.));
#3920=DIRECTION('ref_axis',(-0.707106781186547,-0.707106781186548,0.));
#3921=DIRECTION('',(0.,1.,0.));
#3922=DIRECTION('center_axis',(0.,0.,1.));
#3923=DIRECTION('ref_axis',(-0.707106781186547,0.707106781186548,0.));
#3924=DIRECTION('center_axis',(0.,0.,1.));
#3925=DIRECTION('ref_axis',(0.707106781186547,-0.707106781186548,0.));
#3926=DIRECTION('',(0.,0.,-1.));
#3927=DIRECTION('',(0.,0.,1.));
#3928=DIRECTION('center_axis',(0.,-1.,0.));
#3929=DIRECTION('ref_axis',(1.,0.,0.));
#3930=DIRECTION('',(0.,0.,1.));
#3931=DIRECTION('center_axis',(0.,0.,1.));
#3932=DIRECTION('ref_axis',(-0.707106781186547,-0.707106781186548,0.));
#3933=DIRECTION('',(0.,0.,-1.));
#3934=DIRECTION('center_axis',(0.,0.,1.));
#3935=DIRECTION('ref_axis',(-0.707106781186547,0.707106781186548,0.));
#3936=DIRECTION('',(0.,0.,1.));
#3937=DIRECTION('center_axis',(1.,0.,0.));
#3938=DIRECTION('ref_axis',(0.,1.,0.));
#3939=DIRECTION('center_axis',(-1.,0.,0.));
#3940=DIRECTION('ref_axis',(0.,-1.,0.));
#3941=DIRECTION('center_axis',(0.,-1.,0.));
#3942=DIRECTION('ref_axis',(-0.707106781186548,0.,0.707106781186548));
#3943=DIRECTION('center_axis',(0.,-1.,0.));
#3944=DIRECTION('ref_axis',(0.,0.,1.));
#3945=DIRECTION('',(0.,-1.,0.));
#3946=DIRECTION('center_axis',(0.,1.,0.));
#3947=DIRECTION('ref_axis',(-1.,0.,0.));
#3948=DIRECTION('',(0.,1.,0.));
#3949=DIRECTION('center_axis',(-1.,0.,0.));
#3950=DIRECTION('ref_axis',(0.,0.,1.));
#3951=DIRECTION('center_axis',(0.,0.,-1.));
#3952=DIRECTION('ref_axis',(-0.707106781186547,0.707106781186547,0.));
#3953=DIRECTION('center_axis',(-1.,0.,0.));
#3954=DIRECTION('ref_axis',(0.,-1.,0.));
#3955=DIRECTION('center_axis',(0.,0.,-1.));
#3956=DIRECTION('ref_axis',(-0.707106781186547,-0.707106781186547,0.));
#3957=DIRECTION('center_axis',(0.,0.,1.));
#3958=DIRECTION('ref_axis',(-0.707106781186548,-0.707106781186548,0.));
#3959=DIRECTION('center_axis',(-1.,0.,0.));
#3960=DIRECTION('ref_axis',(0.,0.707106781186548,0.707106781186548));
#3961=DIRECTION('center_axis',(-1.,0.,0.));
#3962=DIRECTION('ref_axis',(0.,0.,1.));
#3963=DIRECTION('',(1.,0.,0.));
#3964=DIRECTION('center_axis',(1.,0.,0.));
#3965=DIRECTION('ref_axis',(0.,-0.707106781186548,0.707106781186548));
#3966=DIRECTION('center_axis',(-1.,0.,0.));
#3967=DIRECTION('ref_axis',(0.,-1.,0.));
#3968=DIRECTION('',(-1.,0.,0.));
#3969=DIRECTION('',(1.,0.,0.));
#3970=DIRECTION('center_axis',(0.,1.,0.));
#3971=DIRECTION('ref_axis',(0.,0.,1.));
#3972=DIRECTION('center_axis',(0.,0.,-1.));
#3973=DIRECTION('ref_axis',(0.707106781186547,0.707106781186547,0.));
#3974=DIRECTION('center_axis',(0.,-1.,0.));
#3975=DIRECTION('ref_axis',(1.,0.,0.));
#3976=DIRECTION('center_axis',(0.,0.,-1.));
#3977=DIRECTION('ref_axis',(0.707106781186547,-0.707106781186547,0.));
#3978=DIRECTION('center_axis',(0.,0.,1.));
#3979=DIRECTION('ref_axis',(0.707106781186548,-0.707106781186548,0.));
#3980=DIRECTION('center_axis',(0.,1.,0.));
#3981=DIRECTION('ref_axis',(0.707106781186548,0.,0.707106781186548));
#3982=DIRECTION('',(0.,-1.,0.));
#3983=DIRECTION('center_axis',(0.,0.,1.));
#3984=DIRECTION('ref_axis',(0.707106781186548,-0.707106781186548,0.));
#3985=DIRECTION('',(0.,0.,-1.));
#3986=DIRECTION('center_axis',(0.,-1.,0.));
#3987=DIRECTION('ref_axis',(1.,0.,0.));
#3988=DIRECTION('',(0.,0.,1.));
#3989=DIRECTION('center_axis',(0.,0.,1.));
#3990=DIRECTION('ref_axis',(-0.707106781186548,-0.707106781186548,0.));
#3991=DIRECTION('',(0.,0.,-1.));
#3992=DIRECTION('center_axis',(-1.,0.,0.));
#3993=DIRECTION('ref_axis',(0.,-1.,0.));
#3994=DIRECTION('center_axis',(0.,0.,1.));
#3995=DIRECTION('ref_axis',(1.,0.,0.));
#3996=DIRECTION('center_axis',(0.,0.,-1.));
#3997=DIRECTION('ref_axis',(-1.,0.,0.));
#3998=DIRECTION('center_axis',(0.,0.,-1.));
#3999=DIRECTION('ref_axis',(-1.,0.,0.));
#4000=DIRECTION('center_axis',(0.,0.,-1.));
#4001=DIRECTION('ref_axis',(-1.,0.,0.));
#4002=DIRECTION('center_axis',(0.,0.,1.));
#4003=DIRECTION('ref_axis',(1.,0.,0.));
#4004=DIRECTION('center_axis',(0.,0.,-1.));
#4005=DIRECTION('ref_axis',(-1.,0.,0.));
#4006=DIRECTION('center_axis',(0.,0.,-1.));
#4007=DIRECTION('ref_axis',(-1.,0.,0.));
#4008=DIRECTION('center_axis',(0.,0.,1.));
#4009=DIRECTION('ref_axis',(-1.,0.,0.));
#4010=DIRECTION('center_axis',(0.,0.,1.));
#4011=DIRECTION('ref_axis',(1.,0.,0.));
#4012=DIRECTION('center_axis',(0.,0.,1.));
#4013=DIRECTION('ref_axis',(1.,0.,0.));
#4014=DIRECTION('center_axis',(1.,0.,0.));
#4015=DIRECTION('ref_axis',(0.,1.,0.));
#4016=DIRECTION('',(0.,-1.,0.));
#4017=DIRECTION('',(0.,0.,1.));
#4018=DIRECTION('',(0.,1.,0.));
#4019=DIRECTION('',(0.,0.,1.));
#4020=DIRECTION('center_axis',(0.,-1.,0.));
#4021=DIRECTION('ref_axis',(1.,0.,0.));
#4022=DIRECTION('',(-1.,0.,0.));
#4023=DIRECTION('',(1.,0.,0.));
#4024=DIRECTION('',(0.,0.,1.));
#4025=DIRECTION('center_axis',(-1.,0.,0.));
#4026=DIRECTION('ref_axis',(0.,-1.,0.));
#4027=DIRECTION('',(0.,1.,0.));
#4028=DIRECTION('',(0.,-1.,0.));
#4029=DIRECTION('',(0.,0.,1.));
#4030=DIRECTION('center_axis',(-0.707106781186548,0.707106781186548,0.));
#4031=DIRECTION('ref_axis',(-0.707106781186548,-0.707106781186548,0.));
#4032=DIRECTION('',(0.707106781186548,0.707106781186548,0.));
#4033=DIRECTION('',(-0.707106781186548,-0.707106781186548,0.));
#4034=DIRECTION('',(0.,0.,1.));
#4035=DIRECTION('center_axis',(0.,1.,0.));
#4036=DIRECTION('ref_axis',(-1.,0.,0.));
#4037=DIRECTION('',(1.,0.,0.));
#4038=DIRECTION('',(-1.,0.,0.));
#4039=DIRECTION('center_axis',(0.,0.,1.));
#4040=DIRECTION('ref_axis',(1.,0.,0.));
#4041=DIRECTION('center_axis',(0.,0.,1.));
#4042=DIRECTION('ref_axis',(1.,0.,0.));
#4043=DIRECTION('center_axis',(0.707106781186548,0.707106781186548,0.));
#4044=DIRECTION('ref_axis',(-0.707106781186548,0.707106781186548,0.));
#4045=DIRECTION('',(0.707106781186548,-0.707106781186548,0.));
#4046=DIRECTION('',(0.,0.,1.));
#4047=DIRECTION('',(-0.707106781186548,0.707106781186548,0.));
#4048=DIRECTION('',(0.,0.,1.));
#4049=DIRECTION('center_axis',(1.,0.,0.));
#4050=DIRECTION('ref_axis',(0.,1.,0.));
#4051=DIRECTION('',(0.,-1.,0.));
#4052=DIRECTION('',(0.,1.,0.));
#4053=DIRECTION('',(0.,0.,1.));
#4054=DIRECTION('center_axis',(0.,-1.,0.));
#4055=DIRECTION('ref_axis',(1.,0.,0.));
#4056=DIRECTION('',(-1.,0.,0.));
#4057=DIRECTION('',(1.,0.,0.));
#4058=DIRECTION('',(0.,0.,1.));
#4059=DIRECTION('center_axis',(-1.,0.,0.));
#4060=DIRECTION('ref_axis',(0.,-1.,0.));
#4061=DIRECTION('',(0.,1.,0.));
#4062=DIRECTION('',(0.,-1.,0.));
#4063=DIRECTION('',(0.,0.,1.));
#4064=DIRECTION('center_axis',(0.,1.,0.));
#4065=DIRECTION('ref_axis',(-1.,0.,0.));
#4066=DIRECTION('',(1.,0.,0.));
#4067=DIRECTION('',(-1.,0.,0.));
#4068=DIRECTION('center_axis',(0.,0.,1.));
#4069=DIRECTION('ref_axis',(1.,0.,0.));
#4070=DIRECTION('center_axis',(0.,0.,1.));
#4071=DIRECTION('ref_axis',(1.,0.,0.));
#4072=DIRECTION('center_axis',(2.24458016411416E-34,-1.15435551297299E-33,
1.));
#4073=DIRECTION('ref_axis',(1.,0.,-2.24458016411416E-34));
#4074=DIRECTION('center_axis',(-2.24458016411416E-34,1.15435551297299E-33,
-1.));
#4075=DIRECTION('ref_axis',(1.,0.,0.));
#4076=DIRECTION('center_axis',(2.24458016411416E-34,-1.15435551297299E-33,
1.));
#4077=DIRECTION('ref_axis',(1.,0.,0.));
#4078=DIRECTION('center_axis',(0.,0.,1.));
#4079=DIRECTION('ref_axis',(1.,0.,0.));
#4080=DIRECTION('center_axis',(0.,0.,1.));
#4081=DIRECTION('ref_axis',(1.,0.,0.));
#4082=DIRECTION('center_axis',(0.,0.,1.));
#4083=DIRECTION('ref_axis',(1.,0.,0.));
#4084=DIRECTION('center_axis',(0.,0.,-1.));
#4085=DIRECTION('ref_axis',(1.,0.,0.));
#4086=DIRECTION('center_axis',(0.,0.,1.));
#4087=DIRECTION('ref_axis',(1.,0.,0.));
#4088=DIRECTION('center_axis',(-1.06996108021514E-34,-4.70782875294658E-33,
1.));
#4089=DIRECTION('ref_axis',(1.,0.,1.06996108021514E-34));
#4090=DIRECTION('center_axis',(1.06996108021514E-34,4.70782875294658E-33,
-1.));
#4091=DIRECTION('ref_axis',(1.,0.,0.));
#4092=DIRECTION('center_axis',(-1.06996108021514E-34,-4.70782875294658E-33,
1.));
#4093=DIRECTION('ref_axis',(1.,0.,0.));
#4094=DIRECTION('center_axis',(0.,0.,1.));
#4095=DIRECTION('ref_axis',(1.,0.,0.));
#4096=DIRECTION('center_axis',(0.,0.,1.));
#4097=DIRECTION('ref_axis',(1.,0.,0.));
#4098=DIRECTION('center_axis',(0.,0.,1.));
#4099=DIRECTION('ref_axis',(1.,0.,0.));
#4100=DIRECTION('center_axis',(0.,0.,-1.));
#4101=DIRECTION('ref_axis',(1.,0.,0.));
#4102=DIRECTION('center_axis',(0.,0.,1.));
#4103=DIRECTION('ref_axis',(1.,0.,0.));
#4104=DIRECTION('center_axis',(2.44929359829471E-16,1.,0.));
#4105=DIRECTION('ref_axis',(-1.,2.44929359829471E-16,0.));
#4106=DIRECTION('',(-1.,2.44929359829471E-16,0.));
#4107=DIRECTION('',(0.,0.,1.));
#4108=DIRECTION('',(-1.,2.44929359829471E-16,0.));
#4109=DIRECTION('',(0.,0.,1.));
#4110=DIRECTION('center_axis',(1.,-2.44929359829471E-16,0.));
#4111=DIRECTION('ref_axis',(2.44929359829471E-16,1.,0.));
#4112=DIRECTION('',(2.44929359829471E-16,1.,0.));
#4113=DIRECTION('',(2.44929359829471E-16,1.,0.));
#4114=DIRECTION('',(0.,0.,1.));
#4115=DIRECTION('center_axis',(-2.44929359829471E-16,-1.,0.));
#4116=DIRECTION('ref_axis',(1.,-2.44929359829471E-16,0.));
#4117=DIRECTION('',(1.,-2.44929359829471E-16,0.));
#4118=DIRECTION('',(1.,-2.44929359829471E-16,0.));
#4119=DIRECTION('',(0.,0.,1.));
#4120=DIRECTION('center_axis',(-1.,2.44929359829471E-16,0.));
#4121=DIRECTION('ref_axis',(-2.44929359829471E-16,-1.,0.));
#4122=DIRECTION('',(-2.44929359829471E-16,-1.,0.));
#4123=DIRECTION('',(-2.44929359829471E-16,-1.,0.));
#4124=DIRECTION('center_axis',(0.,0.,1.));
#4125=DIRECTION('ref_axis',(1.,-2.44929359829471E-16,0.));
#4126=DIRECTION('center_axis',(0.,0.,1.));
#4127=DIRECTION('ref_axis',(1.,-2.44929359829471E-16,0.));
#4128=DIRECTION('center_axis',(2.44929359829471E-16,1.,0.));
#4129=DIRECTION('ref_axis',(-1.,2.44929359829471E-16,0.));
#4130=DIRECTION('',(-1.,2.44929359829471E-16,0.));
#4131=DIRECTION('',(0.,0.,1.));
#4132=DIRECTION('',(-1.,2.44929359829471E-16,0.));
#4133=DIRECTION('',(0.,0.,1.));
#4134=DIRECTION('center_axis',(1.,-2.44929359829471E-16,0.));
#4135=DIRECTION('ref_axis',(2.44929359829471E-16,1.,0.));
#4136=DIRECTION('',(2.44929359829471E-16,1.,0.));
#4137=DIRECTION('',(2.44929359829471E-16,1.,0.));
#4138=DIRECTION('',(0.,0.,1.));
#4139=DIRECTION('center_axis',(-2.44929359829471E-16,-1.,0.));
#4140=DIRECTION('ref_axis',(1.,-2.44929359829471E-16,0.));
#4141=DIRECTION('',(1.,-2.44929359829471E-16,0.));
#4142=DIRECTION('',(1.,-2.44929359829471E-16,0.));
#4143=DIRECTION('',(0.,0.,1.));
#4144=DIRECTION('center_axis',(-1.,2.44929359829471E-16,0.));
#4145=DIRECTION('ref_axis',(-2.44929359829471E-16,-1.,0.));
#4146=DIRECTION('',(-2.44929359829471E-16,-1.,0.));
#4147=DIRECTION('',(-2.44929359829471E-16,-1.,0.));
#4148=DIRECTION('center_axis',(0.,0.,1.));
#4149=DIRECTION('ref_axis',(1.,-2.44929359829471E-16,0.));
#4150=DIRECTION('center_axis',(0.,0.,1.));
#4151=DIRECTION('ref_axis',(1.,-2.44929359829471E-16,0.));
#4152=DIRECTION('center_axis',(-2.44929359829471E-16,-1.,0.));
#4153=DIRECTION('ref_axis',(1.,-2.44929359829471E-16,0.));
#4154=DIRECTION('',(1.,-2.44929359829471E-16,0.));
#4155=DIRECTION('',(0.,0.,1.));
#4156=DIRECTION('',(1.,-2.44929359829471E-16,0.));
#4157=DIRECTION('',(0.,0.,1.));
#4158=DIRECTION('center_axis',(-0.9736062805386,-0.228234113348099,0.));
#4159=DIRECTION('ref_axis',(0.228234113348099,-0.9736062805386,0.));
#4160=DIRECTION('',(0.228234113348099,-0.9736062805386,0.));
#4161=DIRECTION('',(0.228234113348099,-0.9736062805386,0.));
#4162=DIRECTION('',(0.,0.,1.));
#4163=DIRECTION('center_axis',(2.44929359829471E-16,1.,0.));
#4164=DIRECTION('ref_axis',(-1.,2.44929359829471E-16,0.));
#4165=DIRECTION('',(-1.,2.44929359829471E-16,0.));
#4166=DIRECTION('',(-1.,2.44929359829471E-16,0.));
#4167=DIRECTION('',(0.,0.,1.));
#4168=DIRECTION('center_axis',(0.9736062805386,0.228234113348099,0.));
#4169=DIRECTION('ref_axis',(-0.228234113348099,0.9736062805386,0.));
#4170=DIRECTION('',(-0.228234113348099,0.9736062805386,0.));
#4171=DIRECTION('',(-0.228234113348099,0.9736062805386,0.));
#4172=DIRECTION('center_axis',(0.,0.,1.));
#4173=DIRECTION('ref_axis',(1.,-2.44929359829471E-16,0.));
#4174=DIRECTION('center_axis',(0.,0.,1.));
#4175=DIRECTION('ref_axis',(1.,-2.44929359829471E-16,0.));
#4176=DIRECTION('center_axis',(0.,0.,1.));
#4177=DIRECTION('ref_axis',(-1.,2.44929359829471E-16,0.));
#4178=DIRECTION('center_axis',(0.,0.,1.));
#4179=DIRECTION('ref_axis',(-1.,2.44929359829471E-16,0.));
#4180=DIRECTION('center_axis',(0.,0.,1.));
#4181=DIRECTION('ref_axis',(-1.,2.44929359829471E-16,0.));
#4182=DIRECTION('center_axis',(0.,0.,1.));
#4183=DIRECTION('ref_axis',(1.,-2.44929359829471E-16,0.));
#4184=DIRECTION('center_axis',(0.,0.,1.));
#4185=DIRECTION('ref_axis',(1.,-2.44929359829471E-16,0.));
#4186=DIRECTION('center_axis',(0.,0.,1.));
#4187=DIRECTION('ref_axis',(-1.,2.44929359829471E-16,0.));
#4188=DIRECTION('center_axis',(0.,0.,1.));
#4189=DIRECTION('ref_axis',(-1.,2.44929359829471E-16,0.));
#4190=DIRECTION('center_axis',(0.,0.,1.));
#4191=DIRECTION('ref_axis',(-1.,2.44929359829471E-16,0.));
#4192=DIRECTION('center_axis',(0.,0.,1.));
#4193=DIRECTION('ref_axis',(1.,-2.44929359829471E-16,0.));
#4194=DIRECTION('center_axis',(0.,0.,1.));
#4195=DIRECTION('ref_axis',(1.,-2.44929359829471E-16,0.));
#4196=DIRECTION('',(0.,0.,1.));
#4197=DIRECTION('',(0.,0.,1.));
#4198=DIRECTION('center_axis',(-0.974601983994215,-0.223944128734244,0.));
#4199=DIRECTION('ref_axis',(0.223944128734244,-0.974601983994215,0.));
#4200=DIRECTION('',(0.223944128512389,-0.974601984045193,0.));
#4201=DIRECTION('',(0.223944128512389,-0.974601984045193,0.));
#4202=DIRECTION('',(0.,0.,1.));
#4203=DIRECTION('center_axis',(0.,0.,1.));
#4204=DIRECTION('ref_axis',(0.737429672838622,0.675423924374258,0.));
#4205=DIRECTION('center_axis',(0.,0.,-1.));
#4206=DIRECTION('ref_axis',(0.99403098635551,-0.109098112564301,0.));
#4207=DIRECTION('center_axis',(0.,0.,-1.));
#4208=DIRECTION('ref_axis',(0.99403098635551,-0.109098112564301,0.));
#4209=DIRECTION('',(0.,0.,1.));
#4210=DIRECTION('center_axis',(0.0215965373233458,-0.999766767589142,0.));
#4211=DIRECTION('ref_axis',(0.999766767589142,0.0215965373233458,0.));
#4212=DIRECTION('',(0.999766767589142,0.0215965373233511,0.));
#4213=DIRECTION('',(0.999766767589142,0.0215965373233511,0.));
#4214=DIRECTION('',(0.,0.,1.));
#4215=DIRECTION('center_axis',(-1.,-2.06234718927372E-14,0.));
#4216=DIRECTION('ref_axis',(2.06234718927372E-14,-1.,0.));
#4217=DIRECTION('',(6.7112043910258E-15,-1.,0.));
#4218=DIRECTION('',(6.7112043910258E-15,-1.,0.));
#4219=DIRECTION('',(0.,0.,1.));
#4220=DIRECTION('center_axis',(0.0734846769093146,0.997296346257988,0.));
#4221=DIRECTION('ref_axis',(-0.997296346257988,0.0734846769093146,0.));
#4222=DIRECTION('',(-0.997296346268179,0.0734846767710124,0.));
#4223=DIRECTION('',(-0.997296346268179,0.0734846767710124,0.));
#4224=DIRECTION('',(0.,0.,1.));
#4225=DIRECTION('center_axis',(0.,0.,-1.));
#4226=DIRECTION('ref_axis',(0.621422870526003,0.783475344849614,0.));
#4227=DIRECTION('center_axis',(0.,0.,1.));
#4228=DIRECTION('ref_axis',(0.0734846771086529,0.9972963462433,0.));
#4229=DIRECTION('center_axis',(0.,0.,1.));
#4230=DIRECTION('ref_axis',(0.0734846771086529,0.9972963462433,0.));
#4231=DIRECTION('',(0.,0.,1.));
#4232=DIRECTION('center_axis',(0.975692302977221,0.219144997458322,0.));
#4233=DIRECTION('ref_axis',(-0.219144997458322,0.975692302977221,0.));
#4234=DIRECTION('',(-0.219144997410661,0.975692302987925,0.));
#4235=DIRECTION('',(-0.219144997410661,0.975692302987925,0.));
#4236=DIRECTION('',(0.,0.,1.));
#4237=DIRECTION('',(0.,0.,1.));
#4238=DIRECTION('center_axis',(0.900694644174759,0.434452710838481,0.));
#4239=DIRECTION('ref_axis',(-0.434452710838481,0.900694644174759,0.));
#4240=DIRECTION('',(-0.434452710838481,0.900694644174759,0.));
#4241=DIRECTION('',(-0.434452710838481,0.900694644174759,0.));
#4242=DIRECTION('center_axis',(0.,0.,1.));
#4243=DIRECTION('ref_axis',(1.,-2.44929359829471E-16,0.));
#4244=DIRECTION('center_axis',(0.,0.,1.));
#4245=DIRECTION('ref_axis',(1.,-2.44929359829471E-16,0.));
#4246=DIRECTION('center_axis',(1.,-1.77715628104128E-16,0.));
#4247=DIRECTION('ref_axis',(1.77715628104128E-16,1.,0.));
#4248=DIRECTION('',(2.2252478258769E-16,1.,0.));
#4249=DIRECTION('',(0.,0.,1.));
#4250=DIRECTION('',(2.2252478258769E-16,1.,0.));
#4251=DIRECTION('',(0.,0.,1.));
#4252=DIRECTION('center_axis',(9.41910164806927E-15,-1.,0.));
#4253=DIRECTION('ref_axis',(1.,9.41910164806927E-15,0.));
#4254=DIRECTION('',(1.,2.97641430947011E-15,0.));
#4255=DIRECTION('',(1.,2.97641430947011E-15,0.));
#4256=DIRECTION('',(0.,0.,1.));
#4257=DIRECTION('center_axis',(-1.,-2.75790764382765E-10,0.));
#4258=DIRECTION('ref_axis',(2.75790764382765E-10,-1.,0.));
#4259=DIRECTION('',(9.19300915215859E-11,-1.,0.));
#4260=DIRECTION('',(9.19300915215859E-11,-1.,0.));
#4261=DIRECTION('',(0.,0.,1.));
#4262=DIRECTION('',(0.,0.,1.));
#4263=DIRECTION('center_axis',(1.,-8.49956557093146E-16,0.));
#4264=DIRECTION('ref_axis',(8.49956557093146E-16,1.,0.));
#4265=DIRECTION('',(4.46605092250696E-16,1.,0.));
#4266=DIRECTION('',(4.46605092250696E-16,1.,0.));
#4267=DIRECTION('',(0.,0.,1.));
#4268=DIRECTION('center_axis',(-9.74525785141911E-15,-1.,0.));
#4269=DIRECTION('ref_axis',(1.,-9.74525785141911E-15,0.));
#4270=DIRECTION('',(1.,-3.41170552369268E-15,0.));
#4271=DIRECTION('',(1.,-3.41170552369268E-15,0.));
#4272=DIRECTION('',(0.,0.,1.));
#4273=DIRECTION('center_axis',(-1.,6.95053499784568E-16,0.));
#4274=DIRECTION('ref_axis',(-6.95053499784568E-16,-1.,0.));
#4275=DIRECTION('',(-3.94970739814503E-16,-1.,0.));
#4276=DIRECTION('',(-3.94970739814503E-16,-1.,0.));
#4277=DIRECTION('',(0.,0.,1.));
#4278=DIRECTION('center_axis',(2.44929359829471E-16,1.,0.));
#4279=DIRECTION('ref_axis',(-1.,2.44929359829471E-16,0.));
#4280=DIRECTION('',(-1.,2.44929359829471E-16,0.));
#4281=DIRECTION('',(-1.,2.44929359829471E-16,0.));
#4282=DIRECTION('',(0.,0.,1.));
#4283=DIRECTION('center_axis',(1.,-2.03493790656369E-9,0.));
#4284=DIRECTION('ref_axis',(2.03493790656369E-9,1.,0.));
#4285=DIRECTION('',(6.7831279925057E-10,1.,0.));
#4286=DIRECTION('',(6.7831279925057E-10,1.,0.));
#4287=DIRECTION('',(0.,0.,1.));
#4288=DIRECTION('center_axis',(0.,0.,1.));
#4289=DIRECTION('ref_axis',(1.,-2.44929359829471E-16,0.));
#4290=DIRECTION('center_axis',(0.,0.,1.));
#4291=DIRECTION('ref_axis',(1.,-2.44929359829471E-16,0.));
#4292=DIRECTION('center_axis',(1.,1.9059100553815E-15,0.));
#4293=DIRECTION('ref_axis',(-1.9059100553815E-15,1.,0.));
#4294=DIRECTION('',(-4.72017111907519E-16,1.,0.));
#4295=DIRECTION('',(0.,0.,1.));
#4296=DIRECTION('',(-4.72017111907519E-16,1.,0.));
#4297=DIRECTION('',(0.,0.,1.));
#4298=DIRECTION('center_axis',(9.41910164806896E-15,-1.,0.));
#4299=DIRECTION('ref_axis',(1.,9.41910164806896E-15,0.));
#4300=DIRECTION('',(1.,2.97641430947002E-15,0.));
#4301=DIRECTION('',(1.,2.97641430947002E-15,0.));
#4302=DIRECTION('',(0.,0.,1.));
#4303=DIRECTION('center_axis',(-1.,-4.38390484008498E-10,0.));
#4304=DIRECTION('ref_axis',(4.38390484008498E-10,-1.,0.));
#4305=DIRECTION('',(1.46129998020222E-10,-1.,0.));
#4306=DIRECTION('',(1.46129998020222E-10,-1.,0.));
#4307=DIRECTION('',(0.,0.,1.));
#4308=DIRECTION('',(0.,0.,1.));
#4309=DIRECTION('center_axis',(1.,-2.44929359829471E-16,0.));
#4310=DIRECTION('ref_axis',(2.44929359829471E-16,1.,0.));
#4311=DIRECTION('',(2.44929359829471E-16,1.,0.));
#4312=DIRECTION('',(2.44929359829471E-16,1.,0.));
#4313=DIRECTION('',(0.,0.,1.));
#4314=DIRECTION('center_axis',(-9.7452578397918E-15,-1.,0.));
#4315=DIRECTION('ref_axis',(1.,-9.7452578397918E-15,0.));
#4316=DIRECTION('',(1.,-3.41170551981692E-15,0.));
#4317=DIRECTION('',(1.,-3.41170551981692E-15,0.));
#4318=DIRECTION('',(0.,0.,1.));
#4319=DIRECTION('center_axis',(-1.,2.44929359829471E-16,0.));
#4320=DIRECTION('ref_axis',(-2.44929359829471E-16,-1.,0.));
#4321=DIRECTION('',(-2.44929359829471E-16,-1.,0.));
#4322=DIRECTION('',(-2.44929359829471E-16,-1.,0.));
#4323=DIRECTION('',(0.,0.,1.));
#4324=DIRECTION('center_axis',(9.7452578397918E-15,1.,0.));
#4325=DIRECTION('ref_axis',(-1.,9.7452578397918E-15,0.));
#4326=DIRECTION('',(-1.,3.41170551981692E-15,0.));
#4327=DIRECTION('',(-1.,3.41170551981692E-15,0.));
#4328=DIRECTION('',(0.,0.,1.));
#4329=DIRECTION('center_axis',(1.,-3.46566583881634E-9,0.));
#4330=DIRECTION('ref_axis',(3.46566583881634E-9,1.,0.));
#4331=DIRECTION('',(1.15522210746009E-9,1.,0.));
#4332=DIRECTION('',(1.15522210746009E-9,1.,0.));
#4333=DIRECTION('',(0.,0.,1.));
#4334=DIRECTION('center_axis',(0.,0.,1.));
#4335=DIRECTION('ref_axis',(1.,-2.44929359829471E-16,0.));
#4336=DIRECTION('center_axis',(0.,0.,1.));
#4337=DIRECTION('ref_axis',(1.,-2.44929359829471E-16,0.));
#4338=DIRECTION('',(0.,0.,1.));
#4339=DIRECTION('',(0.,0.,1.));
#4340=DIRECTION('center_axis',(1.,-4.5466081902514E-15,0.));
#4341=DIRECTION('ref_axis',(4.5466081902514E-15,1.,0.));
#4342=DIRECTION('',(1.67882230330345E-15,1.,0.));
#4343=DIRECTION('',(1.67882230330345E-15,1.,0.));
#4344=DIRECTION('',(0.,0.,1.));
#4345=DIRECTION('center_axis',(9.41910164806952E-15,-1.,0.));
#4346=DIRECTION('ref_axis',(1.,9.41910164806952E-15,0.));
#4347=DIRECTION('',(1.,2.97641430947017E-15,0.));
#4348=DIRECTION('',(1.,2.97641430947017E-15,0.));
#4349=DIRECTION('',(0.,0.,1.));
#4350=DIRECTION('center_axis',(-1.,-7.19601567632131E-11,0.));
#4351=DIRECTION('ref_axis',(7.19601567632131E-11,-1.,0.));
#4352=DIRECTION('',(2.39865556299554E-11,-1.,0.));
#4353=DIRECTION('',(2.39865556299554E-11,-1.,0.));
#4354=DIRECTION('',(0.,0.,1.));
#4355=DIRECTION('',(0.,0.,1.));
#4356=DIRECTION('center_axis',(1.,-2.44929359829471E-16,0.));
#4357=DIRECTION('ref_axis',(2.44929359829471E-16,1.,0.));
#4358=DIRECTION('',(2.44929359829471E-16,1.,0.));
#4359=DIRECTION('',(2.44929359829471E-16,1.,0.));
#4360=DIRECTION('',(0.,0.,1.));
#4361=DIRECTION('center_axis',(-9.74525785141934E-15,-1.,0.));
#4362=DIRECTION('ref_axis',(1.,-9.74525785141934E-15,0.));
#4363=DIRECTION('',(1.,-3.41170552369276E-15,0.));
#4364=DIRECTION('',(1.,-3.41170552369276E-15,0.));
#4365=DIRECTION('',(0.,0.,1.));
#4366=DIRECTION('center_axis',(-1.,2.44929359829471E-16,0.));
#4367=DIRECTION('ref_axis',(-2.44929359829471E-16,-1.,0.));
#4368=DIRECTION('',(-2.44929359829471E-16,-1.,0.));
#4369=DIRECTION('',(-2.44929359829471E-16,-1.,0.));
#4370=DIRECTION('',(0.,0.,1.));
#4371=DIRECTION('center_axis',(9.74525785141934E-15,1.,0.));
#4372=DIRECTION('ref_axis',(-1.,9.74525785141934E-15,0.));
#4373=DIRECTION('',(-1.,3.41170552369276E-15,0.));
#4374=DIRECTION('',(-1.,3.41170552369276E-15,0.));
#4375=DIRECTION('',(0.,0.,1.));
#4376=DIRECTION('center_axis',(1.,-2.44929359829471E-16,0.));
#4377=DIRECTION('ref_axis',(2.44929359829471E-16,1.,0.));
#4378=DIRECTION('',(2.44929359829471E-16,1.,0.));
#4379=DIRECTION('',(2.44929359829471E-16,1.,0.));
#4380=DIRECTION('center_axis',(0.,0.,1.));
#4381=DIRECTION('ref_axis',(1.,-2.44929359829471E-16,0.));
#4382=DIRECTION('center_axis',(0.,0.,1.));
#4383=DIRECTION('ref_axis',(1.,-2.44929359829471E-16,0.));
#4384=DIRECTION('',(0.,0.,1.));
#4385=DIRECTION('',(0.,0.,1.));
#4386=DIRECTION('center_axis',(1.,-1.63284826181236E-9,0.));
#4387=DIRECTION('ref_axis',(1.63284826181236E-9,1.,0.));
#4388=DIRECTION('',(5.44282916934303E-10,1.,0.));
#4389=DIRECTION('',(5.44282916934303E-10,1.,0.));
#4390=DIRECTION('',(0.,0.,1.));
#4391=DIRECTION('',(0.,0.,1.));
#4392=DIRECTION('center_axis',(1.,-2.44929359829471E-16,0.));
#4393=DIRECTION('ref_axis',(2.44929359829471E-16,1.,0.));
#4394=DIRECTION('',(2.44929359829471E-16,1.,0.));
#4395=DIRECTION('',(2.44929359829471E-16,1.,0.));
#4396=DIRECTION('',(0.,0.,1.));
#4397=DIRECTION('center_axis',(1.25043404121363E-14,1.,0.));
#4398=DIRECTION('ref_axis',(-1.,1.25043404121363E-14,0.));
#4399=DIRECTION('',(-1.,4.33139971059842E-15,0.));
#4400=DIRECTION('',(-1.,4.33139971059842E-15,0.));
#4401=DIRECTION('',(0.,0.,1.));
#4402=DIRECTION('center_axis',(1.,-2.44929359829471E-16,0.));
#4403=DIRECTION('ref_axis',(2.44929359829471E-16,1.,0.));
#4404=DIRECTION('',(2.44929359829471E-16,1.,0.));
#4405=DIRECTION('',(2.44929359829471E-16,1.,0.));
#4406=DIRECTION('',(0.,0.,1.));
#4407=DIRECTION('center_axis',(1.20144816924774E-14,-1.,0.));
#4408=DIRECTION('ref_axis',(1.,1.20144816924774E-14,0.));
#4409=DIRECTION('',(1.,3.84154099093948E-15,0.));
#4410=DIRECTION('',(1.,3.84154099093948E-15,0.));
#4411=DIRECTION('',(0.,0.,1.));
#4412=DIRECTION('center_axis',(1.,-2.44929359829471E-16,0.));
#4413=DIRECTION('ref_axis',(2.44929359829471E-16,1.,0.));
#4414=DIRECTION('',(2.44929359829471E-16,1.,0.));
#4415=DIRECTION('',(2.44929359829471E-16,1.,0.));
#4416=DIRECTION('',(0.,0.,1.));
#4417=DIRECTION('center_axis',(-9.71134350192248E-15,-1.,0.));
#4418=DIRECTION('ref_axis',(1.,-9.71134350192248E-15,0.));
#4419=DIRECTION('',(1.,-3.40040074052714E-15,0.));
#4420=DIRECTION('',(1.,-3.40040074052714E-15,0.));
#4421=DIRECTION('',(0.,0.,1.));
#4422=DIRECTION('center_axis',(-1.,1.12822862202681E-16,0.));
#4423=DIRECTION('ref_axis',(-1.12822862202681E-16,-1.,0.));
#4424=DIRECTION('',(-2.00893860620541E-16,-1.,0.));
#4425=DIRECTION('',(-2.00893860620541E-16,-1.,0.));
#4426=DIRECTION('',(0.,0.,1.));
#4427=DIRECTION('center_axis',(-9.23196481279643E-15,-1.,0.));
#4428=DIRECTION('ref_axis',(1.,-9.23196481279643E-15,0.));
#4429=DIRECTION('',(1.,-3.24060784415179E-15,0.));
#4430=DIRECTION('',(1.,-3.24060784415179E-15,0.));
#4431=DIRECTION('',(0.,0.,1.));
#4432=DIRECTION('center_axis',(-1.,1.39495827185062E-15,0.));
#4433=DIRECTION('ref_axis',(-1.39495827185062E-15,-1.,0.));
#4434=DIRECTION('',(-6.28272330503186E-16,-1.,0.));
#4435=DIRECTION('',(-6.28272330503186E-16,-1.,0.));
#4436=DIRECTION('',(0.,0.,1.));
#4437=DIRECTION('center_axis',(2.72060357187304E-14,1.,0.));
#4438=DIRECTION('ref_axis',(-1.,2.72060357187304E-14,0.));
#4439=DIRECTION('',(-1.,9.23196481279643E-15,0.));
#4440=DIRECTION('',(-1.,9.23196481279643E-15,0.));
#4441=DIRECTION('',(0.,0.,1.));
#4442=DIRECTION('center_axis',(-1.,2.44929359829471E-16,0.));
#4443=DIRECTION('ref_axis',(-2.44929359829471E-16,-1.,0.));
#4444=DIRECTION('',(-2.44929359829471E-16,-1.,0.));
#4445=DIRECTION('',(-2.44929359829471E-16,-1.,0.));
#4446=DIRECTION('center_axis',(0.,0.,1.));
#4447=DIRECTION('ref_axis',(1.,-2.44929359829471E-16,0.));
#4448=DIRECTION('center_axis',(0.,0.,1.));
#4449=DIRECTION('ref_axis',(1.,-2.44929359829471E-16,0.));
#4450=DIRECTION('center_axis',(1.,2.12340936567192E-14,0.));
#4451=DIRECTION('ref_axis',(-2.12340936567192E-14,1.,0.));
#4452=DIRECTION('',(-2.12340936567192E-14,1.,0.));
#4453=DIRECTION('',(0.,0.,1.));
#4454=DIRECTION('',(2.12340936567192E-14,-1.,0.));
#4455=DIRECTION('',(0.,0.,1.));
#4456=DIRECTION('center_axis',(-2.44929359829471E-16,-1.,0.));
#4457=DIRECTION('ref_axis',(1.,-2.44929359829471E-16,0.));
#4458=DIRECTION('',(1.,-2.44929359829471E-16,0.));
#4459=DIRECTION('',(0.,0.,1.));
#4460=DIRECTION('',(-1.,2.44929359829471E-16,0.));
#4461=DIRECTION('center_axis',(-1.,-3.64950071826766E-12,0.));
#4462=DIRECTION('ref_axis',(3.64950071826766E-12,-1.,0.));
#4463=DIRECTION('',(3.64950071826766E-12,-1.,0.));
#4464=DIRECTION('',(0.,0.,1.));
#4465=DIRECTION('',(-3.64950071826766E-12,1.,0.));
#4466=DIRECTION('',(0.,0.,1.));
#4467=DIRECTION('',(0.,0.,1.));
#4468=DIRECTION('center_axis',(2.44929359829471E-16,1.,0.));
#4469=DIRECTION('ref_axis',(-1.,2.44929359829471E-16,0.));
#4470=DIRECTION('',(-1.,2.44929359829471E-16,0.));
#4471=DIRECTION('',(-1.,2.44929359829471E-16,0.));
#4472=DIRECTION('',(0.,0.,1.));
#4473=DIRECTION('center_axis',(1.,-9.63367338502291E-10,0.));
#4474=DIRECTION('ref_axis',(9.63367338502291E-10,1.,0.));
#4475=DIRECTION('',(2.44929359829471E-16,1.,0.));
#4476=DIRECTION('',(2.44929359829471E-16,1.,0.));
#4477=DIRECTION('',(0.,0.,1.));
#4478=DIRECTION('',(0.,0.,1.));
#4479=DIRECTION('center_axis',(-1.,-1.29447310735979E-10,0.));
#4480=DIRECTION('ref_axis',(1.29447310735979E-10,-1.,0.));
#4481=DIRECTION('',(4.3148940318252E-11,-1.,0.));
#4482=DIRECTION('',(4.3148940318252E-11,-1.,0.));
#4483=DIRECTION('',(0.,0.,1.));
#4484=DIRECTION('',(0.,0.,1.));
#4485=DIRECTION('center_axis',(1.,-2.44929359829471E-16,0.));
#4486=DIRECTION('ref_axis',(2.44929359829471E-16,1.,0.));
#4487=DIRECTION('',(2.44929359829471E-16,1.,0.));
#4488=DIRECTION('',(2.44929359829471E-16,1.,0.));
#4489=DIRECTION('',(0.,0.,1.));
#4490=DIRECTION('center_axis',(3.59718483631546E-15,-1.,0.));
#4491=DIRECTION('ref_axis',(1.,3.59718483631546E-15,0.));
#4492=DIRECTION('',(1.,1.03577537221884E-15,0.));
#4493=DIRECTION('',(1.,1.03577537221884E-15,0.));
#4494=DIRECTION('',(0.,0.,1.));
#4495=DIRECTION('center_axis',(1.,-2.44929359829471E-16,0.));
#4496=DIRECTION('ref_axis',(2.44929359829471E-16,1.,0.));
#4497=DIRECTION('',(2.44929359829471E-16,1.,0.));
#4498=DIRECTION('',(2.44929359829471E-16,1.,0.));
#4499=DIRECTION('center_axis',(0.,0.,1.));
#4500=DIRECTION('ref_axis',(1.,-2.44929359829471E-16,0.));
#4501=DIRECTION('center_axis',(0.,0.,1.));
#4502=DIRECTION('ref_axis',(1.,-2.44929359829471E-16,0.));
#4503=DIRECTION('',(0.,0.,1.));
#4504=DIRECTION('',(0.,0.,1.));
#4505=DIRECTION('center_axis',(1.,6.00797758960428E-11,0.));
#4506=DIRECTION('ref_axis',(-6.00797758960428E-11,1.,0.));
#4507=DIRECTION('',(-6.00797758960428E-11,1.,0.));
#4508=DIRECTION('',(0.,0.,1.));
#4509=DIRECTION('',(6.00797758960428E-11,-1.,0.));
#4510=DIRECTION('',(0.,0.,1.));
#4511=DIRECTION('center_axis',(-1.,2.44929359829471E-16,0.));
#4512=DIRECTION('ref_axis',(-2.44929359829471E-16,-1.,0.));
#4513=DIRECTION('',(-2.44929359829471E-16,-1.,0.));
#4514=DIRECTION('',(2.44929359829471E-16,1.,0.));
#4515=DIRECTION('',(0.,0.,1.));
#4516=DIRECTION('',(0.,0.,1.));
#4517=DIRECTION('center_axis',(-1.,-6.07065345555168E-11,0.));
#4518=DIRECTION('ref_axis',(6.07065345555168E-11,-1.,0.));
#4519=DIRECTION('',(2.0235348225976E-11,-1.,0.));
#4520=DIRECTION('',(2.0235348225976E-11,-1.,0.));
#4521=DIRECTION('',(0.,0.,1.));
#4522=DIRECTION('',(0.,0.,1.));
#4523=DIRECTION('center_axis',(1.,-2.44929359829471E-16,0.));
#4524=DIRECTION('ref_axis',(2.44929359829471E-16,1.,0.));
#4525=DIRECTION('',(2.44929359829471E-16,1.,0.));
#4526=DIRECTION('',(2.44929359829471E-16,1.,0.));
#4527=DIRECTION('center_axis',(0.,0.,1.));
#4528=DIRECTION('ref_axis',(1.,-2.44929359829471E-16,0.));
#4529=DIRECTION('center_axis',(0.,0.,1.));
#4530=DIRECTION('ref_axis',(1.,-2.44929359829471E-16,0.));
#4531=DIRECTION('center_axis',(1.,0.,0.));
#4532=DIRECTION('ref_axis',(0.,1.,0.));
#4533=DIRECTION('',(0.,-1.,0.));
#4534=DIRECTION('',(0.,0.,1.));
#4535=DIRECTION('',(0.,1.,0.));
#4536=DIRECTION('',(0.,0.,1.));
#4537=DIRECTION('center_axis',(0.,-1.,0.));
#4538=DIRECTION('ref_axis',(1.,0.,0.));
#4539=DIRECTION('',(-1.,0.,0.));
#4540=DIRECTION('',(1.,0.,0.));
#4541=DIRECTION('',(0.,0.,1.));
#4542=DIRECTION('center_axis',(-1.,0.,0.));
#4543=DIRECTION('ref_axis',(0.,-1.,0.));
#4544=DIRECTION('',(0.,1.,0.));
#4545=DIRECTION('',(0.,-1.,0.));
#4546=DIRECTION('',(0.,0.,1.));
#4547=DIRECTION('center_axis',(0.,1.,0.));
#4548=DIRECTION('ref_axis',(-1.,0.,0.));
#4549=DIRECTION('',(1.,0.,0.));
#4550=DIRECTION('',(-1.,0.,0.));
#4551=DIRECTION('center_axis',(0.,0.,1.));
#4552=DIRECTION('ref_axis',(1.,0.,0.));
#4553=DIRECTION('center_axis',(0.,0.,1.));
#4554=DIRECTION('ref_axis',(1.,0.,0.));
#4555=CARTESIAN_POINT('',(0.,0.,0.));
#4556=CARTESIAN_POINT('Origin',(0.265,0.725,8.67361737988404E-18));
#4557=CARTESIAN_POINT('',(0.265,0.725,8.67361737988404E-18));
#4558=CARTESIAN_POINT('',(0.265,1.455,8.67361737988404E-18));
#4559=CARTESIAN_POINT('',(0.265,0.3625,0.));
#4560=CARTESIAN_POINT('',(0.265,0.725,0.02));
#4561=CARTESIAN_POINT('',(0.265,0.725,8.67361737988404E-18));
#4562=CARTESIAN_POINT('',(0.265,1.455,0.02));
#4563=CARTESIAN_POINT('',(0.265,1.455,0.02));
#4564=CARTESIAN_POINT('',(0.265,1.455,8.67361737988404E-18));
#4565=CARTESIAN_POINT('Origin',(-0.265,0.725,8.67361737988404E-18));
#4566=CARTESIAN_POINT('',(-0.265,0.725,8.67361737988404E-18));
#4567=CARTESIAN_POINT('',(-0.1325,0.725,0.));
#4568=CARTESIAN_POINT('',(-0.265,0.725,0.02));
#4569=CARTESIAN_POINT('',(-0.265,0.725,8.67361737988404E-18));
#4570=CARTESIAN_POINT('',(0.265,0.725,0.02));
#4571=CARTESIAN_POINT('Origin',(-0.265,1.455,8.67361737988404E-18));
#4572=CARTESIAN_POINT('',(-0.265,1.455,8.67361737988404E-18));
#4573=CARTESIAN_POINT('',(-0.265,0.7275,0.));
#4574=CARTESIAN_POINT('',(-0.265,1.455,0.02));
#4575=CARTESIAN_POINT('',(-0.265,1.455,8.67361737988404E-18));
#4576=CARTESIAN_POINT('',(-0.265,0.725,0.02));
#4577=CARTESIAN_POINT('Origin',(0.265,1.455,8.67361737988404E-18));
#4578=CARTESIAN_POINT('',(0.1325,1.455,0.));
#4579=CARTESIAN_POINT('',(-0.265,1.455,0.02));
#4580=CARTESIAN_POINT('Origin',(3.37403716077489E-16,1.09,0.02));
#4581=CARTESIAN_POINT('Origin',(-0.51,0.725,0.));
#4582=CARTESIAN_POINT('',(-0.51,0.725,0.));
#4583=CARTESIAN_POINT('',(-0.51,1.455,0.));
#4584=CARTESIAN_POINT('',(-0.51,0.3625,0.));
#4585=CARTESIAN_POINT('',(-0.51,0.725,0.02));
#4586=CARTESIAN_POINT('',(-0.51,0.725,0.));
#4587=CARTESIAN_POINT('',(-0.51,1.455,0.02));
#4588=CARTESIAN_POINT('',(-0.51,1.455,0.02));
#4589=CARTESIAN_POINT('',(-0.51,1.455,0.));
#4590=CARTESIAN_POINT('Origin',(-1.04,0.725,0.));
#4591=CARTESIAN_POINT('',(-1.04,0.725,0.));
#4592=CARTESIAN_POINT('',(-0.52,0.725,0.));
#4593=CARTESIAN_POINT('',(-1.04,0.725,0.02));
#4594=CARTESIAN_POINT('',(-1.04,0.725,0.));
#4595=CARTESIAN_POINT('',(-0.51,0.725,0.02));
#4596=CARTESIAN_POINT('Origin',(-1.04,1.325,0.));
#4597=CARTESIAN_POINT('',(-1.04,1.325,0.));
#4598=CARTESIAN_POINT('',(-1.04,0.6625,0.));
#4599=CARTESIAN_POINT('',(-1.04,1.325,0.02));
#4600=CARTESIAN_POINT('',(-1.04,1.325,0.));
#4601=CARTESIAN_POINT('',(-1.04,0.725,0.02));
#4602=CARTESIAN_POINT('Origin',(-0.91,1.455,0.));
#4603=CARTESIAN_POINT('',(-0.91,1.455,0.));
#4604=CARTESIAN_POINT('',(-1.04625,1.31875,0.));
#4605=CARTESIAN_POINT('',(-0.91,1.455,0.02));
#4606=CARTESIAN_POINT('',(-0.91,1.455,0.));
#4607=CARTESIAN_POINT('',(-1.04,1.325,0.02));
#4608=CARTESIAN_POINT('Origin',(-0.51,1.455,0.));
#4609=CARTESIAN_POINT('',(-0.255,1.455,0.));
#4610=CARTESIAN_POINT('',(-0.91,1.455,0.02));
#4611=CARTESIAN_POINT('Origin',(-0.765310178998966,1.07719409959169,0.02));
#4612=CARTESIAN_POINT('Origin',(1.04,1.325,0.));
#4613=CARTESIAN_POINT('',(1.04,1.325,0.));
#4614=CARTESIAN_POINT('',(0.91,1.455,0.));
#4615=CARTESIAN_POINT('',(1.11125,1.25375,0.));
#4616=CARTESIAN_POINT('',(1.04,1.325,0.02));
#4617=CARTESIAN_POINT('',(1.04,1.325,0.));
#4618=CARTESIAN_POINT('',(0.91,1.455,0.02));
#4619=CARTESIAN_POINT('',(0.91,1.455,0.02));
#4620=CARTESIAN_POINT('',(0.91,1.455,0.));
#4621=CARTESIAN_POINT('Origin',(1.04,0.725,0.));
#4622=CARTESIAN_POINT('',(1.04,0.725,0.));
#4623=CARTESIAN_POINT('',(1.04,0.3625,0.));
#4624=CARTESIAN_POINT('',(1.04,0.725,0.02));
#4625=CARTESIAN_POINT('',(1.04,0.725,0.));
#4626=CARTESIAN_POINT('',(1.04,1.325,0.02));
#4627=CARTESIAN_POINT('Origin',(0.51,0.725,0.));
#4628=CARTESIAN_POINT('',(0.51,0.725,0.));
#4629=CARTESIAN_POINT('',(0.255,0.725,0.));
#4630=CARTESIAN_POINT('',(0.51,0.725,0.02));
#4631=CARTESIAN_POINT('',(0.51,0.725,0.));
#4632=CARTESIAN_POINT('',(1.04,0.725,0.02));
#4633=CARTESIAN_POINT('Origin',(0.51,1.455,0.));
#4634=CARTESIAN_POINT('',(0.51,1.455,0.));
#4635=CARTESIAN_POINT('',(0.51,0.7275,0.));
#4636=CARTESIAN_POINT('',(0.51,1.455,0.02));
#4637=CARTESIAN_POINT('',(0.51,1.455,0.));
#4638=CARTESIAN_POINT('',(0.51,0.725,0.02));
#4639=CARTESIAN_POINT('Origin',(0.91,1.455,0.));
#4640=CARTESIAN_POINT('',(0.455,1.455,0.));
#4641=CARTESIAN_POINT('',(0.51,1.455,0.02));
#4642=CARTESIAN_POINT('Origin',(0.765310178998966,1.07719409959169,0.02));
#4643=CARTESIAN_POINT('Origin',(-4.44089209850063E-16,-0.574999997000943,
0.));
#4644=CARTESIAN_POINT('',(-0.475,-0.574999997000942,0.02));
#4645=CARTESIAN_POINT('Origin',(-4.44089209850063E-16,-0.574999997000943,
0.02));
#4646=CARTESIAN_POINT('',(-0.475,-0.574999997000942,0.));
#4647=CARTESIAN_POINT('Origin',(-4.44089209850063E-16,-0.574999997000943,
0.));
#4648=CARTESIAN_POINT('Origin',(-4.44089209850063E-16,-0.574999997000943,
0.));
#4649=CARTESIAN_POINT('',(-0.775000000000001,-0.574999997000943,0.02));
#4650=CARTESIAN_POINT('Origin',(-4.44089209850063E-16,-0.574999997000943,
0.02));
#4651=CARTESIAN_POINT('',(-0.775000000000001,-0.574999997000943,0.));
#4652=CARTESIAN_POINT('Origin',(-4.44089209850063E-16,-0.574999997000943,
0.));
#4653=CARTESIAN_POINT('Origin',(-3.88428504664702E-16,-0.574999997000943,
0.02));
#4654=CARTESIAN_POINT('Origin',(-4.44089209850063E-16,-0.574999997000943,
0.));
#4655=CARTESIAN_POINT('',(-0.3,-0.574999997000943,0.02));
#4656=CARTESIAN_POINT('Origin',(-4.44089209850063E-16,-0.574999997000943,
0.02));
#4657=CARTESIAN_POINT('',(-0.3,-0.574999997000943,0.));
#4658=CARTESIAN_POINT('Origin',(-4.44089209850063E-16,-0.574999997000943,
0.));
#4659=CARTESIAN_POINT('Origin',(-4.25607828621289E-16,-0.574999997000942,
0.02));
#4660=CARTESIAN_POINT('',(-0.2,-0.574999997000943,0.02));
#4661=CARTESIAN_POINT('Origin',(0.,-0.574999997000943,0.02));
#4662=CARTESIAN_POINT('Origin',(0.,0.,0.));
#4663=CARTESIAN_POINT('',(-1.25,1.675,0.));
#4664=CARTESIAN_POINT('',(1.25,1.675,0.));
#4665=CARTESIAN_POINT('',(-1.25,1.675,0.));
#4666=CARTESIAN_POINT('',(1.25,-1.675,0.));
#4667=CARTESIAN_POINT('',(1.25,1.675,0.));
#4668=CARTESIAN_POINT('',(-1.25,-1.675,0.));
#4669=CARTESIAN_POINT('',(1.25,-1.675,0.));
#4670=CARTESIAN_POINT('',(-1.25,-1.675,0.));
#4671=CARTESIAN_POINT('Origin',(0.,-0.574999997000943,0.25));
#4672=CARTESIAN_POINT('',(-0.2,-0.574999997000943,0.25));
#4673=CARTESIAN_POINT('Origin',(0.,-0.574999997000943,0.25));
#4674=CARTESIAN_POINT('Origin',(1.25,-1.675,0.));
#4675=CARTESIAN_POINT('',(1.25,1.675,0.25));
#4676=CARTESIAN_POINT('',(1.25,1.675,0.));
#4677=CARTESIAN_POINT('',(1.25,-1.675,0.25));
#4678=CARTESIAN_POINT('',(1.25,1.675,0.25));
#4679=CARTESIAN_POINT('',(1.25,-1.675,0.));
#4680=CARTESIAN_POINT('Origin',(-1.25,-1.675,0.));
#4681=CARTESIAN_POINT('',(-1.25,-1.675,0.25));
#4682=CARTESIAN_POINT('',(1.25,-1.675,0.25));
#4683=CARTESIAN_POINT('',(-1.25,-1.675,0.));
#4684=CARTESIAN_POINT('Origin',(-1.25,1.675,0.));
#4685=CARTESIAN_POINT('',(-1.25,1.675,0.25));
#4686=CARTESIAN_POINT('',(-1.25,-1.675,0.25));
#4687=CARTESIAN_POINT('',(-1.25,1.675,0.));
#4688=CARTESIAN_POINT('Origin',(1.25,1.675,0.));
#4689=CARTESIAN_POINT('',(-1.25,1.675,0.25));
#4690=CARTESIAN_POINT('Origin',(0.,0.,0.));
#4691=CARTESIAN_POINT('Origin',(0.,0.,0.25));
#4692=CARTESIAN_POINT('Origin',(-0.87,1.295,0.365));
#4693=CARTESIAN_POINT('',(-0.87,1.55,0.365));
#4694=CARTESIAN_POINT('',(-0.87,1.575,0.34));
#4695=CARTESIAN_POINT('Origin',(-0.87,1.575,0.365));
#4696=CARTESIAN_POINT('',(-1.15,1.295,0.34));
#4697=CARTESIAN_POINT('Origin',(-0.87,1.295,0.34));
#4698=CARTESIAN_POINT('',(-1.125,1.295,0.365));
#4699=CARTESIAN_POINT('Origin',(-1.15,1.295,0.365));
#4700=CARTESIAN_POINT('Origin',(-0.87,1.295,0.365));
#4701=CARTESIAN_POINT('Origin',(0.5625,1.575,0.365));
#4702=CARTESIAN_POINT('',(0.87,1.55,0.365));
#4703=CARTESIAN_POINT('',(0.5625,1.55,0.365));
#4704=CARTESIAN_POINT('',(0.869999999999999,1.575,0.34));
#4705=CARTESIAN_POINT('Origin',(0.87,1.575,0.365));
#4706=CARTESIAN_POINT('',(-1.15,1.575,0.34));
#4707=CARTESIAN_POINT('Origin',(-1.15,0.775,0.365));
#4708=CARTESIAN_POINT('',(-1.15,-1.295,0.34));
#4709=CARTESIAN_POINT('',(-1.125,-1.295,0.365));
#4710=CARTESIAN_POINT('Origin',(-1.15,-1.295,0.365));
#4711=CARTESIAN_POINT('',(-1.125,0.775,0.365));
#4712=CARTESIAN_POINT('',(-1.15,-1.575,0.34));
#4713=CARTESIAN_POINT('Origin',(0.87,1.295,0.365));
#4714=CARTESIAN_POINT('',(1.125,1.295,0.365));
#4715=CARTESIAN_POINT('',(1.15,1.295,0.34));
#4716=CARTESIAN_POINT('Origin',(1.15,1.295,0.365));
#4717=CARTESIAN_POINT('Origin',(0.869999999999999,1.295,0.34));
#4718=CARTESIAN_POINT('Origin',(0.87,1.295,0.365));
#4719=CARTESIAN_POINT('Origin',(-0.87,-1.295,0.365));
#4720=CARTESIAN_POINT('',(-0.87,-1.575,0.34));
#4721=CARTESIAN_POINT('Origin',(-0.87,-1.295,0.34));
#4722=CARTESIAN_POINT('',(-0.87,-1.55,0.365));
#4723=CARTESIAN_POINT('Origin',(-0.87,-1.575,0.365));
#4724=CARTESIAN_POINT('Origin',(-0.87,-1.295,0.365));
#4725=CARTESIAN_POINT('Origin',(1.15,-0.775,0.365));
#4726=CARTESIAN_POINT('',(1.125,-1.295,0.365));
#4727=CARTESIAN_POINT('',(1.125,-0.775,0.365));
#4728=CARTESIAN_POINT('',(1.15,-1.295,0.34));
#4729=CARTESIAN_POINT('Origin',(1.15,-1.295,0.365));
#4730=CARTESIAN_POINT('',(1.15,1.575,0.34));
#4731=CARTESIAN_POINT('Origin',(-0.5625,-1.575,0.365));
#4732=CARTESIAN_POINT('',(0.869999999999999,-1.575,0.34));
#4733=CARTESIAN_POINT('',(0.87,-1.55,0.365));
#4734=CARTESIAN_POINT('Origin',(0.87,-1.575,0.365));
#4735=CARTESIAN_POINT('',(-0.5625,-1.55,0.365));
#4736=CARTESIAN_POINT('',(1.15,-1.575,0.34));
#4737=CARTESIAN_POINT('Origin',(0.87,-1.295,0.365));
#4738=CARTESIAN_POINT('Origin',(0.869999999999999,-1.295,0.34));
#4739=CARTESIAN_POINT('Origin',(0.87,-1.295,0.365));
#4740=CARTESIAN_POINT('Origin',(1.125,-1.55,0.34));
#4741=CARTESIAN_POINT('',(1.125,1.295,0.81));
#4742=CARTESIAN_POINT('',(1.125,1.295,0.34));
#4743=CARTESIAN_POINT('',(1.125,-1.295,0.81));
#4744=CARTESIAN_POINT('',(1.125,-0.775,0.81));
#4745=CARTESIAN_POINT('',(1.125,-1.295,0.34));
#4746=CARTESIAN_POINT('Origin',(0.87,1.295,0.34));
#4747=CARTESIAN_POINT('',(0.87,1.55,0.81));
#4748=CARTESIAN_POINT('',(0.87,1.55,0.34));
#4749=CARTESIAN_POINT('Origin',(0.87,1.295,0.81));
#4750=CARTESIAN_POINT('Origin',(1.125,1.55,0.34));
#4751=CARTESIAN_POINT('',(-0.87,1.55,0.81));
#4752=CARTESIAN_POINT('',(-0.87,1.55,0.34));
#4753=CARTESIAN_POINT('',(0.5625,1.55,0.81));
#4754=CARTESIAN_POINT('Origin',(-0.87,1.295,0.34));
#4755=CARTESIAN_POINT('',(-1.125,1.295,0.81));
#4756=CARTESIAN_POINT('',(-1.125,1.295,0.34));
#4757=CARTESIAN_POINT('Origin',(-0.87,1.295,0.81));
#4758=CARTESIAN_POINT('Origin',(0.869999999999999,1.295,0.24));
#4759=CARTESIAN_POINT('',(1.15,1.295,0.24));
#4760=CARTESIAN_POINT('',(1.15,1.295,0.24));
#4761=CARTESIAN_POINT('',(0.869999999999999,1.575,0.24));
#4762=CARTESIAN_POINT('Origin',(0.869999999999999,1.295,0.24));
#4763=CARTESIAN_POINT('',(0.869999999999999,1.575,0.24));
#4764=CARTESIAN_POINT('Origin',(1.15,1.575,0.24));
#4765=CARTESIAN_POINT('',(-0.87,1.575,0.24));
#4766=CARTESIAN_POINT('',(-1.15,1.575,0.24));
#4767=CARTESIAN_POINT('',(-0.87,1.575,0.24));
#4768=CARTESIAN_POINT('Origin',(-4.88905552128509E-16,0.,0.24));
#4769=CARTESIAN_POINT('',(1.15,-1.295,0.24));
#4770=CARTESIAN_POINT('',(1.15,1.575,0.24));
#4771=CARTESIAN_POINT('',(0.869999999999999,-1.575,0.24));
#4772=CARTESIAN_POINT('Origin',(0.869999999999999,-1.295,0.24));
#4773=CARTESIAN_POINT('',(-0.87,-1.575,0.24));
#4774=CARTESIAN_POINT('',(1.15,-1.575,0.24));
#4775=CARTESIAN_POINT('',(-1.15,-1.295,0.24));
#4776=CARTESIAN_POINT('Origin',(-0.87,-1.295,0.24));
#4777=CARTESIAN_POINT('',(-1.15,1.295,0.24));
#4778=CARTESIAN_POINT('',(-1.15,-1.575,0.24));
#4779=CARTESIAN_POINT('Origin',(-0.87,1.295,0.24));
#4780=CARTESIAN_POINT('Origin',(0.869999999999999,-1.295,0.24));
#4781=CARTESIAN_POINT('',(0.869999999999999,-1.575,0.24));
#4782=CARTESIAN_POINT('',(1.15,-1.295,0.24));
#4783=CARTESIAN_POINT('Origin',(-1.15,-1.575,0.24));
#4784=CARTESIAN_POINT('',(-0.87,-1.575,0.24));
#4785=CARTESIAN_POINT('Origin',(-0.87,-1.295,0.24));
#4786=CARTESIAN_POINT('',(-1.15,-1.295,0.24));
#4787=CARTESIAN_POINT('Origin',(-0.87,1.295,0.24));
#4788=CARTESIAN_POINT('',(-1.15,1.295,0.24));
#4789=CARTESIAN_POINT('Origin',(1.15,-1.575,0.24));
#4790=CARTESIAN_POINT('Origin',(-1.15,1.575,0.24));
#4791=CARTESIAN_POINT('Origin',(-0.875,0.775,0.81));
#4792=CARTESIAN_POINT('',(-0.875,1.295,1.06));
#4793=CARTESIAN_POINT('Origin',(-0.875,1.295,0.81));
#4794=CARTESIAN_POINT('',(-1.125,-1.295,0.81));
#4795=CARTESIAN_POINT('',(-1.125,0.775,0.81));
#4796=CARTESIAN_POINT('',(-0.875,-1.295,1.06));
#4797=CARTESIAN_POINT('Origin',(-0.875,-1.295,0.81));
#4798=CARTESIAN_POINT('',(-0.875,0.775,1.06));
#4799=CARTESIAN_POINT('Ctrl Pts',(-0.875,1.295,1.06));
#4800=CARTESIAN_POINT('Ctrl Pts',(-0.875,1.3,1.06));
#4801=CARTESIAN_POINT('Ctrl Pts',(-0.87,1.3,1.06));
#4802=CARTESIAN_POINT('Ctrl Pts',(-1.125,1.295,1.06));
#4803=CARTESIAN_POINT('Ctrl Pts',(-1.125,1.55,1.06));
#4804=CARTESIAN_POINT('Ctrl Pts',(-0.87,1.55,1.06));
#4805=CARTESIAN_POINT('Ctrl Pts',(-1.125,1.295,0.81));
#4806=CARTESIAN_POINT('Ctrl Pts',(-1.125,1.55,0.81));
#4807=CARTESIAN_POINT('Ctrl Pts',(-0.87,1.55,0.81));
#4808=CARTESIAN_POINT('',(-0.87,1.3,1.06));
#4809=CARTESIAN_POINT('Origin',(-0.87,1.3,0.81));
#4810=CARTESIAN_POINT('Origin',(-0.87,1.295,1.06));
#4811=CARTESIAN_POINT('Ctrl Pts',(-0.87,-1.3,1.06));
#4812=CARTESIAN_POINT('Ctrl Pts',(-0.875,-1.3,1.06));
#4813=CARTESIAN_POINT('Ctrl Pts',(-0.875,-1.295,1.06));
#4814=CARTESIAN_POINT('Ctrl Pts',(-0.87,-1.55,1.06));
#4815=CARTESIAN_POINT('Ctrl Pts',(-1.125,-1.55,1.06));
#4816=CARTESIAN_POINT('Ctrl Pts',(-1.125,-1.295,1.06));
#4817=CARTESIAN_POINT('Ctrl Pts',(-0.87,-1.55,0.81));
#4818=CARTESIAN_POINT('Ctrl Pts',(-1.125,-1.55,0.81));
#4819=CARTESIAN_POINT('Ctrl Pts',(-1.125,-1.295,0.81));
#4820=CARTESIAN_POINT('',(-0.87,-1.55,0.81));
#4821=CARTESIAN_POINT('',(-0.87,-1.3,1.06));
#4822=CARTESIAN_POINT('Origin',(-0.87,-1.3,0.81));
#4823=CARTESIAN_POINT('Origin',(-0.87,-1.295,1.06));
#4824=CARTESIAN_POINT('Origin',(-0.87,-1.295,0.81));
#4825=CARTESIAN_POINT('Origin',(0.5625,1.3,0.81));
#4826=CARTESIAN_POINT('',(0.87,1.3,1.06));
#4827=CARTESIAN_POINT('Origin',(0.87,1.3,0.81));
#4828=CARTESIAN_POINT('',(0.5625,1.3,1.06));
#4829=CARTESIAN_POINT('Origin',(-0.5625,-1.3,0.81));
#4830=CARTESIAN_POINT('',(0.87,-1.55,0.81));
#4831=CARTESIAN_POINT('',(0.87,-1.3,1.06));
#4832=CARTESIAN_POINT('Origin',(0.87,-1.3,0.81));
#4833=CARTESIAN_POINT('',(-0.5625,-1.3,1.06));
#4834=CARTESIAN_POINT('',(-0.5625,-1.55,0.81));
#4835=CARTESIAN_POINT('Ctrl Pts',(0.87,1.3,1.06));
#4836=CARTESIAN_POINT('Ctrl Pts',(0.875,1.3,1.06));
#4837=CARTESIAN_POINT('Ctrl Pts',(0.875,1.295,1.06));
#4838=CARTESIAN_POINT('Ctrl Pts',(0.87,1.55,1.06));
#4839=CARTESIAN_POINT('Ctrl Pts',(1.125,1.55,1.06));
#4840=CARTESIAN_POINT('Ctrl Pts',(1.125,1.295,1.06));
#4841=CARTESIAN_POINT('Ctrl Pts',(0.87,1.55,0.81));
#4842=CARTESIAN_POINT('Ctrl Pts',(1.125,1.55,0.81));
#4843=CARTESIAN_POINT('Ctrl Pts',(1.125,1.295,0.81));
#4844=CARTESIAN_POINT('',(0.875,1.295,1.06));
#4845=CARTESIAN_POINT('Origin',(0.875,1.295,0.81));
#4846=CARTESIAN_POINT('Origin',(0.87,1.295,1.06));
#4847=CARTESIAN_POINT('Ctrl Pts',(0.875,-1.295,1.06));
#4848=CARTESIAN_POINT('Ctrl Pts',(0.875,-1.3,1.06));
#4849=CARTESIAN_POINT('Ctrl Pts',(0.87,-1.3,1.06));
#4850=CARTESIAN_POINT('Ctrl Pts',(1.125,-1.295,1.06));
#4851=CARTESIAN_POINT('Ctrl Pts',(1.125,-1.55,1.06));
#4852=CARTESIAN_POINT('Ctrl Pts',(0.87,-1.55,1.06));
#4853=CARTESIAN_POINT('Ctrl Pts',(1.125,-1.295,0.81));
#4854=CARTESIAN_POINT('Ctrl Pts',(1.125,-1.55,0.81));
#4855=CARTESIAN_POINT('Ctrl Pts',(0.87,-1.55,0.81));
#4856=CARTESIAN_POINT('',(0.875,-1.295,1.06));
#4857=CARTESIAN_POINT('Origin',(0.875,-1.295,0.81));
#4858=CARTESIAN_POINT('Origin',(0.87,-1.295,1.06));
#4859=CARTESIAN_POINT('Origin',(0.87,-1.295,0.81));
#4860=CARTESIAN_POINT('Origin',(0.875,-0.775,0.81));
#4861=CARTESIAN_POINT('',(0.875,-0.775,1.06));
#4862=CARTESIAN_POINT('Origin',(0.87,-1.295,0.34));
#4863=CARTESIAN_POINT('',(0.87,-1.55,0.34));
#4864=CARTESIAN_POINT('Origin',(-1.125,-1.55,0.34));
#4865=CARTESIAN_POINT('',(-0.87,-1.55,0.34));
#4866=CARTESIAN_POINT('Origin',(-0.87,-1.295,0.34));
#4867=CARTESIAN_POINT('',(-1.125,-1.295,0.34));
#4868=CARTESIAN_POINT('Origin',(-1.125,1.55,0.34));
#4869=CARTESIAN_POINT('Origin',(0.,0.,1.06));
#4870=CARTESIAN_POINT('',(-0.665,1.165,1.06));
#4871=CARTESIAN_POINT('Origin',(-0.74,1.165,1.06));
#4872=CARTESIAN_POINT('Origin',(-0.74,1.165,1.06));
#4873=CARTESIAN_POINT('',(-0.665,1.165,1.058));
#4874=CARTESIAN_POINT('Origin',(-0.74,1.165,1.058));
#4875=CARTESIAN_POINT('Origin',(-0.74,1.165,1.058));
#4876=CARTESIAN_POINT('Origin',(-0.74,1.165,1.059));
#4877=CARTESIAN_POINT('',(-0.665,1.165,1.058));
#4878=CARTESIAN_POINT('Origin',(-0.74,1.165,1.058));
#4879=CARTESIAN_POINT('',(-0.665,1.165,1.059));
#4880=CARTESIAN_POINT('Origin',(-0.74,1.165,1.059));
#4881=CARTESIAN_POINT('Origin',(-0.74,1.165,1.059));
#4882=CARTESIAN_POINT('Origin',(-0.74,1.165,1.058));
#4883=CARTESIAN_POINT('Origin',(-0.51,0.725,0.01));
#4884=CARTESIAN_POINT('',(-0.51,1.455,0.01));
#4885=CARTESIAN_POINT('',(-0.51,0.725,0.01));
#4886=CARTESIAN_POINT('',(-0.51,1.455,0.01));
#4887=CARTESIAN_POINT('',(-0.51,1.455,0.02));
#4888=CARTESIAN_POINT('',(-0.51,1.455,0.01));
#4889=CARTESIAN_POINT('',(-0.51,0.725,0.02));
#4890=CARTESIAN_POINT('',(-0.51,1.455,0.02));
#4891=CARTESIAN_POINT('',(-0.51,0.725,0.01));
#4892=CARTESIAN_POINT('Origin',(-1.04,0.725,0.01));
#4893=CARTESIAN_POINT('',(-1.04,0.725,0.01));
#4894=CARTESIAN_POINT('',(-0.51,0.725,0.01));
#4895=CARTESIAN_POINT('',(-1.04,0.725,0.02));
#4896=CARTESIAN_POINT('',(-0.51,0.725,0.02));
#4897=CARTESIAN_POINT('',(-1.04,0.725,0.01));
#4898=CARTESIAN_POINT('Origin',(-1.04,1.325,0.01));
#4899=CARTESIAN_POINT('',(-1.04,1.325,0.01));
#4900=CARTESIAN_POINT('',(-1.04,0.725,0.01));
#4901=CARTESIAN_POINT('',(-1.04,1.325,0.02));
#4902=CARTESIAN_POINT('',(-1.04,0.725,0.02));
#4903=CARTESIAN_POINT('',(-1.04,1.325,0.01));
#4904=CARTESIAN_POINT('Origin',(-0.91,1.455,0.01));
#4905=CARTESIAN_POINT('',(-0.91,1.455,0.01));
#4906=CARTESIAN_POINT('',(-1.04,1.325,0.01));
#4907=CARTESIAN_POINT('',(-0.91,1.455,0.02));
#4908=CARTESIAN_POINT('',(-1.04,1.325,0.02));
#4909=CARTESIAN_POINT('',(-0.91,1.455,0.01));
#4910=CARTESIAN_POINT('Origin',(-0.51,1.455,0.01));
#4911=CARTESIAN_POINT('',(-0.91,1.455,0.01));
#4912=CARTESIAN_POINT('',(-0.91,1.455,0.02));
#4913=CARTESIAN_POINT('Origin',(-0.765310178998966,1.07719409959169,0.01));
#4914=CARTESIAN_POINT('Origin',(-0.765310178998966,1.07719409959169,0.02));
#4915=CARTESIAN_POINT('Origin',(1.04,1.325,0.01));
#4916=CARTESIAN_POINT('',(0.91,1.455,0.01));
#4917=CARTESIAN_POINT('',(1.04,1.325,0.01));
#4918=CARTESIAN_POINT('',(0.91,1.455,0.01));
#4919=CARTESIAN_POINT('',(0.91,1.455,0.02));
#4920=CARTESIAN_POINT('',(0.91,1.455,0.01));
#4921=CARTESIAN_POINT('',(1.04,1.325,0.02));
#4922=CARTESIAN_POINT('',(0.91,1.455,0.02));
#4923=CARTESIAN_POINT('',(1.04,1.325,0.01));
#4924=CARTESIAN_POINT('Origin',(1.04,0.725,0.01));
#4925=CARTESIAN_POINT('',(1.04,0.725,0.01));
#4926=CARTESIAN_POINT('',(1.04,1.325,0.01));
#4927=CARTESIAN_POINT('',(1.04,0.725,0.02));
#4928=CARTESIAN_POINT('',(1.04,1.325,0.02));
#4929=CARTESIAN_POINT('',(1.04,0.725,0.01));
#4930=CARTESIAN_POINT('Origin',(0.51,0.725,0.01));
#4931=CARTESIAN_POINT('',(0.51,0.725,0.01));
#4932=CARTESIAN_POINT('',(1.04,0.725,0.01));
#4933=CARTESIAN_POINT('',(0.51,0.725,0.02));
#4934=CARTESIAN_POINT('',(1.04,0.725,0.02));
#4935=CARTESIAN_POINT('',(0.51,0.725,0.01));
#4936=CARTESIAN_POINT('Origin',(0.51,1.455,0.01));
#4937=CARTESIAN_POINT('',(0.51,1.455,0.01));
#4938=CARTESIAN_POINT('',(0.51,0.725,0.01));
#4939=CARTESIAN_POINT('',(0.51,1.455,0.02));
#4940=CARTESIAN_POINT('',(0.51,0.725,0.02));
#4941=CARTESIAN_POINT('',(0.51,1.455,0.01));
#4942=CARTESIAN_POINT('Origin',(0.91,1.455,0.01));
#4943=CARTESIAN_POINT('',(0.51,1.455,0.01));
#4944=CARTESIAN_POINT('',(0.51,1.455,0.02));
#4945=CARTESIAN_POINT('Origin',(0.765310178998966,1.07719409959169,0.01));
#4946=CARTESIAN_POINT('Origin',(0.765310178998966,1.07719409959169,0.02));
#4947=CARTESIAN_POINT('Origin',(-9.71445146547012E-16,-0.574999997000943,
0.02));
#4948=CARTESIAN_POINT('',(-7.7715611723761E-16,-1.34999999700094,0.02));
#4949=CARTESIAN_POINT('Origin',(-8.88178419700125E-16,-0.574999997000943,
0.02));
#4950=CARTESIAN_POINT('',(-6.07963091815595E-16,-1.04999999700094,0.02));
#4951=CARTESIAN_POINT('Origin',(-8.88178419700125E-16,-0.574999997000943,
0.02));
#4952=CARTESIAN_POINT('Origin',(-8.88178419700125E-16,-0.574999997000943,
0.01));
#4953=CARTESIAN_POINT('',(-0.475000000000001,-0.574999997000942,0.01));
#4954=CARTESIAN_POINT('Origin',(-8.88178419700125E-16,-0.574999997000943,
0.01));
#4955=CARTESIAN_POINT('Origin',(-8.88178419700125E-16,-0.574999997000943,
0.01));
#4956=CARTESIAN_POINT('',(-0.775000000000001,-0.574999997000943,0.01));
#4957=CARTESIAN_POINT('Origin',(-8.88178419700125E-16,-0.574999997000943,
0.01));
#4958=CARTESIAN_POINT('Origin',(-8.32517714514765E-16,-0.574999997000943,
0.01));
#4959=CARTESIAN_POINT('Origin',(-9.57567358739198E-16,-0.574999997000943,
0.02));
#4960=CARTESIAN_POINT('',(-9.15933995315754E-16,-0.874999997000943,0.02));
#4961=CARTESIAN_POINT('Origin',(-8.88178419700125E-16,-0.574999997000943,
0.02));
#4962=CARTESIAN_POINT('',(-1.11348566425784E-15,-0.774999997000943,0.02));
#4963=CARTESIAN_POINT('Origin',(-8.88178419700125E-16,-0.574999997000943,
0.02));
#4964=CARTESIAN_POINT('Origin',(-8.88178419700125E-16,-0.574999997000943,
0.01));
#4965=CARTESIAN_POINT('',(-0.200000000000001,-0.574999997000943,0.01));
#4966=CARTESIAN_POINT('Origin',(-8.88178419700125E-16,-0.574999997000943,
0.01));
#4967=CARTESIAN_POINT('Origin',(-8.88178419700125E-16,-0.574999997000943,
0.01));
#4968=CARTESIAN_POINT('',(-0.300000000000001,-0.574999997000943,0.01));
#4969=CARTESIAN_POINT('Origin',(-8.88178419700125E-16,-0.574999997000943,
0.01));
#4970=CARTESIAN_POINT('Origin',(-8.69697038471352E-16,-0.574999997000942,
0.01));
#4971=CARTESIAN_POINT('Origin',(0.108983251521517,0.32133179314286,1.06));
#4972=CARTESIAN_POINT('',(0.108983251521517,0.32133179314286,1.06));
#4973=CARTESIAN_POINT('',(0.0742127459481671,0.32133179314286,1.06));
#4974=CARTESIAN_POINT('',(0.108983251521517,0.32133179314286,1.06));
#4975=CARTESIAN_POINT('',(0.0742127459481671,0.32133179314286,1.061));
#4976=CARTESIAN_POINT('',(0.0742127459481671,0.32133179314286,1.06));
#4977=CARTESIAN_POINT('',(0.108983251521517,0.32133179314286,1.061));
#4978=CARTESIAN_POINT('',(0.108983251521517,0.32133179314286,1.061));
#4979=CARTESIAN_POINT('',(0.108983251521517,0.32133179314286,1.06));
#4980=CARTESIAN_POINT('Origin',(0.108983251521517,0.136605279583322,1.06));
#4981=CARTESIAN_POINT('',(0.108983251521517,0.136605279583322,1.06));
#4982=CARTESIAN_POINT('',(0.108983251521517,0.136605279583322,1.06));
#4983=CARTESIAN_POINT('',(0.108983251521517,0.136605279583322,1.061));
#4984=CARTESIAN_POINT('',(0.108983251521517,0.136605279583322,1.061));
#4985=CARTESIAN_POINT('',(0.108983251521517,0.136605279583322,1.06));
#4986=CARTESIAN_POINT('Origin',(0.074212745948167,0.136605279583322,1.06));
#4987=CARTESIAN_POINT('',(0.074212745948167,0.136605279583322,1.06));
#4988=CARTESIAN_POINT('',(0.074212745948167,0.136605279583322,1.06));
#4989=CARTESIAN_POINT('',(0.074212745948167,0.136605279583322,1.061));
#4990=CARTESIAN_POINT('',(0.074212745948167,0.136605279583322,1.061));
#4991=CARTESIAN_POINT('',(0.074212745948167,0.136605279583322,1.06));
#4992=CARTESIAN_POINT('Origin',(0.0742127459481671,0.32133179314286,1.06));
#4993=CARTESIAN_POINT('',(0.0742127459481671,0.32133179314286,1.06));
#4994=CARTESIAN_POINT('',(0.0742127459481671,0.32133179314286,1.061));
#4995=CARTESIAN_POINT('Origin',(0.091597998734842,0.228968536363091,1.061));
#4996=CARTESIAN_POINT('Origin',(0.091597998734842,0.228968536363091,1.06));
#4997=CARTESIAN_POINT('Origin',(-0.211729247786949,0.413043080303824,1.06));
#4998=CARTESIAN_POINT('',(-0.211729247786949,0.413043080303824,1.06));
#4999=CARTESIAN_POINT('',(-0.249462490280719,0.413043080303824,1.06));
#5000=CARTESIAN_POINT('',(-0.211729247786949,0.413043080303824,1.06));
#5001=CARTESIAN_POINT('',(-0.249462490280719,0.413043080303824,1.061));
#5002=CARTESIAN_POINT('',(-0.249462490280719,0.413043080303824,1.06));
#5003=CARTESIAN_POINT('',(-0.211729247786949,0.413043080303824,1.061));
#5004=CARTESIAN_POINT('',(-0.211729247786949,0.413043080303824,1.061));
#5005=CARTESIAN_POINT('',(-0.211729247786949,0.413043080303824,1.06));
#5006=CARTESIAN_POINT('Origin',(-0.211729247786949,0.136345653863164,1.06));
#5007=CARTESIAN_POINT('',(-0.211729247786949,0.136345653863164,1.06));
#5008=CARTESIAN_POINT('',(-0.211729247786949,0.136345653863164,1.06));
#5009=CARTESIAN_POINT('',(-0.211729247786949,0.136345653863164,1.061));
#5010=CARTESIAN_POINT('',(-0.211729247786949,0.136345653863164,1.061));
#5011=CARTESIAN_POINT('',(-0.211729247786949,0.136345653863164,1.06));
#5012=CARTESIAN_POINT('Origin',(-0.249462490280719,0.136345653863164,1.06));
#5013=CARTESIAN_POINT('',(-0.249462490280719,0.136345653863164,1.06));
#5014=CARTESIAN_POINT('',(-0.249462490280719,0.136345653863164,1.06));
#5015=CARTESIAN_POINT('',(-0.249462490280719,0.136345653863164,1.061));
#5016=CARTESIAN_POINT('',(-0.249462490280719,0.136345653863164,1.061));
#5017=CARTESIAN_POINT('',(-0.249462490280719,0.136345653863164,1.06));
#5018=CARTESIAN_POINT('Origin',(-0.249462490280719,0.413043080303824,1.06));
#5019=CARTESIAN_POINT('',(-0.249462490280719,0.413043080303824,1.06));
#5020=CARTESIAN_POINT('',(-0.249462490280719,0.413043080303824,1.061));
#5021=CARTESIAN_POINT('Origin',(-0.230595869033834,0.274694367083494,1.061));
#5022=CARTESIAN_POINT('Origin',(-0.230595869033834,0.274694367083494,1.06));
#5023=CARTESIAN_POINT('Origin',(-0.590612175517081,0.178806058907227,1.06));
#5024=CARTESIAN_POINT('',(-0.590612175517081,0.178806058907227,1.06));
#5025=CARTESIAN_POINT('',(-0.502643769808984,0.178806058907227,1.06));
#5026=CARTESIAN_POINT('',(-0.590612175517081,0.178806058907227,1.06));
#5027=CARTESIAN_POINT('',(-0.502643769808984,0.178806058907227,1.061));
#5028=CARTESIAN_POINT('',(-0.502643769808984,0.178806058907227,1.06));
#5029=CARTESIAN_POINT('',(-0.590612175517081,0.178806058907227,1.061));
#5030=CARTESIAN_POINT('',(-0.590612175517081,0.178806058907227,1.061));
#5031=CARTESIAN_POINT('',(-0.590612175517081,0.178806058907227,1.06));
#5032=CARTESIAN_POINT('Origin',(-0.624023252697645,0.32133179314286,1.06));
#5033=CARTESIAN_POINT('',(-0.624023252697645,0.32133179314286,1.06));
#5034=CARTESIAN_POINT('',(-0.624023252697645,0.32133179314286,1.06));
#5035=CARTESIAN_POINT('',(-0.624023252697645,0.32133179314286,1.061));
#5036=CARTESIAN_POINT('',(-0.624023252697645,0.32133179314286,1.061));
#5037=CARTESIAN_POINT('',(-0.624023252697645,0.32133179314286,1.06));
#5038=CARTESIAN_POINT('Origin',(-0.536054846989547,0.32133179314286,1.06));
#5039=CARTESIAN_POINT('',(-0.536054846989547,0.32133179314286,1.06));
#5040=CARTESIAN_POINT('',(-0.536054846989547,0.32133179314286,1.06));
#5041=CARTESIAN_POINT('',(-0.536054846989547,0.32133179314286,1.061));
#5042=CARTESIAN_POINT('',(-0.536054846989547,0.32133179314286,1.061));
#5043=CARTESIAN_POINT('',(-0.536054846989547,0.32133179314286,1.06));
#5044=CARTESIAN_POINT('Origin',(-0.502643769808984,0.178806058907227,1.06));
#5045=CARTESIAN_POINT('',(-0.502643769808984,0.178806058907227,1.06));
#5046=CARTESIAN_POINT('',(-0.502643769808984,0.178806058907227,1.061));
#5047=CARTESIAN_POINT('Origin',(-0.563333511253314,0.250068926025043,1.061));
#5048=CARTESIAN_POINT('Origin',(-0.563333511253314,0.250068926025043,1.06));
#5049=CARTESIAN_POINT('Origin',(-0.59592648429374,0.391174392521051,1.06));
#5050=CARTESIAN_POINT('',(-0.548898369793178,0.391174392521051,1.061));
#5051=CARTESIAN_POINT('Origin',(-0.59592648429374,0.391174392521051,1.061));
#5052=CARTESIAN_POINT('',(-0.548898369793178,0.391174392521051,1.06));
#5053=CARTESIAN_POINT('Origin',(-0.59592648429374,0.391174392521051,1.06));
#5054=CARTESIAN_POINT('Origin',(-0.59592648429374,0.391174392521051,1.061));
#5055=CARTESIAN_POINT('Origin',(-0.59592648429374,0.391174392521051,1.06));
#5056=CARTESIAN_POINT('Origin',(0.0920851137977673,0.376684842301768,1.06));
#5057=CARTESIAN_POINT('',(0.11494322721108,0.376684842301768,1.061));
#5058=CARTESIAN_POINT('Origin',(0.0920851137977673,0.376684842301768,1.061));
#5059=CARTESIAN_POINT('',(0.11494322721108,0.376684842301768,1.06));
#5060=CARTESIAN_POINT('Origin',(0.0920851137977673,0.376684842301768,1.06));
#5061=CARTESIAN_POINT('Origin',(0.0920851137977673,0.376684842301768,1.061));
#5062=CARTESIAN_POINT('Origin',(0.0920851137977673,0.376684842301768,1.06));
#5063=CARTESIAN_POINT('Ctrl Pts',(-0.432136024554423,0.168252509189848,
1.06));
#5064=CARTESIAN_POINT('Ctrl Pts',(-0.432136024554423,0.168252509189848,
1.061));
#5065=CARTESIAN_POINT('Ctrl Pts',(-0.48166177387743,0.144311463771477,1.06));
#5066=CARTESIAN_POINT('Ctrl Pts',(-0.48166177387743,0.144311463771477,1.061));
#5067=CARTESIAN_POINT('Ctrl Pts',(-0.562201447720581,0.14359463190204,1.06));
#5068=CARTESIAN_POINT('Ctrl Pts',(-0.562201447720581,0.14359463190204,1.061));
#5069=CARTESIAN_POINT('Ctrl Pts',(-0.661517941353896,0.19012803269301,1.06));
#5070=CARTESIAN_POINT('Ctrl Pts',(-0.661517941353896,0.19012803269301,1.061));
#5071=CARTESIAN_POINT('Ctrl Pts',(-0.707045951296743,0.275059362769907,
1.06));
#5072=CARTESIAN_POINT('Ctrl Pts',(-0.707045951296743,0.275059362769907,
1.061));
#5073=CARTESIAN_POINT('Ctrl Pts',(-0.676755780655009,0.33827455362305,1.06));
#5074=CARTESIAN_POINT('Ctrl Pts',(-0.676755780655009,0.33827455362305,1.061));
#5075=CARTESIAN_POINT('Ctrl Pts',(-0.651435035858603,0.355519457659361,
1.06));
#5076=CARTESIAN_POINT('Ctrl Pts',(-0.651435035858603,0.355519457659361,
1.061));
#5077=CARTESIAN_POINT('',(-0.432136024554423,0.168252509189848,1.06));
#5078=CARTESIAN_POINT('',(-0.651435035878653,0.355519457658505,1.06));
#5079=CARTESIAN_POINT('Ctrl Pts',(-0.432136024554423,0.168252509189848,
1.06));
#5080=CARTESIAN_POINT('Ctrl Pts',(-0.48166177387743,0.144311463771477,1.06));
#5081=CARTESIAN_POINT('Ctrl Pts',(-0.562201447720581,0.14359463190204,1.06));
#5082=CARTESIAN_POINT('Ctrl Pts',(-0.661517941353896,0.19012803269301,1.06));
#5083=CARTESIAN_POINT('Ctrl Pts',(-0.707045951296743,0.275059362769907,
1.06));
#5084=CARTESIAN_POINT('Ctrl Pts',(-0.676755780655009,0.33827455362305,1.06));
#5085=CARTESIAN_POINT('Ctrl Pts',(-0.651435035858603,0.355519457659361,
1.06));
#5086=CARTESIAN_POINT('',(-0.651435035878653,0.355519457658505,1.061));
#5087=CARTESIAN_POINT('',(-0.651435035878653,0.355519457658505,1.06));
#5088=CARTESIAN_POINT('',(-0.432136024554423,0.168252509189848,1.061));
#5089=CARTESIAN_POINT('Ctrl Pts',(-0.432136024554423,0.168252509189848,
1.061));
#5090=CARTESIAN_POINT('Ctrl Pts',(-0.48166177387743,0.144311463771477,1.061));
#5091=CARTESIAN_POINT('Ctrl Pts',(-0.562201447720581,0.14359463190204,1.061));
#5092=CARTESIAN_POINT('Ctrl Pts',(-0.661517941353896,0.19012803269301,1.061));
#5093=CARTESIAN_POINT('Ctrl Pts',(-0.707045951296743,0.275059362769907,
1.061));
#5094=CARTESIAN_POINT('Ctrl Pts',(-0.676755780655009,0.33827455362305,1.061));
#5095=CARTESIAN_POINT('Ctrl Pts',(-0.651435035858603,0.355519457659361,
1.061));
#5096=CARTESIAN_POINT('',(-0.432136024554423,0.168252509189848,1.06));
#5097=CARTESIAN_POINT('Origin',(-0.48286163847781,0.389009732431396,1.06));
#5098=CARTESIAN_POINT('',(-0.48286163847781,0.389009732431396,1.06));
#5099=CARTESIAN_POINT('',(-0.48286163847781,0.389009732431396,1.06));
#5100=CARTESIAN_POINT('',(-0.48286163847781,0.389009732431396,1.061));
#5101=CARTESIAN_POINT('',(-0.48286163847781,0.389009732431396,1.061));
#5102=CARTESIAN_POINT('',(-0.48286163847781,0.389009732431396,1.06));
#5103=CARTESIAN_POINT('Origin',(-0.48911495469274,0.389696054075293,1.06));
#5104=CARTESIAN_POINT('',(-0.489250815579969,0.395985453362362,1.06));
#5105=CARTESIAN_POINT('Origin',(-0.489114954711612,0.389696054093135,1.06));
#5106=CARTESIAN_POINT('',(-0.489250815579969,0.395985453362362,1.061));
#5107=CARTESIAN_POINT('Origin',(-0.489114954711612,0.389696054093135,1.061));
#5108=CARTESIAN_POINT('',(-0.489250815579969,0.395985453362362,1.06));
#5109=CARTESIAN_POINT('Origin',(-0.531544581097641,0.395071841392893,1.06));
#5110=CARTESIAN_POINT('',(-0.531544581097641,0.395071841392893,1.06));
#5111=CARTESIAN_POINT('',(-0.531544581097641,0.395071841392893,1.06));
#5112=CARTESIAN_POINT('',(-0.531544581097641,0.395071841392893,1.061));
#5113=CARTESIAN_POINT('',(-0.531544581097641,0.395071841392893,1.061));
#5114=CARTESIAN_POINT('',(-0.531544581097641,0.395071841392893,1.06));
#5115=CARTESIAN_POINT('Origin',(-0.531544581097641,0.411032187533285,1.06));
#5116=CARTESIAN_POINT('',(-0.531544581097641,0.411032187533285,1.06));
#5117=CARTESIAN_POINT('',(-0.531544581097641,0.411032187533285,1.06));
#5118=CARTESIAN_POINT('',(-0.531544581097641,0.411032187533285,1.061));
#5119=CARTESIAN_POINT('',(-0.531544581097641,0.411032187533285,1.061));
#5120=CARTESIAN_POINT('',(-0.531544581097641,0.411032187533285,1.06));
#5121=CARTESIAN_POINT('Origin',(-0.47785522900511,0.4070761470852,1.06));
#5122=CARTESIAN_POINT('',(-0.47785522900511,0.4070761470852,1.06));
#5123=CARTESIAN_POINT('',(-0.47785522900511,0.4070761470852,1.06));
#5124=CARTESIAN_POINT('',(-0.47785522900511,0.4070761470852,1.061));
#5125=CARTESIAN_POINT('',(-0.47785522900511,0.4070761470852,1.061));
#5126=CARTESIAN_POINT('',(-0.47785522900511,0.4070761470852,1.06));
#5127=CARTESIAN_POINT('Origin',(-0.479297215551561,0.387506245231046,1.06));
#5128=CARTESIAN_POINT('',(-0.460569532064886,0.393365789147351,1.06));
#5129=CARTESIAN_POINT('Origin',(-0.479297215556461,0.387506245228411,1.06));
#5130=CARTESIAN_POINT('',(-0.460569532064886,0.393365789147351,1.061));
#5131=CARTESIAN_POINT('Origin',(-0.479297215556461,0.387506245228411,1.061));
#5132=CARTESIAN_POINT('',(-0.460569532064886,0.393365789147351,1.06));
#5133=CARTESIAN_POINT('Origin',(-0.410008049721337,0.16825250920414,1.06));
#5134=CARTESIAN_POINT('',(-0.410008049721337,0.16825250920414,1.06));
#5135=CARTESIAN_POINT('',(-0.410008049721337,0.16825250920414,1.06));
#5136=CARTESIAN_POINT('',(-0.410008049721337,0.16825250920414,1.061));
#5137=CARTESIAN_POINT('',(-0.410008049721337,0.16825250920414,1.061));
#5138=CARTESIAN_POINT('',(-0.410008049721337,0.16825250920414,1.06));
#5139=CARTESIAN_POINT('Ctrl Pts',(-0.66250460859966,0.378468571829922,1.06));
#5140=CARTESIAN_POINT('Ctrl Pts',(-0.66250460859966,0.378468571829922,1.061));
#5141=CARTESIAN_POINT('Ctrl Pts',(-0.692903603340108,0.362559830776057,
1.06));
#5142=CARTESIAN_POINT('Ctrl Pts',(-0.692903603340108,0.362559830776057,
1.061));
#5143=CARTESIAN_POINT('Ctrl Pts',(-0.7531664956608,0.311170142693739,1.06));
#5144=CARTESIAN_POINT('Ctrl Pts',(-0.7531664956608,0.311170142693739,1.061));
#5145=CARTESIAN_POINT('Ctrl Pts',(-0.729634435848559,0.212369012641019,
1.06));
#5146=CARTESIAN_POINT('Ctrl Pts',(-0.729634435848559,0.212369012641019,
1.061));
#5147=CARTESIAN_POINT('Ctrl Pts',(-0.673208737041205,0.170227211621309,
1.06));
#5148=CARTESIAN_POINT('Ctrl Pts',(-0.673208737041205,0.170227211621309,
1.061));
#5149=CARTESIAN_POINT('Ctrl Pts',(-0.611352826457288,0.138630756636363,
1.06));
#5150=CARTESIAN_POINT('Ctrl Pts',(-0.611352826457288,0.138630756636363,
1.061));
#5151=CARTESIAN_POINT('Ctrl Pts',(-0.516446867306972,0.128525642307962,
1.06));
#5152=CARTESIAN_POINT('Ctrl Pts',(-0.516446867306972,0.128525642307962,
1.061));
#5153=CARTESIAN_POINT('Ctrl Pts',(-0.443439155058206,0.143482102071783,
1.06));
#5154=CARTESIAN_POINT('Ctrl Pts',(-0.443439155058206,0.143482102071783,
1.061));
#5155=CARTESIAN_POINT('Ctrl Pts',(-0.410008049721337,0.16825250920414,1.06));
#5156=CARTESIAN_POINT('Ctrl Pts',(-0.410008049721337,0.16825250920414,1.061));
#5157=CARTESIAN_POINT('',(-0.66250460859966,0.378468571829922,1.06));
#5158=CARTESIAN_POINT('Ctrl Pts',(-0.66250460859966,0.378468571829922,1.06));
#5159=CARTESIAN_POINT('Ctrl Pts',(-0.692903603340108,0.362559830776057,
1.06));
#5160=CARTESIAN_POINT('Ctrl Pts',(-0.7531664956608,0.311170142693739,1.06));
#5161=CARTESIAN_POINT('Ctrl Pts',(-0.729634435848559,0.212369012641019,
1.06));
#5162=CARTESIAN_POINT('Ctrl Pts',(-0.673208737041205,0.170227211621309,
1.06));
#5163=CARTESIAN_POINT('Ctrl Pts',(-0.611352826457288,0.138630756636363,
1.06));
#5164=CARTESIAN_POINT('Ctrl Pts',(-0.516446867306972,0.128525642307962,
1.06));
#5165=CARTESIAN_POINT('Ctrl Pts',(-0.443439155058206,0.143482102071783,
1.06));
#5166=CARTESIAN_POINT('Ctrl Pts',(-0.410008049721337,0.16825250920414,1.06));
#5167=CARTESIAN_POINT('',(-0.66250460859966,0.378468571829922,1.061));
#5168=CARTESIAN_POINT('Ctrl Pts',(-0.66250460859966,0.378468571829922,1.061));
#5169=CARTESIAN_POINT('Ctrl Pts',(-0.692903603340108,0.362559830776057,
1.061));
#5170=CARTESIAN_POINT('Ctrl Pts',(-0.7531664956608,0.311170142693739,1.061));
#5171=CARTESIAN_POINT('Ctrl Pts',(-0.729634435848559,0.212369012641019,
1.061));
#5172=CARTESIAN_POINT('Ctrl Pts',(-0.673208737041205,0.170227211621309,
1.061));
#5173=CARTESIAN_POINT('Ctrl Pts',(-0.611352826457288,0.138630756636363,
1.061));
#5174=CARTESIAN_POINT('Ctrl Pts',(-0.516446867306972,0.128525642307962,
1.061));
#5175=CARTESIAN_POINT('Ctrl Pts',(-0.443439155058206,0.143482102071783,
1.061));
#5176=CARTESIAN_POINT('Ctrl Pts',(-0.410008049721337,0.16825250920414,1.061));
#5177=CARTESIAN_POINT('',(-0.66250460859966,0.378468571829922,1.06));
#5178=CARTESIAN_POINT('Origin',(-0.651435035878653,0.355519457658505,1.06));
#5179=CARTESIAN_POINT('',(-0.651435035878653,0.355519457658505,1.06));
#5180=CARTESIAN_POINT('',(-0.651435035878653,0.355519457658505,1.061));
#5181=CARTESIAN_POINT('Origin',(-0.556923086611611,0.250469815326908,1.061));
#5182=CARTESIAN_POINT('Origin',(-0.556923086611611,0.250469815326908,1.06));
#5183=CARTESIAN_POINT('Origin',(-0.0523566962613481,0.136605279583322,1.06));
#5184=CARTESIAN_POINT('',(-0.0523566962613481,0.136605279583322,1.06));
#5185=CARTESIAN_POINT('',(-0.0523566962517473,0.29145966111107,1.06));
#5186=CARTESIAN_POINT('',(-0.0523566962613481,0.136605279583322,1.06));
#5187=CARTESIAN_POINT('',(-0.0523566962517473,0.29145966111107,1.061));
#5188=CARTESIAN_POINT('',(-0.0523566962517473,0.29145966111107,1.06));
#5189=CARTESIAN_POINT('',(-0.0523566962613481,0.136605279583322,1.061));
#5190=CARTESIAN_POINT('',(-0.0523566962613481,0.136605279583322,1.061));
#5191=CARTESIAN_POINT('',(-0.0523566962613481,0.136605279583322,1.06));
#5192=CARTESIAN_POINT('Origin',(-0.0868212904990239,0.136605279583322,1.06));
#5193=CARTESIAN_POINT('',(-0.0868212904990239,0.136605279583322,1.06));
#5194=CARTESIAN_POINT('',(-0.0868212904990239,0.136605279583322,1.06));
#5195=CARTESIAN_POINT('',(-0.0868212904990239,0.136605279583322,1.061));
#5196=CARTESIAN_POINT('',(-0.0868212904990239,0.136605279583322,1.061));
#5197=CARTESIAN_POINT('',(-0.0868212904990239,0.136605279583322,1.06));
#5198=CARTESIAN_POINT('Origin',(-0.0868212905115148,0.272478786498179,1.06));
#5199=CARTESIAN_POINT('',(-0.0868212905115148,0.272478786498179,1.06));
#5200=CARTESIAN_POINT('',(-0.0868212905115148,0.272478786498179,1.06));
#5201=CARTESIAN_POINT('',(-0.0868212905115148,0.272478786498179,1.061));
#5202=CARTESIAN_POINT('',(-0.0868212905115148,0.272478786498179,1.061));
#5203=CARTESIAN_POINT('',(-0.0868212905115148,0.272478786498179,1.06));
#5204=CARTESIAN_POINT('Ctrl Pts',(-0.131266663805248,0.273970420524023,
1.06));
#5205=CARTESIAN_POINT('Ctrl Pts',(-0.131266663805248,0.273970420524023,
1.061));
#5206=CARTESIAN_POINT('Ctrl Pts',(-0.130651594520962,0.299140348094519,
1.06));
#5207=CARTESIAN_POINT('Ctrl Pts',(-0.130651594520962,0.299140348094519,
1.061));
#5208=CARTESIAN_POINT('Ctrl Pts',(-0.08637346936954,0.300205320834658,1.06));
#5209=CARTESIAN_POINT('Ctrl Pts',(-0.08637346936954,0.300205320834658,1.061));
#5210=CARTESIAN_POINT('Ctrl Pts',(-0.0868212905115148,0.272478786498179,
1.06));
#5211=CARTESIAN_POINT('Ctrl Pts',(-0.0868212905115148,0.272478786498179,
1.061));
#5212=CARTESIAN_POINT('',(-0.131266663805248,0.273970420524023,1.06));
#5213=CARTESIAN_POINT('Ctrl Pts',(-0.131266663805248,0.273970420524023,
1.06));
#5214=CARTESIAN_POINT('Ctrl Pts',(-0.130651594520962,0.299140348094519,
1.06));
#5215=CARTESIAN_POINT('Ctrl Pts',(-0.08637346936954,0.300205320834658,1.06));
#5216=CARTESIAN_POINT('Ctrl Pts',(-0.0868212905115148,0.272478786498179,
1.06));
#5217=CARTESIAN_POINT('',(-0.131266663805248,0.273970420524023,1.061));
#5218=CARTESIAN_POINT('Ctrl Pts',(-0.131266663805248,0.273970420524023,
1.061));
#5219=CARTESIAN_POINT('Ctrl Pts',(-0.130651594520962,0.299140348094519,
1.061));
#5220=CARTESIAN_POINT('Ctrl Pts',(-0.08637346936954,0.300205320834658,1.061));
#5221=CARTESIAN_POINT('Ctrl Pts',(-0.0868212905115148,0.272478786498179,
1.061));
#5222=CARTESIAN_POINT('',(-0.131266663805248,0.273970420524023,1.06));
#5223=CARTESIAN_POINT('Origin',(-0.131266663805248,0.136345653863164,1.06));
#5224=CARTESIAN_POINT('',(-0.131266663805248,0.136345653863164,1.06));
#5225=CARTESIAN_POINT('',(-0.131266663805248,0.136345653863164,1.06));
#5226=CARTESIAN_POINT('',(-0.131266663805248,0.136345653863164,1.061));
#5227=CARTESIAN_POINT('',(-0.131266663805248,0.136345653863164,1.061));
#5228=CARTESIAN_POINT('',(-0.131266663805248,0.136345653863164,1.06));
#5229=CARTESIAN_POINT('Origin',(-0.166325126013413,0.136345653863164,1.06));
#5230=CARTESIAN_POINT('',(-0.166325126013413,0.136345653863164,1.06));
#5231=CARTESIAN_POINT('',(-0.166325126013413,0.136345653863164,1.06));
#5232=CARTESIAN_POINT('',(-0.166325126013413,0.136345653863164,1.061));
#5233=CARTESIAN_POINT('',(-0.166325126013413,0.136345653863164,1.061));
#5234=CARTESIAN_POINT('',(-0.166325126013413,0.136345653863164,1.06));
#5235=CARTESIAN_POINT('Origin',(-0.166325126013413,0.32133179314286,1.06));
#5236=CARTESIAN_POINT('',(-0.166325126013413,0.32133179314286,1.06));
#5237=CARTESIAN_POINT('',(-0.166325126013413,0.32133179314286,1.06));
#5238=CARTESIAN_POINT('',(-0.166325126013413,0.32133179314286,1.061));
#5239=CARTESIAN_POINT('',(-0.166325126013413,0.32133179314286,1.061));
#5240=CARTESIAN_POINT('',(-0.166325126013413,0.32133179314286,1.06));
#5241=CARTESIAN_POINT('Origin',(-0.131266663805248,0.32133179314286,1.06));
#5242=CARTESIAN_POINT('',(-0.131266663805248,0.32133179314286,1.06));
#5243=CARTESIAN_POINT('',(-0.131266663805248,0.32133179314286,1.06));
#5244=CARTESIAN_POINT('',(-0.131266663805248,0.32133179314286,1.061));
#5245=CARTESIAN_POINT('',(-0.131266663805248,0.32133179314286,1.061));
#5246=CARTESIAN_POINT('',(-0.131266663805248,0.32133179314286,1.06));
#5247=CARTESIAN_POINT('Origin',(-0.131266663815724,0.305888145071749,1.06));
#5248=CARTESIAN_POINT('',(-0.131266663815724,0.305888145071749,1.06));
#5249=CARTESIAN_POINT('',(-0.131266663815724,0.305888145071749,1.06));
#5250=CARTESIAN_POINT('',(-0.131266663815724,0.305888145071749,1.061));
#5251=CARTESIAN_POINT('',(-0.131266663815724,0.305888145071749,1.061));
#5252=CARTESIAN_POINT('',(-0.131266663815724,0.305888145071749,1.06));
#5253=CARTESIAN_POINT('Ctrl Pts',(-0.0523566962517473,0.29145966111107,
1.06));
#5254=CARTESIAN_POINT('Ctrl Pts',(-0.0523566962517473,0.29145966111107,
1.061));
#5255=CARTESIAN_POINT('Ctrl Pts',(-0.054202643943093,0.308423943330462,
1.06));
#5256=CARTESIAN_POINT('Ctrl Pts',(-0.054202643943093,0.308423943330462,
1.061));
#5257=CARTESIAN_POINT('Ctrl Pts',(-0.0857092603183264,0.33583340020127,
1.06));
#5258=CARTESIAN_POINT('Ctrl Pts',(-0.0857092603183264,0.33583340020127,
1.061));
#5259=CARTESIAN_POINT('Ctrl Pts',(-0.119985115904931,0.316784887159874,
1.06));
#5260=CARTESIAN_POINT('Ctrl Pts',(-0.119985115904931,0.316784887159874,
1.061));
#5261=CARTESIAN_POINT('Ctrl Pts',(-0.131266663815724,0.305888145071749,
1.06));
#5262=CARTESIAN_POINT('Ctrl Pts',(-0.131266663815724,0.305888145071749,
1.061));
#5263=CARTESIAN_POINT('Ctrl Pts',(-0.0523566962517473,0.29145966111107,
1.06));
#5264=CARTESIAN_POINT('Ctrl Pts',(-0.054202643943093,0.308423943330462,
1.06));
#5265=CARTESIAN_POINT('Ctrl Pts',(-0.0857092603183264,0.33583340020127,
1.06));
#5266=CARTESIAN_POINT('Ctrl Pts',(-0.119985115904931,0.316784887159874,
1.06));
#5267=CARTESIAN_POINT('Ctrl Pts',(-0.131266663815724,0.305888145071749,
1.06));
#5268=CARTESIAN_POINT('Ctrl Pts',(-0.0523566962517473,0.29145966111107,
1.061));
#5269=CARTESIAN_POINT('Ctrl Pts',(-0.054202643943093,0.308423943330462,
1.061));
#5270=CARTESIAN_POINT('Ctrl Pts',(-0.0857092603183264,0.33583340020127,
1.061));
#5271=CARTESIAN_POINT('Ctrl Pts',(-0.119985115904931,0.316784887159874,
1.061));
#5272=CARTESIAN_POINT('Ctrl Pts',(-0.131266663815724,0.305888145071749,
1.061));
#5273=CARTESIAN_POINT('Origin',(-0.110652837698732,0.23080949037577,1.061));
#5274=CARTESIAN_POINT('Origin',(-0.110652837698732,0.23080949037577,1.06));
#5275=CARTESIAN_POINT('Origin',(0.265426387664436,0.136864905346388,1.06));
#5276=CARTESIAN_POINT('',(0.265426387664436,0.136864905346388,1.06));
#5277=CARTESIAN_POINT('',(0.265426387666671,0.291719286850297,1.06));
#5278=CARTESIAN_POINT('',(0.265426387664436,0.136864905346388,1.06));
#5279=CARTESIAN_POINT('',(0.265426387666671,0.291719286850297,1.061));
#5280=CARTESIAN_POINT('',(0.265426387666671,0.291719286850297,1.06));
#5281=CARTESIAN_POINT('',(0.265426387664436,0.136864905346388,1.061));
#5282=CARTESIAN_POINT('',(0.265426387664436,0.136864905346388,1.061));
#5283=CARTESIAN_POINT('',(0.265426387664436,0.136864905346388,1.06));
#5284=CARTESIAN_POINT('Origin',(0.23096179342676,0.136864905346388,1.06));
#5285=CARTESIAN_POINT('',(0.23096179342676,0.136864905346388,1.06));
#5286=CARTESIAN_POINT('',(0.23096179342676,0.136864905346388,1.06));
#5287=CARTESIAN_POINT('',(0.23096179342676,0.136864905346388,1.061));
#5288=CARTESIAN_POINT('',(0.23096179342676,0.136864905346388,1.061));
#5289=CARTESIAN_POINT('',(0.23096179342676,0.136864905346388,1.06));
#5290=CARTESIAN_POINT('Origin',(0.230961793406904,0.272738412237407,1.06));
#5291=CARTESIAN_POINT('',(0.230961793406904,0.272738412237407,1.06));
#5292=CARTESIAN_POINT('',(0.230961793406904,0.272738412237407,1.06));
#5293=CARTESIAN_POINT('',(0.230961793406904,0.272738412237407,1.061));
#5294=CARTESIAN_POINT('',(0.230961793406904,0.272738412237407,1.061));
#5295=CARTESIAN_POINT('',(0.230961793406904,0.272738412237407,1.06));
#5296=CARTESIAN_POINT('Ctrl Pts',(0.186516420120535,0.27423004624418,1.06));
#5297=CARTESIAN_POINT('Ctrl Pts',(0.186516420120535,0.27423004624418,1.061));
#5298=CARTESIAN_POINT('Ctrl Pts',(0.187131489397456,0.299399973833746,1.06));
#5299=CARTESIAN_POINT('Ctrl Pts',(0.187131489397456,0.299399973833746,1.061));
#5300=CARTESIAN_POINT('Ctrl Pts',(0.231409614548878,0.300464946573885,1.06));
#5301=CARTESIAN_POINT('Ctrl Pts',(0.231409614548878,0.300464946573885,1.061));
#5302=CARTESIAN_POINT('Ctrl Pts',(0.230961793406904,0.272738412237407,1.06));
#5303=CARTESIAN_POINT('Ctrl Pts',(0.230961793406904,0.272738412237407,1.061));
#5304=CARTESIAN_POINT('',(0.186516420120535,0.27423004624418,1.06));
#5305=CARTESIAN_POINT('Ctrl Pts',(0.186516420120535,0.27423004624418,1.06));
#5306=CARTESIAN_POINT('Ctrl Pts',(0.187131489397456,0.299399973833746,1.06));
#5307=CARTESIAN_POINT('Ctrl Pts',(0.231409614548878,0.300464946573885,1.06));
#5308=CARTESIAN_POINT('Ctrl Pts',(0.230961793406904,0.272738412237407,1.06));
#5309=CARTESIAN_POINT('',(0.186516420120535,0.27423004624418,1.061));
#5310=CARTESIAN_POINT('Ctrl Pts',(0.186516420120535,0.27423004624418,1.061));
#5311=CARTESIAN_POINT('Ctrl Pts',(0.187131489397456,0.299399973833746,1.061));
#5312=CARTESIAN_POINT('Ctrl Pts',(0.231409614548878,0.300464946573885,1.061));
#5313=CARTESIAN_POINT('Ctrl Pts',(0.230961793406904,0.272738412237407,1.061));
#5314=CARTESIAN_POINT('',(0.186516420120535,0.27423004624418,1.06));
#5315=CARTESIAN_POINT('Origin',(0.186516420120535,0.136605279583322,1.06));
#5316=CARTESIAN_POINT('',(0.186516420120535,0.136605279583322,1.06));
#5317=CARTESIAN_POINT('',(0.186516420120535,0.136605279583322,1.06));
#5318=CARTESIAN_POINT('',(0.186516420120535,0.136605279583322,1.061));
#5319=CARTESIAN_POINT('',(0.186516420120535,0.136605279583322,1.061));
#5320=CARTESIAN_POINT('',(0.186516420120535,0.136605279583322,1.06));
#5321=CARTESIAN_POINT('Origin',(0.151457957869462,0.136605279583322,1.06));
#5322=CARTESIAN_POINT('',(0.151457957869462,0.136605279583322,1.06));
#5323=CARTESIAN_POINT('',(0.151457957869462,0.136605279583322,1.06));
#5324=CARTESIAN_POINT('',(0.151457957869462,0.136605279583322,1.061));
#5325=CARTESIAN_POINT('',(0.151457957869462,0.136605279583322,1.061));
#5326=CARTESIAN_POINT('',(0.151457957869462,0.136605279583322,1.06));
#5327=CARTESIAN_POINT('Origin',(0.151457957869462,0.321591418905926,1.06));
#5328=CARTESIAN_POINT('',(0.151457957869462,0.321591418905926,1.06));
#5329=CARTESIAN_POINT('',(0.151457957869462,0.321591418905926,1.06));
#5330=CARTESIAN_POINT('',(0.151457957869462,0.321591418905926,1.061));
#5331=CARTESIAN_POINT('',(0.151457957869462,0.321591418905926,1.061));
#5332=CARTESIAN_POINT('',(0.151457957869462,0.321591418905926,1.06));
#5333=CARTESIAN_POINT('Origin',(0.186516420120535,0.321591418905926,1.06));
#5334=CARTESIAN_POINT('',(0.186516420120535,0.321591418905926,1.06));
#5335=CARTESIAN_POINT('',(0.186516420120535,0.321591418905926,1.06));
#5336=CARTESIAN_POINT('',(0.186516420120535,0.321591418905926,1.061));
#5337=CARTESIAN_POINT('',(0.186516420120535,0.321591418905926,1.061));
#5338=CARTESIAN_POINT('',(0.186516420120535,0.321591418905926,1.06));
#5339=CARTESIAN_POINT('Origin',(0.186516420102694,0.306147770810976,1.06));
#5340=CARTESIAN_POINT('',(0.186516420102694,0.306147770810976,1.06));
#5341=CARTESIAN_POINT('',(0.186516420102694,0.306147770810976,1.06));
#5342=CARTESIAN_POINT('',(0.186516420102694,0.306147770810976,1.061));
#5343=CARTESIAN_POINT('',(0.186516420102694,0.306147770810976,1.061));
#5344=CARTESIAN_POINT('',(0.186516420102694,0.306147770810976,1.06));
#5345=CARTESIAN_POINT('Ctrl Pts',(0.265426387666671,0.291719286850297,1.06));
#5346=CARTESIAN_POINT('Ctrl Pts',(0.265426387666671,0.291719286850297,1.061));
#5347=CARTESIAN_POINT('Ctrl Pts',(0.263580439975325,0.30868356906969,1.06));
#5348=CARTESIAN_POINT('Ctrl Pts',(0.263580439975325,0.30868356906969,1.061));
#5349=CARTESIAN_POINT('Ctrl Pts',(0.232073823600092,0.336093025940497,1.06));
#5350=CARTESIAN_POINT('Ctrl Pts',(0.232073823600092,0.336093025940497,1.061));
#5351=CARTESIAN_POINT('Ctrl Pts',(0.197797968013488,0.317044512899102,1.06));
#5352=CARTESIAN_POINT('Ctrl Pts',(0.197797968013488,0.317044512899102,1.061));
#5353=CARTESIAN_POINT('Ctrl Pts',(0.186516420102694,0.306147770810976,1.06));
#5354=CARTESIAN_POINT('Ctrl Pts',(0.186516420102694,0.306147770810976,1.061));
#5355=CARTESIAN_POINT('Ctrl Pts',(0.265426387666671,0.291719286850297,1.06));
#5356=CARTESIAN_POINT('Ctrl Pts',(0.263580439975325,0.30868356906969,1.06));
#5357=CARTESIAN_POINT('Ctrl Pts',(0.232073823600092,0.336093025940497,1.06));
#5358=CARTESIAN_POINT('Ctrl Pts',(0.197797968013488,0.317044512899102,1.06));
#5359=CARTESIAN_POINT('Ctrl Pts',(0.186516420102694,0.306147770810976,1.06));
#5360=CARTESIAN_POINT('Ctrl Pts',(0.265426387666671,0.291719286850297,1.061));
#5361=CARTESIAN_POINT('Ctrl Pts',(0.263580439975325,0.30868356906969,1.061));
#5362=CARTESIAN_POINT('Ctrl Pts',(0.232073823600092,0.336093025940497,1.061));
#5363=CARTESIAN_POINT('Ctrl Pts',(0.197797968013488,0.317044512899102,1.061));
#5364=CARTESIAN_POINT('Ctrl Pts',(0.186516420102694,0.306147770810976,1.061));
#5365=CARTESIAN_POINT('Origin',(0.207130246207376,0.231069116122341,1.061));
#5366=CARTESIAN_POINT('Origin',(0.207130246207376,0.231069116122341,1.06));
#5367=CARTESIAN_POINT('Ctrl Pts',(0.708763929836451,0.291719286864628,1.06));
#5368=CARTESIAN_POINT('Ctrl Pts',(0.708763929836451,0.291719286864628,1.061));
#5369=CARTESIAN_POINT('Ctrl Pts',(0.706917982163937,0.30868356906969,1.06));
#5370=CARTESIAN_POINT('Ctrl Pts',(0.706917982163937,0.30868356906969,1.061));
#5371=CARTESIAN_POINT('Ctrl Pts',(0.675411365788706,0.336093025940497,1.06));
#5372=CARTESIAN_POINT('Ctrl Pts',(0.675411365788706,0.336093025940497,1.061));
#5373=CARTESIAN_POINT('Ctrl Pts',(0.6411355102021,0.317044512899102,1.06));
#5374=CARTESIAN_POINT('Ctrl Pts',(0.6411355102021,0.317044512899102,1.061));
#5375=CARTESIAN_POINT('Ctrl Pts',(0.629853962291307,0.306147770810976,1.06));
#5376=CARTESIAN_POINT('Ctrl Pts',(0.629853962291307,0.306147770810976,1.061));
#5377=CARTESIAN_POINT('',(0.708763929836451,0.291719286864628,1.06));
#5378=CARTESIAN_POINT('',(0.62985396229255,0.306147770796951,1.06));
#5379=CARTESIAN_POINT('Ctrl Pts',(0.708763929836451,0.291719286864628,1.06));
#5380=CARTESIAN_POINT('Ctrl Pts',(0.706917982163937,0.30868356906969,1.06));
#5381=CARTESIAN_POINT('Ctrl Pts',(0.675411365788706,0.336093025940497,1.06));
#5382=CARTESIAN_POINT('Ctrl Pts',(0.6411355102021,0.317044512899102,1.06));
#5383=CARTESIAN_POINT('Ctrl Pts',(0.629853962291307,0.306147770810976,1.06));
#5384=CARTESIAN_POINT('',(0.62985396229255,0.306147770796951,1.061));
#5385=CARTESIAN_POINT('',(0.62985396229255,0.306147770796951,1.06));
#5386=CARTESIAN_POINT('',(0.708763929836451,0.291719286864628,1.061));
#5387=CARTESIAN_POINT('Ctrl Pts',(0.708763929836451,0.291719286864628,1.061));
#5388=CARTESIAN_POINT('Ctrl Pts',(0.706917982163937,0.30868356906969,1.061));
#5389=CARTESIAN_POINT('Ctrl Pts',(0.675411365788706,0.336093025940497,1.061));
#5390=CARTESIAN_POINT('Ctrl Pts',(0.6411355102021,0.317044512899102,1.061));
#5391=CARTESIAN_POINT('Ctrl Pts',(0.629853962291307,0.306147770810976,1.061));
#5392=CARTESIAN_POINT('',(0.708763929836451,0.291719286864628,1.06));
#5393=CARTESIAN_POINT('Origin',(0.708763929836451,0.136864905346388,1.06));
#5394=CARTESIAN_POINT('',(0.708763929836451,0.136864905346388,1.06));
#5395=CARTESIAN_POINT('',(0.708763929836451,0.136864905346388,1.06));
#5396=CARTESIAN_POINT('',(0.708763929836451,0.136864905346388,1.061));
#5397=CARTESIAN_POINT('',(0.708763929836451,0.136864905346388,1.061));
#5398=CARTESIAN_POINT('',(0.708763929836451,0.136864905346388,1.06));
#5399=CARTESIAN_POINT('Origin',(0.674299335598776,0.136864905346388,1.06));
#5400=CARTESIAN_POINT('',(0.674299335598776,0.136864905346388,1.06));
#5401=CARTESIAN_POINT('',(0.674299335598776,0.136864905346388,1.06));
#5402=CARTESIAN_POINT('',(0.674299335598776,0.136864905346388,1.061));
#5403=CARTESIAN_POINT('',(0.674299335598776,0.136864905346388,1.061));
#5404=CARTESIAN_POINT('',(0.674299335598776,0.136864905346388,1.06));
#5405=CARTESIAN_POINT('Origin',(0.674299335595517,0.272738412237407,1.06));
#5406=CARTESIAN_POINT('',(0.674299335595517,0.272738412237407,1.06));
#5407=CARTESIAN_POINT('',(0.674299335595517,0.272738412237407,1.06));
#5408=CARTESIAN_POINT('',(0.674299335595517,0.272738412237407,1.061));
#5409=CARTESIAN_POINT('',(0.674299335595517,0.272738412237407,1.061));
#5410=CARTESIAN_POINT('',(0.674299335595517,0.272738412237407,1.06));
#5411=CARTESIAN_POINT('Ctrl Pts',(0.62985396229255,0.27423004624418,1.06));
#5412=CARTESIAN_POINT('Ctrl Pts',(0.62985396229255,0.27423004624418,1.061));
#5413=CARTESIAN_POINT('Ctrl Pts',(0.630469031586068,0.299399973833746,1.06));
#5414=CARTESIAN_POINT('Ctrl Pts',(0.630469031586068,0.299399973833746,1.061));
#5415=CARTESIAN_POINT('Ctrl Pts',(0.674747156737491,0.300464946573885,1.06));
#5416=CARTESIAN_POINT('Ctrl Pts',(0.674747156737491,0.300464946573885,1.061));
#5417=CARTESIAN_POINT('Ctrl Pts',(0.674299335595517,0.272738412237407,1.06));
#5418=CARTESIAN_POINT('Ctrl Pts',(0.674299335595517,0.272738412237407,1.061));
#5419=CARTESIAN_POINT('',(0.62985396229255,0.27423004624418,1.06));
#5420=CARTESIAN_POINT('Ctrl Pts',(0.62985396229255,0.27423004624418,1.06));
#5421=CARTESIAN_POINT('Ctrl Pts',(0.630469031586068,0.299399973833746,1.06));
#5422=CARTESIAN_POINT('Ctrl Pts',(0.674747156737491,0.300464946573885,1.06));
#5423=CARTESIAN_POINT('Ctrl Pts',(0.674299335595517,0.272738412237407,1.06));
#5424=CARTESIAN_POINT('',(0.62985396229255,0.27423004624418,1.061));
#5425=CARTESIAN_POINT('Ctrl Pts',(0.62985396229255,0.27423004624418,1.061));
#5426=CARTESIAN_POINT('Ctrl Pts',(0.630469031586068,0.299399973833746,1.061));
#5427=CARTESIAN_POINT('Ctrl Pts',(0.674747156737491,0.300464946573885,1.061));
#5428=CARTESIAN_POINT('Ctrl Pts',(0.674299335595517,0.272738412237407,1.061));
#5429=CARTESIAN_POINT('',(0.62985396229255,0.27423004624418,1.06));
#5430=CARTESIAN_POINT('Origin',(0.62985396229255,0.136605279583322,1.06));
#5431=CARTESIAN_POINT('',(0.62985396229255,0.136605279583322,1.06));
#5432=CARTESIAN_POINT('',(0.62985396229255,0.136605279583322,1.06));
#5433=CARTESIAN_POINT('',(0.62985396229255,0.136605279583322,1.061));
#5434=CARTESIAN_POINT('',(0.62985396229255,0.136605279583322,1.061));
#5435=CARTESIAN_POINT('',(0.62985396229255,0.136605279583322,1.06));
#5436=CARTESIAN_POINT('Origin',(0.594795500084386,0.136605279583322,1.06));
#5437=CARTESIAN_POINT('',(0.594795500084386,0.136605279583322,1.06));
#5438=CARTESIAN_POINT('',(0.594795500084386,0.136605279583322,1.06));
#5439=CARTESIAN_POINT('',(0.594795500084386,0.136605279583322,1.061));
#5440=CARTESIAN_POINT('',(0.594795500084386,0.136605279583322,1.061));
#5441=CARTESIAN_POINT('',(0.594795500084386,0.136605279583322,1.06));
#5442=CARTESIAN_POINT('Origin',(0.594795500084386,0.321591418905926,1.06));
#5443=CARTESIAN_POINT('',(0.594795500084386,0.321591418905926,1.06));
#5444=CARTESIAN_POINT('',(0.594795500084386,0.321591418905926,1.06));
#5445=CARTESIAN_POINT('',(0.594795500084386,0.321591418905926,1.061));
#5446=CARTESIAN_POINT('',(0.594795500084386,0.321591418905926,1.061));
#5447=CARTESIAN_POINT('',(0.594795500084386,0.321591418905926,1.06));
#5448=CARTESIAN_POINT('Origin',(0.62985396229255,0.321591418905925,1.06));
#5449=CARTESIAN_POINT('',(0.62985396229255,0.321591418905925,1.06));
#5450=CARTESIAN_POINT('',(0.62985396229255,0.321591418905925,1.06));
#5451=CARTESIAN_POINT('',(0.62985396229255,0.321591418905925,1.061));
#5452=CARTESIAN_POINT('',(0.62985396229255,0.321591418905925,1.061));
#5453=CARTESIAN_POINT('',(0.62985396229255,0.321591418905925,1.06));
#5454=CARTESIAN_POINT('Origin',(0.62985396229255,0.306147770796951,1.06));
#5455=CARTESIAN_POINT('',(0.62985396229255,0.306147770796951,1.06));
#5456=CARTESIAN_POINT('',(0.62985396229255,0.306147770796951,1.061));
#5457=CARTESIAN_POINT('Origin',(0.650467788395098,0.231069116122894,1.061));
#5458=CARTESIAN_POINT('Origin',(0.650467788395098,0.231069116122894,1.06));
#5459=CARTESIAN_POINT('Ctrl Pts',(0.0548142154815545,0.429482400368199,
1.06));
#5460=CARTESIAN_POINT('Ctrl Pts',(0.0548142154815545,0.429482400368199,
1.061));
#5461=CARTESIAN_POINT('Ctrl Pts',(0.0288127576869243,0.444966994792575,
1.06));
#5462=CARTESIAN_POINT('Ctrl Pts',(0.0288127576869243,0.444966994792575,
1.061));
#5463=CARTESIAN_POINT('Ctrl Pts',(-0.00608010655668675,0.423927883966537,
1.06));
#5464=CARTESIAN_POINT('Ctrl Pts',(-0.00608010655668675,0.423927883966537,
1.061));
#5465=CARTESIAN_POINT('Ctrl Pts',(-0.00884091249802919,0.395985453344496,
1.06));
#5466=CARTESIAN_POINT('Ctrl Pts',(-0.00884091249802919,0.395985453344496,
1.061));
#5467=CARTESIAN_POINT('',(0.0548142154815545,0.429482400368199,1.06));
#5468=CARTESIAN_POINT('',(-0.00884091251316241,0.395985453362362,1.06));
#5469=CARTESIAN_POINT('Ctrl Pts',(0.0548142154815545,0.429482400368199,
1.06));
#5470=CARTESIAN_POINT('Ctrl Pts',(0.0288127576869243,0.444966994792575,
1.06));
#5471=CARTESIAN_POINT('Ctrl Pts',(-0.00608010655668675,0.423927883966537,
1.06));
#5472=CARTESIAN_POINT('Ctrl Pts',(-0.00884091249802919,0.395985453344496,
1.06));
#5473=CARTESIAN_POINT('',(-0.00884091251316241,0.395985453362362,1.061));
#5474=CARTESIAN_POINT('',(-0.00884091251316241,0.395985453362362,1.06));
#5475=CARTESIAN_POINT('',(0.0548142154815545,0.429482400368199,1.061));
#5476=CARTESIAN_POINT('Ctrl Pts',(0.0548142154815545,0.429482400368199,
1.061));
#5477=CARTESIAN_POINT('Ctrl Pts',(0.0288127576869243,0.444966994792575,
1.061));
#5478=CARTESIAN_POINT('Ctrl Pts',(-0.00608010655668675,0.423927883966537,
1.061));
#5479=CARTESIAN_POINT('Ctrl Pts',(-0.00884091249802919,0.395985453344496,
1.061));
#5480=CARTESIAN_POINT('',(0.0548142154815545,0.429482400368199,1.06));
#5481=CARTESIAN_POINT('Origin',(0.0548142154655139,0.40001149658084,1.06));
#5482=CARTESIAN_POINT('',(0.0548142154655139,0.40001149658084,1.06));
#5483=CARTESIAN_POINT('',(0.0548142154655139,0.40001149658084,1.06));
#5484=CARTESIAN_POINT('',(0.0548142154655139,0.40001149658084,1.061));
#5485=CARTESIAN_POINT('',(0.0548142154655139,0.40001149658084,1.061));
#5486=CARTESIAN_POINT('',(0.0548142154655139,0.40001149658084,1.06));
#5487=CARTESIAN_POINT('Ctrl Pts',(0.0263431500461274,0.387506245209034,
1.06));
#5488=CARTESIAN_POINT('Ctrl Pts',(0.0263431500461274,0.387506245209034,
1.061));
#5489=CARTESIAN_POINT('Ctrl Pts',(0.029874589575314,0.399624284996422,1.06));
#5490=CARTESIAN_POINT('Ctrl Pts',(0.029874589575314,0.399624284996422,1.061));
#5491=CARTESIAN_POINT('Ctrl Pts',(0.0443361997795761,0.401354173506832,
1.06));
#5492=CARTESIAN_POINT('Ctrl Pts',(0.0443361997795761,0.401354173506832,
1.061));
#5493=CARTESIAN_POINT('Ctrl Pts',(0.0548142154655139,0.40001149658084,1.06));
#5494=CARTESIAN_POINT('Ctrl Pts',(0.0548142154655139,0.40001149658084,1.061));
#5495=CARTESIAN_POINT('',(0.0263431500461274,0.387506245209034,1.06));
#5496=CARTESIAN_POINT('Ctrl Pts',(0.0263431500461274,0.387506245209034,
1.06));
#5497=CARTESIAN_POINT('Ctrl Pts',(0.029874589575314,0.399624284996422,1.06));
#5498=CARTESIAN_POINT('Ctrl Pts',(0.0443361997795761,0.401354173506832,
1.06));
#5499=CARTESIAN_POINT('Ctrl Pts',(0.0548142154655139,0.40001149658084,1.06));
#5500=CARTESIAN_POINT('',(0.0263431500461274,0.387506245209034,1.061));
#5501=CARTESIAN_POINT('Ctrl Pts',(0.0263431500461274,0.387506245209034,
1.061));
#5502=CARTESIAN_POINT('Ctrl Pts',(0.029874589575314,0.399624284996422,1.061));
#5503=CARTESIAN_POINT('Ctrl Pts',(0.0443361997795761,0.401354173506832,
1.061));
#5504=CARTESIAN_POINT('Ctrl Pts',(0.0548142154655139,0.40001149658084,1.061));
#5505=CARTESIAN_POINT('',(0.0263431500461274,0.387506245209034,1.06));
#5506=CARTESIAN_POINT('Origin',(0.0263431500461274,0.32133179314286,1.06));
#5507=CARTESIAN_POINT('',(0.0263431500461274,0.32133179314286,1.06));
#5508=CARTESIAN_POINT('',(0.0263431500461274,0.32133179314286,1.06));
#5509=CARTESIAN_POINT('',(0.0263431500461274,0.32133179314286,1.061));
#5510=CARTESIAN_POINT('',(0.0263431500461274,0.32133179314286,1.061));
#5511=CARTESIAN_POINT('',(0.0263431500461274,0.32133179314286,1.06));
#5512=CARTESIAN_POINT('Origin',(0.0535114133473954,0.32133179314286,1.06));
#5513=CARTESIAN_POINT('',(0.0535114133473954,0.32133179314286,1.06));
#5514=CARTESIAN_POINT('',(0.0535114133473954,0.32133179314286,1.06));
#5515=CARTESIAN_POINT('',(0.0535114133473954,0.32133179314286,1.061));
#5516=CARTESIAN_POINT('',(0.0535114133473954,0.32133179314286,1.061));
#5517=CARTESIAN_POINT('',(0.0535114133473954,0.32133179314286,1.06));
#5518=CARTESIAN_POINT('Origin',(0.0535114133473954,0.294180282218925,1.06));
#5519=CARTESIAN_POINT('',(0.0535114133473954,0.294180282218925,1.06));
#5520=CARTESIAN_POINT('',(0.0535114133473954,0.294180282218925,1.06));
#5521=CARTESIAN_POINT('',(0.0535114133473954,0.294180282218925,1.061));
#5522=CARTESIAN_POINT('',(0.0535114133473954,0.294180282218925,1.061));
#5523=CARTESIAN_POINT('',(0.0535114133473954,0.294180282218925,1.06));
#5524=CARTESIAN_POINT('Origin',(0.0263431500461274,0.294180282218925,1.06));
#5525=CARTESIAN_POINT('',(0.0263431500461274,0.294180282218925,1.06));
#5526=CARTESIAN_POINT('',(0.0263431500461274,0.294180282218925,1.06));
#5527=CARTESIAN_POINT('',(0.0263431500461274,0.294180282218925,1.061));
#5528=CARTESIAN_POINT('',(0.0263431500461274,0.294180282218925,1.061));
#5529=CARTESIAN_POINT('',(0.0263431500461274,0.294180282218925,1.06));
#5530=CARTESIAN_POINT('Origin',(0.0263431500461274,0.136605279583322,1.06));
#5531=CARTESIAN_POINT('',(0.0263431500461274,0.136605279583322,1.06));
#5532=CARTESIAN_POINT('',(0.0263431500461274,0.136605279583322,1.06));
#5533=CARTESIAN_POINT('',(0.0263431500461274,0.136605279583322,1.061));
#5534=CARTESIAN_POINT('',(0.0263431500461274,0.136605279583322,1.061));
#5535=CARTESIAN_POINT('',(0.0263431500461274,0.136605279583322,1.06));
#5536=CARTESIAN_POINT('Origin',(-0.00884091251316248,0.136605279583322,
1.06));
#5537=CARTESIAN_POINT('',(-0.00884091251316248,0.136605279583322,1.06));
#5538=CARTESIAN_POINT('',(-0.00884091251316248,0.136605279583322,1.06));
#5539=CARTESIAN_POINT('',(-0.00884091251316248,0.136605279583322,1.061));
#5540=CARTESIAN_POINT('',(-0.00884091251316248,0.136605279583322,1.061));
#5541=CARTESIAN_POINT('',(-0.00884091251316248,0.136605279583322,1.06));
#5542=CARTESIAN_POINT('Origin',(-0.00884091251316245,0.294180282218925,
1.06));
#5543=CARTESIAN_POINT('',(-0.00884091251316245,0.294180282218925,1.06));
#5544=CARTESIAN_POINT('',(-0.00884091251316245,0.294180282218925,1.06));
#5545=CARTESIAN_POINT('',(-0.00884091251316245,0.294180282218925,1.061));
#5546=CARTESIAN_POINT('',(-0.00884091251316245,0.294180282218925,1.061));
#5547=CARTESIAN_POINT('',(-0.00884091251316245,0.294180282218925,1.06));
#5548=CARTESIAN_POINT('Origin',(-0.0273713227430225,0.294180282218925,1.06));
#5549=CARTESIAN_POINT('',(-0.0273713227430225,0.294180282218925,1.06));
#5550=CARTESIAN_POINT('',(-0.0273713227430225,0.294180282218925,1.06));
#5551=CARTESIAN_POINT('',(-0.0273713227430225,0.294180282218925,1.061));
#5552=CARTESIAN_POINT('',(-0.0273713227430225,0.294180282218925,1.061));
#5553=CARTESIAN_POINT('',(-0.0273713227430225,0.294180282218925,1.06));
#5554=CARTESIAN_POINT('Origin',(-0.0273713227430224,0.32133179314286,1.06));
#5555=CARTESIAN_POINT('',(-0.0273713227430224,0.32133179314286,1.06));
#5556=CARTESIAN_POINT('',(-0.0273713227430224,0.32133179314286,1.06));
#5557=CARTESIAN_POINT('',(-0.0273713227430224,0.32133179314286,1.061));
#5558=CARTESIAN_POINT('',(-0.0273713227430224,0.32133179314286,1.061));
#5559=CARTESIAN_POINT('',(-0.0273713227430224,0.32133179314286,1.06));
#5560=CARTESIAN_POINT('Origin',(-0.00884091251316244,0.321331793142859,
1.06));
#5561=CARTESIAN_POINT('',(-0.00884091251316244,0.321331793142859,1.06));
#5562=CARTESIAN_POINT('',(-0.00884091251316244,0.321331793142859,1.06));
#5563=CARTESIAN_POINT('',(-0.00884091251316244,0.321331793142859,1.061));
#5564=CARTESIAN_POINT('',(-0.00884091251316244,0.321331793142859,1.061));
#5565=CARTESIAN_POINT('',(-0.00884091251316244,0.321331793142859,1.06));
#5566=CARTESIAN_POINT('Origin',(-0.00884091251316241,0.395985453362362,
1.06));
#5567=CARTESIAN_POINT('',(-0.00884091251316241,0.395985453362362,1.06));
#5568=CARTESIAN_POINT('',(-0.00884091251316241,0.395985453362362,1.061));
#5569=CARTESIAN_POINT('Origin',(0.0137097153240529,0.29210957982064,1.061));
#5570=CARTESIAN_POINT('Origin',(0.0137097153240529,0.29210957982064,1.06));
#5571=CARTESIAN_POINT('Origin',(0.381644528514525,0.249502272590299,1.06));
#5572=CARTESIAN_POINT('',(0.381644528514525,0.249502272590299,1.06));
#5573=CARTESIAN_POINT('',(0.381644528527482,0.265008886031835,1.06));
#5574=CARTESIAN_POINT('',(0.381644528514526,0.234064250729587,1.06));
#5575=CARTESIAN_POINT('',(0.381644528514525,0.249502272590299,1.061));
#5576=CARTESIAN_POINT('',(0.381644528514525,0.249502272590299,1.06));
#5577=CARTESIAN_POINT('',(0.381644528527482,0.265008886031835,1.061));
#5578=CARTESIAN_POINT('',(0.381644528514526,0.234064250729587,1.061));
#5579=CARTESIAN_POINT('',(0.381644528527482,0.265008886031835,1.06));
#5580=CARTESIAN_POINT('Origin',(0.328498079768606,0.249502272590299,1.06));
#5581=CARTESIAN_POINT('',(0.328498079768606,0.249502272590299,1.06));
#5582=CARTESIAN_POINT('',(0.342506644891595,0.249502272590299,1.06));
#5583=CARTESIAN_POINT('',(0.328498079768606,0.249502272590299,1.061));
#5584=CARTESIAN_POINT('',(0.328498079768606,0.249502272590299,1.06));
#5585=CARTESIAN_POINT('',(0.342506644891595,0.249502272590299,1.061));
#5586=CARTESIAN_POINT('Origin',(0.328498079768589,0.263738452993774,1.06));
#5587=CARTESIAN_POINT('',(0.328498079768589,0.263738452993774,1.06));
#5588=CARTESIAN_POINT('',(0.328498079768671,0.241182340931273,1.06));
#5589=CARTESIAN_POINT('',(0.328498079768589,0.263738452993774,1.061));
#5590=CARTESIAN_POINT('',(0.328498079768589,0.263738452993774,1.06));
#5591=CARTESIAN_POINT('',(0.328498079768671,0.241182340931273,1.061));
#5592=CARTESIAN_POINT('Ctrl Pts',(0.381644528527482,0.265008886031835,1.06));
#5593=CARTESIAN_POINT('Ctrl Pts',(0.381644528527482,0.265008886031835,1.061));
#5594=CARTESIAN_POINT('Ctrl Pts',(0.379803302828216,0.273726326137202,1.06));
#5595=CARTESIAN_POINT('Ctrl Pts',(0.379803302828216,0.273726326137202,1.061));
#5596=CARTESIAN_POINT('Ctrl Pts',(0.376547643615209,0.294363269207066,1.06));
#5597=CARTESIAN_POINT('Ctrl Pts',(0.376547643615209,0.294363269207066,1.061));
#5598=CARTESIAN_POINT('Ctrl Pts',(0.339577249815248,0.301009120277876,1.06));
#5599=CARTESIAN_POINT('Ctrl Pts',(0.339577249815248,0.301009120277876,1.061));
#5600=CARTESIAN_POINT('Ctrl Pts',(0.329810924993109,0.274967945595022,1.06));
#5601=CARTESIAN_POINT('Ctrl Pts',(0.329810924993109,0.274967945595022,1.061));
#5602=CARTESIAN_POINT('Ctrl Pts',(0.328498079768589,0.263738452993774,1.06));
#5603=CARTESIAN_POINT('Ctrl Pts',(0.328498079768589,0.263738452993774,1.061));
#5604=CARTESIAN_POINT('Ctrl Pts',(0.381644528527482,0.265008886031835,1.06));
#5605=CARTESIAN_POINT('Ctrl Pts',(0.379803302828216,0.273726326137202,1.06));
#5606=CARTESIAN_POINT('Ctrl Pts',(0.376547643615209,0.294363269207066,1.06));
#5607=CARTESIAN_POINT('Ctrl Pts',(0.339577249815248,0.301009120277876,1.06));
#5608=CARTESIAN_POINT('Ctrl Pts',(0.329810924993109,0.274967945595022,1.06));
#5609=CARTESIAN_POINT('Ctrl Pts',(0.328498079768589,0.263738452993774,1.06));
#5610=CARTESIAN_POINT('Ctrl Pts',(0.328498079768589,0.263738452993774,1.061));
#5611=CARTESIAN_POINT('Ctrl Pts',(0.329810924993109,0.274967945595022,1.061));
#5612=CARTESIAN_POINT('Ctrl Pts',(0.339577249815248,0.301009120277876,1.061));
#5613=CARTESIAN_POINT('Ctrl Pts',(0.376547643615209,0.294363269207066,1.061));
#5614=CARTESIAN_POINT('Ctrl Pts',(0.379803302828216,0.273726326137202,1.061));
#5615=CARTESIAN_POINT('Ctrl Pts',(0.381644528527482,0.265008886031835,1.061));
#5616=CARTESIAN_POINT('Ctrl Pts',(0.381214533280318,0.197447331896346,1.06));
#5617=CARTESIAN_POINT('Ctrl Pts',(0.381214533280318,0.197447331896346,1.061));
#5618=CARTESIAN_POINT('Ctrl Pts',(0.379880308527781,0.188394829087358,1.06));
#5619=CARTESIAN_POINT('Ctrl Pts',(0.379880308527781,0.188394829087358,1.061));
#5620=CARTESIAN_POINT('Ctrl Pts',(0.381020445791658,0.163519880497832,1.06));
#5621=CARTESIAN_POINT('Ctrl Pts',(0.381020445791658,0.163519880497832,1.061));
#5622=CARTESIAN_POINT('Ctrl Pts',(0.336204885483319,0.156004904990808,1.06));
#5623=CARTESIAN_POINT('Ctrl Pts',(0.336204885483319,0.156004904990808,1.061));
#5624=CARTESIAN_POINT('Ctrl Pts',(0.328510039233349,0.185972210634462,1.06));
#5625=CARTESIAN_POINT('Ctrl Pts',(0.328510039233349,0.185972210634462,1.061));
#5626=CARTESIAN_POINT('Ctrl Pts',(0.327555391808048,0.197447331891288,1.06));
#5627=CARTESIAN_POINT('Ctrl Pts',(0.327555391808048,0.197447331891288,1.061));
#5628=CARTESIAN_POINT('',(0.381214533280318,0.197447331896346,1.06));
#5629=CARTESIAN_POINT('',(0.327555391788015,0.197447331896346,1.06));
#5630=CARTESIAN_POINT('Ctrl Pts',(0.381214533280318,0.197447331896346,1.06));
#5631=CARTESIAN_POINT('Ctrl Pts',(0.379880308527781,0.188394829087358,1.06));
#5632=CARTESIAN_POINT('Ctrl Pts',(0.381020445791658,0.163519880497832,1.06));
#5633=CARTESIAN_POINT('Ctrl Pts',(0.336204885483319,0.156004904990808,1.06));
#5634=CARTESIAN_POINT('Ctrl Pts',(0.328510039233349,0.185972210634462,1.06));
#5635=CARTESIAN_POINT('Ctrl Pts',(0.327555391808048,0.197447331891288,1.06));
#5636=CARTESIAN_POINT('',(0.327555391788015,0.197447331896346,1.061));
#5637=CARTESIAN_POINT('',(0.327555391788015,0.197447331896346,1.06));
#5638=CARTESIAN_POINT('',(0.381214533280318,0.197447331896346,1.061));
#5639=CARTESIAN_POINT('Ctrl Pts',(0.381214533280318,0.197447331896346,1.061));
#5640=CARTESIAN_POINT('Ctrl Pts',(0.379880308527781,0.188394829087358,1.061));
#5641=CARTESIAN_POINT('Ctrl Pts',(0.381020445791658,0.163519880497832,1.061));
#5642=CARTESIAN_POINT('Ctrl Pts',(0.336204885483319,0.156004904990808,1.061));
#5643=CARTESIAN_POINT('Ctrl Pts',(0.328510039233349,0.185972210634462,1.061));
#5644=CARTESIAN_POINT('Ctrl Pts',(0.327555391808048,0.197447331891288,1.061));
#5645=CARTESIAN_POINT('',(0.381214533280318,0.197447331896346,1.06));
#5646=CARTESIAN_POINT('Origin',(0.411333454271871,0.197447331896346,1.06));
#5647=CARTESIAN_POINT('',(0.411333454271871,0.197447331896346,1.06));
#5648=CARTESIAN_POINT('',(0.411333454271871,0.197447331896346,1.06));
#5649=CARTESIAN_POINT('',(0.411333454271871,0.197447331896346,1.061));
#5650=CARTESIAN_POINT('',(0.411333454271871,0.197447331896346,1.061));
#5651=CARTESIAN_POINT('',(0.411333454271871,0.197447331896346,1.06));
#5652=CARTESIAN_POINT('Origin',(0.411333454271871,0.180232640251029,1.06));
#5653=CARTESIAN_POINT('',(0.411333454271871,0.180232640251029,1.06));
#5654=CARTESIAN_POINT('',(0.411333454271871,0.180232640251029,1.06));
#5655=CARTESIAN_POINT('',(0.411333454271871,0.180232640251029,1.061));
#5656=CARTESIAN_POINT('',(0.411333454271871,0.180232640251029,1.061));
#5657=CARTESIAN_POINT('',(0.411333454271871,0.180232640251029,1.06));
#5658=CARTESIAN_POINT('Ctrl Pts',(0.297340542619447,0.201963760613483,1.06));
#5659=CARTESIAN_POINT('Ctrl Pts',(0.297340542619447,0.201963760613483,1.061));
#5660=CARTESIAN_POINT('Ctrl Pts',(0.297799834066269,0.179525020524018,1.06));
#5661=CARTESIAN_POINT('Ctrl Pts',(0.297799834066269,0.179525020524018,1.061));
#5662=CARTESIAN_POINT('Ctrl Pts',(0.311081655679084,0.139824627018008,1.06));
#5663=CARTESIAN_POINT('Ctrl Pts',(0.311081655679084,0.139824627018008,1.061));
#5664=CARTESIAN_POINT('Ctrl Pts',(0.355087583255128,0.127833107634184,1.06));
#5665=CARTESIAN_POINT('Ctrl Pts',(0.355087583255128,0.127833107634184,1.061));
#5666=CARTESIAN_POINT('Ctrl Pts',(0.390436812861965,0.137387619675252,1.06));
#5667=CARTESIAN_POINT('Ctrl Pts',(0.390436812861965,0.137387619675252,1.061));
#5668=CARTESIAN_POINT('Ctrl Pts',(0.40828353585101,0.159702415159457,1.06));
#5669=CARTESIAN_POINT('Ctrl Pts',(0.40828353585101,0.159702415159457,1.061));
#5670=CARTESIAN_POINT('Ctrl Pts',(0.411333454271871,0.180232640251029,1.06));
#5671=CARTESIAN_POINT('Ctrl Pts',(0.411333454271871,0.180232640251029,1.061));
#5672=CARTESIAN_POINT('',(0.297340542619447,0.201963760613483,1.06));
#5673=CARTESIAN_POINT('Ctrl Pts',(0.297340542619447,0.201963760613483,1.06));
#5674=CARTESIAN_POINT('Ctrl Pts',(0.297799834066269,0.179525020524018,1.06));
#5675=CARTESIAN_POINT('Ctrl Pts',(0.311081655679084,0.139824627018008,1.06));
#5676=CARTESIAN_POINT('Ctrl Pts',(0.355087583255128,0.127833107634184,1.06));
#5677=CARTESIAN_POINT('Ctrl Pts',(0.390436812861965,0.137387619675252,1.06));
#5678=CARTESIAN_POINT('Ctrl Pts',(0.40828353585101,0.159702415159457,1.06));
#5679=CARTESIAN_POINT('Ctrl Pts',(0.411333454271871,0.180232640251029,1.06));
#5680=CARTESIAN_POINT('',(0.297340542619447,0.201963760613483,1.061));
#5681=CARTESIAN_POINT('Ctrl Pts',(0.297340542619447,0.201963760613483,1.061));
#5682=CARTESIAN_POINT('Ctrl Pts',(0.297799834066269,0.179525020524018,1.061));
#5683=CARTESIAN_POINT('Ctrl Pts',(0.311081655679084,0.139824627018008,1.061));
#5684=CARTESIAN_POINT('Ctrl Pts',(0.355087583255128,0.127833107634184,1.061));
#5685=CARTESIAN_POINT('Ctrl Pts',(0.390436812861965,0.137387619675252,1.061));
#5686=CARTESIAN_POINT('Ctrl Pts',(0.40828353585101,0.159702415159457,1.061));
#5687=CARTESIAN_POINT('Ctrl Pts',(0.411333454271871,0.180232640251029,1.061));
#5688=CARTESIAN_POINT('',(0.297340542619447,0.201963760613483,1.06));
#5689=CARTESIAN_POINT('Origin',(0.297340542617395,0.249502272604529,1.06));
#5690=CARTESIAN_POINT('',(0.297340542617395,0.249502272604529,1.06));
#5691=CARTESIAN_POINT('',(0.297340542617395,0.249502272604529,1.06));
#5692=CARTESIAN_POINT('',(0.297340542617395,0.249502272604529,1.061));
#5693=CARTESIAN_POINT('',(0.297340542617395,0.249502272604529,1.061));
#5694=CARTESIAN_POINT('',(0.297340542617395,0.249502272604529,1.06));
#5695=CARTESIAN_POINT('Ctrl Pts',(0.414243837363562,0.245705635248693,1.06));
#5696=CARTESIAN_POINT('Ctrl Pts',(0.414243837363562,0.245705635248693,1.061));
#5697=CARTESIAN_POINT('Ctrl Pts',(0.413986862161426,0.264976409775677,1.06));
#5698=CARTESIAN_POINT('Ctrl Pts',(0.413986862161426,0.264976409775677,1.061));
#5699=CARTESIAN_POINT('Ctrl Pts',(0.410016146067333,0.298267034432747,1.06));
#5700=CARTESIAN_POINT('Ctrl Pts',(0.410016146067333,0.298267034432747,1.061));
#5701=CARTESIAN_POINT('Ctrl Pts',(0.375781637780668,0.327355163480677,1.06));
#5702=CARTESIAN_POINT('Ctrl Pts',(0.375781637780668,0.327355163480677,1.061));
#5703=CARTESIAN_POINT('Ctrl Pts',(0.342453695085393,0.326740756195019,1.06));
#5704=CARTESIAN_POINT('Ctrl Pts',(0.342453695085393,0.326740756195019,1.061));
#5705=CARTESIAN_POINT('Ctrl Pts',(0.306474977670918,0.303634437481791,1.06));
#5706=CARTESIAN_POINT('Ctrl Pts',(0.306474977670918,0.303634437481791,1.061));
#5707=CARTESIAN_POINT('Ctrl Pts',(0.297005078167623,0.270442351239984,1.06));
#5708=CARTESIAN_POINT('Ctrl Pts',(0.297005078167623,0.270442351239984,1.061));
#5709=CARTESIAN_POINT('Ctrl Pts',(0.297340542617395,0.249502272604529,1.06));
#5710=CARTESIAN_POINT('Ctrl Pts',(0.297340542617395,0.249502272604529,1.061));
#5711=CARTESIAN_POINT('',(0.414243837363562,0.245705635248693,1.06));
#5712=CARTESIAN_POINT('Ctrl Pts',(0.414243837363562,0.245705635248693,1.06));
#5713=CARTESIAN_POINT('Ctrl Pts',(0.413986862161426,0.264976409775677,1.06));
#5714=CARTESIAN_POINT('Ctrl Pts',(0.410016146067333,0.298267034432747,1.06));
#5715=CARTESIAN_POINT('Ctrl Pts',(0.375781637780668,0.327355163480677,1.06));
#5716=CARTESIAN_POINT('Ctrl Pts',(0.342453695085393,0.326740756195019,1.06));
#5717=CARTESIAN_POINT('Ctrl Pts',(0.306474977670918,0.303634437481791,1.06));
#5718=CARTESIAN_POINT('Ctrl Pts',(0.297005078167623,0.270442351239984,1.06));
#5719=CARTESIAN_POINT('Ctrl Pts',(0.297340542617395,0.249502272604529,1.06));
#5720=CARTESIAN_POINT('',(0.414243837363562,0.245705635248693,1.061));
#5721=CARTESIAN_POINT('Ctrl Pts',(0.414243837363562,0.245705635248693,1.061));
#5722=CARTESIAN_POINT('Ctrl Pts',(0.413986862161426,0.264976409775677,1.061));
#5723=CARTESIAN_POINT('Ctrl Pts',(0.410016146067333,0.298267034432747,1.061));
#5724=CARTESIAN_POINT('Ctrl Pts',(0.375781637780668,0.327355163480677,1.061));
#5725=CARTESIAN_POINT('Ctrl Pts',(0.342453695085393,0.326740756195019,1.061));
#5726=CARTESIAN_POINT('Ctrl Pts',(0.306474977670918,0.303634437481791,1.061));
#5727=CARTESIAN_POINT('Ctrl Pts',(0.297005078167623,0.270442351239984,1.061));
#5728=CARTESIAN_POINT('Ctrl Pts',(0.297340542617395,0.249502272604529,1.061));
#5729=CARTESIAN_POINT('',(0.414243837363562,0.245705635248693,1.06));
#5730=CARTESIAN_POINT('Origin',(0.414243837363562,0.221239592722014,1.06));
#5731=CARTESIAN_POINT('',(0.414243837363562,0.221239592722014,1.06));
#5732=CARTESIAN_POINT('',(0.414243837363562,0.221239592722014,1.06));
#5733=CARTESIAN_POINT('',(0.414243837363562,0.221239592722014,1.061));
#5734=CARTESIAN_POINT('',(0.414243837363562,0.221239592722014,1.061));
#5735=CARTESIAN_POINT('',(0.414243837363562,0.221239592722014,1.06));
#5736=CARTESIAN_POINT('Origin',(0.327555391788015,0.221239592722014,1.06));
#5737=CARTESIAN_POINT('',(0.327555391788015,0.221239592722014,1.06));
#5738=CARTESIAN_POINT('',(0.327555391788015,0.221239592722014,1.06));
#5739=CARTESIAN_POINT('',(0.327555391788015,0.221239592722014,1.061));
#5740=CARTESIAN_POINT('',(0.327555391788015,0.221239592722014,1.061));
#5741=CARTESIAN_POINT('',(0.327555391788015,0.221239592722014,1.06));
#5742=CARTESIAN_POINT('Origin',(0.327555391788015,0.197447331896346,1.06));
#5743=CARTESIAN_POINT('',(0.327555391788015,0.197447331896346,1.06));
#5744=CARTESIAN_POINT('',(0.327555391788015,0.197447331896346,1.061));
#5745=CARTESIAN_POINT('Origin',(0.356515210014585,0.218626228868875,1.061));
#5746=CARTESIAN_POINT('Origin',(0.356515210014585,0.218626228868875,1.06));
#5747=CARTESIAN_POINT('Ctrl Pts',(0.531814868422504,0.254096918286181,1.06));
#5748=CARTESIAN_POINT('Ctrl Pts',(0.531814868422504,0.254096918286181,1.061));
#5749=CARTESIAN_POINT('Ctrl Pts',(0.529819793519298,0.265579203543483,1.06));
#5750=CARTESIAN_POINT('Ctrl Pts',(0.529819793519298,0.265579203543483,1.061));
#5751=CARTESIAN_POINT('Ctrl Pts',(0.524628671909393,0.294827773404686,1.06));
#5752=CARTESIAN_POINT('Ctrl Pts',(0.524628671909393,0.294827773404686,1.061));
#5753=CARTESIAN_POINT('Ctrl Pts',(0.494959725677085,0.296141688109307,1.06));
#5754=CARTESIAN_POINT('Ctrl Pts',(0.494959725677085,0.296141688109307,1.061));
#5755=CARTESIAN_POINT('Ctrl Pts',(0.479638266744885,0.280072995307214,1.06));
#5756=CARTESIAN_POINT('Ctrl Pts',(0.479638266744885,0.280072995307214,1.061));
#5757=CARTESIAN_POINT('Ctrl Pts',(0.476249094035389,0.264787875062086,1.06));
#5758=CARTESIAN_POINT('Ctrl Pts',(0.476249094035389,0.264787875062086,1.061));
#5759=CARTESIAN_POINT('Ctrl Pts',(0.474995237825259,0.254096918281823,1.06));
#5760=CARTESIAN_POINT('Ctrl Pts',(0.474995237825259,0.254096918281823,1.061));
#5761=CARTESIAN_POINT('',(0.531814868422504,0.254096918286181,1.06));
#5762=CARTESIAN_POINT('',(0.474995237846659,0.254096918286181,1.06));
#5763=CARTESIAN_POINT('Ctrl Pts',(0.531814868422504,0.254096918286181,1.06));
#5764=CARTESIAN_POINT('Ctrl Pts',(0.529819793519298,0.265579203543483,1.06));
#5765=CARTESIAN_POINT('Ctrl Pts',(0.524628671909393,0.294827773404686,1.06));
#5766=CARTESIAN_POINT('Ctrl Pts',(0.494959725677085,0.296141688109307,1.06));
#5767=CARTESIAN_POINT('Ctrl Pts',(0.479638266744885,0.280072995307214,1.06));
#5768=CARTESIAN_POINT('Ctrl Pts',(0.476249094035389,0.264787875062086,1.06));
#5769=CARTESIAN_POINT('Ctrl Pts',(0.474995237825259,0.254096918281823,1.06));
#5770=CARTESIAN_POINT('',(0.531814868422504,0.254096918286181,1.061));
#5771=CARTESIAN_POINT('',(0.531814868422504,0.254096918286181,1.06));
#5772=CARTESIAN_POINT('',(0.474995237846659,0.254096918286181,1.061));
#5773=CARTESIAN_POINT('Ctrl Pts',(0.474995237825259,0.254096918281823,1.061));
#5774=CARTESIAN_POINT('Ctrl Pts',(0.476249094035389,0.264787875062086,1.061));
#5775=CARTESIAN_POINT('Ctrl Pts',(0.479638266744885,0.280072995307214,1.061));
#5776=CARTESIAN_POINT('Ctrl Pts',(0.494959725677085,0.296141688109307,1.061));
#5777=CARTESIAN_POINT('Ctrl Pts',(0.524628671909393,0.294827773404686,1.061));
#5778=CARTESIAN_POINT('Ctrl Pts',(0.529819793519298,0.265579203543483,1.061));
#5779=CARTESIAN_POINT('Ctrl Pts',(0.531814868422504,0.254096918286181,1.061));
#5780=CARTESIAN_POINT('',(0.474995237846659,0.254096918286181,1.06));
#5781=CARTESIAN_POINT('Origin',(0.531814868423549,0.201963760622345,1.06));
#5782=CARTESIAN_POINT('',(0.531814868423549,0.201963760622345,1.06));
#5783=CARTESIAN_POINT('',(0.531814868422776,0.214826462445644,1.06));
#5784=CARTESIAN_POINT('',(0.531814868423549,0.201963760622345,1.061));
#5785=CARTESIAN_POINT('',(0.531814868423549,0.201963760622345,1.06));
#5786=CARTESIAN_POINT('',(0.531814868422776,0.214826462445644,1.061));
#5787=CARTESIAN_POINT('Ctrl Pts',(0.474995237846659,0.201963760613483,1.06));
#5788=CARTESIAN_POINT('Ctrl Pts',(0.474995237846659,0.201963760613483,1.061));
#5789=CARTESIAN_POINT('Ctrl Pts',(0.477457688974664,0.190947905093348,1.06));
#5790=CARTESIAN_POINT('Ctrl Pts',(0.477457688974664,0.190947905093348,1.061));
#5791=CARTESIAN_POINT('Ctrl Pts',(0.482724417339322,0.158008419013607,1.06));
#5792=CARTESIAN_POINT('Ctrl Pts',(0.482724417339322,0.158008419013607,1.061));
#5793=CARTESIAN_POINT('Ctrl Pts',(0.524751609535615,0.164437478270782,1.06));
#5794=CARTESIAN_POINT('Ctrl Pts',(0.524751609535615,0.164437478270782,1.061));
#5795=CARTESIAN_POINT('Ctrl Pts',(0.530592419126366,0.189392419855213,1.06));
#5796=CARTESIAN_POINT('Ctrl Pts',(0.530592419126366,0.189392419855213,1.061));
#5797=CARTESIAN_POINT('Ctrl Pts',(0.531814868423549,0.201963760622345,1.06));
#5798=CARTESIAN_POINT('Ctrl Pts',(0.531814868423549,0.201963760622345,1.061));
#5799=CARTESIAN_POINT('',(0.474995237846659,0.201963760613483,1.06));
#5800=CARTESIAN_POINT('Ctrl Pts',(0.474995237846659,0.201963760613483,1.06));
#5801=CARTESIAN_POINT('Ctrl Pts',(0.477457688974664,0.190947905093348,1.06));
#5802=CARTESIAN_POINT('Ctrl Pts',(0.482724417339322,0.158008419013607,1.06));
#5803=CARTESIAN_POINT('Ctrl Pts',(0.524751609535615,0.164437478270782,1.06));
#5804=CARTESIAN_POINT('Ctrl Pts',(0.530592419126366,0.189392419855213,1.06));
#5805=CARTESIAN_POINT('Ctrl Pts',(0.531814868423549,0.201963760622345,1.06));
#5806=CARTESIAN_POINT('',(0.474995237846659,0.201963760613483,1.061));
#5807=CARTESIAN_POINT('',(0.474995237846659,0.201963760613483,1.06));
#5808=CARTESIAN_POINT('Ctrl Pts',(0.531814868423549,0.201963760622345,1.061));
#5809=CARTESIAN_POINT('Ctrl Pts',(0.530592419126366,0.189392419855213,1.061));
#5810=CARTESIAN_POINT('Ctrl Pts',(0.524751609535615,0.164437478270782,1.061));
#5811=CARTESIAN_POINT('Ctrl Pts',(0.482724417339322,0.158008419013607,1.061));
#5812=CARTESIAN_POINT('Ctrl Pts',(0.477457688974664,0.190947905093348,1.061));
#5813=CARTESIAN_POINT('Ctrl Pts',(0.474995237846659,0.201963760613483,1.061));
#5814=CARTESIAN_POINT('Origin',(0.474995237846659,0.254096918286181,1.06));
#5815=CARTESIAN_POINT('',(0.474995237846659,0.240893041276694,1.06));
#5816=CARTESIAN_POINT('',(0.474995237846659,0.240893041276694,1.061));
#5817=CARTESIAN_POINT('Ctrl Pts',(0.441355597037109,0.204521665277867,1.06));
#5818=CARTESIAN_POINT('Ctrl Pts',(0.441355597037109,0.204521665277867,1.061));
#5819=CARTESIAN_POINT('Ctrl Pts',(0.443851615326124,0.188102621547717,1.06));
#5820=CARTESIAN_POINT('Ctrl Pts',(0.443851615326124,0.188102621547717,1.061));
#5821=CARTESIAN_POINT('Ctrl Pts',(0.446991498767264,0.15820797943935,1.06));
#5822=CARTESIAN_POINT('Ctrl Pts',(0.446991498767264,0.15820797943935,1.061));
#5823=CARTESIAN_POINT('Ctrl Pts',(0.481444940939643,0.131368253757915,1.06));
#5824=CARTESIAN_POINT('Ctrl Pts',(0.481444940939643,0.131368253757915,1.061));
#5825=CARTESIAN_POINT('Ctrl Pts',(0.518588159362547,0.126964137310477,1.06));
#5826=CARTESIAN_POINT('Ctrl Pts',(0.518588159362547,0.126964137310477,1.061));
#5827=CARTESIAN_POINT('Ctrl Pts',(0.555543763201866,0.156953825680644,1.06));
#5828=CARTESIAN_POINT('Ctrl Pts',(0.555543763201866,0.156953825680644,1.061));
#5829=CARTESIAN_POINT('Ctrl Pts',(0.566708564971151,0.187808157184829,1.06));
#5830=CARTESIAN_POINT('Ctrl Pts',(0.566708564971151,0.187808157184829,1.061));
#5831=CARTESIAN_POINT('Ctrl Pts',(0.564908771082958,0.210853573260112,1.06));
#5832=CARTESIAN_POINT('Ctrl Pts',(0.564908771082958,0.210853573260112,1.061));
#5833=CARTESIAN_POINT('',(0.441355597037109,0.204521665277867,1.06));
#5834=CARTESIAN_POINT('',(0.564908771103464,0.210853573257056,1.06));
#5835=CARTESIAN_POINT('Ctrl Pts',(0.441355597037109,0.204521665277867,1.06));
#5836=CARTESIAN_POINT('Ctrl Pts',(0.443851615326124,0.188102621547717,1.06));
#5837=CARTESIAN_POINT('Ctrl Pts',(0.446991498767264,0.15820797943935,1.06));
#5838=CARTESIAN_POINT('Ctrl Pts',(0.481444940939643,0.131368253757915,1.06));
#5839=CARTESIAN_POINT('Ctrl Pts',(0.518588159362547,0.126964137310477,1.06));
#5840=CARTESIAN_POINT('Ctrl Pts',(0.555543763201866,0.156953825680644,1.06));
#5841=CARTESIAN_POINT('Ctrl Pts',(0.566708564971151,0.187808157184829,1.06));
#5842=CARTESIAN_POINT('Ctrl Pts',(0.564908771082958,0.210853573260112,1.06));
#5843=CARTESIAN_POINT('',(0.564908771103464,0.210853573257056,1.061));
#5844=CARTESIAN_POINT('',(0.564908771103464,0.210853573257056,1.06));
#5845=CARTESIAN_POINT('',(0.441355597037109,0.204521665277867,1.061));
#5846=CARTESIAN_POINT('Ctrl Pts',(0.441355597037109,0.204521665277867,1.061));
#5847=CARTESIAN_POINT('Ctrl Pts',(0.443851615326124,0.188102621547717,1.061));
#5848=CARTESIAN_POINT('Ctrl Pts',(0.446991498767264,0.15820797943935,1.061));
#5849=CARTESIAN_POINT('Ctrl Pts',(0.481444940939643,0.131368253757915,1.061));
#5850=CARTESIAN_POINT('Ctrl Pts',(0.518588159362547,0.126964137310477,1.061));
#5851=CARTESIAN_POINT('Ctrl Pts',(0.555543763201866,0.156953825680644,1.061));
#5852=CARTESIAN_POINT('Ctrl Pts',(0.566708564971151,0.187808157184829,1.061));
#5853=CARTESIAN_POINT('Ctrl Pts',(0.564908771082958,0.210853573260112,1.061));
#5854=CARTESIAN_POINT('',(0.441355597037109,0.204521665277867,1.06));
#5855=CARTESIAN_POINT('Origin',(0.441355597036062,0.256226311164704,1.06));
#5856=CARTESIAN_POINT('',(0.441355597036062,0.256226311164704,1.06));
#5857=CARTESIAN_POINT('',(0.441355597036062,0.256226311164704,1.06));
#5858=CARTESIAN_POINT('',(0.441355597036062,0.256226311164704,1.061));
#5859=CARTESIAN_POINT('',(0.441355597036062,0.256226311164704,1.061));
#5860=CARTESIAN_POINT('',(0.441355597036062,0.256226311164704,1.06));
#5861=CARTESIAN_POINT('Ctrl Pts',(0.564908771103464,0.249502272590299,1.06));
#5862=CARTESIAN_POINT('Ctrl Pts',(0.564908771103464,0.249502272590299,1.061));
#5863=CARTESIAN_POINT('Ctrl Pts',(0.566339540184163,0.27262293546881,1.06));
#5864=CARTESIAN_POINT('Ctrl Pts',(0.566339540184163,0.27262293546881,1.061));
#5865=CARTESIAN_POINT('Ctrl Pts',(0.55188115736106,0.302615202928276,1.06));
#5866=CARTESIAN_POINT('Ctrl Pts',(0.55188115736106,0.302615202928276,1.061));
#5867=CARTESIAN_POINT('Ctrl Pts',(0.514761827476901,0.32864716088408,1.06));
#5868=CARTESIAN_POINT('Ctrl Pts',(0.514761827476901,0.32864716088408,1.061));
#5869=CARTESIAN_POINT('Ctrl Pts',(0.463261457079846,0.32097775587182,1.06));
#5870=CARTESIAN_POINT('Ctrl Pts',(0.463261457079846,0.32097775587182,1.061));
#5871=CARTESIAN_POINT('Ctrl Pts',(0.441160239346871,0.281961250960238,1.06));
#5872=CARTESIAN_POINT('Ctrl Pts',(0.441160239346871,0.281961250960238,1.061));
#5873=CARTESIAN_POINT('Ctrl Pts',(0.441355597036062,0.256226311164704,1.06));
#5874=CARTESIAN_POINT('Ctrl Pts',(0.441355597036062,0.256226311164704,1.061));
#5875=CARTESIAN_POINT('',(0.564908771103464,0.249502272590299,1.06));
#5876=CARTESIAN_POINT('Ctrl Pts',(0.564908771103464,0.249502272590299,1.06));
#5877=CARTESIAN_POINT('Ctrl Pts',(0.566339540184163,0.27262293546881,1.06));
#5878=CARTESIAN_POINT('Ctrl Pts',(0.55188115736106,0.302615202928276,1.06));
#5879=CARTESIAN_POINT('Ctrl Pts',(0.514761827476901,0.32864716088408,1.06));
#5880=CARTESIAN_POINT('Ctrl Pts',(0.463261457079846,0.32097775587182,1.06));
#5881=CARTESIAN_POINT('Ctrl Pts',(0.441160239346871,0.281961250960238,1.06));
#5882=CARTESIAN_POINT('Ctrl Pts',(0.441355597036062,0.256226311164704,1.06));
#5883=CARTESIAN_POINT('',(0.564908771103464,0.249502272590299,1.061));
#5884=CARTESIAN_POINT('Ctrl Pts',(0.564908771103464,0.249502272590299,1.061));
#5885=CARTESIAN_POINT('Ctrl Pts',(0.566339540184163,0.27262293546881,1.061));
#5886=CARTESIAN_POINT('Ctrl Pts',(0.55188115736106,0.302615202928276,1.061));
#5887=CARTESIAN_POINT('Ctrl Pts',(0.514761827476901,0.32864716088408,1.061));
#5888=CARTESIAN_POINT('Ctrl Pts',(0.463261457079846,0.32097775587182,1.061));
#5889=CARTESIAN_POINT('Ctrl Pts',(0.441160239346871,0.281961250960238,1.061));
#5890=CARTESIAN_POINT('Ctrl Pts',(0.441355597036062,0.256226311164704,1.061));
#5891=CARTESIAN_POINT('',(0.564908771103464,0.249502272590299,1.06));
#5892=CARTESIAN_POINT('Origin',(0.564908771103464,0.210853573257056,1.06));
#5893=CARTESIAN_POINT('',(0.564908771103464,0.210853573257056,1.06));
#5894=CARTESIAN_POINT('',(0.564908771103464,0.210853573257056,1.061));
#5895=CARTESIAN_POINT('Origin',(0.502916830699322,0.227689164267207,1.061));
#5896=CARTESIAN_POINT('Origin',(0.502916830699322,0.227689164267207,1.06));
#5897=CARTESIAN_POINT('Origin',(0.265,0.725,0.01));
#5898=CARTESIAN_POINT('',(0.265,1.455,0.01));
#5899=CARTESIAN_POINT('',(0.265,0.725,0.01));
#5900=CARTESIAN_POINT('',(0.265,1.455,0.01));
#5901=CARTESIAN_POINT('',(0.265,1.455,0.02));
#5902=CARTESIAN_POINT('',(0.265,1.455,0.01));
#5903=CARTESIAN_POINT('',(0.265,0.725,0.02));
#5904=CARTESIAN_POINT('',(0.265,1.455,0.02));
#5905=CARTESIAN_POINT('',(0.265,0.725,0.01));
#5906=CARTESIAN_POINT('Origin',(-0.265,0.725,0.01));
#5907=CARTESIAN_POINT('',(-0.265,0.725,0.01));
#5908=CARTESIAN_POINT('',(0.265,0.725,0.01));
#5909=CARTESIAN_POINT('',(-0.265,0.725,0.02));
#5910=CARTESIAN_POINT('',(0.265,0.725,0.02));
#5911=CARTESIAN_POINT('',(-0.265,0.725,0.01));
#5912=CARTESIAN_POINT('Origin',(-0.265,1.455,0.01));
#5913=CARTESIAN_POINT('',(-0.265,1.455,0.01));
#5914=CARTESIAN_POINT('',(-0.265,0.725,0.01));
#5915=CARTESIAN_POINT('',(-0.265,1.455,0.02));
#5916=CARTESIAN_POINT('',(-0.265,0.725,0.02));
#5917=CARTESIAN_POINT('',(-0.265,1.455,0.01));
#5918=CARTESIAN_POINT('Origin',(0.265,1.455,0.01));
#5919=CARTESIAN_POINT('',(-0.265,1.455,0.01));
#5920=CARTESIAN_POINT('',(-0.265,1.455,0.02));
#5921=CARTESIAN_POINT('Origin',(2.0122792321331E-16,1.09,0.01));
#5922=CARTESIAN_POINT('Origin',(2.22044604925031E-16,1.09,0.02));
#5923=UNCERTAINTY_MEASURE_WITH_UNIT(LENGTH_MEASURE(0.01),#5927,
'DISTANCE_ACCURACY_VALUE',
'Maximum model space distance between geometric entities at asserted c
onnectivities');
#5924=UNCERTAINTY_MEASURE_WITH_UNIT(LENGTH_MEASURE(0.01),#5927,
'DISTANCE_ACCURACY_VALUE',
'Maximum model space distance between geometric entities at asserted c
onnectivities');
#5925=(
GEOMETRIC_REPRESENTATION_CONTEXT(3)
GLOBAL_UNCERTAINTY_ASSIGNED_CONTEXT((#5923))
GLOBAL_UNIT_ASSIGNED_CONTEXT((#5927,#5929,#5928))
REPRESENTATION_CONTEXT('','3D')
);
#5926=(
GEOMETRIC_REPRESENTATION_CONTEXT(3)
GLOBAL_UNCERTAINTY_ASSIGNED_CONTEXT((#5924))
GLOBAL_UNIT_ASSIGNED_CONTEXT((#5927,#5929,#5928))
REPRESENTATION_CONTEXT('','3D')
);
#5927=(
LENGTH_UNIT()
NAMED_UNIT(*)
SI_UNIT(.MILLI.,.METRE.)
);
#5928=(
NAMED_UNIT(*)
SI_UNIT($,.STERADIAN.)
SOLID_ANGLE_UNIT()
);
#5929=(
NAMED_UNIT(*)
PLANE_ANGLE_UNIT()
SI_UNIT($,.RADIAN.)
);
#5930=SHAPE_DEFINITION_REPRESENTATION(#5931,#5932);
#5931=PRODUCT_DEFINITION_SHAPE('',$,#5934);
#5932=SHAPE_REPRESENTATION('',(#3443),#5925);
#5933=PRODUCT_DEFINITION_CONTEXT('part definition',#5938,'design');
#5934=PRODUCT_DEFINITION('Product','Product',#5935,#5933);
#5935=PRODUCT_DEFINITION_FORMATION('',$,#5940);
#5936=PRODUCT_RELATED_PRODUCT_CATEGORY('Product','Product',(#5940));
#5937=APPLICATION_PROTOCOL_DEFINITION('international standard',
'automotive_design',2009,#5938);
#5938=APPLICATION_CONTEXT(
'Core Data for Automotive Mechanical Design Process');
#5939=PRODUCT_CONTEXT('part definition',#5938,'mechanical');
#5940=PRODUCT('Product','Product',$,(#5939));
#5941=PRESENTATION_STYLE_ASSIGNMENT((#5945));
#5942=PRESENTATION_STYLE_ASSIGNMENT((#5946));
#5943=PRESENTATION_STYLE_ASSIGNMENT((#5947));
#5944=PRESENTATION_STYLE_ASSIGNMENT((#5948));
#5945=SURFACE_STYLE_USAGE(.BOTH.,#5949);
#5946=SURFACE_STYLE_USAGE(.BOTH.,#5950);
#5947=SURFACE_STYLE_USAGE(.BOTH.,#5951);
#5948=SURFACE_STYLE_USAGE(.BOTH.,#5952);
#5949=SURFACE_SIDE_STYLE('',(#5953));
#5950=SURFACE_SIDE_STYLE('',(#5954));
#5951=SURFACE_SIDE_STYLE('',(#5955));
#5952=SURFACE_SIDE_STYLE('',(#5956));
#5953=SURFACE_STYLE_FILL_AREA(#5957);
#5954=SURFACE_STYLE_FILL_AREA(#5958);
#5955=SURFACE_STYLE_FILL_AREA(#5959);
#5956=SURFACE_STYLE_FILL_AREA(#5960);
#5957=FILL_AREA_STYLE('',(#5961));
#5958=FILL_AREA_STYLE('',(#5962));
#5959=FILL_AREA_STYLE('',(#5963));
#5960=FILL_AREA_STYLE('',(#5964));
#5961=FILL_AREA_STYLE_COLOUR('',#5965);
#5962=FILL_AREA_STYLE_COLOUR('',#5966);
#5963=FILL_AREA_STYLE_COLOUR('',#5967);
#5964=FILL_AREA_STYLE_COLOUR('',#5968);
#5965=COLOUR_RGB('',0.101960784313725,0.152941176470588,0.0666666666666667);
#5966=COLOUR_RGB('',0.980392156862745,0.901960784313726,0.588235294117647);
#5967=COLOUR_RGB('',0.501960784313725,0.501960784313725,0.250980392156863);
#5968=COLOUR_RGB('',0.796078431372549,0.603921568627451,0.231372549019608);
ENDSEC;
END-ISO-10303-21;
