ISO-10303-21;
HEADER;
FILE_DESCRIPTION (( 'STEP AP214' ),
    '1' );
FILE_NAME ('Bias-Tee_Mini-Circuits_Case_Style_GU1414.STEP',
    '2018-02-01T07:42:48',
    ( '' ),
    ( '' ),
    'SwSTEP 2.0',
    'SolidWorks 2016',
    '' );
FILE_SCHEMA (( 'AUTOMOTIVE_DESIGN' ));
ENDSEC;

DATA;
#1 = CARTESIAN_POINT ( 'NONE',  ( -1.649999999999999900, 1.905000000000000000, 0.5500000000000000400 ) ) ;
#2 =( NAMED_UNIT ( * ) PLANE_ANGLE_UNIT ( ) SI_UNIT ( $, .RADIAN. ) );
#3 = CARTESIAN_POINT ( 'NONE',  ( 0.0000000000000000000, 1.330352135378642700, 1.586924070653191700 ) ) ;
#4 = CARTESIAN_POINT ( 'NONE',  ( 0.0000000000000000000, 1.102896303087264500, 2.349443496483055100 ) ) ;
#5 = PLANE ( 'NONE',  #1304 ) ;
#6 = ORIENTED_EDGE ( 'NONE', *, *, #2832, .T. ) ;
#7 = LINE ( 'NONE', #3287, #3465 ) ;
#8 = PRESENTATION_STYLE_ASSIGNMENT (( #3926 ) ) ;
#9 = LINE ( 'NONE', #149, #3467 ) ;
#10 = ORIENTED_EDGE ( 'NONE', *, *, #3363, .F. ) ;
#11 = VECTOR ( 'NONE', #2367, 1000.000000000000000 ) ;
#12 = AXIS2_PLACEMENT_3D ( 'NONE', #973, #1974, #4350 ) ;
#13 = ORIENTED_EDGE ( 'NONE', *, *, #3390, .F. ) ;
#14 = VERTEX_POINT ( 'NONE', #1552 ) ;
#15 = DIRECTION ( 'NONE',  ( 0.0000000000000000000, 0.0000000000000000000, -1.000000000000000000 ) ) ;
#16 =( GEOMETRIC_REPRESENTATION_CONTEXT ( 3 ) GLOBAL_UNCERTAINTY_ASSIGNED_CONTEXT ( ( #2053 ) ) GLOBAL_UNIT_ASSIGNED_CONTEXT ( ( #819, #3177, #1164 ) ) REPRESENTATION_CONTEXT ( 'NONE', 'WORKASPACE' ) );
#17 = CARTESIAN_POINT ( 'NONE',  ( -1.905000000000000000, 0.0000000000000000000, 0.01000000000000000000 ) ) ;
#18 = VERTEX_POINT ( 'NONE', #2904 ) ;
#19 = VERTEX_POINT ( 'NONE', #3347 ) ;
#20 = LINE ( 'NONE', #4175, #1677 ) ;
#21 = SURFACE_STYLE_USAGE ( .BOTH. , #2008 ) ;
#22 = EDGE_CURVE ( 'NONE', #838, #2852, #3365, .T. ) ;
#23 = EDGE_CURVE ( 'NONE', #3073, #1579, #783, .T. ) ;
#24 = VECTOR ( 'NONE', #2379, 1000.000000000000100 ) ;
#25 = EDGE_LOOP ( 'NONE', ( #294, #2219, #3585, #853 ) ) ;
#26 = STYLED_ITEM ( 'NONE', ( #8 ), #827 ) ;
#27 = VERTEX_POINT ( 'NONE', #183 ) ;
#28 =( NAMED_UNIT ( * ) SI_UNIT ( $, .STERADIAN. ) SOLID_ANGLE_UNIT ( ) );
#29 = VECTOR ( 'NONE', #3653, 1000.000000000000000 ) ;
#30 = DIRECTION ( 'NONE',  ( -0.0000000000000000000, 0.0000000000000000000, 1.000000000000000000 ) ) ;
#31 = FACE_OUTER_BOUND ( 'NONE', #67, .T. ) ;
#32 = PLANE ( 'NONE',  #3556 ) ;
#33 = ADVANCED_FACE ( 'NONE', ( #685, #2584, #1565 ), #1248, .T. ) ;
#34 = VERTEX_POINT ( 'NONE', #2540 ) ;
#35 = VECTOR ( 'NONE', #967, 1000.000000000000000 ) ;
#36 = SURFACE_STYLE_FILL_AREA ( #449 ) ;
#37 = CARTESIAN_POINT ( 'NONE',  ( -1.122243303805098700, -0.7388783480974515600, 4.121121651902549300 ) ) ;
#38 = PRESENTATION_LAYER_ASSIGNMENT (  '', '', ( #3950 ) ) ;
#39 = DIRECTION ( 'NONE',  ( -1.000000000000000000, 0.0000000000000000000, -0.0000000000000000000 ) ) ;
#40 = SURFACE_SIDE_STYLE ('',( #1390 ) ) ;
#41 = DIRECTION ( 'NONE',  ( 1.000000000000000000, 0.0000000000000000000, 0.0000000000000000000 ) ) ;
#42 = EDGE_CURVE ( 'NONE', #2529, #52, #2138, .T. ) ;
#43 = EDGE_LOOP ( 'NONE', ( #1683, #3050, #155, #1273 ) ) ;
#44 = DIRECTION ( 'NONE',  ( -1.000000000000000000, 0.0000000000000000000, 0.0000000000000000000 ) ) ;
#45 = VECTOR ( 'NONE', #904, 1000.000000000000000 ) ;
#46 = DIRECTION ( 'NONE',  ( -0.0000000000000000000, -0.0000000000000000000, -1.000000000000000000 ) ) ;
#47 = UNCERTAINTY_MEASURE_WITH_UNIT (LENGTH_MEASURE( 1.000000000000000100E-005 ), #3122, 'distance_accuracy_value', 'NONE');
#48 = MECHANICAL_DESIGN_GEOMETRIC_PRESENTATION_REPRESENTATION (  '', ( #3732 ), #269 ) ;
#49 = SURFACE_STYLE_FILL_AREA ( #244 ) ;
#50 = UNCERTAINTY_MEASURE_WITH_UNIT (LENGTH_MEASURE( 1.000000000000000100E-005 ), #2054, 'distance_accuracy_value', 'NONE');
#51 = EDGE_CURVE ( 'NONE', #2360, #2529, #3037, .T. ) ;
#52 = VERTEX_POINT ( 'NONE', #1941 ) ;
#53 = ADVANCED_FACE ( 'NONE', ( #473 ), #4266, .F. ) ;
#54 = VECTOR ( 'NONE', #4050, 1000.000000000000000 ) ;
#55 = CARTESIAN_POINT ( 'NONE',  ( 0.0000000000000000000, -0.8149999999999997200, 0.5600000000000000500 ) ) ;
#56 = FACE_OUTER_BOUND ( 'NONE', #43, .T. ) ;
#57 = SURFACE_SIDE_STYLE ('',( #2622 ) ) ;
#58 = EDGE_LOOP ( 'NONE', ( #1625, #2696, #1644, #1798 ) ) ;
#59 = FACE_OUTER_BOUND ( 'NONE', #1479, .T. ) ;
#60 = SURFACE_STYLE_FILL_AREA ( #437 ) ;
#61 = LINE ( 'NONE', #3874, #832 ) ;
#62 =( NAMED_UNIT ( * ) PLANE_ANGLE_UNIT ( ) SI_UNIT ( $, .RADIAN. ) );
#63 = ORIENTED_EDGE ( 'NONE', *, *, #607, .F. ) ;
#64 = CARTESIAN_POINT ( 'NONE',  ( -0.3800000000000001700, -1.823589814187224400, 0.01000000000000000000 ) ) ;
#65 = VERTEX_POINT ( 'NONE', #3472 ) ;
#66 = ORIENTED_EDGE ( 'NONE', *, *, #3421, .F. ) ;
#67 = EDGE_LOOP ( 'NONE', ( #1434, #1810, #3959, #3151 ) ) ;
#68 = CARTESIAN_POINT ( 'NONE',  ( 1.883364955707646800, 1.500000000000000000, 0.5500000000000000400 ) ) ;
#69 = CARTESIAN_POINT ( 'NONE',  ( 1.559827534923788700, 1.914999999999999800, 0.5600000000000000500 ) ) ;
#70 = ORIENTED_EDGE ( 'NONE', *, *, #2668, .F. ) ;
#71 = SURFACE_STYLE_USAGE ( .BOTH. , #2068 ) ;
#72 = STYLED_ITEM ( 'NONE', ( #1094 ), #3035 ) ;
#73 = FILL_AREA_STYLE ('',( #4087 ) ) ;
#74 = ADVANCED_FACE ( 'NONE', ( #1716 ), #98, .T. ) ;
#75 = EDGE_CURVE ( 'NONE', #3483, #2649, #1402, .T. ) ;
#76 = ORIENTED_EDGE ( 'NONE', *, *, #3614, .F. ) ;
#77 = CARTESIAN_POINT ( 'NONE',  ( -1.883364955707646800, 1.500000000000000000, 0.5500000000000000400 ) ) ;
#78 = ORIENTED_EDGE ( 'NONE', *, *, #3613, .T. ) ;
#79 = EDGE_CURVE ( 'NONE', #3928, #3271, #4091, .T. ) ;
#80 = AXIS2_PLACEMENT_3D ( 'NONE', #321, #2680, #658 ) ;
#81 = LINE ( 'NONE', #2450, #1637 ) ;
#82 = COLOUR_RGB ( '',0.7529411764705882200, 0.7529411764705882200, 0.7529411764705882200 ) ;
#83 = CARTESIAN_POINT ( 'NONE',  ( 0.0000000000000000000, 0.6021693389890920800, 0.01000000000000000000 ) ) ;
#84 = VECTOR ( 'NONE', #1110, 1000.000000000000000 ) ;
#85 =( NAMED_UNIT ( * ) PLANE_ANGLE_UNIT ( ) SI_UNIT ( $, .RADIAN. ) );
#86 = DIRECTION ( 'NONE',  ( -1.000000000000000000, 0.0000000000000000000, 2.270580465938229000E-016 ) ) ;
#87 = CARTESIAN_POINT ( 'NONE',  ( -0.7833649557076468600, 1.500000000000000000, 2.460000000000000400 ) ) ;
#88 = ORIENTED_EDGE ( 'NONE', *, *, #1032, .F. ) ;
#89 = VECTOR ( 'NONE', #2587, 1000.000000000000000 ) ;
#90 = FILL_AREA_STYLE ('',( #2072 ) ) ;
#91 = CARTESIAN_POINT ( 'NONE',  ( 0.0000000000000000000, 1.102896303087264500, 1.586924070653191700 ) ) ;
#92 = LINE ( 'NONE', #69, #2670 ) ;
#93 = UNCERTAINTY_MEASURE_WITH_UNIT (LENGTH_MEASURE( 1.000000000000000100E-005 ), #3738, 'distance_accuracy_value', 'NONE');
#94 = LINE ( 'NONE', #3295, #1767 ) ;
#95 = ADVANCED_FACE ( 'NONE', ( #2304 ), #1807, .F. ) ;
#96 = DIRECTION ( 'NONE',  ( -0.0000000000000000000, -0.0000000000000000000, -1.000000000000000000 ) ) ;
#97 =( GEOMETRIC_REPRESENTATION_CONTEXT ( 3 ) GLOBAL_UNCERTAINTY_ASSIGNED_CONTEXT ( ( #50 ) ) GLOBAL_UNIT_ASSIGNED_CONTEXT ( ( #2054, #62, #2396 ) ) REPRESENTATION_CONTEXT ( 'NONE', 'WORKASPACE' ) );
#98 = PLANE ( 'NONE',  #1543 ) ;
#99 = SURFACE_STYLE_USAGE ( .BOTH. , #2093 ) ;
#100 = LINE ( 'NONE', #4038, #2778 ) ;
#101 = CARTESIAN_POINT ( 'NONE',  ( -1.650000000000000100, 1.500000000000000000, 0.5500000000000000400 ) ) ;
#102 = EDGE_CURVE ( 'NONE', #3031, #2637, #1878, .T. ) ;
#103 = CARTESIAN_POINT ( 'NONE',  ( 1.905000000000000000, 1.905000000000000000, 0.5500000000000000400 ) ) ;
#104 = DIRECTION ( 'NONE',  ( -0.0000000000000000000, -0.0000000000000000000, -1.000000000000000000 ) ) ;
#105 = EDGE_CURVE ( 'NONE', #1850, #2649, #208, .T. ) ;
#106 = VECTOR ( 'NONE', #4128, 1000.000000000000000 ) ;
#107 =( GEOMETRIC_REPRESENTATION_CONTEXT ( 3 ) GLOBAL_UNCERTAINTY_ASSIGNED_CONTEXT ( ( #310 ) ) GLOBAL_UNIT_ASSIGNED_CONTEXT ( ( #1799, #4153, #2130 ) ) REPRESENTATION_CONTEXT ( 'NONE', 'WORKASPACE' ) );
#108 = DIRECTION ( 'NONE',  ( 9.856383386231853900E-017, 1.000000000000000000, 0.0000000000000000000 ) ) ;
#109 = AXIS2_PLACEMENT_3D ( 'NONE', #2156, #160, #2498 ) ;
#110 = VECTOR ( 'NONE', #1734, 1000.000000000000000 ) ;
#111 = ORIENTED_EDGE ( 'NONE', *, *, #911, .F. ) ;
#112 = LINE ( 'NONE', #4312, #1776 ) ;
#113 = LINE ( 'NONE', #2575, #1887 ) ;
#114 =( LENGTH_UNIT ( ) NAMED_UNIT ( * ) SI_UNIT ( .MILLI., .METRE. ) );
#115 = CIRCLE ( 'NONE', #3469, 0.5000000000000000000 ) ;
#116 = ORIENTED_EDGE ( 'NONE', *, *, #2324, .T. ) ;
#117 = CARTESIAN_POINT ( 'NONE',  ( 0.0000000000000000000, 0.6021693389890920800, 0.5500000000000000400 ) ) ;
#118 = PRESENTATION_STYLE_ASSIGNMENT (( #3324 ) ) ;
#119 = PLANE ( 'NONE',  #3960 ) ;
#120 = CARTESIAN_POINT ( 'NONE',  ( 1.883364955707646800, -0.3300000000000000200, 0.5500000000000000400 ) ) ;
#121 = DIRECTION ( 'NONE',  ( 0.0000000000000000000, 1.000000000000000000, 0.0000000000000000000 ) ) ;
#122 = VERTEX_POINT ( 'NONE', #1155 ) ;
#123 = ORIENTED_EDGE ( 'NONE', *, *, #1438, .T. ) ;
#124 = DIRECTION ( 'NONE',  ( -1.000000000000000000, 9.856383386231853900E-017, 0.0000000000000000000 ) ) ;
#125 = ADVANCED_FACE ( 'NONE', ( #989 ), #3850, .F. ) ;
#126 = FILL_AREA_STYLE ('',( #1137 ) ) ;
#127 = ORIENTED_EDGE ( 'NONE', *, *, #763, .F. ) ;
#128 = EDGE_LOOP ( 'NONE', ( #2728, #1789, #1246, #3601 ) ) ;
#129 = VECTOR ( 'NONE', #146, 1000.000000000000000 ) ;
#130 = STYLED_ITEM ( 'NONE', ( #2819 ), #2106 ) ;
#131 = DIRECTION ( 'NONE',  ( 1.971276677246371800E-016, -1.000000000000000000, 0.0000000000000000000 ) ) ;
#132 = ORIENTED_EDGE ( 'NONE', *, *, #639, .T. ) ;
#133 = DIRECTION ( 'NONE',  ( -0.0000000000000000000, 1.000000000000000000, 0.0000000000000000000 ) ) ;
#134 =( LENGTH_UNIT ( ) NAMED_UNIT ( * ) SI_UNIT ( .MILLI., .METRE. ) );
#135 = AXIS2_PLACEMENT_3D ( 'NONE', #3383, #1365, #3721 ) ;
#136 = LINE ( 'NONE', #2640, #29 ) ;
#137 = DIRECTION ( 'NONE',  ( -1.000000000000000000, 0.0000000000000000000, 0.0000000000000000000 ) ) ;
#138 = DIRECTION ( 'NONE',  ( -0.5773502691896249500, 0.5773502691896249500, 0.5773502691896272900 ) ) ;
#139 = PRESENTATION_LAYER_ASSIGNMENT (  '', '', ( #4046 ) ) ;
#140 = LINE ( 'NONE', #1182, #2712 ) ;
#141 = EDGE_CURVE ( 'NONE', #3816, #2104, #4138, .T. ) ;
#142 = ORIENTED_EDGE ( 'NONE', *, *, #2876, .T. ) ;
#143 = SURFACE_STYLE_FILL_AREA ( #614 ) ;
#144 = LINE ( 'NONE', #4325, #921 ) ;
#145 = ADVANCED_FACE ( 'NONE', ( #3244 ), #1828, .F. ) ;
#146 = DIRECTION ( 'NONE',  ( 1.000000000000000000, 2.853163611803958800E-016, 0.0000000000000000000 ) ) ;
#147 = DIRECTION ( 'NONE',  ( -1.971276677246371800E-016, 1.000000000000000000, 0.0000000000000000000 ) ) ;
#148 =( LENGTH_UNIT ( ) NAMED_UNIT ( * ) SI_UNIT ( .MILLI., .METRE. ) );
#149 = CARTESIAN_POINT ( 'NONE',  ( -5.463808316604582000E-016, -1.915000000000000300, 0.5600000000000000500 ) ) ;
#150 = CARTESIAN_POINT ( 'NONE',  ( 0.0000000000000000000, 0.6021693389890920800, 0.5500000000000000400 ) ) ;
#151 = VERTEX_POINT ( 'NONE', #1485 ) ;
#152 = AXIS2_PLACEMENT_3D ( 'NONE', #4039, #2352, #340 ) ;
#153 = LINE ( 'NONE', #1075, #747 ) ;
#154 =( GEOMETRIC_REPRESENTATION_CONTEXT ( 3 ) GLOBAL_UNCERTAINTY_ASSIGNED_CONTEXT ( ( #4080 ) ) GLOBAL_UNIT_ASSIGNED_CONTEXT ( ( #3746, #1713, #4077 ) ) REPRESENTATION_CONTEXT ( 'NONE', 'WORKASPACE' ) );
#155 = ORIENTED_EDGE ( 'NONE', *, *, #1514, .T. ) ;
#156 = LINE ( 'NONE', #2017, #2694 ) ;
#157 = EDGE_CURVE ( 'NONE', #3717, #2422, #2023, .T. ) ;
#159 = DIRECTION ( 'NONE',  ( -0.0000000000000000000, -0.0000000000000000000, -1.000000000000000000 ) ) ;
#158 = LINE ( 'NONE', #3342, #3622 ) ;
#160 = DIRECTION ( 'NONE',  ( -0.0000000000000000000, 0.0000000000000000000, 1.000000000000000000 ) ) ;
#161 = DIRECTION ( 'NONE',  ( -1.807003620809174600E-016, 0.0000000000000000000, 1.000000000000000000 ) ) ;
#162 = CARTESIAN_POINT ( 'NONE',  ( 1.905000000000000000, -0.6021693389890918600, 0.01000000000000000000 ) ) ;
#163 = EDGE_CURVE ( 'NONE', #1523, #1990, #1142, .T. ) ;
#164 = ADVANCED_FACE ( 'NONE', ( #253 ), #2676, .F. ) ;
#165 = AXIS2_PLACEMENT_3D ( 'NONE', #1888, #4247, #2227 ) ;
#166 = ORIENTED_EDGE ( 'NONE', *, *, #241, .T. ) ;
#167 = CARTESIAN_POINT ( 'NONE',  ( 0.5020245296565752900, 1.330352135378642700, 1.012983963681220100 ) ) ;
#168 = PRESENTATION_STYLE_ASSIGNMENT (( #758 ) ) ;
#169 = AXIS2_PLACEMENT_3D ( 'NONE', #2673, #1975, #4363 ) ;
#170 = FILL_AREA_STYLE ('',( #2255 ) ) ;
#171 = DIRECTION ( 'NONE',  ( 1.000000000000000000, 0.0000000000000000000, 0.0000000000000000000 ) ) ;
#172 = ORIENTED_EDGE ( 'NONE', *, *, #4127, .F. ) ;
#173 = VERTEX_POINT ( 'NONE', #2689 ) ;
#174 = VERTEX_POINT ( 'NONE', #1294 ) ;
#175 = COLOUR_RGB ( '',0.7529411764705882200, 0.7529411764705882200, 0.7529411764705882200 ) ;
#176 = SURFACE_STYLE_USAGE ( .BOTH. , #2172 ) ;
#177 = VERTEX_POINT ( 'NONE', #586 ) ;
#178 = DIRECTION ( 'NONE',  ( 0.0000000000000000000, 0.0000000000000000000, 1.000000000000000000 ) ) ;
#179 = DIRECTION ( 'NONE',  ( -0.0000000000000000000, -0.0000000000000000000, -1.000000000000000000 ) ) ;
#180 = SURFACE_STYLE_USAGE ( .BOTH. , #514 ) ;
#181 = ORIENTED_EDGE ( 'NONE', *, *, #3192, .T. ) ;
#182 = AXIS2_PLACEMENT_3D ( 'NONE', #625, #4323, #2315 ) ;
#183 = CARTESIAN_POINT ( 'NONE',  ( 1.683364955707645500, -1.299999999999998700, 3.560000000000000100 ) ) ;
#184 = ORIENTED_EDGE ( 'NONE', *, *, #1132, .F. ) ;
#185 = EDGE_CURVE ( 'NONE', #1987, #1013, #2506, .T. ) ;
#186 = UNCERTAINTY_MEASURE_WITH_UNIT (LENGTH_MEASURE( 1.000000000000000100E-005 ), #4227, 'distance_accuracy_value', 'NONE');
#187 = EDGE_CURVE ( 'NONE', #65, #3155, #4309, .T. ) ;
#188 = AXIS2_PLACEMENT_3D ( 'NONE', #2400, #394, #2751 ) ;
#189 = SURFACE_SIDE_STYLE ('',( #3832 ) ) ;
#190 = VECTOR ( 'NONE', #108, 1000.000000000000000 ) ;
#191 = CARTESIAN_POINT ( 'NONE',  ( -0.7833649557076468600, 1.500000000000000000, 2.960000000000000400 ) ) ;
#192 = MECHANICAL_DESIGN_GEOMETRIC_PRESENTATION_REPRESENTATION (  '', ( #3877 ), #408 ) ;
#193 = CARTESIAN_POINT ( 'NONE',  ( -1.649999999999999900, 1.914999999999999800, 0.5600000000000000500 ) ) ;
#194 = VERTEX_POINT ( 'NONE', #3259 ) ;
#195 = EDGE_CURVE ( 'NONE', #1159, #18, #2402, .T. ) ;
#196 = VECTOR ( 'NONE', #3238, 1000.000000000000000 ) ;
#197 = DIRECTION ( 'NONE',  ( -1.000000000000000000, 2.853163611803958800E-016, 0.0000000000000000000 ) ) ;
#198 = LINE ( 'NONE', #1682, #1084 ) ;
#199 = DIRECTION ( 'NONE',  ( 0.0000000000000000000, 0.0000000000000000000, -1.000000000000000000 ) ) ;
#200 = DIRECTION ( 'NONE',  ( 5.691349986800548400E-017, 1.000000000000000000, -0.0000000000000000000 ) ) ;
#201 =( NAMED_UNIT ( * ) PLANE_ANGLE_UNIT ( ) SI_UNIT ( $, .RADIAN. ) );
#202 = CARTESIAN_POINT ( 'NONE',  ( -1.283364955707647000, 0.3299999999999998500, 0.0000000000000000000 ) ) ;
#203 =( NAMED_UNIT ( * ) SI_UNIT ( $, .STERADIAN. ) SOLID_ANGLE_UNIT ( ) );
#204 = FACE_OUTER_BOUND ( 'NONE', #3410, .T. ) ;
#205 = FACE_OUTER_BOUND ( 'NONE', #4135, .T. ) ;
#206 = DIRECTION ( 'NONE',  ( 1.000000000000000000, -9.035018104045873200E-017, -0.0000000000000000000 ) ) ;
#207 =( LENGTH_UNIT ( ) NAMED_UNIT ( * ) SI_UNIT ( .MILLI., .METRE. ) );
#208 = LINE ( 'NONE', #4161, #106 ) ;
#209 = VECTOR ( 'NONE', #3416, 1000.000000000000000 ) ;
#210 = AXIS2_PLACEMENT_3D ( 'NONE', #2236, #230, #2580 ) ;
#211 = COLOUR_RGB ( '',1.000000000000000000, 0.8431372549019607900, 0.0000000000000000000 ) ;
#212 = VECTOR ( 'NONE', #1259, 1000.000000000000000 ) ;
#213 = AXIS2_PLACEMENT_3D ( 'NONE', #1560, #915, #2381 ) ;
#214 = PRODUCT_DEFINITION_SHAPE ( 'NONE', 'NONE',  #2779 ) ;
#215 =( LENGTH_UNIT ( ) NAMED_UNIT ( * ) SI_UNIT ( .MILLI., .METRE. ) );
#216 =( NAMED_UNIT ( * ) SI_UNIT ( $, .STERADIAN. ) SOLID_ANGLE_UNIT ( ) );
#217 = ORIENTED_EDGE ( 'NONE', *, *, #3411, .F. ) ;
#218 = EDGE_CURVE ( 'NONE', #2122, #2997, #3296, .T. ) ;
#219 = VECTOR ( 'NONE', #3651, 1000.000000000000000 ) ;
#220 = ORIENTED_EDGE ( 'NONE', *, *, #2086, .T. ) ;
#221 = ORIENTED_EDGE ( 'NONE', *, *, #2113, .T. ) ;
#222 = PLANE ( 'NONE',  #1949 ) ;
#223 = DIRECTION ( 'NONE',  ( 1.000000000000000000, 2.853163611803958800E-016, 0.0000000000000000000 ) ) ;
#224 = ORIENTED_EDGE ( 'NONE', *, *, #3504, .F. ) ;
#225 = ORIENTED_EDGE ( 'NONE', *, *, #3538, .F. ) ;
#226 = VECTOR ( 'NONE', #131, 1000.000000000000000 ) ;
#227 = UNCERTAINTY_MEASURE_WITH_UNIT (LENGTH_MEASURE( 1.000000000000000100E-005 ), #312, 'distance_accuracy_value', 'NONE');
#228 = DIRECTION ( 'NONE',  ( -0.0000000000000000000, -1.000000000000000000, -0.0000000000000000000 ) ) ;
#229 = ORIENTED_EDGE ( 'NONE', *, *, #3560, .F. ) ;
#230 = DIRECTION ( 'NONE',  ( 0.0000000000000000000, 0.0000000000000000000, -1.000000000000000000 ) ) ;
#231 = EDGE_CURVE ( 'NONE', #840, #3307, #618, .T. ) ;
#232 = DIRECTION ( 'NONE',  ( -0.0000000000000000000, 1.000000000000000000, 0.0000000000000000000 ) ) ;
#233 = DIRECTION ( 'NONE',  ( -0.0000000000000000000, 0.0000000000000000000, -1.000000000000000000 ) ) ;
#234 = CARTESIAN_POINT ( 'NONE',  ( 1.283364955707647000, 0.3300000000000000200, 0.5500000000000001600 ) ) ;
#235 = PLANE ( 'NONE',  #4092 ) ;
#236 = COLOUR_RGB ( '',0.7529411764705882200, 0.7529411764705882200, 0.7529411764705882200 ) ;
#237 = FACE_OUTER_BOUND ( 'NONE', #3380, .T. ) ;
#238 = EDGE_CURVE ( 'NONE', #2347, #2961, #4083, .T. ) ;
#239 = VECTOR ( 'NONE', #262, 1000.000000000000000 ) ;
#240 = LINE ( 'NONE', #3974, #2010 ) ;
#241 = EDGE_CURVE ( 'NONE', #2420, #255, #715, .T. ) ;
#242 = STYLED_ITEM ( 'NONE', ( #4347 ), #4058 ) ;
#243 = SURFACE_SIDE_STYLE ('',( #4204 ) ) ;
#244 = FILL_AREA_STYLE ('',( #1910 ) ) ;
#245 = SURFACE_STYLE_FILL_AREA ( #3121 ) ;
#246 = AXIS2_PLACEMENT_3D ( 'NONE', #1544, #3912, #1898 ) ;
#247 = DIRECTION ( 'NONE',  ( 1.000000000000000000, 0.0000000000000000000, 0.0000000000000000000 ) ) ;
#248 = DIRECTION ( 'NONE',  ( 1.000000000000000000, 0.0000000000000000000, 0.0000000000000000000 ) ) ;
#249 =( LENGTH_UNIT ( ) NAMED_UNIT ( * ) SI_UNIT ( .MILLI., .METRE. ) );
#250 =( NAMED_UNIT ( * ) SI_UNIT ( $, .STERADIAN. ) SOLID_ANGLE_UNIT ( ) );
#251 = VERTEX_POINT ( 'NONE', #2372 ) ;
#252 = LINE ( 'NONE', #2769, #2238 ) ;
#253 = FACE_OUTER_BOUND ( 'NONE', #4200, .T. ) ;
#254 = CARTESIAN_POINT ( 'NONE',  ( -1.883364955707646800, 1.500000000000000000, 0.5500000000000000400 ) ) ;
#255 = VERTEX_POINT ( 'NONE', #3063 ) ;
#256 = LINE ( 'NONE', #1350, #1827 ) ;
#257 = FACE_OUTER_BOUND ( 'NONE', #1901, .T. ) ;
#258 =( NAMED_UNIT ( * ) SI_UNIT ( $, .STERADIAN. ) SOLID_ANGLE_UNIT ( ) );
#259 = CARTESIAN_POINT ( 'NONE',  ( 0.0000000000000000000, 1.500000000000000000, 0.5600000000000000500 ) ) ;
#260 = LINE ( 'NONE', #2677, #3733 ) ;
#261 = MECHANICAL_DESIGN_GEOMETRIC_PRESENTATION_REPRESENTATION (  '', ( #3950 ), #486 ) ;
#262 = DIRECTION ( 'NONE',  ( 1.000000000000000000, -5.691349986800548400E-017, 0.0000000000000000000 ) ) ;
#263 = SURFACE_SIDE_STYLE ('',( #2339 ) ) ;
#264 = VERTEX_POINT ( 'NONE', #4284 ) ;
#265 = EDGE_CURVE ( 'NONE', #1857, #1292, #1300, .T. ) ;
#266 = LINE ( 'NONE', #4105, #2037 ) ;
#267 = PRESENTATION_STYLE_ASSIGNMENT (( #2218 ) ) ;
#268 = VERTEX_POINT ( 'NONE', #1657 ) ;
#269 =( GEOMETRIC_REPRESENTATION_CONTEXT ( 3 ) GLOBAL_UNCERTAINTY_ASSIGNED_CONTEXT ( ( #3438 ) ) GLOBAL_UNIT_ASSIGNED_CONTEXT ( ( #2137, #3568, #1540 ) ) REPRESENTATION_CONTEXT ( 'NONE', 'WORKASPACE' ) );
#270 = AXIS2_PLACEMENT_3D ( 'NONE', #3508, #3160, #350 ) ;
#271 = CARTESIAN_POINT ( 'NONE',  ( 1.283364955707647000, 1.500000000000000000, 0.5500000000000001600 ) ) ;
#272 = ORIENTED_EDGE ( 'NONE', *, *, #2346, .F. ) ;
#273 = EDGE_CURVE ( 'NONE', #1458, #1857, #1397, .T. ) ;
#274 = EDGE_LOOP ( 'NONE', ( #2465 ) ) ;
#275 = VECTOR ( 'NONE', #1196, 1000.000000000000000 ) ;
#276 = FILL_AREA_STYLE_COLOUR ( '', #3910 ) ;
#277 = DIRECTION ( 'NONE',  ( -1.000000000000000000, 0.0000000000000000000, 1.807003620809174600E-016 ) ) ;
#278 = PRESENTATION_STYLE_ASSIGNMENT (( #726 ) ) ;
#279 = DIRECTION ( 'NONE',  ( 1.000000000000000000, -2.853163611803958800E-016, 0.0000000000000000000 ) ) ;
#280 = CARTESIAN_POINT ( 'NONE',  ( -1.883364955707646800, 1.500000000000000000, 0.5500000000000000400 ) ) ;
#281 = ORIENTED_EDGE ( 'NONE', *, *, #1053, .F. ) ;
#282 = ORIENTED_EDGE ( 'NONE', *, *, #3614, .T. ) ;
#283 = ORIENTED_EDGE ( 'NONE', *, *, #1171, .F. ) ;
#284 = AXIS2_PLACEMENT_3D ( 'NONE', #791, #3143, #1131 ) ;
#285 = CARTESIAN_POINT ( 'NONE',  ( -0.8900000000000001200, 8.772181213746353200E-017, 0.5600000000000000500 ) ) ;
#286 = FILL_AREA_STYLE_COLOUR ( '', #2925 ) ;
#287 =( NAMED_UNIT ( * ) PLANE_ANGLE_UNIT ( ) SI_UNIT ( $, .RADIAN. ) );
#288 = CARTESIAN_POINT ( 'NONE',  ( 1.650000000000000400, 3.252606517456513800E-016, 0.5600000000000000500 ) ) ;
#289 = VECTOR ( 'NONE', #3329, 1000.000000000000000 ) ;
#290 = DIRECTION ( 'NONE',  ( 1.000000000000000000, 0.0000000000000000000, 0.0000000000000000000 ) ) ;
#291 = DIRECTION ( 'NONE',  ( 0.0000000000000000000, 0.0000000000000000000, 1.000000000000000000 ) ) ;
#292 = DIRECTION ( 'NONE',  ( 1.000000000000000000, -2.853163611803958800E-016, 0.0000000000000000000 ) ) ;
#293 = AXIS2_PLACEMENT_3D ( 'NONE', #2115, #124, #2451 ) ;
#294 = ORIENTED_EDGE ( 'NONE', *, *, #1086, .T. ) ;
#295 = PRESENTATION_STYLE_ASSIGNMENT (( #2212 ) ) ;
#296 = EDGE_CURVE ( 'NONE', #34, #3724, #3882, .T. ) ;
#297 = EDGE_CURVE ( 'NONE', #2988, #3697, #3190, .T. ) ;
#298 = AXIS2_PLACEMENT_3D ( 'NONE', #4308, #2285, #279 ) ;
#299 = DIRECTION ( 'NONE',  ( 0.0000000000000000000, 0.0000000000000000000, 1.000000000000000000 ) ) ;
#300 = FILL_AREA_STYLE_COLOUR ( '', #1563 ) ;
#301 = DIRECTION ( 'NONE',  ( 0.0000000000000000000, -0.0000000000000000000, 1.000000000000000000 ) ) ;
#302 = CARTESIAN_POINT ( 'NONE',  ( 0.3799999999999998400, -1.823589814187224700, 0.01000000000000000000 ) ) ;
#303 = FILL_AREA_STYLE_COLOUR ( '', #1959 ) ;
#304 = DIRECTION ( 'NONE',  ( -1.971276677246371800E-016, 1.000000000000000000, 0.0000000000000000000 ) ) ;
#305 = LINE ( 'NONE', #2514, #2974 ) ;
#306 = CARTESIAN_POINT ( 'NONE',  ( -1.490488272734400900, 0.0000000000000000000, 0.5500000000000000400 ) ) ;
#307 = SURFACE_STYLE_FILL_AREA ( #3179 ) ;
#308 = STYLED_ITEM ( 'NONE', ( #267 ), #1121 ) ;
#309 = DIRECTION ( 'NONE',  ( 9.856383386231853900E-017, -1.000000000000000000, 0.0000000000000000000 ) ) ;
#310 = UNCERTAINTY_MEASURE_WITH_UNIT (LENGTH_MEASURE( 1.000000000000000100E-005 ), #1799, 'distance_accuracy_value', 'NONE');
#311 = LINE ( 'NONE', #2609, #1983 ) ;
#312 =( LENGTH_UNIT ( ) NAMED_UNIT ( * ) SI_UNIT ( .MILLI., .METRE. ) );
#313 = ORIENTED_EDGE ( 'NONE', *, *, #407, .F. ) ;
#314 = FILL_AREA_STYLE_COLOUR ( '', #1396 ) ;
#315 = CARTESIAN_POINT ( 'NONE',  ( 1.905000000000000000, 0.6021693389890920800, 0.5500000000000000400 ) ) ;
#316 =( NAMED_UNIT ( * ) SI_UNIT ( $, .STERADIAN. ) SOLID_ANGLE_UNIT ( ) );
#317 = ORIENTED_EDGE ( 'NONE', *, *, #759, .F. ) ;
#318 = COLOUR_RGB ( '',0.7529411764705882200, 0.7529411764705882200, 0.7529411764705882200 ) ;
#319 = SURFACE_SIDE_STYLE ('',( #3758 ) ) ;
#320 = VECTOR ( 'NONE', #942, 1000.000000000000000 ) ;
#321 = CARTESIAN_POINT ( 'NONE',  ( -0.7833649557076468600, 1.500000000000000000, 2.460000000000000400 ) ) ;
#322 = DIRECTION ( 'NONE',  ( -0.0000000000000000000, -0.0000000000000000000, -1.000000000000000000 ) ) ;
#323 = EDGE_CURVE ( 'NONE', #3571, #3062, #2190, .T. ) ;
#324 = ORIENTED_EDGE ( 'NONE', *, *, #2992, .T. ) ;
#325 = VERTEX_POINT ( 'NONE', #3840 ) ;
#326 = EDGE_CURVE ( 'NONE', #592, #927, #3773, .T. ) ;
#327 = ORIENTED_EDGE ( 'NONE', *, *, #3701, .T. ) ;
#328 = VERTEX_POINT ( 'NONE', #2859 ) ;
#329 = LINE ( 'NONE', #3455, #2899 ) ;
#330 = PRESENTATION_LAYER_ASSIGNMENT (  '', '', ( #4243 ) ) ;
#331 = CARTESIAN_POINT ( 'NONE',  ( -0.8899999999999999000, 1.905000000000000000, 0.01000000000000000000 ) ) ;
#332 = DIRECTION ( 'NONE',  ( -1.000000000000000000, -0.0000000000000000000, -0.0000000000000000000 ) ) ;
#333 = ORIENTED_EDGE ( 'NONE', *, *, #526, .T. ) ;
#334 = SURFACE_SIDE_STYLE ('',( #4348 ) ) ;
#335 = LINE ( 'NONE', #3714, #1122 ) ;
#336 = LINE ( 'NONE', #1585, #2009 ) ;
#337 = PRESENTATION_LAYER_ASSIGNMENT (  '', '', ( #130 ) ) ;
#338 = FILL_AREA_STYLE_COLOUR ( '', #2679 ) ;
#339 = CARTESIAN_POINT ( 'NONE',  ( 1.283364955707647000, -0.3300000000000000200, 0.5600000000000000500 ) ) ;
#340 = DIRECTION ( 'NONE',  ( 0.0000000000000000000, -0.0000000000000000000, 1.000000000000000000 ) ) ;
#341 = CARTESIAN_POINT ( 'NONE',  ( -0.7833649557076468600, 1.500000000000000000, 2.960000000000000400 ) ) ;
#342 =( NAMED_UNIT ( * ) PLANE_ANGLE_UNIT ( ) SI_UNIT ( $, .RADIAN. ) );
#343 = AXIS2_PLACEMENT_3D ( 'NONE', #2015, #30, #2365 ) ;
#344 = VERTEX_POINT ( 'NONE', #1998 ) ;
#345 = MECHANICAL_DESIGN_GEOMETRIC_PRESENTATION_REPRESENTATION (  '', ( #4046 ), #578 ) ;
#346 = ORIENTED_EDGE ( 'NONE', *, *, #1893, .T. ) ;
#347 = EDGE_CURVE ( 'NONE', #1321, #1159, #305, .T. ) ;
#348 = LINE ( 'NONE', #2742, #2922 ) ;
#349 = ADVANCED_FACE ( 'NONE', ( #205 ), #2593, .F. ) ;
#350 = DIRECTION ( 'NONE',  ( -1.000000000000000000, 0.0000000000000000000, 0.0000000000000000000 ) ) ;
#351 = FILL_AREA_STYLE_COLOUR ( '', #3094 ) ;
#352 = PRESENTATION_STYLE_ASSIGNMENT (( #3577 ) ) ;
#353 = CARTESIAN_POINT ( 'NONE',  ( 6.149680183252800100E-032, 0.6021693389890920800, 0.5500000000000003800 ) ) ;
#354 = CARTESIAN_POINT ( 'NONE',  ( -0.5020245296565756200, -1.099999999999999900, 1.012983963681220100 ) ) ;
#355 = DIRECTION ( 'NONE',  ( -0.0000000000000000000, -0.0000000000000000000, -1.000000000000000000 ) ) ;
#356 = UNCERTAINTY_MEASURE_WITH_UNIT (LENGTH_MEASURE( 1.000000000000000100E-005 ), #1519, 'distance_accuracy_value', 'NONE');
#357 = LINE ( 'NONE', #2098, #2930 ) ;
#358 = VECTOR ( 'NONE', #3881, 1000.000000000000000 ) ;
#359 = LINE ( 'NONE', #315, #1249 ) ;
#360 = ORIENTED_EDGE ( 'NONE', *, *, #1814, .F. ) ;
#361 = FACE_OUTER_BOUND ( 'NONE', #1422, .T. ) ;
#362 = ORIENTED_EDGE ( 'NONE', *, *, #797, .T. ) ;
#363 = VECTOR ( 'NONE', #2547, 1000.000000000000000 ) ;
#364 = UNCERTAINTY_MEASURE_WITH_UNIT (LENGTH_MEASURE( 1.000000000000000100E-005 ), #207, 'distance_accuracy_value', 'NONE');
#365 = LINE ( 'NONE', #865, #2941 ) ;
#366 = VECTOR ( 'NONE', #1494, 1000.000000000000000 ) ;
#367 = STYLED_ITEM ( 'NONE', ( #582 ), #1686 ) ;
#368 = CYLINDRICAL_SURFACE ( 'NONE', #169, 0.6021693389890920800 ) ;
#369 = CARTESIAN_POINT ( 'NONE',  ( -5.463808316604582000E-016, -1.915000000000000300, 0.0000000000000000000 ) ) ;
#370 =( LENGTH_UNIT ( ) NAMED_UNIT ( * ) SI_UNIT ( .MILLI., .METRE. ) );
#371 = PLANE ( 'NONE',  #756 ) ;
#372 = ORIENTED_EDGE ( 'NONE', *, *, #995, .T. ) ;
#373 = ORIENTED_EDGE ( 'NONE', *, *, #2022, .F. ) ;
#374 = LINE ( 'NONE', #844, #2154 ) ;
#375 = ADVANCED_FACE ( 'NONE', ( #1797 ), #693, .F. ) ;
#376 = EDGE_CURVE ( 'NONE', #1584, #3847, #1680, .T. ) ;
#377 = EDGE_CURVE ( 'NONE', #3853, #1987, #3488, .T. ) ;
#378 = VECTOR ( 'NONE', #2729, 1000.000000000000000 ) ;
#379 = AXIS2_PLACEMENT_3D ( 'NONE', #2554, #546, #2889 ) ;
#380 = EDGE_LOOP ( 'NONE', ( #2644, #722, #2170, #1733 ) ) ;
#381 = PRESENTATION_LAYER_ASSIGNMENT (  '', '', ( #4071 ) ) ;
#382 = ORIENTED_EDGE ( 'NONE', *, *, #296, .T. ) ;
#383 = DIRECTION ( 'NONE',  ( 0.0000000000000000000, -0.0000000000000000000, 1.000000000000000000 ) ) ;
#384 = ORIENTED_EDGE ( 'NONE', *, *, #4065, .F. ) ;
#385 = EDGE_LOOP ( 'NONE', ( #1008, #3083, #1150, #2370 ) ) ;
#386 = CARTESIAN_POINT ( 'NONE',  ( 1.559827534923788700, -1.914999999999999800, 0.5600000000000000500 ) ) ;
#387 = DIRECTION ( 'NONE',  ( 0.0000000000000000000, 0.0000000000000000000, 1.000000000000000000 ) ) ;
#388 = CARTESIAN_POINT ( 'NONE',  ( 1.283364955707647000, -1.500000000000000000, 0.5500000000000001600 ) ) ;
#389 = FACE_OUTER_BOUND ( 'NONE', #3317, .T. ) ;
#390 = FACE_BOUND ( 'NONE', #2748, .T. ) ;
#391 = DIRECTION ( 'NONE',  ( -2.037409303115534300E-016, 1.000000000000000000, 0.0000000000000000000 ) ) ;
#392 = ORIENTED_EDGE ( 'NONE', *, *, #2116, .F. ) ;
#393 = PRESENTATION_STYLE_ASSIGNMENT (( #2678 ) ) ;
#394 = DIRECTION ( 'NONE',  ( -1.807003620809174600E-016, 0.0000000000000000000, -1.000000000000000000 ) ) ;
#395 = ORIENTED_EDGE ( 'NONE', *, *, #1442, .T. ) ;
#396 = LINE ( 'NONE', #2538, #1288 ) ;
#397 = ADVANCED_FACE ( 'NONE', ( #3379 ), #2029, .T. ) ;
#398 = FILL_AREA_STYLE ('',( #2064 ) ) ;
#399 = MECHANICAL_DESIGN_GEOMETRIC_PRESENTATION_REPRESENTATION (  '', ( #4322 ), #624 ) ;
#400 = CARTESIAN_POINT ( 'NONE',  ( 5.463808316604582000E-016, -1.915000000000000300, 0.5600000000000000500 ) ) ;
#401 = DIRECTION ( 'NONE',  ( -0.0000000000000000000, -0.0000000000000000000, -1.000000000000000000 ) ) ;
#402 =( NAMED_UNIT ( * ) PLANE_ANGLE_UNIT ( ) SI_UNIT ( $, .RADIAN. ) );
#403 = EDGE_CURVE ( 'NONE', #1419, #489, #2159, .T. ) ;
#404 = DIRECTION ( 'NONE',  ( -0.0000000000000000000, -0.0000000000000000000, 1.000000000000000000 ) ) ;
#405 = COLOUR_RGB ( '',1.000000000000000000, 0.8431372549019607900, 0.0000000000000000000 ) ;
#406 = SURFACE_STYLE_USAGE ( .BOTH. , #2414 ) ;
#407 = EDGE_CURVE ( 'NONE', #4277, #3724, #487, .T. ) ;
#408 =( GEOMETRIC_REPRESENTATION_CONTEXT ( 3 ) GLOBAL_UNCERTAINTY_ASSIGNED_CONTEXT ( ( #3539 ) ) GLOBAL_UNIT_ASSIGNED_CONTEXT ( ( #114, #2445, #446 ) ) REPRESENTATION_CONTEXT ( 'NONE', 'WORKASPACE' ) );
#409 = VECTOR ( 'NONE', #451, 1000.000000000000000 ) ;
#410 = EDGE_CURVE ( 'NONE', #3211, #14, #3054, .T. ) ;
#411 = UNCERTAINTY_MEASURE_WITH_UNIT (LENGTH_MEASURE( 1.000000000000000100E-005 ), #2296, 'distance_accuracy_value', 'NONE');
#412 = LINE ( 'NONE', #2485, #3883 ) ;
#413 = DIRECTION ( 'NONE',  ( -2.270580465938229000E-016, -0.0000000000000000000, -1.000000000000000000 ) ) ;
#414 = DIRECTION ( 'NONE',  ( 0.0000000000000000000, 1.000000000000000000, 0.0000000000000000000 ) ) ;
#415 = UNCERTAINTY_MEASURE_WITH_UNIT (LENGTH_MEASURE( 1.000000000000000100E-005 ), #148, 'distance_accuracy_value', 'NONE');
#416 = DIRECTION ( 'NONE',  ( 0.0000000000000000000, -1.000000000000000000, 0.0000000000000000000 ) ) ;
#417 = LINE ( 'NONE', #254, #3780 ) ;
#418 = FACE_OUTER_BOUND ( 'NONE', #1743, .T. ) ;
#419 = PLANE ( 'NONE',  #3239 ) ;
#420 = ORIENTED_EDGE ( 'NONE', *, *, #3923, .T. ) ;
#421 = SURFACE_STYLE_USAGE ( .BOTH. , #2430 ) ;
#422 = EDGE_LOOP ( 'NONE', ( #2018, #221, #776, #360, #2473, #491, #2888, #4221 ) ) ;
#423 = ADVANCED_FACE ( 'NONE', ( #3851, #2048 ), #3068, .F. ) ;
#424 = ORIENTED_EDGE ( 'NONE', *, *, #846, .T. ) ;
#425 = DIRECTION ( 'NONE',  ( 0.0000000000000000000, 0.0000000000000000000, 1.000000000000000000 ) ) ;
#426 = VECTOR ( 'NONE', #2276, 1000.000000000000000 ) ;
#427 = ORIENTED_EDGE ( 'NONE', *, *, #1872, .T. ) ;
#428 = AXIS2_PLACEMENT_3D ( 'NONE', #2393, #387, #2743 ) ;
#429 = ORIENTED_EDGE ( 'NONE', *, *, #2611, .T. ) ;
#430 = PLANE ( 'NONE',  #4094 ) ;
#431 = DIRECTION ( 'NONE',  ( 1.000000000000000000, 1.971276677246371800E-016, -0.0000000000000000000 ) ) ;
#432 = ORIENTED_EDGE ( 'NONE', *, *, #1749, .T. ) ;
#433 = ORIENTED_EDGE ( 'NONE', *, *, #2052, .T. ) ;
#434 =( NAMED_UNIT ( * ) PLANE_ANGLE_UNIT ( ) SI_UNIT ( $, .RADIAN. ) );
#435 = DIRECTION ( 'NONE',  ( 1.000000000000000000, -9.856383386231853900E-017, 0.0000000000000000000 ) ) ;
#436 = ORIENTED_EDGE ( 'NONE', *, *, #1786, .F. ) ;
#437 = FILL_AREA_STYLE ('',( #3445 ) ) ;
#438 = PRESENTATION_LAYER_ASSIGNMENT (  '', '', ( #4359 ) ) ;
#439 = CARTESIAN_POINT ( 'NONE',  ( 0.5383862562622202500, -1.100000000000000100, 1.012983963681220100 ) ) ;
#440 = DIRECTION ( 'NONE',  ( 1.000000000000000000, -5.691349986800548400E-017, 0.0000000000000000000 ) ) ;
#441 = PRESENTATION_LAYER_ASSIGNMENT (  '', '', ( #4361 ) ) ;
#442 = ORIENTED_EDGE ( 'NONE', *, *, #969, .F. ) ;
#443 = EDGE_CURVE ( 'NONE', #2302, #3854, #1740, .T. ) ;
#444 = VECTOR ( 'NONE', #2279, 1000.000000000000000 ) ;
#445 = ADVANCED_FACE ( 'NONE', ( #4334 ), #744, .T. ) ;
#446 =( NAMED_UNIT ( * ) SI_UNIT ( $, .STERADIAN. ) SOLID_ANGLE_UNIT ( ) );
#447 = LINE ( 'NONE', #1994, #2118 ) ;
#448 =( NAMED_UNIT ( * ) PLANE_ANGLE_UNIT ( ) SI_UNIT ( $, .RADIAN. ) );
#449 = FILL_AREA_STYLE ('',( #1436 ) ) ;
#450 = SURFACE_STYLE_USAGE ( .BOTH. , #2448 ) ;
#451 = DIRECTION ( 'NONE',  ( -0.0000000000000000000, -1.000000000000000000, -0.0000000000000000000 ) ) ;
#452 = CARTESIAN_POINT ( 'NONE',  ( 1.650000000000000100, 1.500000000000000000, 0.5600000000000000500 ) ) ;
#453 = UNCERTAINTY_MEASURE_WITH_UNIT (LENGTH_MEASURE( 1.000000000000000100E-005 ), #2354, 'distance_accuracy_value', 'NONE');
#454 = CARTESIAN_POINT ( 'NONE',  ( 0.8900000000000000100, -0.8149999999999997200, 0.01000000000000002600 ) ) ;
#455 = LINE ( 'NONE', #1915, #3023 ) ;
#456 = DIRECTION ( 'NONE',  ( 0.0000000000000000000, 0.0000000000000000000, -1.000000000000000000 ) ) ;
#457 = AXIS2_PLACEMENT_3D ( 'NONE', #986, #1323, #3676 ) ;
#458 = LINE ( 'NONE', #4103, #3920 ) ;
#459 = VERTEX_POINT ( 'NONE', #3007 ) ;
#460 = CARTESIAN_POINT ( 'NONE',  ( 1.650000000000000400, 3.252606517456514300E-016, 0.5500000000000000400 ) ) ;
#461 = ORIENTED_EDGE ( 'NONE', *, *, #526, .F. ) ;
#462 = CARTESIAN_POINT ( 'NONE',  ( 1.883364955707646800, -0.3300000000000000200, 0.5600000000000000500 ) ) ;
#463 = LINE ( 'NONE', #1377, #3032 ) ;
#464 =( NAMED_UNIT ( * ) SI_UNIT ( $, .STERADIAN. ) SOLID_ANGLE_UNIT ( ) );
#465 = EDGE_CURVE ( 'NONE', #1026, #829, #2534, .T. ) ;
#466 = DIRECTION ( 'NONE',  ( 1.000000000000000000, 0.0000000000000000000, 0.0000000000000000000 ) ) ;
#467 = EDGE_CURVE ( 'NONE', #3107, #3684, #1626, .T. ) ;
#468 = ADVANCED_FACE ( 'NONE', ( #843 ), #430, .F. ) ;
#469 = LINE ( 'NONE', #3221, #1242 ) ;
#470 = AXIS2_PLACEMENT_3D ( 'NONE', #4276, #2247, #247 ) ;
#471 = DIRECTION ( 'NONE',  ( -0.0000000000000000000, 0.0000000000000000000, 1.000000000000000000 ) ) ;
#472 = PRESENTATION_LAYER_ASSIGNMENT (  '', '', ( #26 ) ) ;
#473 = FACE_OUTER_BOUND ( 'NONE', #2160, .T. ) ;
#474 = VERTEX_POINT ( 'NONE', #2419 ) ;
#475 = LINE ( 'NONE', #2980, #2141 ) ;
#476 = DIRECTION ( 'NONE',  ( -0.0000000000000000000, -1.000000000000000000, -0.0000000000000000000 ) ) ;
#477 = VECTOR ( 'NONE', #3535, 1000.000000000000000 ) ;
#478 =( NAMED_UNIT ( * ) SI_UNIT ( $, .STERADIAN. ) SOLID_ANGLE_UNIT ( ) );
#479 = ORIENTED_EDGE ( 'NONE', *, *, #1054, .F. ) ;
#480 =( NAMED_UNIT ( * ) SI_UNIT ( $, .STERADIAN. ) SOLID_ANGLE_UNIT ( ) );
#481 = ORIENTED_EDGE ( 'NONE', *, *, #1214, .F. ) ;
#482 = CARTESIAN_POINT ( 'NONE',  ( -1.649999999999999900, -1.905000000000000000, 0.5500000000000000400 ) ) ;
#483 = DIRECTION ( 'NONE',  ( 1.000000000000000000, 0.0000000000000000000, -0.0000000000000000000 ) ) ;
#484 = ORIENTED_EDGE ( 'NONE', *, *, #604, .T. ) ;
#485 = VERTEX_POINT ( 'NONE', #3118 ) ;
#486 =( GEOMETRIC_REPRESENTATION_CONTEXT ( 3 ) GLOBAL_UNCERTAINTY_ASSIGNED_CONTEXT ( ( #3957 ) ) GLOBAL_UNIT_ASSIGNED_CONTEXT ( ( #3582, #1549, #3917 ) ) REPRESENTATION_CONTEXT ( 'NONE', 'WORKASPACE' ) );
#487 = LINE ( 'NONE', #2741, #378 ) ;
#488 = ADVANCED_FACE ( 'NONE', ( #2423, #3322 ), #3794, .T. ) ;
#489 = VERTEX_POINT ( 'NONE', #1115 ) ;
#490 = EDGE_CURVE ( 'NONE', #1939, #2867, #329, .T. ) ;
#491 = ORIENTED_EDGE ( 'NONE', *, *, #3332, .F. ) ;
#492 = FILL_AREA_STYLE_COLOUR ( '', #318 ) ;
#493 = VECTOR ( 'NONE', #874, 1000.000000000000000 ) ;
#494 = EDGE_LOOP ( 'NONE', ( #1268, #953, #3301, #962 ) ) ;
#495 = SURFACE_SIDE_STYLE ('',( #3575 ) ) ;
#496 = DIRECTION ( 'NONE',  ( -0.0000000000000000000, -0.0000000000000000000, 1.000000000000000000 ) ) ;
#497 = AXIS2_PLACEMENT_3D ( 'NONE', #1033, #1363, #3719 ) ;
#498 = VECTOR ( 'NONE', #544, 1000.000000000000000 ) ;
#499 = EDGE_CURVE ( 'NONE', #2798, #2328, #1213, .T. ) ;
#500 = ORIENTED_EDGE ( 'NONE', *, *, #3302, .F. ) ;
#501 = CIRCLE ( 'NONE', #1518, 0.7625194258298629800 ) ;
#502 = CARTESIAN_POINT ( 'NONE',  ( -0.9801724650762111400, 1.914999999999999800, 0.5600000000000000500 ) ) ;
#503 = UNCERTAINTY_MEASURE_WITH_UNIT (LENGTH_MEASURE( 1.000000000000000100E-005 ), #4241, 'distance_accuracy_value', 'NONE');
#504 = ORIENTED_EDGE ( 'NONE', *, *, #2454, .T. ) ;
#505 = LINE ( 'NONE', #2566, #196 ) ;
#506 = DIRECTION ( 'NONE',  ( -0.0000000000000000000, -0.0000000000000000000, -1.000000000000000000 ) ) ;
#507 =( NAMED_UNIT ( * ) PLANE_ANGLE_UNIT ( ) SI_UNIT ( $, .RADIAN. ) );
#508 = DIRECTION ( 'NONE',  ( 1.000000000000000000, 0.0000000000000000000, 1.807003620809174600E-016 ) ) ;
#509 = SURFACE_SIDE_STYLE ('',( #307 ) ) ;
#510 = VECTOR ( 'NONE', #3723, 1000.000000000000000 ) ;
#511 = CARTESIAN_POINT ( 'NONE',  ( -1.905000000000000000, 1.905000000000000200, 0.5500000000000000400 ) ) ;
#512 = VECTOR ( 'NONE', #1586, 1000.000000000000000 ) ;
#513 = AXIS2_PLACEMENT_3D ( 'NONE', #1284, #3638, #1607 ) ;
#514 = SURFACE_SIDE_STYLE ('',( #2350 ) ) ;
#515 = FACE_OUTER_BOUND ( 'NONE', #274, .T. ) ;
#516 = DIRECTION ( 'NONE',  ( -5.691349986800548400E-017, -1.000000000000000000, 0.0000000000000000000 ) ) ;
#517 = VECTOR ( 'NONE', #860, 1000.000000000000000 ) ;
#518 = PRESENTATION_LAYER_ASSIGNMENT (  '', '', ( #72 ) ) ;
#519 = ORIENTED_EDGE ( 'NONE', *, *, #3476, .T. ) ;
#520 = EDGE_CURVE ( 'NONE', #3483, #4329, #1997, .T. ) ;
#521 = LINE ( 'NONE', #1151, #3999 ) ;
#522 = SURFACE_STYLE_FILL_AREA ( #2462 ) ;
#523 = CARTESIAN_POINT ( 'NONE',  ( -0.3800000000000001700, -1.823589814187224400, 0.0000000000000000000 ) ) ;
#524 = CARTESIAN_POINT ( 'NONE',  ( 0.3799999999999998400, -1.823589814187224700, 0.0000000000000000000 ) ) ;
#525 =( LENGTH_UNIT ( ) NAMED_UNIT ( * ) SI_UNIT ( .MILLI., .METRE. ) );
#526 = EDGE_CURVE ( 'NONE', #3541, #2961, #1114, .T. ) ;
#527 =( GEOMETRIC_REPRESENTATION_CONTEXT ( 3 ) GLOBAL_UNCERTAINTY_ASSIGNED_CONTEXT ( ( #2000 ) ) GLOBAL_UNIT_ASSIGNED_CONTEXT ( ( #669, #3020, #1016 ) ) REPRESENTATION_CONTEXT ( 'NONE', 'WORKASPACE' ) );
#528 = ORIENTED_EDGE ( 'NONE', *, *, #4273, .T. ) ;
#529 = SURFACE_STYLE_FILL_AREA ( #1052 ) ;
#530 = CARTESIAN_POINT ( 'NONE',  ( 1.883364955707646800, -1.500000000000000000, 0.5500000000000000400 ) ) ;
#531 = PRESENTATION_STYLE_ASSIGNMENT (( #2126 ) ) ;
#532 = VERTEX_POINT ( 'NONE', #787 ) ;
#533 = CARTESIAN_POINT ( 'NONE',  ( -1.905000000000000000, 1.905000000000000200, 0.5500000000000000400 ) ) ;
#534 = LINE ( 'NONE', #3965, #426 ) ;
#535 = CARTESIAN_POINT ( 'NONE',  ( 1.283364955707646700, 1.500000000000000000, 2.460000000000000400 ) ) ;
#536 = ORIENTED_EDGE ( 'NONE', *, *, #946, .F. ) ;
#537 = ORIENTED_EDGE ( 'NONE', *, *, #3279, .F. ) ;
#538 = PLANE ( 'NONE',  #3833 ) ;
#539 = CARTESIAN_POINT ( 'NONE',  ( 0.0000000000000000000, 0.0000000000000000000, 0.5600000000000000500 ) ) ;
#540 = ORIENTED_EDGE ( 'NONE', *, *, #1574, .F. ) ;
#541 = AXIS2_PLACEMENT_3D ( 'NONE', #2204, #200, #2545 ) ;
#542 = ORIENTED_EDGE ( 'NONE', *, *, #377, .F. ) ;
#543 = ORIENTED_EDGE ( 'NONE', *, *, #2862, .T. ) ;
#544 = DIRECTION ( 'NONE',  ( 0.0000000000000000000, -1.000000000000000000, 0.0000000000000000000 ) ) ;
#545 =( NAMED_UNIT ( * ) SI_UNIT ( $, .STERADIAN. ) SOLID_ANGLE_UNIT ( ) );
#546 = DIRECTION ( 'NONE',  ( 0.0000000000000000000, -1.000000000000000000, 0.0000000000000000000 ) ) ;
#547 = ORIENTED_EDGE ( 'NONE', *, *, #443, .T. ) ;
#548 = STYLED_ITEM ( 'NONE', ( #3277 ), #2487 ) ;
#549 = UNCERTAINTY_MEASURE_WITH_UNIT (LENGTH_MEASURE( 1.000000000000000100E-005 ), #902, 'distance_accuracy_value', 'NONE');
#550 = EDGE_CURVE ( 'NONE', #3198, #2897, #3694, .T. ) ;
#551 = FACE_OUTER_BOUND ( 'NONE', #2357, .T. ) ;
#552 = EDGE_CURVE ( 'NONE', #3894, #4302, #3006, .T. ) ;
#553 = STYLED_ITEM ( 'NONE', ( #556 ), #3811 ) ;
#554 =( NAMED_UNIT ( * ) SI_UNIT ( $, .STERADIAN. ) SOLID_ANGLE_UNIT ( ) );
#555 = SURFACE_SIDE_STYLE ('',( #3099 ) ) ;
#556 = PRESENTATION_STYLE_ASSIGNMENT (( #3822 ) ) ;
#557 = CARTESIAN_POINT ( 'NONE',  ( 0.0000000000000000000, 1.330352135378642700, 1.586924070653191700 ) ) ;
#558 = MECHANICAL_DESIGN_GEOMETRIC_PRESENTATION_REPRESENTATION (  '', ( #4243 ), #767 ) ;
#559 = UNCERTAINTY_MEASURE_WITH_UNIT (LENGTH_MEASURE( 1.000000000000000100E-005 ), #1163, 'distance_accuracy_value', 'NONE');
#560 = CARTESIAN_POINT ( 'NONE',  ( -1.883364955707646800, 1.500000000000000000, 3.359999999999998100 ) ) ;
#561 = VECTOR ( 'NONE', #3954, 1000.000000000000000 ) ;
#562 = FILL_AREA_STYLE_COLOUR ( '', #1645 ) ;
#563 = CARTESIAN_POINT ( 'NONE',  ( 1.649999999999999900, 1.914999999999999800, 0.5600000000000000500 ) ) ;
#564 = CARTESIAN_POINT ( 'NONE',  ( -1.559827534923788700, -1.914999999999999800, 0.5600000000000000500 ) ) ;
#565 = COLOUR_RGB ( '',1.000000000000000000, 0.8431372549019607900, 0.0000000000000000000 ) ;
#566 = VERTEX_POINT ( 'NONE', #2660 ) ;
#567 = DIRECTION ( 'NONE',  ( -0.0000000000000000000, -0.0000000000000000000, -1.000000000000000000 ) ) ;
#568 = ORIENTED_EDGE ( 'NONE', *, *, #2136, .F. ) ;
#569 = CARTESIAN_POINT ( 'NONE',  ( -0.8900000000000001200, 8.772181213746353200E-017, 0.0000000000000000000 ) ) ;
#570 = LINE ( 'NONE', #675, #4041 ) ;
#571 = MECHANICAL_DESIGN_GEOMETRIC_PRESENTATION_REPRESENTATION (  '', ( #130 ), #784 ) ;
#572 = PRESENTATION_STYLE_ASSIGNMENT (( #180 ) ) ;
#573 = DIRECTION ( 'NONE',  ( 1.000000000000000000, 0.0000000000000000000, 0.0000000000000000000 ) ) ;
#574 = AXIS2_PLACEMENT_3D ( 'NONE', #1063, #3408, #1391 ) ;
#575 = EDGE_LOOP ( 'NONE', ( #1957, #346, #3790, #3312, #2140, #789, #2710, #2849, #2535, #2320, #395, #3218, #1995, #2758, #1138, #3690, #4258, #3828, #690, #1703, #424, #3323, #4012, #2069, #547, #2800, #3545, #1037 ) ) ;
#576 = VECTOR ( 'NONE', #3984, 1000.000000000000000 ) ;
#577 = ORIENTED_EDGE ( 'NONE', *, *, #51, .T. ) ;
#578 =( GEOMETRIC_REPRESENTATION_CONTEXT ( 3 ) GLOBAL_UNCERTAINTY_ASSIGNED_CONTEXT ( ( #861 ) ) GLOBAL_UNIT_ASSIGNED_CONTEXT ( ( #4157, #3210, #2492 ) ) REPRESENTATION_CONTEXT ( 'NONE', 'WORKASPACE' ) );
#579 =( LENGTH_UNIT ( ) NAMED_UNIT ( * ) SI_UNIT ( .MILLI., .METRE. ) );
#580 = CARTESIAN_POINT ( 'NONE',  ( 0.0000000000000000000, -0.6021693389890916400, 0.5500000000000000400 ) ) ;
#581 = ORIENTED_EDGE ( 'NONE', *, *, #1893, .F. ) ;
#582 = PRESENTATION_STYLE_ASSIGNMENT (( #71 ) ) ;
#583 = SURFACE_STYLE_USAGE ( .BOTH. , #2597 ) ;
#584 = EDGE_CURVE ( 'NONE', #151, #1017, #2802, .T. ) ;
#585 = DIRECTION ( 'NONE',  ( -0.0000000000000000000, -0.0000000000000000000, -1.000000000000000000 ) ) ;
#586 = CARTESIAN_POINT ( 'NONE',  ( -1.650000000000000100, -0.8149999999999997200, 0.01000000000000002600 ) ) ;
#587 = ORIENTED_EDGE ( 'NONE', *, *, #3387, .F. ) ;
#588 = DIRECTION ( 'NONE',  ( 0.0000000000000000000, 0.0000000000000000000, 1.000000000000000000 ) ) ;
#589 =( NAMED_UNIT ( * ) SI_UNIT ( $, .STERADIAN. ) SOLID_ANGLE_UNIT ( ) );
#590 = CARTESIAN_POINT ( 'NONE',  ( 1.084202172485504400E-016, 1.905000000000000000, 0.5500000000000000400 ) ) ;
#591 = ORIENTED_EDGE ( 'NONE', *, *, #2022, .T. ) ;
#592 = VERTEX_POINT ( 'NONE', #1141 ) ;
#593 = DIRECTION ( 'NONE',  ( -0.0000000000000000000, -1.000000000000000000, -0.0000000000000000000 ) ) ;
#594 = ORIENTED_EDGE ( 'NONE', *, *, #1187, .T. ) ;
#595 = FILL_AREA_STYLE ('',( #1074 ) ) ;
#596 = PRESENTATION_LAYER_ASSIGNMENT (  '', '', ( #367 ) ) ;
#597 = ORIENTED_EDGE ( 'NONE', *, *, #1335, .T. ) ;
#598 = DIRECTION ( 'NONE',  ( -1.000000000000000000, 0.0000000000000000000, 0.0000000000000000000 ) ) ;
#599 = ORIENTED_EDGE ( 'NONE', *, *, #185, .F. ) ;
#600 = FILL_AREA_STYLE_COLOUR ( '', #405 ) ;
#601 =( LENGTH_UNIT ( ) NAMED_UNIT ( * ) SI_UNIT ( .MILLI., .METRE. ) );
#602 = STYLED_ITEM ( 'NONE', ( #1884 ), #2810 ) ;
#603 = VECTOR ( 'NONE', #1548, 1000.000000000000000 ) ;
#604 = EDGE_CURVE ( 'NONE', #1261, #2323, #3587, .T. ) ;
#605 = ORIENTED_EDGE ( 'NONE', *, *, #3223, .F. ) ;
#606 = VECTOR ( 'NONE', #3688, 1000.000000000000000 ) ;
#607 = EDGE_CURVE ( 'NONE', #264, #796, #1015, .T. ) ;
#608 = STYLED_ITEM ( 'NONE', ( #4066 ), #4136 ) ;
#609 = CARTESIAN_POINT ( 'NONE',  ( -1.490488272734400900, 0.6021693389890925300, 0.5500000000000000400 ) ) ;
#610 = MECHANICAL_DESIGN_GEOMETRIC_PRESENTATION_REPRESENTATION (  '', ( #4071 ), #825 ) ;
#611 = DIRECTION ( 'NONE',  ( 9.856383386231855100E-017, 1.000000000000000000, 0.0000000000000000000 ) ) ;
#612 = DIRECTION ( 'NONE',  ( 0.0000000000000000000, -0.0000000000000000000, 1.000000000000000000 ) ) ;
#613 = DIRECTION ( 'NONE',  ( -1.000000000000000000, -2.853163611803958800E-016, 0.0000000000000000000 ) ) ;
#614 = FILL_AREA_STYLE ('',( #2613 ) ) ;
#615 = PRESENTATION_STYLE_ASSIGNMENT (( #2382 ) ) ;
#616 = CARTESIAN_POINT ( 'NONE',  ( -0.5383862562622203600, -1.100000000000000100, 1.012983963681220300 ) ) ;
#617 = CARTESIAN_POINT ( 'NONE',  ( 1.490488272734401800, 0.6021693389890920800, 0.5500000000000000400 ) ) ;
#618 = CIRCLE ( 'NONE', #2608, 0.2899999999999998700 ) ;
#619 = CARTESIAN_POINT ( 'NONE',  ( -0.3800000000000006200, 0.3050000000000001600, 0.0000000000000000000 ) ) ;
#620 = CARTESIAN_POINT ( 'NONE',  ( 0.5383862562622202500, -1.100000000000000100, 0.5500000000000000400 ) ) ;
#621 = EDGE_LOOP ( 'NONE', ( #1791, #2541, #3513, #3478 ) ) ;
#622 = LINE ( 'NONE', #150, #3093 ) ;
#623 = CARTESIAN_POINT ( 'NONE',  ( 1.283364955707647000, -0.3300000000000000200, 0.5600000000000000500 ) ) ;
#624 =( GEOMETRIC_REPRESENTATION_CONTEXT ( 3 ) GLOBAL_UNCERTAINTY_ASSIGNED_CONTEXT ( ( #1591 ) ) GLOBAL_UNIT_ASSIGNED_CONTEXT ( ( #657, #3002, #993 ) ) REPRESENTATION_CONTEXT ( 'NONE', 'WORKASPACE' ) );
#625 = CARTESIAN_POINT ( 'NONE',  ( 1.269999999999999800, -1.905000000000000900, 0.5600000000000000500 ) ) ;
#626 = CARTESIAN_POINT ( 'NONE',  ( 1.883364955707646800, 0.3300000000000000200, 0.0000000000000000000 ) ) ;
#627 = CARTESIAN_POINT ( 'NONE',  ( 1.650000000000000400, -3.252606517456513800E-016, 0.0000000000000000000 ) ) ;
#628 = ORIENTED_EDGE ( 'NONE', *, *, #3613, .F. ) ;
#629 = EDGE_CURVE ( 'NONE', #2108, #1579, #20, .T. ) ;
#630 = FACE_OUTER_BOUND ( 'NONE', #2947, .T. ) ;
#631 = EDGE_LOOP ( 'NONE', ( #3366, #2035, #1693, #1262, #4052 ) ) ;
#632 = EDGE_CURVE ( 'NONE', #3853, #2420, #2591, .T. ) ;
#633 = UNCERTAINTY_MEASURE_WITH_UNIT (LENGTH_MEASURE( 1.000000000000000100E-005 ), #3325, 'distance_accuracy_value', 'NONE');
#634 = LINE ( 'NONE', #3943, #884 ) ;
#635 = AXIS2_PLACEMENT_3D ( 'NONE', #4192, #2166, #171 ) ;
#636 = ORIENTED_EDGE ( 'NONE', *, *, #3594, .T. ) ;
#637 = UNCERTAINTY_MEASURE_WITH_UNIT (LENGTH_MEASURE( 1.000000000000000100E-005 ), #2437, 'distance_accuracy_value', 'NONE');
#638 = VERTEX_POINT ( 'NONE', #3516 ) ;
#639 = EDGE_CURVE ( 'NONE', #566, #566, #790, .T. ) ;
#640 = VERTEX_POINT ( 'NONE', #1157 ) ;
#641 = CARTESIAN_POINT ( 'NONE',  ( 1.905000000000000000, -1.905000000000000000, 0.5500000000000000400 ) ) ;
#642 = FILL_AREA_STYLE ('',( #3654 ) ) ;
#643 = ORIENTED_EDGE ( 'NONE', *, *, #1414, .F. ) ;
#644 = EDGE_LOOP ( 'NONE', ( #142, #4057, #2479, #317 ) ) ;
#645 = PRESENTATION_STYLE_ASSIGNMENT (( #2107 ) ) ;
#646 = DIRECTION ( 'NONE',  ( 1.000000000000000000, -0.0000000000000000000, -1.807003620809174600E-016 ) ) ;
#647 = DIRECTION ( 'NONE',  ( 1.000000000000000000, 0.0000000000000000000, 0.0000000000000000000 ) ) ;
#648 = ORIENTED_EDGE ( 'NONE', *, *, #712, .T. ) ;
#649 = ORIENTED_EDGE ( 'NONE', *, *, #1514, .F. ) ;
#650 = ORIENTED_EDGE ( 'NONE', *, *, #1171, .T. ) ;
#651 = ORIENTED_EDGE ( 'NONE', *, *, #3243, .T. ) ;
#652 = CARTESIAN_POINT ( 'NONE',  ( -0.3800000000000001700, -1.823589814187224400, 0.0000000000000000000 ) ) ;
#653 = AXIS2_PLACEMENT_3D ( 'NONE', #1046, #3397, #1378 ) ;
#654 = SURFACE_STYLE_USAGE ( .BOTH. , #2675 ) ;
#655 = CARTESIAN_POINT ( 'NONE',  ( 0.8900000000000000100, 0.8149999999999997200, 0.0000000000000000000 ) ) ;
#656 = CARTESIAN_POINT ( 'NONE',  ( -1.905000000000000000, 0.0000000000000000000, 0.5500000000000000400 ) ) ;
#657 =( LENGTH_UNIT ( ) NAMED_UNIT ( * ) SI_UNIT ( .MILLI., .METRE. ) );
#658 = DIRECTION ( 'NONE',  ( 0.0000000000000000000, 0.0000000000000000000, 1.000000000000000000 ) ) ;
#659 = CARTESIAN_POINT ( 'NONE',  ( 1.283364955707647000, 1.500000000000000000, 0.5500000000000001600 ) ) ;
#660 = MECHANICAL_DESIGN_GEOMETRIC_PRESENTATION_REPRESENTATION (  '', ( #4359 ), #876 ) ;
#661 = VERTEX_POINT ( 'NONE', #1832 ) ;
#662 = MECHANICAL_DESIGN_GEOMETRIC_PRESENTATION_REPRESENTATION (  '', ( #4361 ), #877 ) ;
#663 = EDGE_CURVE ( 'NONE', #2684, #325, #1793, .T. ) ;
#664 = CARTESIAN_POINT ( 'NONE',  ( -1.883364955707646800, 1.500000000000000000, 3.560000000000000100 ) ) ;
#665 = DIRECTION ( 'NONE',  ( 1.776356839400250500E-015, 0.0000000000000000000, 1.000000000000000000 ) ) ;
#666 = CARTESIAN_POINT ( 'NONE',  ( 0.5383862562622202500, 1.100000000000000100, 0.5500000000000000400 ) ) ;
#667 = VERTEX_POINT ( 'NONE', #502 ) ;
#668 =( LENGTH_UNIT ( ) NAMED_UNIT ( * ) SI_UNIT ( .MILLI., .METRE. ) );
#669 =( LENGTH_UNIT ( ) NAMED_UNIT ( * ) SI_UNIT ( .MILLI., .METRE. ) );
#670 = VECTOR ( 'NONE', #3893, 1000.000000000000000 ) ;
#671 = FACE_OUTER_BOUND ( 'NONE', #908, .T. ) ;
#672 = VECTOR ( 'NONE', #613, 1000.000000000000000 ) ;
#673 = EDGE_LOOP ( 'NONE', ( #919, #3052, #3364, #217, #3116 ) ) ;
#674 = LINE ( 'NONE', #288, #576 ) ;
#675 = CARTESIAN_POINT ( 'NONE',  ( 1.650000000000000400, -3.252606517456513800E-016, 0.5600000000000000500 ) ) ;
#676 = CARTESIAN_POINT ( 'NONE',  ( 0.7833649557076468600, -1.500000000000000000, 2.960000000000000400 ) ) ;
#677 = DIRECTION ( 'NONE',  ( -1.000000000000000000, -0.0000000000000000000, -0.0000000000000000000 ) ) ;
#678 = ORIENTED_EDGE ( 'NONE', *, *, #3387, .T. ) ;
#679 = AXIS2_PLACEMENT_3D ( 'NONE', #1495, #3856, #1841 ) ;
#680 = LINE ( 'NONE', #388, #2361 ) ;
#681 = SURFACE_STYLE_FILL_AREA ( #3201 ) ;
#682 = ADVANCED_FACE ( 'NONE', ( #1573 ), #1175, .F. ) ;
#683 = ORIENTED_EDGE ( 'NONE', *, *, #2294, .F. ) ;
#684 = EDGE_CURVE ( 'NONE', #826, #2471, #374, .T. ) ;
#685 = FACE_BOUND ( 'NONE', #1208, .T. ) ;
#686 = ORIENTED_EDGE ( 'NONE', *, *, #3837, .T. ) ;
#687 = EDGE_CURVE ( 'NONE', #1739, #2421, #1263, .T. ) ;
#688 = PRESENTATION_LAYER_ASSIGNMENT (  '', '', ( #242 ) ) ;
#689 = ORIENTED_EDGE ( 'NONE', *, *, #3157, .T. ) ;
#690 = ORIENTED_EDGE ( 'NONE', *, *, #1135, .F. ) ;
#691 = VECTOR ( 'NONE', #2851, 1000.000000000000000 ) ;
#692 = MECHANICAL_DESIGN_GEOMETRIC_PRESENTATION_REPRESENTATION (  '', ( #26 ), #918 ) ;
#693 = PLANE ( 'NONE',  #497 ) ;
#694 = ORIENTED_EDGE ( 'NONE', *, *, #1245, .F. ) ;
#695 = DIRECTION ( 'NONE',  ( 1.000000000000000000, 0.0000000000000000000, -1.807003620809174600E-016 ) ) ;
#696 = ORIENTED_EDGE ( 'NONE', *, *, #1866, .T. ) ;
#697 = ORIENTED_EDGE ( 'NONE', *, *, #2294, .T. ) ;
#698 = COLOUR_RGB ( '',0.2509803921568627400, 0.2509803921568627400, 0.2509803921568627400 ) ;
#699 = LINE ( 'NONE', #1858, #4178 ) ;
#700 = ADVANCED_FACE ( 'NONE', ( #1161, #2949 ), #2197, .F. ) ;
#701 = EDGE_LOOP ( 'NONE', ( #2797, #2664, #229, #4162 ) ) ;
#702 = VECTOR ( 'NONE', #322, 1000.000000000000000 ) ;
#703 = DIRECTION ( 'NONE',  ( 1.000000000000000000, -2.853163611803958800E-016, 0.0000000000000000000 ) ) ;
#704 =( NAMED_UNIT ( * ) SI_UNIT ( $, .STERADIAN. ) SOLID_ANGLE_UNIT ( ) );
#705 = DIRECTION ( 'NONE',  ( -1.000000000000000000, 0.0000000000000000000, -0.0000000000000000000 ) ) ;
#706 = EDGE_CURVE ( 'NONE', #3107, #264, #2848, .T. ) ;
#707 = CARTESIAN_POINT ( 'NONE',  ( -1.905000000000000000, -0.6021693389890916400, 0.01000000000000000000 ) ) ;
#708 = COLOUR_RGB ( '',1.000000000000000000, 0.8431372549019607900, 0.0000000000000000000 ) ;
#709 = FILL_AREA_STYLE_COLOUR ( '', #3098 ) ;
#710 = VECTOR ( 'NONE', #2366, 1000.000000000000000 ) ;
#711 = PRESENTATION_LAYER_ASSIGNMENT (  '', '', ( #4186 ) ) ;
#712 = EDGE_CURVE ( 'NONE', #3697, #1741, #3848, .T. ) ;
#713 = CARTESIAN_POINT ( 'NONE',  ( 1.490488272734401800, -0.6021693389890918600, 0.5500000000000000400 ) ) ;
#714 = SURFACE_STYLE_USAGE ( .BOTH. , #2216 ) ;
#715 = LINE ( 'NONE', #1289, #517 ) ;
#716 = FILL_AREA_STYLE_COLOUR ( '', #3257 ) ;
#717 = DIRECTION ( 'NONE',  ( 5.691349986800548400E-017, 1.000000000000000000, -0.0000000000000000000 ) ) ;
#718 = ORIENTED_EDGE ( 'NONE', *, *, #3304, .T. ) ;
#719 = ADVANCED_FACE ( 'NONE', ( #3745, #1945 ), #3896, .F. ) ;
#720 = VECTOR ( 'NONE', #1120, 1000.000000000000000 ) ;
#721 = DIRECTION ( 'NONE',  ( 9.035018104045873200E-017, 1.000000000000000000, -0.0000000000000000000 ) ) ;
#722 = ORIENTED_EDGE ( 'NONE', *, *, #663, .F. ) ;
#723 = COLOUR_RGB ( '',1.000000000000000000, 0.8431372549019607900, 0.0000000000000000000 ) ;
#724 = AXIS2_PLACEMENT_3D ( 'NONE', #1454, #2281, #277 ) ;
#725 = EDGE_LOOP ( 'NONE', ( #3067, #1611, #1006, #3240 ) ) ;
#726 = SURFACE_STYLE_USAGE ( .BOTH. , #2756 ) ;
#727 = DIRECTION ( 'NONE',  ( -0.0000000000000000000, -1.000000000000000000, -0.0000000000000000000 ) ) ;
#728 = DIRECTION ( 'NONE',  ( -0.0000000000000000000, -1.000000000000000000, -0.0000000000000000000 ) ) ;
#729 = MECHANICAL_DESIGN_GEOMETRIC_PRESENTATION_REPRESENTATION (  '', ( #72 ), #968 ) ;
#730 = FILL_AREA_STYLE ('',( #1731 ) ) ;
#731 = ORIENTED_EDGE ( 'NONE', *, *, #2877, .T. ) ;
#732 = ORIENTED_EDGE ( 'NONE', *, *, #3842, .T. ) ;
#733 = FACE_OUTER_BOUND ( 'NONE', #1628, .T. ) ;
#734 =( NAMED_UNIT ( * ) PLANE_ANGLE_UNIT ( ) SI_UNIT ( $, .RADIAN. ) );
#735 = EDGE_CURVE ( 'NONE', #1100, #4025, #3045, .T. ) ;
#736 = CARTESIAN_POINT ( 'NONE',  ( 0.0000000000000000000, -1.100000000000000100, 0.0000000000000000000 ) ) ;
#737 = EDGE_LOOP ( 'NONE', ( #836, #1558, #2325, #3735, #697, #3626 ) ) ;
#738 = EDGE_LOOP ( 'NONE', ( #220 ) ) ;
#739 = EDGE_CURVE ( 'NONE', #3903, #1371, #3945, .T. ) ;
#740 = EDGE_LOOP ( 'NONE', ( #362, #889, #2533, #3579, #2551 ) ) ;
#741 = COLOUR_RGB ( '',0.0000000000000000000, 0.0000000000000000000, 0.0000000000000000000 ) ;
#742 = ORIENTED_EDGE ( 'NONE', *, *, #2929, .F. ) ;
#743 = ADVANCED_FACE ( 'NONE', ( #733 ), #1840, .T. ) ;
#744 = PLANE ( 'NONE',  #3649 ) ;
#745 = EDGE_LOOP ( 'NONE', ( #841, #3144, #899, #3749 ) ) ;
#746 = ORIENTED_EDGE ( 'NONE', *, *, #163, .F. ) ;
#747 = VECTOR ( 'NONE', #1746, 1000.000000000000000 ) ;
#748 = SURFACE_SIDE_STYLE ('',( #2959 ) ) ;
#749 =( NAMED_UNIT ( * ) PLANE_ANGLE_UNIT ( ) SI_UNIT ( $, .RADIAN. ) );
#750 = PRESENTATION_STYLE_ASSIGNMENT (( #2695 ) ) ;
#751 = SURFACE_SIDE_STYLE ('',( #2283 ) ) ;
#752 = PRESENTATION_LAYER_ASSIGNMENT (  '', '', ( #308 ) ) ;
#753 = EDGE_LOOP ( 'NONE', ( #696, #2043, #935, #1173 ) ) ;
#754 = FACE_OUTER_BOUND ( 'NONE', #3064, .T. ) ;
#755 = DIRECTION ( 'NONE',  ( 0.0000000000000000000, -1.000000000000000000, 0.0000000000000000000 ) ) ;
#756 = AXIS2_PLACEMENT_3D ( 'NONE', #2746, #717, #3074 ) ;
#757 = CARTESIAN_POINT ( 'NONE',  ( 0.0000000000000000000, -0.8149999999999997200, 0.5600000000000000500 ) ) ;
#758 = SURFACE_STYLE_USAGE ( .BOTH. , #2785 ) ;
#759 = EDGE_CURVE ( 'NONE', #638, #1584, #3526, .T. ) ;
#760 = UNCERTAINTY_MEASURE_WITH_UNIT (LENGTH_MEASURE( 1.000000000000000100E-005 ), #4014, 'distance_accuracy_value', 'NONE');
#761 = DIRECTION ( 'NONE',  ( 1.000000000000000000, -2.853163611803958800E-016, 0.0000000000000000000 ) ) ;
#762 = VECTOR ( 'NONE', #3657, 1000.000000000000000 ) ;
#763 = EDGE_CURVE ( 'NONE', #27, #173, #61, .T. ) ;
#764 = ADVANCED_FACE ( 'NONE', ( #2630 ), #2869, .F. ) ;
#765 = AXIS2_PLACEMENT_3D ( 'NONE', #2470, #471, #2818 ) ;
#766 = CARTESIAN_POINT ( 'NONE',  ( 0.0000000000000000000, -1.500000000000000000, 0.5600000000000000500 ) ) ;
#767 =( GEOMETRIC_REPRESENTATION_CONTEXT ( 3 ) GLOBAL_UNCERTAINTY_ASSIGNED_CONTEXT ( ( #3433 ) ) GLOBAL_UNIT_ASSIGNED_CONTEXT ( ( #2512, #507, #2857 ) ) REPRESENTATION_CONTEXT ( 'NONE', 'WORKASPACE' ) );
#768 = COLOUR_RGB ( '',1.000000000000000000, 0.8431372549019607900, 0.0000000000000000000 ) ;
#769 = DIRECTION ( 'NONE',  ( 0.0000000000000000000, 0.0000000000000000000, 1.000000000000000000 ) ) ;
#770 = DIRECTION ( 'NONE',  ( -0.0000000000000000000, -0.0000000000000000000, -1.000000000000000000 ) ) ;
#771 =( NAMED_UNIT ( * ) PLANE_ANGLE_UNIT ( ) SI_UNIT ( $, .RADIAN. ) );
#772 = DIRECTION ( 'NONE',  ( 1.000000000000000000, 0.0000000000000000000, -1.807003620809174600E-016 ) ) ;
#773 = LINE ( 'NONE', #1295, #672 ) ;
#774 = ORIENTED_EDGE ( 'NONE', *, *, #3043, .T. ) ;
#775 = LINE ( 'NONE', #3650, #4256 ) ;
#776 = ORIENTED_EDGE ( 'NONE', *, *, #4237, .T. ) ;
#777 = CARTESIAN_POINT ( 'NONE',  ( -1.559827534923788700, 1.914999999999999800, 0.0000000000000000000 ) ) ;
#778 = COLOUR_RGB ( '',1.000000000000000000, 0.8431372549019607900, 0.0000000000000000000 ) ;
#779 = ORIENTED_EDGE ( 'NONE', *, *, #2052, .F. ) ;
#780 = FILL_AREA_STYLE_COLOUR ( '', #859 ) ;
#781 = SURFACE_STYLE_FILL_AREA ( #4084 ) ;
#782 = LINE ( 'NONE', #1177, #1670 ) ;
#783 = LINE ( 'NONE', #2666, #1673 ) ;
#784 =( GEOMETRIC_REPRESENTATION_CONTEXT ( 3 ) GLOBAL_UNCERTAINTY_ASSIGNED_CONTEXT ( ( #1920 ) ) GLOBAL_UNIT_ASSIGNED_CONTEXT ( ( #2803, #771, #3132 ) ) REPRESENTATION_CONTEXT ( 'NONE', 'WORKASPACE' ) );
#785 = VERTEX_POINT ( 'NONE', #524 ) ;
#786 = ADVANCED_FACE ( 'NONE', ( #3413 ), #1189, .F. ) ;
#787 = CARTESIAN_POINT ( 'NONE',  ( 0.5383862562622202500, 1.100000000000000100, 1.012983963681220100 ) ) ;
#788 = ORIENTED_EDGE ( 'NONE', *, *, #1574, .T. ) ;
#789 = ORIENTED_EDGE ( 'NONE', *, *, #3363, .T. ) ;
#790 = CIRCLE ( 'NONE', #635, 0.2435729008478046100 ) ;
#791 = CARTESIAN_POINT ( 'NONE',  ( 0.0000000000000000000, -0.8149999999999997200, 0.5600000000000000500 ) ) ;
#792 = CARTESIAN_POINT ( 'NONE',  ( 0.0000000000000000000, -0.8149999999999997200, 0.5500000000000000400 ) ) ;
#793 = ORIENTED_EDGE ( 'NONE', *, *, #934, .T. ) ;
#794 = DIRECTION ( 'NONE',  ( -0.0000000000000000000, -1.000000000000000000, -0.0000000000000000000 ) ) ;
#795 = COLOUR_RGB ( '',1.000000000000000000, 0.8431372549019607900, 0.0000000000000000000 ) ;
#796 = VERTEX_POINT ( 'NONE', #3549 ) ;
#797 = EDGE_CURVE ( 'NONE', #3200, #2323, #4006, .T. ) ;
#798 = SURFACE_SIDE_STYLE ('',( #3567 ) ) ;
#799 = ORIENTED_EDGE ( 'NONE', *, *, #218, .F. ) ;
#800 = CARTESIAN_POINT ( 'NONE',  ( -0.5383862562622203600, 1.100000000000000100, 1.012983963681220300 ) ) ;
#801 = LINE ( 'NONE', #2070, #3385 ) ;
#802 = LINE ( 'NONE', #1873, #3278 ) ;
#803 = ORIENTED_EDGE ( 'NONE', *, *, #971, .F. ) ;
#804 = CARTESIAN_POINT ( 'NONE',  ( 0.0000000000000000000, 0.0000000000000000000, 0.5600000000000000500 ) ) ;
#805 = DIRECTION ( 'NONE',  ( -0.0000000000000000000, -0.0000000000000000000, -1.000000000000000000 ) ) ;
#806 = DIRECTION ( 'NONE',  ( -0.0000000000000000000, -0.0000000000000000000, -1.000000000000000000 ) ) ;
#807 = LINE ( 'NONE', #4345, #2494 ) ;
#808 = ADVANCED_FACE ( 'NONE', ( #418 ), #2220, .T. ) ;
#809 = CARTESIAN_POINT ( 'NONE',  ( 1.283364955707647000, 1.500000000000000000, 0.5500000000000001600 ) ) ;
#810 = VECTOR ( 'NONE', #179, 1000.000000000000000 ) ;
#811 = MECHANICAL_DESIGN_GEOMETRIC_PRESENTATION_REPRESENTATION (  '', ( #367 ), #1041 ) ;
#812 = PRESENTATION_STYLE_ASSIGNMENT (( #1117 ) ) ;
#813 = UNCERTAINTY_MEASURE_WITH_UNIT (LENGTH_MEASURE( 1.000000000000000100E-005 ), #668, 'distance_accuracy_value', 'NONE');
#814 = AXIS2_PLACEMENT_3D ( 'NONE', #64, #2397, #391 ) ;
#815 = SURFACE_STYLE_FILL_AREA ( #1236 ) ;
#816 = EDGE_CURVE ( 'NONE', #474, #3647, #113, .T. ) ;
#817 = SURFACE_SIDE_STYLE ('',( #1985 ) ) ;
#818 = FILL_AREA_STYLE_COLOUR ( '', #3835 ) ;
#819 =( LENGTH_UNIT ( ) NAMED_UNIT ( * ) SI_UNIT ( .MILLI., .METRE. ) );
#820 = EDGE_CURVE ( 'NONE', #19, #2893, #999, .T. ) ;
#821 = PRODUCT ( 'Bias-Tee_Mini-Circuits_Case_Style_GU1414', 'Bias-Tee_Mini-Circuits_Case_Style_GU1414', '', ( #3375 ) ) ;
#822 = LINE ( 'NONE', #569, #4307 ) ;
#823 = PRESENTATION_LAYER_ASSIGNMENT (  '', '', ( #608 ) ) ;
#824 = CARTESIAN_POINT ( 'NONE',  ( 0.8900000000000000100, 0.8149999999999997200, 0.5600000000000000500 ) ) ;
#825 =( GEOMETRIC_REPRESENTATION_CONTEXT ( 3 ) GLOBAL_UNCERTAINTY_ASSIGNED_CONTEXT ( ( #415 ) ) GLOBAL_UNIT_ASSIGNED_CONTEXT ( ( #148, #2482, #480 ) ) REPRESENTATION_CONTEXT ( 'NONE', 'WORKASPACE' ) );
#826 = VERTEX_POINT ( 'NONE', #2235 ) ;
#827 = ADVANCED_FACE ( 'NONE', ( #2789 ), #2908, .T. ) ;
#828 = FILL_AREA_STYLE_COLOUR ( '', #4164 ) ;
#829 = VERTEX_POINT ( 'NONE', #2596 ) ;
#830 = VECTOR ( 'NONE', #3220, 1000.000000000000000 ) ;
#831 = LINE ( 'NONE', #1229, #1612 ) ;
#832 = VECTOR ( 'NONE', #2188, 1000.000000000000000 ) ;
#833 = ORIENTED_EDGE ( 'NONE', *, *, #3558, .F. ) ;
#834 = DIRECTION ( 'NONE',  ( 0.0000000000000000000, 0.0000000000000000000, -1.000000000000000000 ) ) ;
#835 =( LENGTH_UNIT ( ) NAMED_UNIT ( * ) SI_UNIT ( .MILLI., .METRE. ) );
#836 = ORIENTED_EDGE ( 'NONE', *, *, #881, .T. ) ;
#837 = ORIENTED_EDGE ( 'NONE', *, *, #1717, .F. ) ;
#838 = VERTEX_POINT ( 'NONE', #3262 ) ;
#839 = SURFACE_SIDE_STYLE ('',( #1592 ) ) ;
#840 = VERTEX_POINT ( 'NONE', #3592 ) ;
#841 = ORIENTED_EDGE ( 'NONE', *, *, #946, .T. ) ;
#842 = EDGE_LOOP ( 'NONE', ( #850, #3194, #1212, #1679, #1614, #2272 ) ) ;
#843 = FACE_OUTER_BOUND ( 'NONE', #2733, .T. ) ;
#844 = CARTESIAN_POINT ( 'NONE',  ( -1.516698289040981500, 1.133333333333334200, 3.726666666666665200 ) ) ;
#845 = ORIENTED_EDGE ( 'NONE', *, *, #3675, .T. ) ;
#846 = EDGE_CURVE ( 'NONE', #4054, #4146, #634, .T. ) ;
#847 = EDGE_CURVE ( 'NONE', #2961, #4163, #1512, .T. ) ;
#848 = AXIS2_PLACEMENT_3D ( 'NONE', #3008, #721, #3078 ) ;
#849 = PLANE ( 'NONE',  #541 ) ;
#850 = ORIENTED_EDGE ( 'NONE', *, *, #3335, .T. ) ;
#851 = DIRECTION ( 'NONE',  ( -2.013799869284637000E-016, 0.0000000000000000000, -1.000000000000000000 ) ) ;
#852 =( NAMED_UNIT ( * ) SI_UNIT ( $, .STERADIAN. ) SOLID_ANGLE_UNIT ( ) );
#853 = ORIENTED_EDGE ( 'NONE', *, *, #2755, .T. ) ;
#854 = AXIS2_PLACEMENT_3D ( 'NONE', #1461, #3815, #1804 ) ;
#855 = LINE ( 'NONE', #1106, #3437 ) ;
#856 = SURFACE_STYLE_FILL_AREA ( #1583 ) ;
#857 = EDGE_CURVE ( 'NONE', #997, #1523, #2415, .T. ) ;
#858 = DIRECTION ( 'NONE',  ( -0.0000000000000000000, -0.0000000000000000000, -1.000000000000000000 ) ) ;
#859 = COLOUR_RGB ( '',0.0000000000000000000, 1.000000000000000000, 0.0000000000000000000 ) ;
#860 = DIRECTION ( 'NONE',  ( 9.856383386231855100E-017, -1.000000000000000000, 0.0000000000000000000 ) ) ;
#861 = UNCERTAINTY_MEASURE_WITH_UNIT (LENGTH_MEASURE( 1.000000000000000100E-005 ), #4157, 'distance_accuracy_value', 'NONE');
#862 = FILL_AREA_STYLE_COLOUR ( '', #175 ) ;
#863 = EDGE_LOOP ( 'NONE', ( #3340, #3491, #1368, #1042, #2163, #481, #1719, #2278, #954, #951, #678, #542, #3799, #63 ) ) ;
#864 = PRESENTATION_STYLE_ASSIGNMENT (( #1223 ) ) ;
#865 = CARTESIAN_POINT ( 'NONE',  ( 1.905000000000000000, 0.0000000000000000000, 0.5500000000000000400 ) ) ;
#866 = CARTESIAN_POINT ( 'NONE',  ( -0.3800000000000001700, -1.823589814187224400, 0.01000000000000000000 ) ) ;
#867 = DIRECTION ( 'NONE',  ( -1.000000000000000000, 0.0000000000000000000, 0.0000000000000000000 ) ) ;
#868 = PRESENTATION_STYLE_ASSIGNMENT (( #3766 ) ) ;
#869 = CARTESIAN_POINT ( 'NONE',  ( -1.650000000000000400, -3.252606517456514300E-016, 0.5500000000000000400 ) ) ;
#870 = VECTOR ( 'NONE', #2300, 1000.000000000000000 ) ;
#871 = AXIS2_PLACEMENT_3D ( 'NONE', #1064, #3409, #1392 ) ;
#872 = CARTESIAN_POINT ( 'NONE',  ( 1.650000000000000400, 3.252606517456513800E-016, 0.5600000000000000500 ) ) ;
#873 =( LENGTH_UNIT ( ) NAMED_UNIT ( * ) SI_UNIT ( .MILLI., .METRE. ) );
#874 = DIRECTION ( 'NONE',  ( 0.0000000000000000000, 1.000000000000000000, 0.0000000000000000000 ) ) ;
#875 = PRESENTATION_STYLE_ASSIGNMENT (( #3367 ) ) ;
#876 =( GEOMETRIC_REPRESENTATION_CONTEXT ( 3 ) GLOBAL_UNCERTAINTY_ASSIGNED_CONTEXT ( ( #2973 ) ) GLOBAL_UNIT_ASSIGNED_CONTEXT ( ( #2920, #917, #3263 ) ) REPRESENTATION_CONTEXT ( 'NONE', 'WORKASPACE' ) );
#877 =( GEOMETRIC_REPRESENTATION_CONTEXT ( 3 ) GLOBAL_UNCERTAINTY_ASSIGNED_CONTEXT ( ( #2709 ) ) GLOBAL_UNIT_ASSIGNED_CONTEXT ( ( #2364, #85, #478 ) ) REPRESENTATION_CONTEXT ( 'NONE', 'WORKASPACE' ) );
#878 = CARTESIAN_POINT ( 'NONE',  ( 0.0000000000000000000, 1.330352135378642700, 1.105693711484311500 ) ) ;
#879 =( LENGTH_UNIT ( ) NAMED_UNIT ( * ) SI_UNIT ( .MILLI., .METRE. ) );
#880 = DIRECTION ( 'NONE',  ( 0.0000000000000000000, 0.0000000000000000000, 1.000000000000000000 ) ) ;
#881 = EDGE_CURVE ( 'NONE', #2754, #3958, #4102, .T. ) ;
#882 = ORIENTED_EDGE ( 'NONE', *, *, #1415, .F. ) ;
#883 = CIRCLE ( 'NONE', #3233, 0.7625194258298629800 ) ;
#884 = VECTOR ( 'NONE', #4287, 1000.000000000000000 ) ;
#885 = FILL_AREA_STYLE ('',( #562 ) ) ;
#886 = SURFACE_SIDE_STYLE ('',( #3170 ) ) ;
#887 = PLANE ( 'NONE',  #1385 ) ;
#888 = LINE ( 'NONE', #3159, #1889 ) ;
#889 = ORIENTED_EDGE ( 'NONE', *, *, #604, .F. ) ;
#890 = LINE ( 'NONE', #3057, #3361 ) ;
#891 = ORIENTED_EDGE ( 'NONE', *, *, #4326, .T. ) ;
#892 = ORIENTED_EDGE ( 'NONE', *, *, #3161, .T. ) ;
#893 = DIRECTION ( 'NONE',  ( -1.000000000000000000, 0.0000000000000000000, 1.807003620809174600E-016 ) ) ;
#894 = DIRECTION ( 'NONE',  ( 0.0000000000000000000, -1.000000000000000000, 0.0000000000000000000 ) ) ;
#895 = VERTEX_POINT ( 'NONE', #2938 ) ;
#896 = CARTESIAN_POINT ( 'NONE',  ( 1.905000000000000000, 0.0000000000000000000, 0.5500000000000000400 ) ) ;
#897 = ORIENTED_EDGE ( 'NONE', *, *, #3515, .F. ) ;
#898 = AXIS2_PLACEMENT_3D ( 'NONE', #1956, #4321, #2297 ) ;
#899 = ORIENTED_EDGE ( 'NONE', *, *, #231, .F. ) ;
#900 = VECTOR ( 'NONE', #1475, 1000.000000000000000 ) ;
#901 = CARTESIAN_POINT ( 'NONE',  ( 0.8900000000000000100, 0.8149999999999997200, 0.01000000000000000000 ) ) ;
#902 =( LENGTH_UNIT ( ) NAMED_UNIT ( * ) SI_UNIT ( .MILLI., .METRE. ) );
#903 = SURFACE_STYLE_FILL_AREA ( #1044 ) ;
#904 = DIRECTION ( 'NONE',  ( -0.0000000000000000000, -0.0000000000000000000, 1.000000000000000000 ) ) ;
#905 = FILL_AREA_STYLE_COLOUR ( '', #4035 ) ;
#906 = ORIENTED_EDGE ( 'NONE', *, *, #3453, .T. ) ;
#907 = STYLED_ITEM ( 'NONE', ( #2939 ), #2740 ) ;
#908 = EDGE_LOOP ( 'NONE', ( #3477, #3629, #4282, #372 ) ) ;
#909 = EDGE_CURVE ( 'NONE', #2508, #4341, #2316, .T. ) ;
#910 = PRESENTATION_STYLE_ASSIGNMENT (( #1638 ) ) ;
#911 = EDGE_CURVE ( 'NONE', #3108, #3436, #534, .T. ) ;
#912 = MECHANICAL_DESIGN_GEOMETRIC_PRESENTATION_REPRESENTATION (  '', ( #242 ), #1136 ) ;
#913 =( NAMED_UNIT ( * ) SI_UNIT ( $, .STERADIAN. ) SOLID_ANGLE_UNIT ( ) );
#914 = DIRECTION ( 'NONE',  ( 0.0000000000000000000, -0.0000000000000000000, 1.000000000000000000 ) ) ;
#915 = DIRECTION ( 'NONE',  ( -2.853163611803958800E-016, -1.000000000000000000, 0.0000000000000000000 ) ) ;
#916 = LINE ( 'NONE', #3861, #2604 ) ;
#917 =( NAMED_UNIT ( * ) PLANE_ANGLE_UNIT ( ) SI_UNIT ( $, .RADIAN. ) );
#918 =( GEOMETRIC_REPRESENTATION_CONTEXT ( 3 ) GLOBAL_UNCERTAINTY_ASSIGNED_CONTEXT ( ( #1787 ) ) GLOBAL_UNIT_ASSIGNED_CONTEXT ( ( #1908, #4270, #2245 ) ) REPRESENTATION_CONTEXT ( 'NONE', 'WORKASPACE' ) );
#919 = ORIENTED_EDGE ( 'NONE', *, *, #1301, .T. ) ;
#920 = CARTESIAN_POINT ( 'NONE',  ( -1.883364955707646800, 1.500000000000000000, 0.5500000000000000400 ) ) ;
#921 = VECTOR ( 'NONE', #292, 1000.000000000000000 ) ;
#922 = CARTESIAN_POINT ( 'NONE',  ( -1.490488272734400900, 0.6021693389890925300, 0.01000000000000000000 ) ) ;
#923 = CARTESIAN_POINT ( 'NONE',  ( -0.3800000000000006200, 0.3050000000000001600, 0.0000000000000000000 ) ) ;
#924 = DIRECTION ( 'NONE',  ( 1.000000000000000000, -5.691349986800548400E-017, 0.0000000000000000000 ) ) ;
#925 = LINE ( 'NONE', #4129, #2723 ) ;
#926 = ORIENTED_EDGE ( 'NONE', *, *, #1604, .F. ) ;
#927 = VERTEX_POINT ( 'NONE', #2952 ) ;
#928 = COLOUR_RGB ( '',1.000000000000000000, 0.8431372549019607900, 0.0000000000000000000 ) ;
#929 = CARTESIAN_POINT ( 'NONE',  ( -1.649999999999999900, 1.905000000000000000, 0.5500000000000000400 ) ) ;
#930 = AXIS2_PLACEMENT_3D ( 'NONE', #1235, #3598, #1567 ) ;
#931 = LINE ( 'NONE', #896, #1824 ) ;
#932 = FILL_AREA_STYLE ('',( #600 ) ) ;
#933 =( NAMED_UNIT ( * ) SI_UNIT ( $, .STERADIAN. ) SOLID_ANGLE_UNIT ( ) );
#934 = EDGE_CURVE ( 'NONE', #667, #2745, #2993, .T. ) ;
#935 = ORIENTED_EDGE ( 'NONE', *, *, #3051, .F. ) ;
#936 = CIRCLE ( 'NONE', #4290, 0.6021693389890920800 ) ;
#937 = AXIS2_PLACEMENT_3D ( 'NONE', #4248, #2228, #223 ) ;
#938 = VECTOR ( 'NONE', #2351, 1000.000000000000000 ) ;
#939 = MECHANICAL_DESIGN_GEOMETRIC_PRESENTATION_REPRESENTATION (  '', ( #4186 ), #1168 ) ;
#940 = CARTESIAN_POINT ( 'NONE',  ( -1.650000000000000100, -1.500000000000000000, 0.5600000000000000500 ) ) ;
#941 = ORIENTED_EDGE ( 'NONE', *, *, #1692, .T. ) ;
#942 = DIRECTION ( 'NONE',  ( 0.0000000000000000000, -1.000000000000000000, 0.0000000000000000000 ) ) ;
#943 = PRESENTATION_STYLE_ASSIGNMENT (( #1881 ) ) ;
#944 = COLOUR_RGB ( '',1.000000000000000000, 0.8431372549019607900, 0.0000000000000000000 ) ;
#945 = VECTOR ( 'NONE', #3855, 1000.000000000000000 ) ;
#946 = EDGE_CURVE ( 'NONE', #194, #4224, #3895, .T. ) ;
#947 = EDGE_LOOP ( 'NONE', ( #643, #4004, #1545, #4108, #2994, #2456, #2801, #2376 ) ) ;
#948 = SURFACE_STYLE_USAGE ( .BOTH. , #2953 ) ;
#949 = FILL_AREA_STYLE ('',( #286 ) ) ;
#950 = FILL_AREA_STYLE_COLOUR ( '', #2388 ) ;
#951 = ORIENTED_EDGE ( 'NONE', *, *, #663, .T. ) ;
#952 = ORIENTED_EDGE ( 'NONE', *, *, #3515, .T. ) ;
#953 = ORIENTED_EDGE ( 'NONE', *, *, #1946, .T. ) ;
#954 = ORIENTED_EDGE ( 'NONE', *, *, #1190, .F. ) ;
#955 = ORIENTED_EDGE ( 'NONE', *, *, #552, .T. ) ;
#956 = DIRECTION ( 'NONE',  ( 1.000000000000000000, 0.0000000000000000000, 0.0000000000000000000 ) ) ;
#957 = ORIENTED_EDGE ( 'NONE', *, *, #2259, .F. ) ;
#958 = UNCERTAINTY_MEASURE_WITH_UNIT (LENGTH_MEASURE( 1.000000000000000100E-005 ), #835, 'distance_accuracy_value', 'NONE');
#959 = STYLED_ITEM ( 'NONE', ( #1096 ), #1803 ) ;
#960 = DIRECTION ( 'NONE',  ( -1.000000000000000000, -2.853163611803958800E-016, 0.0000000000000000000 ) ) ;
#961 = DIRECTION ( 'NONE',  ( 0.0000000000000000000, 0.0000000000000000000, 1.000000000000000000 ) ) ;
#962 = ORIENTED_EDGE ( 'NONE', *, *, #3558, .T. ) ;
#963 = DIRECTION ( 'NONE',  ( -0.0000000000000000000, -0.0000000000000000000, -1.000000000000000000 ) ) ;
#964 = CARTESIAN_POINT ( 'NONE',  ( 1.650000000000000400, 3.252606517456514300E-016, 0.01000000000000000000 ) ) ;
#965 = ORIENTED_EDGE ( 'NONE', *, *, #3335, .F. ) ;
#966 = CARTESIAN_POINT ( 'NONE',  ( -1.559827534923788700, 1.914999999999999800, 0.5600000000000000500 ) ) ;
#967 = DIRECTION ( 'NONE',  ( -1.971276677246371500E-016, -1.000000000000000000, 0.0000000000000000000 ) ) ;
#968 =( GEOMETRIC_REPRESENTATION_CONTEXT ( 3 ) GLOBAL_UNCERTAINTY_ASSIGNED_CONTEXT ( ( #958 ) ) GLOBAL_UNIT_ASSIGNED_CONTEXT ( ( #835, #3188, #1181 ) ) REPRESENTATION_CONTEXT ( 'NONE', 'WORKASPACE' ) );
#969 = EDGE_CURVE ( 'NONE', #826, #3847, #1205, .T. ) ;
#970 = VECTOR ( 'NONE', #456, 1000.000000000000000 ) ;
#971 = EDGE_CURVE ( 'NONE', #177, #4067, #3103, .T. ) ;
#972 = STYLED_ITEM ( 'NONE', ( #1819 ), #1222 ) ;
#973 = CARTESIAN_POINT ( 'NONE',  ( -0.7833649557076468600, 1.500000000000000000, 2.460000000000000400 ) ) ;
#974 = SURFACE_SIDE_STYLE ('',( #1892 ) ) ;
#975 = VERTEX_POINT ( 'NONE', #620 ) ;
#976 = SURFACE_STYLE_FILL_AREA ( #1569 ) ;
#977 = SURFACE_STYLE_USAGE ( .BOTH. , #2979 ) ;
#978 = PLANE ( 'NONE',  #2713 ) ;
#979 = CARTESIAN_POINT ( 'NONE',  ( 0.5383862562622202500, 1.100000000000000100, 1.012983963681220100 ) ) ;
#980 = FACE_OUTER_BOUND ( 'NONE', #4019, .T. ) ;
#981 = CARTESIAN_POINT ( 'NONE',  ( 1.650000000000000100, 1.500000000000000000, 0.5500000000000000400 ) ) ;
#982 = CARTESIAN_POINT ( 'NONE',  ( 1.559827534923788700, -1.914999999999999800, 0.5600000000000000500 ) ) ;
#983 = LINE ( 'NONE', #616, #1875 ) ;
#984 = MECHANICAL_DESIGN_GEOMETRIC_PRESENTATION_REPRESENTATION (  '', ( #308 ), #1204 ) ;
#985 = LINE ( 'NONE', #1, #3566 ) ;
#986 = CARTESIAN_POINT ( 'NONE',  ( 0.0000000000000000000, 0.0000000000000000000, 0.0000000000000000000 ) ) ;
#987 = FILL_AREA_STYLE ('',( #300 ) ) ;
#988 =( NAMED_UNIT ( * ) PLANE_ANGLE_UNIT ( ) SI_UNIT ( $, .RADIAN. ) );
#989 = FACE_OUTER_BOUND ( 'NONE', #740, .T. ) ;
#990 = CARTESIAN_POINT ( 'NONE',  ( 1.883364955707646800, -0.3300000000000000200, 0.5500000000000000400 ) ) ;
#991 = DIRECTION ( 'NONE',  ( -0.0000000000000000000, 0.0000000000000000000, -1.000000000000000000 ) ) ;
#992 = PRESENTATION_LAYER_ASSIGNMENT (  '', '', ( #548 ) ) ;
#993 =( NAMED_UNIT ( * ) SI_UNIT ( $, .STERADIAN. ) SOLID_ANGLE_UNIT ( ) );
#994 = DIRECTION ( 'NONE',  ( -1.000000000000000000, 0.0000000000000000000, 0.0000000000000000000 ) ) ;
#995 = EDGE_CURVE ( 'NONE', #667, #3108, #1102, .T. ) ;
#996 = SURFACE_STYLE_FILL_AREA ( #73 ) ;
#997 = VERTEX_POINT ( 'NONE', #1290 ) ;
#998 = VECTOR ( 'NONE', #1578, 1000.000000000000000 ) ;
#999 = LINE ( 'NONE', #1880, #2686 ) ;
#1000 = DIRECTION ( 'NONE',  ( 1.000000000000000000, 2.853163611803958800E-016, 0.0000000000000000000 ) ) ;
#1001 = EDGE_CURVE ( 'NONE', #3138, #1174, #1315, .T. ) ;
#1002 = PRESENTATION_LAYER_ASSIGNMENT (  '', '', ( #553 ) ) ;
#1003 = LINE ( 'NONE', #792, #2692 ) ;
#1004 = ORIENTED_EDGE ( 'NONE', *, *, #1497, .F. ) ;
#1005 = COLOUR_RGB ( '',1.000000000000000000, 0.8431372549019607900, 0.0000000000000000000 ) ;
#1006 = ORIENTED_EDGE ( 'NONE', *, *, #584, .T. ) ;
#1007 = ORIENTED_EDGE ( 'NONE', *, *, #639, .F. ) ;
#1008 = ORIENTED_EDGE ( 'NONE', *, *, #2550, .T. ) ;
#1009 = DIRECTION ( 'NONE',  ( 1.000000000000000000, -0.0000000000000000000, 0.0000000000000000000 ) ) ;
#1010 = CARTESIAN_POINT ( 'NONE',  ( -1.650000000000000100, 0.8149999999999997200, 0.0000000000000000000 ) ) ;
#1011 = DIRECTION ( 'NONE',  ( 0.0000000000000000000, -1.000000000000000000, 0.0000000000000000000 ) ) ;
#1012 =( NAMED_UNIT ( * ) SI_UNIT ( $, .STERADIAN. ) SOLID_ANGLE_UNIT ( ) );
#1013 = VERTEX_POINT ( 'NONE', #2307 ) ;
#1014 = VERTEX_POINT ( 'NONE', #3997 ) ;
#1015 = LINE ( 'NONE', #3153, #3485 ) ;
#1016 =( NAMED_UNIT ( * ) SI_UNIT ( $, .STERADIAN. ) SOLID_ANGLE_UNIT ( ) );
#1017 = VERTEX_POINT ( 'NONE', #2652 ) ;
#1018 = ADVANCED_FACE ( 'NONE', ( #1986 ), #1960, .T. ) ;
#1019 = LINE ( 'NONE', #285, #1802 ) ;
#1020 = ADVANCED_FACE ( 'NONE', ( #2463 ), #368, .F. ) ;
#1021 = SURFACE_SIDE_STYLE ('',( #1089 ) ) ;
#1022 = CARTESIAN_POINT ( 'NONE',  ( -1.883364955707646800, 1.299999999999998700, 3.560000000000000100 ) ) ;
#1023 = VECTOR ( 'NONE', #1123, 1000.000000000000000 ) ;
#1024 = CARTESIAN_POINT ( 'NONE',  ( -0.8900000000000000100, -0.8149999999999997200, 0.5600000000000000500 ) ) ;
#1025 = DIRECTION ( 'NONE',  ( 1.000000000000000000, 0.0000000000000000000, 0.0000000000000000000 ) ) ;
#1026 = VERTEX_POINT ( 'NONE', #331 ) ;
#1027 = STYLED_ITEM ( 'NONE', ( #1231 ), #3394 ) ;
#1028 = VECTOR ( 'NONE', #4306, 1000.000000000000000 ) ;
#1029 = DIRECTION ( 'NONE',  ( -1.000000000000000000, 2.853163611803958800E-016, 0.0000000000000000000 ) ) ;
#1030 = VECTOR ( 'NONE', #1610, 1000.000000000000000 ) ;
#1031 = AXIS2_PLACEMENT_3D ( 'NONE', #3368, #728, #665 ) ;
#1032 = EDGE_CURVE ( 'NONE', #459, #459, #3047, .T. ) ;
#1033 = CARTESIAN_POINT ( 'NONE',  ( 4.359742604964577100E-016, -1.299999999999998700, 3.560000000000000100 ) ) ;
#1034 = CARTESIAN_POINT ( 'NONE',  ( 1.883364955707646800, 1.500000000000000000, 0.5500000000000000400 ) ) ;
#1035 = DIRECTION ( 'NONE',  ( -1.000000000000000000, 0.0000000000000000000, 0.0000000000000000000 ) ) ;
#1036 = CARTESIAN_POINT ( 'NONE',  ( 0.8900000000000000100, 0.8149999999999997200, 0.5500000000000000400 ) ) ;
#1037 = ORIENTED_EDGE ( 'NONE', *, *, #1726, .T. ) ;
#1038 = CARTESIAN_POINT ( 'NONE',  ( -1.283364955707647000, 0.3299999999999998500, 0.0000000000000000000 ) ) ;
#1039 = FACE_OUTER_BOUND ( 'NONE', #1370, .T. ) ;
#1040 = ADVANCED_FACE ( 'NONE', ( #2149 ), #3349, .T. ) ;
#1041 =( GEOMETRIC_REPRESENTATION_CONTEXT ( 3 ) GLOBAL_UNCERTAINTY_ASSIGNED_CONTEXT ( ( #1865 ) ) GLOBAL_UNIT_ASSIGNED_CONTEXT ( ( #2409, #402, #2759 ) ) REPRESENTATION_CONTEXT ( 'NONE', 'WORKASPACE' ) );
#1042 = ORIENTED_EDGE ( 'NONE', *, *, #2176, .F. ) ;
#1043 = LINE ( 'NONE', #1022, #2027 ) ;
#1044 = FILL_AREA_STYLE ('',( #3053 ) ) ;
#1045 = LINE ( 'NONE', #1338, #1931 ) ;
#1046 = CARTESIAN_POINT ( 'NONE',  ( 0.0000000000000000000, 0.8149999999999997200, 0.5600000000000000500 ) ) ;
#1047 = ORIENTED_EDGE ( 'NONE', *, *, #2777, .F. ) ;
#1048 = DIRECTION ( 'NONE',  ( 1.971276677246371800E-016, 1.000000000000000000, 0.0000000000000000000 ) ) ;
#1049 = PRESENTATION_LAYER_ASSIGNMENT (  '', '', ( #602 ) ) ;
#1050 = CYLINDRICAL_SURFACE ( 'NONE', #2162, 0.5000000000000000000 ) ;
#1051 = CARTESIAN_POINT ( 'NONE',  ( -1.269999999999999800, 1.905000000000000900, 0.5600000000000000500 ) ) ;
#1052 = FILL_AREA_STYLE ('',( #709 ) ) ;
#1053 = EDGE_CURVE ( 'NONE', #3211, #1852, #2091, .T. ) ;
#1054 = EDGE_CURVE ( 'NONE', #2427, #4020, #2991, .T. ) ;
#1055 = MECHANICAL_DESIGN_GEOMETRIC_PRESENTATION_REPRESENTATION (  '', ( #608 ), #1276 ) ;
#1056 = ORIENTED_EDGE ( 'NONE', *, *, #4065, .T. ) ;
#1057 = ORIENTED_EDGE ( 'NONE', *, *, #1599, .T. ) ;
#1058 = ORIENTED_EDGE ( 'NONE', *, *, #2176, .T. ) ;
#1059 = VECTOR ( 'NONE', #4220, 1000.000000000000000 ) ;
#1060 = ADVANCED_FACE ( 'NONE', ( #2891 ), #3838, .F. ) ;
#1061 = CARTESIAN_POINT ( 'NONE',  ( -1.883364955707646800, -0.3300000000000001800, 0.5600000000000000500 ) ) ;
#1062 = VERTEX_POINT ( 'NONE', #2497 ) ;
#1063 = CARTESIAN_POINT ( 'NONE',  ( 1.269999999999999800, 1.905000000000000900, 0.5600000000000000500 ) ) ;
#1064 = CARTESIAN_POINT ( 'NONE',  ( -1.269999999999999800, -1.905000000000000900, 0.0000000000000000000 ) ) ;
#1065 = ORIENTED_EDGE ( 'NONE', *, *, #3992, .T. ) ;
#1066 = DIRECTION ( 'NONE',  ( 2.270580465938229000E-016, -0.0000000000000000000, -1.000000000000000000 ) ) ;
#1067 = DIRECTION ( 'NONE',  ( 1.971276677246371500E-016, 1.000000000000000000, 0.0000000000000000000 ) ) ;
#1068 = CARTESIAN_POINT ( 'NONE',  ( -1.283364955707647000, -0.8149999999999997200, 0.5600000000000003900 ) ) ;
#1069 = ORIENTED_EDGE ( 'NONE', *, *, #490, .F. ) ;
#1070 = CARTESIAN_POINT ( 'NONE',  ( -0.8900000000000000100, 0.8149999999999997200, 0.5600000000000000500 ) ) ;
#1071 = VERTEX_POINT ( 'NONE', #2855 ) ;
#1072 =( NAMED_UNIT ( * ) PLANE_ANGLE_UNIT ( ) SI_UNIT ( $, .RADIAN. ) );
#1073 = STYLED_ITEM ( 'NONE', ( #750 ), #2398 ) ;
#1074 = FILL_AREA_STYLE_COLOUR ( '', #3519 ) ;
#1075 = CARTESIAN_POINT ( 'NONE',  ( -0.8900000000000001200, -8.772181213746351900E-017, 0.01000000000000000000 ) ) ;
#1076 = PLANE ( 'NONE',  #2900 ) ;
#1077 = DIRECTION ( 'NONE',  ( -0.0000000000000000000, 0.0000000000000000000, 1.000000000000000000 ) ) ;
#1078 = EDGE_CURVE ( 'NONE', #3900, #3429, #2579, .T. ) ;
#1079 = ORIENTED_EDGE ( 'NONE', *, *, #1896, .T. ) ;
#1080 = SURFACE_STYLE_USAGE ( .BOTH. , #3090 ) ;
#1081 = EDGE_CURVE ( 'NONE', #3571, #2480, #782, .T. ) ;
#1082 = ADVANCED_FACE ( 'NONE', ( #3471 ), #4155, .F. ) ;
#1083 = DIRECTION ( 'NONE',  ( 0.0000000000000000000, 1.000000000000000000, 0.0000000000000000000 ) ) ;
#1084 = VECTOR ( 'NONE', #2067, 1000.000000000000000 ) ;
#1085 = AXIS2_PLACEMENT_3D ( 'NONE', #2436, #1099, #769 ) ;
#1086 = EDGE_CURVE ( 'NONE', #1324, #1387, #2461, .T. ) ;
#1087 = DIRECTION ( 'NONE',  ( 0.0000000000000000000, 0.0000000000000000000, -1.000000000000000000 ) ) ;
#1088 = DIRECTION ( 'NONE',  ( 0.0000000000000000000, 1.000000000000000000, 0.0000000000000000000 ) ) ;
#1089 = SURFACE_STYLE_FILL_AREA ( #3029 ) ;
#1090 = COLOUR_RGB ( '',1.000000000000000000, 0.8431372549019607900, 0.0000000000000000000 ) ;
#1091 = CARTESIAN_POINT ( 'NONE',  ( 5.463808316604582000E-016, 1.915000000000000300, 0.5600000000000000500 ) ) ;
#1092 = UNCERTAINTY_MEASURE_WITH_UNIT (LENGTH_MEASURE( 1.000000000000000100E-005 ), #1095, 'distance_accuracy_value', 'NONE');
#1093 =( LENGTH_UNIT ( ) NAMED_UNIT ( * ) SI_UNIT ( .MILLI., .METRE. ) );
#1094 = PRESENTATION_STYLE_ASSIGNMENT (( #2860 ) ) ;
#1095 =( LENGTH_UNIT ( ) NAMED_UNIT ( * ) SI_UNIT ( .MILLI., .METRE. ) );
#1096 = PRESENTATION_STYLE_ASSIGNMENT (( #4320 ) ) ;
#1097 = LINE ( 'NONE', #3275, #998 ) ;
#1098 = ADVANCED_FACE ( 'NONE', ( #3362 ), #849, .F. ) ;
#1099 = DIRECTION ( 'NONE',  ( -0.0000000000000000000, 1.000000000000000000, -0.0000000000000000000 ) ) ;
#1100 = VERTEX_POINT ( 'NONE', #2187 ) ;
#1101 = PRESENTATION_STYLE_ASSIGNMENT (( #3175 ) ) ;
#1102 = LINE ( 'NONE', #2619, #219 ) ;
#1103 = DIRECTION ( 'NONE',  ( -2.853163611803958800E-016, 1.000000000000000000, 0.0000000000000000000 ) ) ;
#1104 = CARTESIAN_POINT ( 'NONE',  ( 1.283364955707647000, -0.3300000000000000200, 0.5500000000000001600 ) ) ;
#1105 =( NAMED_UNIT ( * ) PLANE_ANGLE_UNIT ( ) SI_UNIT ( $, .RADIAN. ) );
#1106 = CARTESIAN_POINT ( 'NONE',  ( 0.3799999999999998400, -1.823589814187224700, 0.0000000000000000000 ) ) ;
#1107 = VERTEX_POINT ( 'NONE', #2879 ) ;
#1108 = ORIENTED_EDGE ( 'NONE', *, *, #1658, .F. ) ;
#1109 = SURFACE_SIDE_STYLE ('',( #2028 ) ) ;
#1110 = DIRECTION ( 'NONE',  ( -1.000000000000000000, 0.0000000000000000000, 0.0000000000000000000 ) ) ;
#1111 = ORIENTED_EDGE ( 'NONE', *, *, #4097, .T. ) ;
#1112 = EDGE_CURVE ( 'NONE', #2528, #3536, #365, .T. ) ;
#1113 = ORIENTED_EDGE ( 'NONE', *, *, #3476, .F. ) ;
#1114 = CIRCLE ( 'NONE', #854, 0.6021693389890920800 ) ;
#1115 = CARTESIAN_POINT ( 'NONE',  ( -1.883364955707646800, -0.3300000000000001800, 0.0000000000000000000 ) ) ;
#1116 = ORIENTED_EDGE ( 'NONE', *, *, #1715, .F. ) ;
#1117 = SURFACE_STYLE_USAGE ( .BOTH. , #3131 ) ;
#1118 = DIRECTION ( 'NONE',  ( -9.856383386231855100E-017, -1.000000000000000000, 0.0000000000000000000 ) ) ;
#1119 = CARTESIAN_POINT ( 'NONE',  ( -0.8899999999999999000, -1.905000000000000000, 0.5500000000000000400 ) ) ;
#1120 = DIRECTION ( 'NONE',  ( 9.856383386231853900E-017, -1.000000000000000000, 0.0000000000000000000 ) ) ;
#1121 = ADVANCED_FACE ( 'NONE', ( #3834 ), #3217, .F. ) ;
#1122 = VECTOR ( 'NONE', #355, 1000.000000000000000 ) ;
#1123 = DIRECTION ( 'NONE',  ( -0.0000000000000000000, 1.000000000000000000, -0.0000000000000000000 ) ) ;
#1124 = STYLED_ITEM ( 'NONE', ( #3941 ), #1448 ) ;
#1125 = VECTOR ( 'NONE', #2284, 1000.000000000000000 ) ;
#1126 = LINE ( 'NONE', #2625, #1914 ) ;
#1127 = CARTESIAN_POINT ( 'NONE',  ( 1.283364955707647000, -0.3300000000000000200, 0.0000000000000000000 ) ) ;
#1128 = AXIS2_PLACEMENT_3D ( 'NONE', #2173, #161, #508 ) ;
#1129 = CIRCLE ( 'NONE', #4037, 0.4812303591688801800 ) ;
#1130 = CARTESIAN_POINT ( 'NONE',  ( 0.8899999999999999000, -1.905000000000000000, 0.5500000000000000400 ) ) ;
#1131 = DIRECTION ( 'NONE',  ( 0.0000000000000000000, -0.0000000000000000000, 1.000000000000000000 ) ) ;
#1132 = EDGE_CURVE ( 'NONE', #19, #2165, #4316, .T. ) ;
#1133 = CARTESIAN_POINT ( 'NONE',  ( 1.649999999999999900, 1.905000000000000000, 0.01000000000000000000 ) ) ;
#1134 = CARTESIAN_POINT ( 'NONE',  ( 1.883364955707646800, -0.3300000000000000200, 0.0000000000000000000 ) ) ;
#1135 = EDGE_CURVE ( 'NONE', #1014, #1026, #2629, .T. ) ;
#1136 =( GEOMETRIC_REPRESENTATION_CONTEXT ( 3 ) GLOBAL_UNCERTAINTY_ASSIGNED_CONTEXT ( ( #2336 ) ) GLOBAL_UNIT_ASSIGNED_CONTEXT ( ( #4292, #2268, #258 ) ) REPRESENTATION_CONTEXT ( 'NONE', 'WORKASPACE' ) );
#1137 = FILL_AREA_STYLE_COLOUR ( '', #3127 ) ;
#1138 = ORIENTED_EDGE ( 'NONE', *, *, #3243, .F. ) ;
#1139 = VECTOR ( 'NONE', #2066, 1000.000000000000000 ) ;
#1140 = ADVANCED_FACE ( 'NONE', ( #3412 ), #2574, .T. ) ;
#1141 = CARTESIAN_POINT ( 'NONE',  ( -0.8900000000000000100, -0.8149999999999997200, 0.01000000000000000000 ) ) ;
#1142 = CIRCLE ( 'NONE', #1031, 0.7625194258298629800 ) ;
#1143 = UNCERTAINTY_MEASURE_WITH_UNIT (LENGTH_MEASURE( 1.000000000000000100E-005 ), #1186, 'distance_accuracy_value', 'NONE');
#1144 = EDGE_LOOP ( 'NONE', ( #123, #577, #1911, #1474 ) ) ;
#1145 = LINE ( 'NONE', #1339, #3730 ) ;
#1146 = CYLINDRICAL_SURFACE ( 'NONE', #3530, 0.2899999999999998700 ) ;
#1147 = PRESENTATION_STYLE_ASSIGNMENT (( #3141 ) ) ;
#1149 = DIRECTION ( 'NONE',  ( 1.000000000000000000, 0.0000000000000000000, 0.0000000000000000000 ) ) ;
#1148 = LINE ( 'NONE', #339, #938 ) ;
#1150 = ORIENTED_EDGE ( 'NONE', *, *, #1438, .F. ) ;
#1151 = CARTESIAN_POINT ( 'NONE',  ( -0.3800000000000001700, -1.823589814187224400, 0.0000000000000000000 ) ) ;
#1152 = ORIENTED_EDGE ( 'NONE', *, *, #3480, .F. ) ;
#1153 = LINE ( 'NONE', #1091, #3628 ) ;
#1154 = COLOUR_RGB ( '',0.0000000000000000000, 0.0000000000000000000, 0.0000000000000000000 ) ;
#1155 = CARTESIAN_POINT ( 'NONE',  ( 1.649999999999999900, -1.905000000000000000, 0.01000000000000000000 ) ) ;
#1156 = AXIS2_PLACEMENT_3D ( 'NONE', #4259, #2240, #233 ) ;
#1157 = CARTESIAN_POINT ( 'NONE',  ( -1.283364955707647000, 0.8149999999999997200, 0.5600000000000000500 ) ) ;
#1158 = EDGE_CURVE ( 'NONE', #1732, #4274, #831, .T. ) ;
#1159 = VERTEX_POINT ( 'NONE', #1556 ) ;
#1160 = ORIENTED_EDGE ( 'NONE', *, *, #1692, .F. ) ;
#1161 = FACE_BOUND ( 'NONE', #2705, .T. ) ;
#1162 = STYLED_ITEM ( 'NONE', ( #3555 ), #3489 ) ;
#1163 =( LENGTH_UNIT ( ) NAMED_UNIT ( * ) SI_UNIT ( .MILLI., .METRE. ) );
#1164 =( NAMED_UNIT ( * ) SI_UNIT ( $, .STERADIAN. ) SOLID_ANGLE_UNIT ( ) );
#1165 = FILL_AREA_STYLE_COLOUR ( '', #2878 ) ;
#1166 = SURFACE_STYLE_FILL_AREA ( #398 ) ;
#1167 = ADVANCED_FACE ( 'NONE', ( #3309 ), #1197, .F. ) ;
#1168 =( GEOMETRIC_REPRESENTATION_CONTEXT ( 3 ) GLOBAL_UNCERTAINTY_ASSIGNED_CONTEXT ( ( #93 ) ) GLOBAL_UNIT_ASSIGNED_CONTEXT ( ( #3738, #1707, #4073 ) ) REPRESENTATION_CONTEXT ( 'NONE', 'WORKASPACE' ) );
#1169 = ORIENTED_EDGE ( 'NONE', *, *, #2061, .F. ) ;
#1170 = DIRECTION ( 'NONE',  ( -0.0000000000000000000, -0.0000000000000000000, -1.000000000000000000 ) ) ;
#1171 = EDGE_CURVE ( 'NONE', #2088, #2933, #2087, .T. ) ;
#1172 = DIRECTION ( 'NONE',  ( 0.0000000000000000000, 0.0000000000000000000, 1.000000000000000000 ) ) ;
#1173 = ORIENTED_EDGE ( 'NONE', *, *, #1604, .T. ) ;
#1174 = VERTEX_POINT ( 'NONE', #4286 ) ;
#1175 = PLANE ( 'NONE',  #2671 ) ;
#1176 = ORIENTED_EDGE ( 'NONE', *, *, #3560, .T. ) ;
#1177 = CARTESIAN_POINT ( 'NONE',  ( -1.905000000000000000, -0.6021693389890916400, 0.5500000000000000400 ) ) ;
#1178 = DIRECTION ( 'NONE',  ( 0.0000000000000000000, 0.0000000000000000000, 1.000000000000000000 ) ) ;
#1179 = CARTESIAN_POINT ( 'NONE',  ( 1.283364955707647000, 0.8149999999999997200, 0.5600000000000003900 ) ) ;
#1180 = CYLINDRICAL_SURFACE ( 'NONE', #182, 0.2899999999999998700 ) ;
#1181 =( NAMED_UNIT ( * ) SI_UNIT ( $, .STERADIAN. ) SOLID_ANGLE_UNIT ( ) );
#1182 = CARTESIAN_POINT ( 'NONE',  ( -1.650000000000000400, 3.252606517456514300E-016, 0.5500000000000000400 ) ) ;
#1183 = ORIENTED_EDGE ( 'NONE', *, *, #3868, .F. ) ;
#1184 = COLOUR_RGB ( '',1.000000000000000000, 0.8431372549019607900, 0.0000000000000000000 ) ;
#1185 = PRESENTATION_LAYER_ASSIGNMENT (  '', '', ( #959 ) ) ;
#1186 =( LENGTH_UNIT ( ) NAMED_UNIT ( * ) SI_UNIT ( .MILLI., .METRE. ) );
#1187 = EDGE_CURVE ( 'NONE', #3062, #3958, #417, .T. ) ;
#1188 = SURFACE_SIDE_STYLE ('',( #681 ) ) ;
#1189 = PLANE ( 'NONE',  #3249 ) ;
#1190 = EDGE_CURVE ( 'NONE', #2684, #65, #311, .T. ) ;
#1191 = VECTOR ( 'NONE', #290, 1000.000000000000000 ) ;
#1192 = PRESENTATION_LAYER_ASSIGNMENT (  '', '', ( #972 ) ) ;
#1193 = LINE ( 'NONE', #191, #4250 ) ;
#1194 = DIRECTION ( 'NONE',  ( -0.0000000000000000000, 1.000000000000000000, -0.0000000000000000000 ) ) ;
#1195 = DIRECTION ( 'NONE',  ( -1.000000000000000000, 0.0000000000000000000, -0.0000000000000000000 ) ) ;
#1196 = DIRECTION ( 'NONE',  ( -0.0000000000000000000, -1.000000000000000000, -0.0000000000000000000 ) ) ;
#1197 = CYLINDRICAL_SURFACE ( 'NONE', #3692, 0.2899999999999998700 ) ;
#1198 = ORIENTED_EDGE ( 'NONE', *, *, #847, .T. ) ;
#1199 = ORIENTED_EDGE ( 'NONE', *, *, #157, .T. ) ;
#1200 = DIRECTION ( 'NONE',  ( -1.000000000000000000, 5.691349986800548400E-017, 0.0000000000000000000 ) ) ;
#1201 = DIRECTION ( 'NONE',  ( -1.000000000000000000, 2.853163611803958800E-016, 0.0000000000000000000 ) ) ;
#1202 = ORIENTED_EDGE ( 'NONE', *, *, #1078, .F. ) ;
#1203 = VECTOR ( 'NONE', #3506, 1000.000000000000000 ) ;
#1204 =( GEOMETRIC_REPRESENTATION_CONTEXT ( 3 ) GLOBAL_UNCERTAINTY_ASSIGNED_CONTEXT ( ( #1917 ) ) GLOBAL_UNIT_ASSIGNED_CONTEXT ( ( #215, #2557, #554 ) ) REPRESENTATION_CONTEXT ( 'NONE', 'WORKASPACE' ) );
#1205 = LINE ( 'NONE', #3631, #320 ) ;
#1206 = DIRECTION ( 'NONE',  ( -1.971276677246371800E-016, 1.000000000000000000, 0.0000000000000000000 ) ) ;
#1207 = ORIENTED_EDGE ( 'NONE', *, *, #2344, .F. ) ;
#1208 = EDGE_LOOP ( 'NONE', ( #1571, #1531, #4173, #686 ) ) ;
#1209 = DIRECTION ( 'NONE',  ( 1.971276677246371800E-016, -1.000000000000000000, 0.0000000000000000000 ) ) ;
#1210 = MECHANICAL_DESIGN_GEOMETRIC_PRESENTATION_REPRESENTATION (  '', ( #548 ), #1435 ) ;
#1211 = ORIENTED_EDGE ( 'NONE', *, *, #2486, .F. ) ;
#1212 = ORIENTED_EDGE ( 'NONE', *, *, #1112, .F. ) ;
#1213 = LINE ( 'NONE', #3466, #2105 ) ;
#1214 = EDGE_CURVE ( 'NONE', #1107, #4101, #2984, .T. ) ;
#1215 = EDGE_CURVE ( 'NONE', #2528, #3483, #2887, .T. ) ;
#1216 = MECHANICAL_DESIGN_GEOMETRIC_PRESENTATION_REPRESENTATION (  '', ( #553 ), #1443 ) ;
#1217 = DIRECTION ( 'NONE',  ( 0.0000000000000000000, -0.0000000000000000000, -1.000000000000000000 ) ) ;
#1218 = ORIENTED_EDGE ( 'NONE', *, *, #273, .T. ) ;
#1219 =( NAMED_UNIT ( * ) SI_UNIT ( $, .STERADIAN. ) SOLID_ANGLE_UNIT ( ) );
#1220 = SURFACE_SIDE_STYLE ('',( #3935 ) ) ;
#1221 = CARTESIAN_POINT ( 'NONE',  ( -1.649999999999999900, -1.914999999999999800, 0.5600000000000000500 ) ) ;
#1222 = ADVANCED_BREP_SHAPE_REPRESENTATION ( 'Bias-Tee_Mini-Circuits_Case_Style_GU1414', ( #1452, #2326 ), #527 ) ;
#1223 = SURFACE_STYLE_USAGE ( .BOTH. , #3236 ) ;
#1224 =( LENGTH_UNIT ( ) NAMED_UNIT ( * ) SI_UNIT ( .MILLI., .METRE. ) );
#1225 = CARTESIAN_POINT ( 'NONE',  ( -1.283364955707647000, 0.3299999999999998500, 0.5600000000000000500 ) ) ;
#1226 = FACE_OUTER_BOUND ( 'NONE', #753, .T. ) ;
#1227 = DIRECTION ( 'NONE',  ( -0.0000000000000000000, -0.0000000000000000000, -1.000000000000000000 ) ) ;
#1228 = VECTOR ( 'NONE', #2601, 1000.000000000000000 ) ;
#1229 = CARTESIAN_POINT ( 'NONE',  ( 1.883364955707646800, 0.3300000000000000200, 0.5600000000000000500 ) ) ;
#1230 = UNCERTAINTY_MEASURE_WITH_UNIT (LENGTH_MEASURE( 1.000000000000000100E-005 ), #3085, 'distance_accuracy_value', 'NONE');
#1231 = PRESENTATION_STYLE_ASSIGNMENT (( #99 ) ) ;
#1232 = SURFACE_STYLE_USAGE ( .BOTH. , #3251 ) ;
#1233 = VERTEX_POINT ( 'NONE', #4033 ) ;
#1234 = STYLED_ITEM ( 'NONE', ( #3285 ), #2129 ) ;
#1235 = CARTESIAN_POINT ( 'NONE',  ( -1.490488272734400900, 0.0000000000000000000, 0.5500000000000000400 ) ) ;
#1236 = FILL_AREA_STYLE ('',( #3936 ) ) ;
#1237 = FILL_AREA_STYLE_COLOUR ( '', #1759 ) ;
#1238 = ORIENTED_EDGE ( 'NONE', *, *, #816, .F. ) ;
#1239 = VECTOR ( 'NONE', #3739, 1000.000000000000000 ) ;
#1240 = AXIS2_PLACEMENT_3D ( 'NONE', #2076, #86, #2424 ) ;
#1241 = AXIS2_PLACEMENT_3D ( 'NONE', #2820, #1172, #1035 ) ;
#1242 = VECTOR ( 'NONE', #1882, 1000.000000000000000 ) ;
#1243 = DIRECTION ( 'NONE',  ( -1.000000000000000000, 0.0000000000000000000, 0.0000000000000000000 ) ) ;
#1244 = DIRECTION ( 'NONE',  ( 0.0000000000000000000, -1.000000000000000000, 0.0000000000000000000 ) ) ;
#1245 = EDGE_CURVE ( 'NONE', #3972, #1062, #1097, .T. ) ;
#1246 = ORIENTED_EDGE ( 'NONE', *, *, #2507, .F. ) ;
#1247 = FILL_AREA_STYLE_COLOUR ( '', #82 ) ;
#1248 = CYLINDRICAL_SURFACE ( 'NONE', #3451, 0.7625194258298629800 ) ;
#1249 = VECTOR ( 'NONE', #2331, 1000.000000000000000 ) ;
#1250 = ORIENTED_EDGE ( 'NONE', *, *, #1275, .T. ) ;
#1251 = COLOUR_RGB ( '',0.7529411764705882200, 0.7529411764705882200, 0.7529411764705882200 ) ;
#1252 = ORIENTED_EDGE ( 'NONE', *, *, #326, .F. ) ;
#1253 = CARTESIAN_POINT ( 'NONE',  ( 1.905000000000000000, 0.6021693389890920800, 0.01000000000000000000 ) ) ;
#1254 = DIRECTION ( 'NONE',  ( 0.0000000000000000000, 0.0000000000000000000, 1.000000000000000000 ) ) ;
#1255 = CARTESIAN_POINT ( 'NONE',  ( 1.883364955707646800, 1.500000000000000000, 0.5500000000000000400 ) ) ;
#1256 = VECTOR ( 'NONE', #3875, 1000.000000000000000 ) ;
#1257 = SURFACE_STYLE_FILL_AREA ( #4194 ) ;
#1258 = SURFACE_STYLE_FILL_AREA ( #1811 ) ;
#1259 = DIRECTION ( 'NONE',  ( -0.0000000000000000000, -1.000000000000000000, -0.0000000000000000000 ) ) ;
#1260 = CARTESIAN_POINT ( 'NONE',  ( 1.650000000000000100, -0.8149999999999997200, 0.5600000000000000500 ) ) ;
#1261 = VERTEX_POINT ( 'NONE', #609 ) ;
#1262 = ORIENTED_EDGE ( 'NONE', *, *, #1970, .F. ) ;
#1263 = LINE ( 'NONE', #3197, #2045 ) ;
#1264 = CARTESIAN_POINT ( 'NONE',  ( 1.283364955707647000, 0.8149999999999997200, 0.5500000000000000400 ) ) ;
#1265 = COLOUR_RGB ( '',1.000000000000000000, 0.5019607843137254800, 0.0000000000000000000 ) ;
#1266 = SURFACE_STYLE_USAGE ( .BOTH. , #3284 ) ;
#1267 = CARTESIAN_POINT ( 'NONE',  ( -5.463808316604582000E-016, -1.915000000000000300, 0.5600000000000000500 ) ) ;
#1268 = ORIENTED_EDGE ( 'NONE', *, *, #2725, .F. ) ;
#1269 = MECHANICAL_DESIGN_GEOMETRIC_PRESENTATION_REPRESENTATION (  '', ( #602 ), #1491 ) ;
#1270 = VERTEX_POINT ( 'NONE', #2618 ) ;
#1271 = UNCERTAINTY_MEASURE_WITH_UNIT (LENGTH_MEASURE( 1.000000000000000100E-005 ), #879, 'distance_accuracy_value', 'NONE');
#1272 = EDGE_CURVE ( 'NONE', #2754, #1013, #3572, .T. ) ;
#1273 = ORIENTED_EDGE ( 'NONE', *, *, #3675, .F. ) ;
#1274 = ORIENTED_EDGE ( 'NONE', *, *, #1414, .T. ) ;
#1275 = EDGE_CURVE ( 'NONE', #3697, #3903, #1886, .T. ) ;
#1276 =( GEOMETRIC_REPRESENTATION_CONTEXT ( 3 ) GLOBAL_UNCERTAINTY_ASSIGNED_CONTEXT ( ( #4364 ) ) GLOBAL_UNIT_ASSIGNED_CONTEXT ( ( #1224, #3583, #1550 ) ) REPRESENTATION_CONTEXT ( 'NONE', 'WORKASPACE' ) );
#1277 = DIRECTION ( 'NONE',  ( 0.0000000000000000000, -0.0000000000000000000, 1.000000000000000000 ) ) ;
#1278 = COLOUR_RGB ( '',1.000000000000000000, 0.8431372549019607900, 0.0000000000000000000 ) ;
#1279 = UNCERTAINTY_MEASURE_WITH_UNIT (LENGTH_MEASURE( 1.000000000000000100E-005 ), #525, 'distance_accuracy_value', 'NONE');
#1280 = SURFACE_STYLE_FILL_AREA ( #4253 ) ;
#1281 = STYLED_ITEM ( 'NONE', ( #1101 ), #1060 ) ;
#1282 = VERTEX_POINT ( 'NONE', #1603 ) ;
#1283 =( NAMED_UNIT ( * ) PLANE_ANGLE_UNIT ( ) SI_UNIT ( $, .RADIAN. ) );
#1284 = CARTESIAN_POINT ( 'NONE',  ( 0.0000000000000000000, -1.102896303087264500, 1.586924070653191700 ) ) ;
#1285 = SURFACE_STYLE_USAGE ( .BOTH. , #3294 ) ;
#1286 = DIRECTION ( 'NONE',  ( -0.0000000000000000000, -1.000000000000000000, -0.0000000000000000000 ) ) ;
#1287 = ORIENTED_EDGE ( 'NONE', *, *, #3024, .F. ) ;
#1288 = VECTOR ( 'NONE', #2863, 1000.000000000000000 ) ;
#1289 = CARTESIAN_POINT ( 'NONE',  ( -0.8900000000000001200, -8.772181213746353200E-017, 0.5600000000000000500 ) ) ;
#1290 = CARTESIAN_POINT ( 'NONE',  ( -0.5020245296565756200, 1.100000000000000100, 1.012983963681220100 ) ) ;
#1291 = VECTOR ( 'NONE', #2270, 1000.000000000000000 ) ;
#1292 = VERTEX_POINT ( 'NONE', #3979 ) ;
#1293 = CARTESIAN_POINT ( 'NONE',  ( -1.283364955707647000, 0.5654271344412071800, 0.5500000000000000400 ) ) ;
#1294 = CARTESIAN_POINT ( 'NONE',  ( 1.905000000000000000, -1.905000000000000000, 0.01000000000000000000 ) ) ;
#1295 = CARTESIAN_POINT ( 'NONE',  ( 5.463808316604582000E-016, -1.915000000000000300, 0.5600000000000000500 ) ) ;
#1296 = CARTESIAN_POINT ( 'NONE',  ( -1.883364955707646800, -0.3300000000000002400, 0.5500000000000000400 ) ) ;
#1297 = DIRECTION ( 'NONE',  ( 0.0000000000000000000, 0.0000000000000000000, 1.000000000000000000 ) ) ;
#1298 = AXIS2_PLACEMENT_3D ( 'NONE', #1329, #3685, #1653 ) ;
#1299 = SURFACE_SIDE_STYLE ('',( #3282 ) ) ;
#1300 = LINE ( 'NONE', #3300, #409 ) ;
#1301 = EDGE_CURVE ( 'NONE', #2997, #14, #7, .T. ) ;
#1302 = EDGE_CURVE ( 'NONE', #3847, #27, #112, .T. ) ;
#1303 = VECTOR ( 'NONE', #496, 1000.000000000000000 ) ;
#1304 = AXIS2_PLACEMENT_3D ( 'NONE', #1655, #3759, #1736 ) ;
#1305 = STYLED_ITEM ( 'NONE', ( #2474 ), #682 ) ;
#1306 = CARTESIAN_POINT ( 'NONE',  ( 0.9801724650762111400, -1.914999999999999800, 0.5600000000000000500 ) ) ;
#1307 =( LENGTH_UNIT ( ) NAMED_UNIT ( * ) SI_UNIT ( .MILLI., .METRE. ) );
#1308 = VECTOR ( 'NONE', #4240, 1000.000000000000000 ) ;
#1309 = VERTEX_POINT ( 'NONE', #2291 ) ;
#1310 = FILL_AREA_STYLE ('',( #2978 ) ) ;
#1311 =( NAMED_UNIT ( * ) PLANE_ANGLE_UNIT ( ) SI_UNIT ( $, .RADIAN. ) );
#1312 = FILL_AREA_STYLE_COLOUR ( '', #1251 ) ;
#1313 = EDGE_LOOP ( 'NONE', ( #1833, #2387, #1058, #1617 ) ) ;
#1314 = FILL_AREA_STYLE_COLOUR ( '', #2548 ) ;
#1315 = LINE ( 'NONE', #1616, #2795 ) ;
#1316 = CARTESIAN_POINT ( 'NONE',  ( 1.650000000000000100, -0.8149999999999997200, 0.0000000000000000000 ) ) ;
#1317 = DIRECTION ( 'NONE',  ( -0.0000000000000000000, 0.0000000000000000000, 1.000000000000000000 ) ) ;
#1318 = ORIENTED_EDGE ( 'NONE', *, *, #2237, .T. ) ;
#1319 = ORIENTED_EDGE ( 'NONE', *, *, #1492, .T. ) ;
#1320 = EDGE_LOOP ( 'NONE', ( #3793, #3487, #4205, #3964 ) ) ;
#1321 = VERTEX_POINT ( 'NONE', #3306 ) ;
#1322 = ORIENTED_EDGE ( 'NONE', *, *, #909, .F. ) ;
#1323 = DIRECTION ( 'NONE',  ( 0.0000000000000000000, -0.0000000000000000000, 1.000000000000000000 ) ) ;
#1324 = VERTEX_POINT ( 'NONE', #619 ) ;
#1325 = SURFACE_STYLE_USAGE ( .BOTH. , #3339 ) ;
#1326 = STYLED_ITEM ( 'NONE', ( #868 ), #2062 ) ;
#1327 = UNCERTAINTY_MEASURE_WITH_UNIT (LENGTH_MEASURE( 1.000000000000000100E-005 ), #1993, 'distance_accuracy_value', 'NONE');
#1328 = ORIENTED_EDGE ( 'NONE', *, *, #1215, .F. ) ;
#1329 = CARTESIAN_POINT ( 'NONE',  ( 0.0000000000000000000, 0.0000000000000000000, 0.5600000000000000500 ) ) ;
#1330 = CARTESIAN_POINT ( 'NONE',  ( 0.0000000000000000000, -1.102896303087264500, 2.068154429822072000 ) ) ;
#1331 = STYLED_ITEM ( 'NONE', ( #3086 ), #3130 ) ;
#1332 = SURFACE_STYLE_FILL_AREA ( #3967 ) ;
#1333 = STYLED_ITEM ( 'NONE', ( #2195 ), #95 ) ;
#1334 = VECTOR ( 'NONE', #2353, 1000.000000000000000 ) ;
#1335 = EDGE_CURVE ( 'NONE', #1159, #2373, #1663, .T. ) ;
#1336 = CARTESIAN_POINT ( 'NONE',  ( 0.0000000000000000000, -1.102896303087264500, 1.586924070653191700 ) ) ;
#1337 = CIRCLE ( 'NONE', #930, 0.6021693389890920800 ) ;
#1338 = CARTESIAN_POINT ( 'NONE',  ( 1.649999999999999900, -1.905000000000000000, 0.5500000000000000400 ) ) ;
#1339 = CARTESIAN_POINT ( 'NONE',  ( 0.3799999999999998400, -1.823589814187224700, 0.01000000000000000000 ) ) ;
#1340 = DIRECTION ( 'NONE',  ( 0.0000000000000000000, 0.0000000000000000000, 1.000000000000000000 ) ) ;
#1341 = SURFACE_STYLE_FILL_AREA ( #4118 ) ;
#1342 = APPLICATION_PROTOCOL_DEFINITION ( 'draft international standard', 'automotive_design', 1998, #1672 ) ;
#1343 = SHAPE_DEFINITION_REPRESENTATION ( #214, #1222 ) ;
#1344 = ORIENTED_EDGE ( 'NONE', *, *, #909, .T. ) ;
#1345 = AXIS2_PLACEMENT_3D ( 'NONE', #1622, #1964, #4342 ) ;
#1346 = VECTOR ( 'NONE', #703, 1000.000000000000000 ) ;
#1347 =( LENGTH_UNIT ( ) NAMED_UNIT ( * ) SI_UNIT ( .MILLI., .METRE. ) );
#1348 = ORIENTED_EDGE ( 'NONE', *, *, #1492, .F. ) ;
#1349 = DIRECTION ( 'NONE',  ( 1.000000000000000000, -5.691349986800548400E-017, 0.0000000000000000000 ) ) ;
#1350 = CARTESIAN_POINT ( 'NONE',  ( 1.283364955707647000, 0.3300000000000000200, 0.0000000000000000000 ) ) ;
#1351 = PRESENTATION_LAYER_ASSIGNMENT (  '', '', ( #907 ) ) ;
#1352 = DIRECTION ( 'NONE',  ( 1.000000000000000000, 0.0000000000000000000, -0.0000000000000000000 ) ) ;
#1353 = APPLICATION_CONTEXT ( 'automotive_design' ) ;
#1354 = EDGE_CURVE ( 'NONE', #640, #3717, #775, .T. ) ;
#1355 = EDGE_LOOP ( 'NONE', ( #88 ) ) ;
#1356 = FACE_OUTER_BOUND ( 'NONE', #1486, .T. ) ;
#1357 = ORIENTED_EDGE ( 'NONE', *, *, #1658, .T. ) ;
#1358 = EDGE_CURVE ( 'NONE', #997, #1270, #883, .T. ) ;
#1359 = PRESENTATION_LAYER_ASSIGNMENT (  '', '', ( #1577 ) ) ;
#1360 = FACE_OUTER_BOUND ( 'NONE', #3581, .T. ) ;
#1361 = AXIS2_PLACEMENT_3D ( 'NONE', #1951, #4314, #2292 ) ;
#1362 = ADVANCED_FACE ( 'NONE', ( #3358 ), #1615, .T. ) ;
#1363 = DIRECTION ( 'NONE',  ( 0.0000000000000000000, 0.7071067811865490200, -0.7071067811865460200 ) ) ;
#1364 = EDGE_LOOP ( 'NONE', ( #1207, #1079, #3011, #897 ) ) ;
#1365 = DIRECTION ( 'NONE',  ( -0.0000000000000000000, -0.0000000000000000000, -1.000000000000000000 ) ) ;
#1366 = PLANE ( 'NONE',  #653 ) ;
#1367 = CARTESIAN_POINT ( 'NONE',  ( 0.7833649557076468600, -1.500000000000000000, 2.460000000000000400 ) ) ;
#1368 = ORIENTED_EDGE ( 'NONE', *, *, #3390, .T. ) ;
#1369 = ORIENTED_EDGE ( 'NONE', *, *, #4273, .F. ) ;
#1370 = EDGE_LOOP ( 'NONE', ( #1057, #4310, #181, #3424, #628, #1322, #581, #3741 ) ) ;
#1371 = VERTEX_POINT ( 'NONE', #2672 ) ;
#1372 = SURFACE_STYLE_USAGE ( .BOTH. , #3395 ) ;
#1373 = LINE ( 'NONE', #3227, #493 ) ;
#1374 = ORIENTED_EDGE ( 'NONE', *, *, #3304, .F. ) ;
#1375 = AXIS2_PLACEMENT_3D ( 'NONE', #4278, #2250, #248 ) ;
#1376 = CARTESIAN_POINT ( 'NONE',  ( -1.650000000000000400, -3.252606517456513800E-016, 0.5600000000000000500 ) ) ;
#1377 = CARTESIAN_POINT ( 'NONE',  ( 1.084202172485504400E-016, 1.905000000000000000, 0.01000000000000000000 ) ) ;
#1378 = DIRECTION ( 'NONE',  ( 0.0000000000000000000, -0.0000000000000000000, -1.000000000000000000 ) ) ;
#1379 = EDGE_CURVE ( 'NONE', #840, #194, #2457, .T. ) ;
#1380 = LINE ( 'NONE', #3225, #498 ) ;
#1381 = DIRECTION ( 'NONE',  ( 1.000000000000000000, 0.0000000000000000000, 0.0000000000000000000 ) ) ;
#1382 = SURFACE_STYLE_USAGE ( .BOTH. , #3401 ) ;
#1383 = ADVANCED_FACE ( 'NONE', ( #2571 ), #2327, .F. ) ;
#1384 = ORIENTED_EDGE ( 'NONE', *, *, #550, .T. ) ;
#1385 = AXIS2_PLACEMENT_3D ( 'NONE', #1225, #1551, #3918 ) ;
#1386 = PRESENTATION_STYLE_ASSIGNMENT (( #3112 ) ) ;
#1387 = VERTEX_POINT ( 'NONE', #652 ) ;
#1388 = EDGE_CURVE ( 'NONE', #1900, #2595, #1555, .T. ) ;
#1389 = LINE ( 'NONE', #3584, #89 ) ;
#1390 = SURFACE_STYLE_FILL_AREA ( #2034 ) ;
#1391 = DIRECTION ( 'NONE',  ( -1.000000000000000000, 0.0000000000000000000, 0.0000000000000000000 ) ) ;
#1392 = DIRECTION ( 'NONE',  ( 1.000000000000000000, 0.0000000000000000000, 0.0000000000000000000 ) ) ;
#1393 = CARTESIAN_POINT ( 'NONE',  ( -1.883364955707646800, 1.500000000000000000, 3.359999999999998100 ) ) ;
#1394 = CARTESIAN_POINT ( 'NONE',  ( 0.5383862562622202500, 1.100000000000000100, 1.012983963681220100 ) ) ;
#1395 = DIRECTION ( 'NONE',  ( -0.0000000000000000000, -0.0000000000000000000, -1.000000000000000000 ) ) ;
#1396 = COLOUR_RGB ( '',1.000000000000000000, 0.5019607843137254800, 0.0000000000000000000 ) ;
#1397 = LINE ( 'NONE', #3377, #3087 ) ;
#1398 = MECHANICAL_DESIGN_GEOMETRIC_PRESENTATION_REPRESENTATION (  '', ( #959 ), #1619 ) ;
#1399 = EDGE_LOOP ( 'NONE', ( #536, #2965, #1430, #3691, #78, #1921 ) ) ;
#1400 = ADVANCED_FACE ( 'NONE', ( #3254 ), #3639, .F. ) ;
#1401 = VECTOR ( 'NONE', #794, 1000.000000000000000 ) ;
#1402 = LINE ( 'NONE', #3765, #3196 ) ;
#1403 = CARTESIAN_POINT ( 'NONE',  ( -0.8900000000000000100, -0.8149999999999997200, 0.5500000000000000400 ) ) ;
#1404 = SURFACE_SIDE_STYLE ('',( #3557 ) ) ;
#1405 = EDGE_LOOP ( 'NONE', ( #3208, #636, #1554, #3846 ) ) ;
#1406 = DIRECTION ( 'NONE',  ( -0.0000000000000000000, -1.000000000000000000, -0.0000000000000000000 ) ) ;
#1407 = LINE ( 'NONE', #2386, #2308 ) ;
#1408 = UNCERTAINTY_MEASURE_WITH_UNIT (LENGTH_MEASURE( 1.000000000000000100E-005 ), #1347, 'distance_accuracy_value', 'NONE');
#1409 = STYLED_ITEM ( 'NONE', ( #2452 ), #3061 ) ;
#1410 = COLOUR_RGB ( '',1.000000000000000000, 0.8431372549019607900, 0.0000000000000000000 ) ;
#1411 =( NAMED_UNIT ( * ) PLANE_ANGLE_UNIT ( ) SI_UNIT ( $, .RADIAN. ) );
#1412 = ORIENTED_EDGE ( 'NONE', *, *, #3702, .T. ) ;
#1413 = DIRECTION ( 'NONE',  ( -1.000000000000000000, 1.971276677246371800E-016, 0.0000000000000000000 ) ) ;
#1414 = EDGE_CURVE ( 'NONE', #1309, #3415, #674, .T. ) ;
#1415 = EDGE_CURVE ( 'NONE', #4146, #3138, #2358, .T. ) ;
#1416 = VECTOR ( 'NONE', #1244, 1000.000000000000000 ) ;
#1417 = MECHANICAL_DESIGN_GEOMETRIC_PRESENTATION_REPRESENTATION (  '', ( #972 ), #1634 ) ;
#1418 = ORIENTED_EDGE ( 'NONE', *, *, #3421, .T. ) ;
#1419 = VERTEX_POINT ( 'NONE', #1296 ) ;
#1420 = CARTESIAN_POINT ( 'NONE',  ( -1.683364955707645500, 1.500000000000000000, 3.560000000000000100 ) ) ;
#1421 = ORIENTED_EDGE ( 'NONE', *, *, #4362, .F. ) ;
#1422 = EDGE_LOOP ( 'NONE', ( #4159, #1047, #2493, #2044 ) ) ;
#1423 = PLANE ( 'NONE',  #2606 ) ;
#1424 = SURFACE_SIDE_STYLE ('',( #1445 ) ) ;
#1425 = ORIENTED_EDGE ( 'NONE', *, *, #684, .T. ) ;
#1426 = DIRECTION ( 'NONE',  ( -1.000000000000000000, 2.853163611803958800E-016, 0.0000000000000000000 ) ) ;
#1427 =( NAMED_UNIT ( * ) SI_UNIT ( $, .STERADIAN. ) SOLID_ANGLE_UNIT ( ) );
#1428 = CARTESIAN_POINT ( 'NONE',  ( -1.650000000000000400, -3.252606517456513800E-016, 0.5600000000000000500 ) ) ;
#1429 = ADVANCED_FACE ( 'NONE', ( #1356 ), #1608, .T. ) ;
#1430 = ORIENTED_EDGE ( 'NONE', *, *, #296, .F. ) ;
#1431 =( NAMED_UNIT ( * ) SI_UNIT ( $, .STERADIAN. ) SOLID_ANGLE_UNIT ( ) );
#1432 = VECTOR ( 'NONE', #960, 1000.000000000000000 ) ;
#1433 = FILL_AREA_STYLE_COLOUR ( '', #741 ) ;
#1434 = ORIENTED_EDGE ( 'NONE', *, *, #3783, .T. ) ;
#1435 =( GEOMETRIC_REPRESENTATION_CONTEXT ( 3 ) GLOBAL_UNCERTAINTY_ASSIGNED_CONTEXT ( ( #3627 ) ) GLOBAL_UNIT_ASSIGNED_CONTEXT ( ( #3431, #1411, #3768 ) ) REPRESENTATION_CONTEXT ( 'NONE', 'WORKASPACE' ) );
#1436 = FILL_AREA_STYLE_COLOUR ( '', #2612 ) ;
#1437 = CARTESIAN_POINT ( 'NONE',  ( -0.7833649557076468600, -1.500000000000000000, 2.960000000000000400 ) ) ;
#1438 = EDGE_CURVE ( 'NONE', #4072, #2360, #3145, .T. ) ;
#1439 = CARTESIAN_POINT ( 'NONE',  ( -0.3800000000000006200, 0.3050000000000001600, 0.01000000000000000000 ) ) ;
#1440 = PRESENTATION_STYLE_ASSIGNMENT (( #2615 ) ) ;
#1441 =( LENGTH_UNIT ( ) NAMED_UNIT ( * ) SI_UNIT ( .MILLI., .METRE. ) );
#1442 = EDGE_CURVE ( 'NONE', #2480, #4025, #475, .T. ) ;
#1443 =( GEOMETRIC_REPRESENTATION_CONTEXT ( 3 ) GLOBAL_UNCERTAINTY_ASSIGNED_CONTEXT ( ( #3897 ) ) GLOBAL_UNIT_ASSIGNED_CONTEXT ( ( #1816, #4171, #2146 ) ) REPRESENTATION_CONTEXT ( 'NONE', 'WORKASPACE' ) );
#1444 = PLANE ( 'NONE',  #3784 ) ;
#1445 = SURFACE_STYLE_FILL_AREA ( #3088 ) ;
#1446 = AXIS2_PLACEMENT_3D ( 'NONE', #3187, #1178, #3534 ) ;
#1447 = VECTOR ( 'NONE', #1642, 1000.000000000000000 ) ;
#1448 = ADVANCED_FACE ( 'NONE', ( #361 ), #978, .F. ) ;
#1449 = ORIENTED_EDGE ( 'NONE', *, *, #1717, .T. ) ;
#1450 =( NAMED_UNIT ( * ) PLANE_ANGLE_UNIT ( ) SI_UNIT ( $, .RADIAN. ) );
#1451 = CIRCLE ( 'NONE', #135, 0.2899999999999998700 ) ;
#1452 = MANIFOLD_SOLID_BREP ( 'Boss-Extrude6', #3528 ) ;
#1453 = CARTESIAN_POINT ( 'NONE',  ( 0.3799999999999998400, -1.823589814187224700, 0.01000000000000000000 ) ) ;
#1454 = CARTESIAN_POINT ( 'NONE',  ( 1.883364955707646800, 1.500000000000000000, 0.5500000000000000400 ) ) ;
#1455 = DIRECTION ( 'NONE',  ( 0.0000000000000000000, 0.0000000000000000000, -1.000000000000000000 ) ) ;
#1456 = COLOUR_RGB ( '',1.000000000000000000, 0.8431372549019607900, 0.0000000000000000000 ) ;
#1457 = SURFACE_SIDE_STYLE ('',( #2658 ) ) ;
#1458 = VERTEX_POINT ( 'NONE', #666 ) ;
#1459 = VECTOR ( 'NONE', #3338, 1000.000000000000000 ) ;
#1460 = AXIS2_PLACEMENT_3D ( 'NONE', #1453, #3806, #1794 ) ;
#1461 = CARTESIAN_POINT ( 'NONE',  ( 1.490488272734401800, 0.0000000000000000000, 0.5500000000000000400 ) ) ;
#1462 = ORIENTED_EDGE ( 'NONE', *, *, #3646, .F. ) ;
#1463 = FACE_OUTER_BOUND ( 'NONE', #2459, .T. ) ;
#1464 = FILL_AREA_STYLE_COLOUR ( '', #211 ) ;
#1465 = PRESENTATION_LAYER_ASSIGNMENT (  '', '', ( #1027 ) ) ;
#1466 = DIRECTION ( 'NONE',  ( -0.0000000000000000000, -1.000000000000000000, -0.0000000000000000000 ) ) ;
#1467 = ORIENTED_EDGE ( 'NONE', *, *, #241, .F. ) ;
#1468 = CARTESIAN_POINT ( 'NONE',  ( -1.905000000000000000, -1.904999999999999800, 0.01000000000000000000 ) ) ;
#1469 = ADVANCED_FACE ( 'NONE', ( #56 ), #3667, .F. ) ;
#1470 = STYLED_ITEM ( 'NONE', ( #1927 ), #164 ) ;
#1471 = SURFACE_SIDE_STYLE ('',( #4031 ) ) ;
#1472 = ORIENTED_EDGE ( 'NONE', *, *, #467, .F. ) ;
#1473 = EDGE_CURVE ( 'NONE', #4072, #785, #1145, .T. ) ;
#1474 = ORIENTED_EDGE ( 'NONE', *, *, #2507, .T. ) ;
#1475 = DIRECTION ( 'NONE',  ( -0.0000000000000000000, -0.0000000000000000000, -1.000000000000000000 ) ) ;
#1476 = ORIENTED_EDGE ( 'NONE', *, *, #238, .F. ) ;
#1477 = SURFACE_STYLE_USAGE ( .BOTH. , #57 ) ;
#1478 = CARTESIAN_POINT ( 'NONE',  ( 6.149680183252800100E-032, -0.6021693389890918600, 0.5500000000000003800 ) ) ;
#1479 = EDGE_LOOP ( 'NONE', ( #2772, #2090, #4113, #1318 ) ) ;
#1480 =( LENGTH_UNIT ( ) NAMED_UNIT ( * ) SI_UNIT ( .MILLI., .METRE. ) );
#1481 = DIRECTION ( 'NONE',  ( 1.000000000000000000, -2.853163611803958800E-016, 0.0000000000000000000 ) ) ;
#1482 = DIRECTION ( 'NONE',  ( -0.0000000000000000000, -0.0000000000000000000, -1.000000000000000000 ) ) ;
#1483 = LINE ( 'NONE', #869, #2385 ) ;
#1484 = PRESENTATION_LAYER_ASSIGNMENT (  '', '', ( #1935 ) ) ;
#1485 = CARTESIAN_POINT ( 'NONE',  ( -0.5383862562622203600, 1.100000000000000100, 1.012983963681220300 ) ) ;
#1486 = EDGE_LOOP ( 'NONE', ( #1984, #4021, #324, #3658, #1218, #2589 ) ) ;
#1487 = FACE_OUTER_BOUND ( 'NONE', #2753, .T. ) ;
#1488 =( LENGTH_UNIT ( ) NAMED_UNIT ( * ) SI_UNIT ( .MILLI., .METRE. ) );
#1489 = ADVANCED_FACE ( 'NONE', ( #2834 ), #3698, .F. ) ;
#1490 = CARTESIAN_POINT ( 'NONE',  ( -1.283364955707646700, 1.500000000000000000, 2.460000000000000400 ) ) ;
#1491 =( GEOMETRIC_REPRESENTATION_CONTEXT ( 3 ) GLOBAL_UNCERTAINTY_ASSIGNED_CONTEXT ( ( #3298 ) ) GLOBAL_UNIT_ASSIGNED_CONTEXT ( ( #2760, #734, #3091 ) ) REPRESENTATION_CONTEXT ( 'NONE', 'WORKASPACE' ) );
#1492 = EDGE_CURVE ( 'NONE', #173, #826, #1043, .T. ) ;
#1493 =( NAMED_UNIT ( * ) SI_UNIT ( $, .STERADIAN. ) SOLID_ANGLE_UNIT ( ) );
#1494 = DIRECTION ( 'NONE',  ( 0.0000000000000000000, -1.000000000000000000, 0.0000000000000000000 ) ) ;
#1495 = CARTESIAN_POINT ( 'NONE',  ( 0.0000000000000000000, 0.0000000000000000000, 0.0000000000000000000 ) ) ;
#1496 = VECTOR ( 'NONE', #1349, 1000.000000000000000 ) ;
#1497 = EDGE_CURVE ( 'NONE', #1850, #2302, #1929, .T. ) ;
#1498 = PLANE ( 'NONE',  #3025 ) ;
#1499 = AXIS2_PLACEMENT_3D ( 'NONE', #804, #3158, #1149 ) ;
#1500 = SURFACE_SIDE_STYLE ('',( #3374 ) ) ;
#1501 = VECTOR ( 'NONE', #1029, 1000.000000000000000 ) ;
#1502 = ORIENTED_EDGE ( 'NONE', *, *, #2481, .F. ) ;
#1503 = VECTOR ( 'NONE', #138, 1000.000000000000100 ) ;
#1504 = CARTESIAN_POINT ( 'NONE',  ( -0.7833649557076468600, -1.500000000000000000, 3.359999999999998100 ) ) ;
#1505 = FILL_AREA_STYLE ('',( #4209 ) ) ;
#1506 = PLANE ( 'NONE',  #2983 ) ;
#1507 = ORIENTED_EDGE ( 'NONE', *, *, #22, .T. ) ;
#1508 = VECTOR ( 'NONE', #3133, 1000.000000000000000 ) ;
#1509 = ORIENTED_EDGE ( 'NONE', *, *, #1214, .T. ) ;
#1510 =( NAMED_UNIT ( * ) SI_UNIT ( $, .STERADIAN. ) SOLID_ANGLE_UNIT ( ) );
#1511 = PRESENTATION_LAYER_ASSIGNMENT (  '', '', ( #1073 ) ) ;
#1512 = LINE ( 'NONE', #2262, #3205 ) ;
#1513 = DIRECTION ( 'NONE',  ( -1.000000000000000000, -0.0000000000000000000, -1.807003620809174600E-016 ) ) ;
#1514 = EDGE_CURVE ( 'NONE', #4274, #1071, #256, .T. ) ;
#1515 = ORIENTED_EDGE ( 'NONE', *, *, #934, .F. ) ;
#1516 = ORIENTED_EDGE ( 'NONE', *, *, #1272, .F. ) ;
#1517 = EDGE_CURVE ( 'NONE', #1732, #4163, #2734, .T. ) ;
#1518 = AXIS2_PLACEMENT_3D ( 'NONE', #91, #2434, #425 ) ;
#1519 =( LENGTH_UNIT ( ) NAMED_UNIT ( * ) SI_UNIT ( .MILLI., .METRE. ) );
#1520 = FILL_AREA_STYLE_COLOUR ( '', #1722 ) ;
#1521 = DIRECTION ( 'NONE',  ( -5.691349986800548400E-017, -1.000000000000000000, 0.0000000000000000000 ) ) ;
#1522 = FILL_AREA_STYLE ('',( #3204 ) ) ;
#1523 = VERTEX_POINT ( 'NONE', #354 ) ;
#1524 = ORIENTED_EDGE ( 'NONE', *, *, #2744, .F. ) ;
#1525 = SURFACE_STYLE_FILL_AREA ( #1771 ) ;
#1526 = PRESENTATION_LAYER_ASSIGNMENT (  '', '', ( #1305 ) ) ;
#1527 = EDGE_LOOP ( 'NONE', ( #1783 ) ) ;
#1528 = DIRECTION ( 'NONE',  ( 0.0000000000000000000, -1.000000000000000000, 0.0000000000000000000 ) ) ;
#1529 = FILL_AREA_STYLE ('',( #1860 ) ) ;
#1530 = ORIENTED_EDGE ( 'NONE', *, *, #552, .F. ) ;
#1531 = ORIENTED_EDGE ( 'NONE', *, *, #857, .T. ) ;
#1532 = CARTESIAN_POINT ( 'NONE',  ( -1.490488272734400900, -0.6021693389890916400, 0.5500000000000000400 ) ) ;
#1533 = FILL_AREA_STYLE ('',( #2881 ) ) ;
#1534 = FILL_AREA_STYLE_COLOUR ( '', #3821 ) ;
#1535 = CARTESIAN_POINT ( 'NONE',  ( 1.650000000000000100, -1.500000000000000000, 0.5500000000000000400 ) ) ;
#1536 = UNCERTAINTY_MEASURE_WITH_UNIT (LENGTH_MEASURE( 1.000000000000000100E-005 ), #3291, 'distance_accuracy_value', 'NONE');
#1537 = ORIENTED_EDGE ( 'NONE', *, *, #3955, .F. ) ;
#1538 = AXIS2_PLACEMENT_3D ( 'NONE', #1711, #3753, #1728 ) ;
#1539 = CARTESIAN_POINT ( 'NONE',  ( 0.5383862562622202500, 1.100000000000000100, 0.5500000000000000400 ) ) ;
#1540 =( NAMED_UNIT ( * ) SI_UNIT ( $, .STERADIAN. ) SOLID_ANGLE_UNIT ( ) );
#1541 = AXIS2_PLACEMENT_3D ( 'NONE', #3606, #1581, #3946 ) ;
#1542 = VECTOR ( 'NONE', #304, 1000.000000000000000 ) ;
#1543 = AXIS2_PLACEMENT_3D ( 'NONE', #117, #2293, #2047 ) ;
#1544 = CARTESIAN_POINT ( 'NONE',  ( 1.905000000000000000, 0.0000000000000000000, 0.5500000000000000400 ) ) ;
#1545 = ORIENTED_EDGE ( 'NONE', *, *, #520, .F. ) ;
#1546 =( LENGTH_UNIT ( ) NAMED_UNIT ( * ) SI_UNIT ( .MILLI., .METRE. ) );
#1547 = EDGE_CURVE ( 'NONE', #2528, #1850, #156, .T. ) ;
#1548 = DIRECTION ( 'NONE',  ( -0.0000000000000000000, -0.0000000000000000000, -1.000000000000000000 ) ) ;
#1549 =( NAMED_UNIT ( * ) PLANE_ANGLE_UNIT ( ) SI_UNIT ( $, .RADIAN. ) );
#1550 =( NAMED_UNIT ( * ) SI_UNIT ( $, .STERADIAN. ) SOLID_ANGLE_UNIT ( ) );
#1551 = DIRECTION ( 'NONE',  ( -9.035018104045873200E-017, -1.000000000000000000, 0.0000000000000000000 ) ) ;
#1552 = CARTESIAN_POINT ( 'NONE',  ( 1.490488272734401800, -0.6021693389890918600, 0.01000000000000000000 ) ) ;
#1553 = SURFACE_STYLE_FILL_AREA ( #642 ) ;
#1554 = ORIENTED_EDGE ( 'NONE', *, *, #2375, .F. ) ;
#1555 = LINE ( 'NONE', #1646, #1459 ) ;
#1556 = CARTESIAN_POINT ( 'NONE',  ( 0.9801724650762111400, 1.914999999999999800, 0.0000000000000000000 ) ) ;
#1557 = SURFACE_SIDE_STYLE ('',( #3573 ) ) ;
#1558 = ORIENTED_EDGE ( 'NONE', *, *, #1187, .F. ) ;
#1559 = VECTOR ( 'NONE', #3740, 1000.000000000000000 ) ;
#1560 = CARTESIAN_POINT ( 'NONE',  ( 5.463808316604582000E-016, 1.915000000000000300, 0.5600000000000000500 ) ) ;
#1561 = VECTOR ( 'NONE', #2868, 1000.000000000000000 ) ;
#1562 = PRESENTATION_LAYER_ASSIGNMENT (  '', '', ( #1124 ) ) ;
#1563 = COLOUR_RGB ( '',0.7529411764705882200, 0.7529411764705882200, 0.7529411764705882200 ) ;
#1564 =( NAMED_UNIT ( * ) PLANE_ANGLE_UNIT ( ) SI_UNIT ( $, .RADIAN. ) );
#1565 = FACE_OUTER_BOUND ( 'NONE', #3909, .T. ) ;
#1566 = ORIENTED_EDGE ( 'NONE', *, *, #1633, .T. ) ;
#1567 = DIRECTION ( 'NONE',  ( 1.000000000000000000, 0.0000000000000000000, 0.0000000000000000000 ) ) ;
#1568 = PLANE ( 'NONE',  #3305 ) ;
#1569 = FILL_AREA_STYLE ('',( #1237 ) ) ;
#1570 = MECHANICAL_DESIGN_GEOMETRIC_PRESENTATION_REPRESENTATION (  '', ( #907 ), #1805 ) ;
#1571 = ORIENTED_EDGE ( 'NONE', *, *, #1358, .F. ) ;
#1572 = EDGE_LOOP ( 'NONE', ( #2003 ) ) ;
#1573 = FACE_OUTER_BOUND ( 'NONE', #3434, .T. ) ;
#1574 = EDGE_CURVE ( 'NONE', #2961, #2933, #936, .T. ) ;
#1575 = ORIENTED_EDGE ( 'NONE', *, *, #23, .F. ) ;
#1576 = EDGE_CURVE ( 'NONE', #3591, #1026, #1785, .T. ) ;
#1577 = STYLED_ITEM ( 'NONE', ( #3013 ), #4078 ) ;
#1578 = DIRECTION ( 'NONE',  ( -1.971276677246371800E-016, -1.000000000000000000, 0.0000000000000000000 ) ) ;
#1579 = VERTEX_POINT ( 'NONE', #1036 ) ;
#1580 = SURFACE_SIDE_STYLE ('',( #522 ) ) ;
#1581 = DIRECTION ( 'NONE',  ( -0.0000000000000000000, 0.0000000000000000000, 1.000000000000000000 ) ) ;
#1582 = AXIS2_PLACEMENT_3D ( 'NONE', #580, #2918, #914 ) ;
#1583 = FILL_AREA_STYLE ('',( #1247 ) ) ;
#1584 = VERTEX_POINT ( 'NONE', #2383 ) ;
#1585 = CARTESIAN_POINT ( 'NONE',  ( 5.463808316604582000E-016, 1.915000000000000300, 0.5600000000000000500 ) ) ;
#1586 = DIRECTION ( 'NONE',  ( -0.0000000000000000000, -0.0000000000000000000, -1.000000000000000000 ) ) ;
#1587 = FACE_OUTER_BOUND ( 'NONE', #1675, .T. ) ;
#1588 = LINE ( 'NONE', #3887, #3499 ) ;
#1589 = ORIENTED_EDGE ( 'NONE', *, *, #2910, .T. ) ;
#1590 = LINE ( 'NONE', #1981, #702 ) ;
#1591 = UNCERTAINTY_MEASURE_WITH_UNIT (LENGTH_MEASURE( 1.000000000000000100E-005 ), #657, 'distance_accuracy_value', 'NONE');
#1592 = SURFACE_STYLE_FILL_AREA ( #2524 ) ;
#1593 = DIRECTION ( 'NONE',  ( -0.0000000000000000000, -0.0000000000000000000, -1.000000000000000000 ) ) ;
#1594 = AXIS2_PLACEMENT_3D ( 'NONE', #3623, #1595, #3971 ) ;
#1595 = DIRECTION ( 'NONE',  ( -0.0000000000000000000, 0.0000000000000000000, 1.000000000000000000 ) ) ;
#1596 = LINE ( 'NONE', #2704, #1496 ) ;
#1597 =( NAMED_UNIT ( * ) PLANE_ANGLE_UNIT ( ) SI_UNIT ( $, .RADIAN. ) );
#1598 = DIRECTION ( 'NONE',  ( -1.000000000000000000, 2.853163611803958800E-016, 0.0000000000000000000 ) ) ;
#1599 = EDGE_CURVE ( 'NONE', #3864, #3980, #2578, .T. ) ;
#1600 = PRESENTATION_LAYER_ASSIGNMENT (  '', '', ( #1162 ) ) ;
#1601 = STYLED_ITEM ( 'NONE', ( #278 ), #423 ) ;
#1602 = VECTOR ( 'NONE', #1227, 1000.000000000000000 ) ;
#1603 = CARTESIAN_POINT ( 'NONE',  ( 0.8899999999999999000, 1.915000000000000000, 0.5600000000000000500 ) ) ;
#1604 = EDGE_CURVE ( 'NONE', #2988, #1955, #3470, .T. ) ;
#1605 = ORIENTED_EDGE ( 'NONE', *, *, #3270, .F. ) ;
#1606 = LINE ( 'NONE', #3479, #3405 ) ;
#1607 = DIRECTION ( 'NONE',  ( 0.0000000000000000000, 0.0000000000000000000, 1.000000000000000000 ) ) ;
#1608 = PLANE ( 'NONE',  #1345 ) ;
#1609 =( NAMED_UNIT ( * ) PLANE_ANGLE_UNIT ( ) SI_UNIT ( $, .RADIAN. ) );
#1610 = DIRECTION ( 'NONE',  ( 1.000000000000000000, 0.0000000000000000000, 0.0000000000000000000 ) ) ;
#1611 = ORIENTED_EDGE ( 'NONE', *, *, #2700, .F. ) ;
#1612 = VECTOR ( 'NONE', #3246, 1000.000000000000000 ) ;
#1613 = PRESENTATION_STYLE_ASSIGNMENT (( #4225 ) ) ;
#1614 = ORIENTED_EDGE ( 'NONE', *, *, #520, .T. ) ;
#1615 = PLANE ( 'NONE',  #12 ) ;
#1616 = CARTESIAN_POINT ( 'NONE',  ( 1.650000000000000400, 3.252606517456513800E-016, 0.0000000000000000000 ) ) ;
#1617 = ORIENTED_EDGE ( 'NONE', *, *, #2744, .T. ) ;
#1618 = ORIENTED_EDGE ( 'NONE', *, *, #2401, .T. ) ;
#1619 =( GEOMETRIC_REPRESENTATION_CONTEXT ( 3 ) GLOBAL_UNCERTAINTY_ASSIGNED_CONTEXT ( ( #411 ) ) GLOBAL_UNIT_ASSIGNED_CONTEXT ( ( #2296, #287, #2641 ) ) REPRESENTATION_CONTEXT ( 'NONE', 'WORKASPACE' ) );
#1620 = EDGE_LOOP ( 'NONE', ( #1476, #833, #1575, #1065, #2598, #731, #1509, #4013, #3858, #568, #3942, #3744, #4179, #1631, #3852, #540 ) ) ;
#1621 = DIRECTION ( 'NONE',  ( -1.000000000000000000, 0.0000000000000000000, 0.0000000000000000000 ) ) ;
#1622 = CARTESIAN_POINT ( 'NONE',  ( 0.0000000000000000000, 1.100000000000000100, 0.0000000000000000000 ) ) ;
#1623 =( LENGTH_UNIT ( ) NAMED_UNIT ( * ) SI_UNIT ( .MILLI., .METRE. ) );
#1624 = EDGE_LOOP ( 'NONE', ( #2063, #732, #3892, #882 ) ) ;
#1625 = ORIENTED_EDGE ( 'NONE', *, *, #499, .T. ) ;
#1626 = LINE ( 'NONE', #4115, #4219 ) ;
#1627 = CARTESIAN_POINT ( 'NONE',  ( -0.8900000000000000100, -0.8149999999999997200, 0.5600000000000000500 ) ) ;
#1628 = EDGE_LOOP ( 'NONE', ( #132 ) ) ;
#1629 = AXIS2_PLACEMENT_3D ( 'NONE', #3876, #1856, #4210 ) ;
#1630 = EDGE_CURVE ( 'NONE', #592, #177, #890, .T. ) ;
#1631 = ORIENTED_EDGE ( 'NONE', *, *, #2633, .T. ) ;
#1632 = ORIENTED_EDGE ( 'NONE', *, *, #1726, .F. ) ;
#1633 = EDGE_CURVE ( 'NONE', #4101, #2637, #4264, .T. ) ;
#1634 =( GEOMETRIC_REPRESENTATION_CONTEXT ( 3 ) GLOBAL_UNCERTAINTY_ASSIGNED_CONTEXT ( ( #453 ) ) GLOBAL_UNIT_ASSIGNED_CONTEXT ( ( #2354, #342, #2708 ) ) REPRESENTATION_CONTEXT ( 'NONE', 'WORKASPACE' ) );
#1635 = DIRECTION ( 'NONE',  ( -0.0000000000000000000, -1.000000000000000000, -0.0000000000000000000 ) ) ;
#1636 =( NAMED_UNIT ( * ) SI_UNIT ( $, .STERADIAN. ) SOLID_ANGLE_UNIT ( ) );
#1637 = VECTOR ( 'NONE', #2807, 1000.000000000000000 ) ;
#1638 = SURFACE_STYLE_USAGE ( .BOTH. , #3665 ) ;
#1639 = FILL_AREA_STYLE ('',( #1312 ) ) ;
#1640 = FACE_OUTER_BOUND ( 'NONE', #2707, .T. ) ;
#1641 = FILL_AREA_STYLE ('',( #1314 ) ) ;
#1642 = DIRECTION ( 'NONE',  ( -2.341770466227234500E-016, -0.0000000000000000000, 1.000000000000000000 ) ) ;
#1643 = CARTESIAN_POINT ( 'NONE',  ( 1.283364955707646700, 1.500000000000000000, 2.460000000000000400 ) ) ;
#1644 = ORIENTED_EDGE ( 'NONE', *, *, #2662, .F. ) ;
#1645 = COLOUR_RGB ( '',0.7529411764705882200, 0.7529411764705882200, 0.7529411764705882200 ) ;
#1646 = CARTESIAN_POINT ( 'NONE',  ( 0.8900000000000001200, -8.772181213746351900E-017, 0.01000000000000000000 ) ) ;
#1647 =( NAMED_UNIT ( * ) PLANE_ANGLE_UNIT ( ) SI_UNIT ( $, .RADIAN. ) );
#1648 = LINE ( 'NONE', #4344, #1542 ) ;
#1649 = DIRECTION ( 'NONE',  ( 0.0000000000000000000, -1.000000000000000000, 0.0000000000000000000 ) ) ;
#1650 = CARTESIAN_POINT ( 'NONE',  ( -0.5383862562622202500, 1.100000000000000100, 0.5500000000000000400 ) ) ;
#1651 = SURFACE_SIDE_STYLE ('',( #1830 ) ) ;
#1652 = PRESENTATION_LAYER_ASSIGNMENT (  '', '', ( #1891 ) ) ;
#1653 = DIRECTION ( 'NONE',  ( 1.000000000000000000, 0.0000000000000000000, 0.0000000000000000000 ) ) ;
#1654 = CARTESIAN_POINT ( 'NONE',  ( 0.0000000000000000000, -1.330352135378642700, 2.068154429822072000 ) ) ;
#1655 = CARTESIAN_POINT ( 'NONE',  ( 0.0000000000000000000, 0.0000000000000000000, 0.0000000000000000000 ) ) ;
#1656 = EDGE_CURVE ( 'NONE', #173, #4249, #2460, .T. ) ;
#1657 = CARTESIAN_POINT ( 'NONE',  ( -1.883364955707646800, 0.3299999999999999000, 0.0000000000000000000 ) ) ;
#1658 = EDGE_CURVE ( 'NONE', #1741, #2893, #680, .T. ) ;
#1659 = SURFACE_STYLE_FILL_AREA ( #1522 ) ;
#1660 = STYLED_ITEM ( 'NONE', ( #1613 ), #786 ) ;
#1661 = DIRECTION ( 'NONE',  ( 0.0000000000000000000, 0.0000000000000000000, 1.000000000000000000 ) ) ;
#1662 = ORIENTED_EDGE ( 'NONE', *, *, #3270, .T. ) ;
#1663 = CIRCLE ( 'NONE', #3463, 0.2899999999999998700 ) ;
#1664 = ORIENTED_EDGE ( 'NONE', *, *, #1969, .F. ) ;
#1665 = CARTESIAN_POINT ( 'NONE',  ( -1.650000000000000100, 1.500000000000000000, 0.5600000000000000500 ) ) ;
#1666 = DIRECTION ( 'NONE',  ( 0.0000000000000000000, 0.0000000000000000000, -1.000000000000000000 ) ) ;
#1667 = PRESENTATION_STYLE_ASSIGNMENT (( #2842 ) ) ;
#1668 = ORIENTED_EDGE ( 'NONE', *, *, #3760, .F. ) ;
#1669 = VECTOR ( 'NONE', #1048, 1000.000000000000000 ) ;
#1670 = VECTOR ( 'NONE', #506, 1000.000000000000000 ) ;
#1671 = CARTESIAN_POINT ( 'NONE',  ( 1.649999999999999900, -1.914999999999999800, 0.0000000000000000000 ) ) ;
#1672 = APPLICATION_CONTEXT ( 'automotive_design' ) ;
#1673 = VECTOR ( 'NONE', #2985, 1000.000000000000000 ) ;
#1674 = EDGE_LOOP ( 'NONE', ( #436 ) ) ;
#1675 = EDGE_LOOP ( 'NONE', ( #3447 ) ) ;
#1676 = ORIENTED_EDGE ( 'NONE', *, *, #3813, .T. ) ;
#1677 = VECTOR ( 'NONE', #3830, 1000.000000000000000 ) ;
#1678 = PRESENTATION_LAYER_ASSIGNMENT (  '', '', ( #1234 ) ) ;
#1679 = ORIENTED_EDGE ( 'NONE', *, *, #1215, .T. ) ;
#1680 = LINE ( 'NONE', #37, #24 ) ;
#1681 =( NAMED_UNIT ( * ) SI_UNIT ( $, .STERADIAN. ) SOLID_ANGLE_UNIT ( ) );
#1682 = CARTESIAN_POINT ( 'NONE',  ( -1.883364955707646800, -0.3300000000000001800, 0.0000000000000000000 ) ) ;
#1683 = ORIENTED_EDGE ( 'NONE', *, *, #1517, .F. ) ;
#1684 = CARTESIAN_POINT ( 'NONE',  ( 1.883364955707646800, 0.3300000000000000200, 0.5500000000000000400 ) ) ;
#1685 = CARTESIAN_POINT ( 'NONE',  ( -1.883364955707646800, 1.500000000000000000, 0.5500000000000000400 ) ) ;
#1686 = ADVANCED_FACE ( 'NONE', ( #1463 ), #1729, .T. ) ;
#1687 = MECHANICAL_DESIGN_GEOMETRIC_PRESENTATION_REPRESENTATION (  '', ( #1027 ), #1918 ) ;
#1688 = FACE_OUTER_BOUND ( 'NONE', #1624, .T. ) ;
#1689 = PRESENTATION_LAYER_ASSIGNMENT (  '', '', ( #1470 ) ) ;
#1690 = LINE ( 'NONE', #4063, #2488 ) ;
#1691 = LINE ( 'NONE', #3878, #4289 ) ;
#1692 = EDGE_CURVE ( 'NONE', #927, #2890, #266, .T. ) ;
#1693 = ORIENTED_EDGE ( 'NONE', *, *, #2934, .T. ) ;
#1694 = CARTESIAN_POINT ( 'NONE',  ( -1.283364955707647000, 0.0000000000000000000, 0.5600000000000000500 ) ) ;
#1695 = CIRCLE ( 'NONE', #4331, 0.6021693389890920800 ) ;
#1696 = CARTESIAN_POINT ( 'NONE',  ( 1.283364955707647000, -0.3300000000000000200, 0.0000000000000000000 ) ) ;
#1697 = FILL_AREA_STYLE_COLOUR ( '', #3986 ) ;
#1698 = CARTESIAN_POINT ( 'NONE',  ( -0.8899999999999999000, 1.905000000000000000, 0.5500000000000000400 ) ) ;
#1699 = DIRECTION ( 'NONE',  ( 0.0000000000000000000, 0.0000000000000000000, 1.000000000000000000 ) ) ;
#1700 = FACE_OUTER_BOUND ( 'NONE', #3644, .T. ) ;
#1701 = CARTESIAN_POINT ( 'NONE',  ( -0.3800000000000006200, 0.3050000000000001600, 0.01000000000000000000 ) ) ;
#1702 = DIRECTION ( 'NONE',  ( -0.0000000000000000000, -0.0000000000000000000, -1.000000000000000000 ) ) ;
#1703 = ORIENTED_EDGE ( 'NONE', *, *, #2854, .T. ) ;
#1704 = FACE_OUTER_BOUND ( 'NONE', #422, .T. ) ;
#1705 = AXIS2_PLACEMENT_3D ( 'NONE', #3089, #1077, #3430 ) ;
#1706 = ADVANCED_FACE ( 'NONE', ( #3736 ), #1050, .F. ) ;
#1707 =( NAMED_UNIT ( * ) PLANE_ANGLE_UNIT ( ) SI_UNIT ( $, .RADIAN. ) );
#1708 =( NAMED_UNIT ( * ) SI_UNIT ( $, .STERADIAN. ) SOLID_ANGLE_UNIT ( ) );
#1709 = DIRECTION ( 'NONE',  ( -1.000000000000000000, 5.691349986800548400E-017, 0.0000000000000000000 ) ) ;
#1710 = FACE_OUTER_BOUND ( 'NONE', #842, .T. ) ;
#1711 = CARTESIAN_POINT ( 'NONE',  ( 0.5383862562622202500, 1.100000000000000100, 1.012983963681220100 ) ) ;
#1712 = SURFACE_SIDE_STYLE ('',( #2909 ) ) ;
#1713 =( NAMED_UNIT ( * ) PLANE_ANGLE_UNIT ( ) SI_UNIT ( $, .RADIAN. ) );
#1714 = ORIENTED_EDGE ( 'NONE', *, *, #3110, .F. ) ;
#1715 = EDGE_CURVE ( 'NONE', #4060, #3928, #1934, .T. ) ;
#1716 = FACE_OUTER_BOUND ( 'NONE', #631, .T. ) ;
#1717 = EDGE_CURVE ( 'NONE', #3415, #485, #1153, .T. ) ;
#1718 = STYLED_ITEM ( 'NONE', ( #2502 ), #4169 ) ;
#1719 = ORIENTED_EDGE ( 'NONE', *, *, #2004, .T. ) ;
#1720 = LINE ( 'NONE', #1869, #830 ) ;
#1721 = VECTOR ( 'NONE', #4251, 1000.000000000000000 ) ;
#1722 = COLOUR_RGB ( '',1.000000000000000000, 0.8431372549019607900, 0.0000000000000000000 ) ;
#1723 = ORIENTED_EDGE ( 'NONE', *, *, #3157, .F. ) ;
#1724 = PRESENTATION_LAYER_ASSIGNMENT (  '', '', ( #1281 ) ) ;
#1725 = DIRECTION ( 'NONE',  ( -0.0000000000000000000, -0.0000000000000000000, -1.000000000000000000 ) ) ;
#1726 = EDGE_CURVE ( 'NONE', #2997, #174, #2839, .T. ) ;
#1727 = CARTESIAN_POINT ( 'NONE',  ( -1.650000000000000400, -3.252606517456513800E-016, 0.0000000000000000000 ) ) ;
#1728 = DIRECTION ( 'NONE',  ( -1.000000000000000000, 0.0000000000000000000, 2.013799869284637000E-016 ) ) ;
#1729 = PLANE ( 'NONE',  #1705 ) ;
#1730 = UNCERTAINTY_MEASURE_WITH_UNIT (LENGTH_MEASURE( 1.000000000000000100E-005 ), #1441, 'distance_accuracy_value', 'NONE');
#1731 = FILL_AREA_STYLE_COLOUR ( '', #698 ) ;
#1732 = VERTEX_POINT ( 'NONE', #1765 ) ;
#1733 = ORIENTED_EDGE ( 'NONE', *, *, #141, .T. ) ;
#1734 = DIRECTION ( 'NONE',  ( 0.0000000000000000000, 0.0000000000000000000, -1.000000000000000000 ) ) ;
#1735 = ADVANCED_FACE ( 'NONE', ( #2738 ), #2439, .F. ) ;
#1736 = DIRECTION ( 'NONE',  ( -1.000000000000000000, 0.0000000000000000000, -0.0000000000000000000 ) ) ;
#1737 = ORIENTED_EDGE ( 'NONE', *, *, #2967, .T. ) ;
#1738 = EDGE_LOOP ( 'NONE', ( #3163, #1942, #1714, #1069, #4332, #1507 ) ) ;
#1739 = VERTEX_POINT ( 'NONE', #101 ) ;
#1740 = LINE ( 'NONE', #83, #2646 ) ;
#1741 = VERTEX_POINT ( 'NONE', #2449 ) ;
#1742 = DIRECTION ( 'NONE',  ( -0.0000000000000000000, 1.000000000000000000, 0.0000000000000000000 ) ) ;
#1743 = EDGE_LOOP ( 'NONE', ( #1004, #3906, #3689, #3554 ) ) ;
#1744 = MECHANICAL_DESIGN_GEOMETRIC_PRESENTATION_REPRESENTATION (  '', ( #1073 ), #1965 ) ;
#1745 = ORIENTED_EDGE ( 'NONE', *, *, #1656, .T. ) ;
#1746 = DIRECTION ( 'NONE',  ( -9.856383386231853900E-017, 1.000000000000000000, 0.0000000000000000000 ) ) ;
#1747 =( LENGTH_UNIT ( ) NAMED_UNIT ( * ) SI_UNIT ( .MILLI., .METRE. ) );
#1748 = DIRECTION ( 'NONE',  ( 0.0000000000000000000, 0.0000000000000000000, -1.000000000000000000 ) ) ;
#1749 = EDGE_CURVE ( 'NONE', #2088, #1845, #2410, .T. ) ;
#1750 = LINE ( 'NONE', #2790, #3546 ) ;
#1751 = LINE ( 'NONE', #920, #3547 ) ;
#1752 = CARTESIAN_POINT ( 'NONE',  ( -1.269999999999999800, 1.905000000000000900, 0.5600000000000000500 ) ) ;
#1753 = EDGE_CURVE ( 'NONE', #1309, #4329, #4096, .T. ) ;
#1754 = AXIS2_PLACEMENT_3D ( 'NONE', #736, #1083, #3435 ) ;
#1755 = LINE ( 'NONE', #2453, #970 ) ;
#1756 = MECHANICAL_DESIGN_GEOMETRIC_PRESENTATION_REPRESENTATION (  '', ( #1305 ), #1972 ) ;
#1757 = ORIENTED_EDGE ( 'NONE', *, *, #3504, .T. ) ;
#1758 = VECTOR ( 'NONE', #858, 1000.000000000000000 ) ;
#1759 = COLOUR_RGB ( '',0.7529411764705882200, 0.7529411764705882200, 0.7529411764705882200 ) ;
#1760 = ADVANCED_FACE ( 'NONE', ( #630 ), #3808, .T. ) ;
#1761 = COLOUR_RGB ( '',1.000000000000000000, 0.8431372549019607900, 0.0000000000000000000 ) ;
#1762 =( LENGTH_UNIT ( ) NAMED_UNIT ( * ) SI_UNIT ( .MILLI., .METRE. ) );
#1763 = CARTESIAN_POINT ( 'NONE',  ( 0.0000000000000000000, -0.6021693389890918600, 0.5500000000000000400 ) ) ;
#1764 =( LENGTH_UNIT ( ) NAMED_UNIT ( * ) SI_UNIT ( .MILLI., .METRE. ) );
#1765 = CARTESIAN_POINT ( 'NONE',  ( 1.883364955707646800, 0.3300000000000000200, 0.5500000000000001600 ) ) ;
#1766 = CARTESIAN_POINT ( 'NONE',  ( 0.0000000000000000000, -0.8149999999999997200, 0.5600000000000000500 ) ) ;
#1767 = VECTOR ( 'NONE', #3642, 1000.000000000000000 ) ;
#1768 = CARTESIAN_POINT ( 'NONE',  ( -1.084202172485504400E-016, -1.905000000000000000, 0.5500000000000000400 ) ) ;
#1769 = FACE_OUTER_BOUND ( 'NONE', #737, .T. ) ;
#1770 = PRESENTATION_LAYER_ASSIGNMENT (  '', '', ( #1326 ) ) ;
#1771 = FILL_AREA_STYLE ('',( #1433 ) ) ;
#1772 = DIRECTION ( 'NONE',  ( -0.0000000000000000000, 1.000000000000000000, -0.0000000000000000000 ) ) ;
#1773 = DIRECTION ( 'NONE',  ( 0.0000000000000000000, -1.000000000000000000, 0.0000000000000000000 ) ) ;
#1774 = PRESENTATION_LAYER_ASSIGNMENT (  '', '', ( #1331 ) ) ;
#1775 = ORIENTED_EDGE ( 'NONE', *, *, #735, .T. ) ;
#1776 = VECTOR ( 'NONE', #956, 1000.000000000000000 ) ;
#1777 = COLOUR_RGB ( '',0.7529411764705882200, 0.7529411764705882200, 0.7529411764705882200 ) ;
#1778 = DIRECTION ( 'NONE',  ( -0.0000000000000000000, 1.000000000000000000, -0.0000000000000000000 ) ) ;
#1779 =( NAMED_UNIT ( * ) SI_UNIT ( $, .STERADIAN. ) SOLID_ANGLE_UNIT ( ) );
#1780 = ADVANCED_FACE ( 'NONE', ( #2886 ), #3494, .T. ) ;
#1781 = PRESENTATION_LAYER_ASSIGNMENT (  '', '', ( #1333 ) ) ;
#1782 = VECTOR ( 'NONE', #3507, 1000.000000000000000 ) ;
#1783 = ORIENTED_EDGE ( 'NONE', *, *, #3080, .F. ) ;
#1784 = DIRECTION ( 'NONE',  ( 1.000000000000000000, 0.0000000000000000000, 1.807003620809174600E-016 ) ) ;
#1785 = LINE ( 'NONE', #1698, #11 ) ;
#1786 = EDGE_CURVE ( 'NONE', #3922, #3922, #1982, .T. ) ;
#1787 = UNCERTAINTY_MEASURE_WITH_UNIT (LENGTH_MEASURE( 1.000000000000000100E-005 ), #1908, 'distance_accuracy_value', 'NONE');
#1788 = ORIENTED_EDGE ( 'NONE', *, *, #3105, .F. ) ;
#1789 = ORIENTED_EDGE ( 'NONE', *, *, #1473, .F. ) ;
#1790 = DIRECTION ( 'NONE',  ( 1.000000000000000000, 0.0000000000000000000, 0.0000000000000000000 ) ) ;
#1791 = ORIENTED_EDGE ( 'NONE', *, *, #4206, .T. ) ;
#1792 = ORIENTED_EDGE ( 'NONE', *, *, #763, .T. ) ;
#1793 = LINE ( 'NONE', #1490, #691 ) ;
#1794 = DIRECTION ( 'NONE',  ( 0.0000000000000000000, 0.0000000000000000000, 1.000000000000000000 ) ) ;
#1795 = FILL_AREA_STYLE ('',( #2805 ) ) ;
#1796 = CARTESIAN_POINT ( 'NONE',  ( 1.122243303805099000, -0.7388783480974517900, 4.121121651902549300 ) ) ;
#1797 = FACE_OUTER_BOUND ( 'NONE', #644, .T. ) ;
#1798 = ORIENTED_EDGE ( 'NONE', *, *, #4023, .T. ) ;
#1799 =( LENGTH_UNIT ( ) NAMED_UNIT ( * ) SI_UNIT ( .MILLI., .METRE. ) );
#1800 = MECHANICAL_DESIGN_GEOMETRIC_PRESENTATION_REPRESENTATION (  '', ( #1124 ), #2012 ) ;
#1801 = ORIENTED_EDGE ( 'NONE', *, *, #2725, .T. ) ;
#1802 = VECTOR ( 'NONE', #611, 1000.000000000000000 ) ;
#1803 = ADVANCED_FACE ( 'NONE', ( #2787 ), #3293, .F. ) ;
#1804 = DIRECTION ( 'NONE',  ( 1.000000000000000000, 0.0000000000000000000, 0.0000000000000000000 ) ) ;
#1805 =( GEOMETRIC_REPRESENTATION_CONTEXT ( 3 ) GLOBAL_UNCERTAINTY_ASSIGNED_CONTEXT ( ( #1279 ) ) GLOBAL_UNIT_ASSIGNED_CONTEXT ( ( #525, #2870, #852 ) ) REPRESENTATION_CONTEXT ( 'NONE', 'WORKASPACE' ) );
#1806 = VECTOR ( 'NONE', #1170, 1000.000000000000000 ) ;
#1807 = PLANE ( 'NONE',  #2906 ) ;
#1808 = SURFACE_SIDE_STYLE ('',( #3075 ) ) ;
#1809 = EDGE_CURVE ( 'NONE', #2595, #2508, #2455, .T. ) ;
#1810 = ORIENTED_EDGE ( 'NONE', *, *, #2169, .F. ) ;
#1811 = FILL_AREA_STYLE ('',( #2682 ) ) ;
#1812 = PRESENTATION_STYLE_ASSIGNMENT (( #1285 ) ) ;
#1813 = CIRCLE ( 'NONE', #3872, 0.6021693389890920800 ) ;
#1814 = EDGE_CURVE ( 'NONE', #840, #4277, #773, .T. ) ;
#1815 = AXIS2_PLACEMENT_3D ( 'NONE', #3608, #585, #598 ) ;
#1816 =( LENGTH_UNIT ( ) NAMED_UNIT ( * ) SI_UNIT ( .MILLI., .METRE. ) );
#1817 = LINE ( 'NONE', #1763, #3505 ) ;
#1818 = STYLED_ITEM ( 'NONE', ( #118 ), #1018 ) ;
#1819 = PRESENTATION_STYLE_ASSIGNMENT (( #21 ) ) ;
#1820 = ORIENTED_EDGE ( 'NONE', *, *, #3992, .F. ) ;
#1821 =( NAMED_UNIT ( * ) SI_UNIT ( $, .STERADIAN. ) SOLID_ANGLE_UNIT ( ) );
#1822 = CARTESIAN_POINT ( 'NONE',  ( 0.5383862562622202500, 1.100000000000000100, 1.012983963681220100 ) ) ;
#1823 = ADVANCED_FACE ( 'NONE', ( #3356 ), #2656, .T. ) ;
#1824 = VECTOR ( 'NONE', #2222, 1000.000000000000000 ) ;
#1825 = PLANE ( 'NONE',  #2573 ) ;
#1826 = ORIENTED_EDGE ( 'NONE', *, *, #273, .F. ) ;
#1827 = VECTOR ( 'NONE', #677, 1000.000000000000000 ) ;
#1828 = PLANE ( 'NONE',  #1241 ) ;
#1829 = VECTOR ( 'NONE', #2127, 1000.000000000000000 ) ;
#1830 = SURFACE_STYLE_FILL_AREA ( #3683 ) ;
#1831 = STYLED_ITEM ( 'NONE', ( #1812 ), #2355 ) ;
#1832 = CARTESIAN_POINT ( 'NONE',  ( -1.905000000000000000, 1.905000000000000200, 0.01000000000000000000 ) ) ;
#1833 = ORIENTED_EDGE ( 'NONE', *, *, #2824, .F. ) ;
#1834 = EDGE_CURVE ( 'NONE', #3536, #2302, #359, .T. ) ;
#1835 = VECTOR ( 'NONE', #416, 1000.000000000000000 ) ;
#1836 = ORIENTED_EDGE ( 'NONE', *, *, #157, .F. ) ;
#1837 = VERTEX_POINT ( 'NONE', #655 ) ;
#1838 = MECHANICAL_DESIGN_GEOMETRIC_PRESENTATION_REPRESENTATION (  '', ( #1162 ), #2055 ) ;
#1839 = CARTESIAN_POINT ( 'NONE',  ( 0.0000000000000000000, -0.6021693389890918600, 0.5500000000000000400 ) ) ;
#1840 = PLANE ( 'NONE',  #1446 ) ;
#1841 = DIRECTION ( 'NONE',  ( 1.000000000000000000, 0.0000000000000000000, 0.0000000000000000000 ) ) ;
#1842 = CARTESIAN_POINT ( 'NONE',  ( -1.883364955707646800, 0.3299999999999997900, 0.5500000000000000400 ) ) ;
#1843 = AXIS2_PLACEMENT_3D ( 'NONE', #55, #2391, #383 ) ;
#1844 = CARTESIAN_POINT ( 'NONE',  ( 1.649999999999999900, -1.905000000000000000, 0.5500000000000000400 ) ) ;
#1845 = VERTEX_POINT ( 'NONE', #990 ) ;
#1846 = EDGE_CURVE ( 'NONE', #975, #1292, #260, .T. ) ;
#1847 = ORIENTED_EDGE ( 'NONE', *, *, #79, .T. ) ;
#1848 = DIRECTION ( 'NONE',  ( -1.000000000000000000, 0.0000000000000000000, 0.0000000000000000000 ) ) ;
#1849 = CARTESIAN_POINT ( 'NONE',  ( -0.7833649557076468600, 1.500000000000000000, 2.960000000000000400 ) ) ;
#1850 = VERTEX_POINT ( 'NONE', #4029 ) ;
#1851 =( LENGTH_UNIT ( ) NAMED_UNIT ( * ) SI_UNIT ( .MILLI., .METRE. ) );
#1852 = VERTEX_POINT ( 'NONE', #3682 ) ;
#1853 = DIRECTION ( 'NONE',  ( -0.0000000000000000000, -1.000000000000000000, -0.0000000000000000000 ) ) ;
#1854 = ORIENTED_EDGE ( 'NONE', *, *, #971, .T. ) ;
#1855 = CARTESIAN_POINT ( 'NONE',  ( -1.649999999999999900, -1.905000000000000000, 0.01000000000000000000 ) ) ;
#1856 = DIRECTION ( 'NONE',  ( -2.853163611803958800E-016, 1.000000000000000000, 0.0000000000000000000 ) ) ;
#1857 = VERTEX_POINT ( 'NONE', #1650 ) ;
#1858 = CARTESIAN_POINT ( 'NONE',  ( 1.883364955707646800, 1.500000000000000000, 0.5500000000000000400 ) ) ;
#1859 = FILL_AREA_STYLE_COLOUR ( '', #1184 ) ;
#1860 = FILL_AREA_STYLE_COLOUR ( '', #2782 ) ;
#1861 = FACE_OUTER_BOUND ( 'NONE', #2089, .T. ) ;
#1862 = PRESENTATION_LAYER_ASSIGNMENT (  '', '', ( #1409 ) ) ;
#1863 = ORIENTED_EDGE ( 'NONE', *, *, #632, .T. ) ;
#1864 = FACE_OUTER_BOUND ( 'NONE', #1313, .T. ) ;
#1865 = UNCERTAINTY_MEASURE_WITH_UNIT (LENGTH_MEASURE( 1.000000000000000100E-005 ), #2409, 'distance_accuracy_value', 'NONE');
#1866 = EDGE_CURVE ( 'NONE', #1955, #2104, #3827, .T. ) ;
#1867 =( NAMED_UNIT ( * ) SI_UNIT ( $, .STERADIAN. ) SOLID_ANGLE_UNIT ( ) );
#1868 = SURFACE_SIDE_STYLE ('',( #4317 ) ) ;
#1869 = CARTESIAN_POINT ( 'NONE',  ( -0.3800000000000006200, 0.3050000000000001600, 0.01000000000000000000 ) ) ;
#1870 = SURFACE_STYLE_USAGE ( .BOTH. , #3886 ) ;
#1871 = CIRCLE ( 'NONE', #871, 0.2899999999999998700 ) ;
#1872 = EDGE_CURVE ( 'NONE', #2650, #1900, #2836, .T. ) ;
#1873 = CARTESIAN_POINT ( 'NONE',  ( -1.283364955707647000, -0.3300000000000002400, 0.0000000000000000000 ) ) ;
#1874 = UNCERTAINTY_MEASURE_WITH_UNIT (LENGTH_MEASURE( 1.000000000000000100E-005 ), #601, 'distance_accuracy_value', 'NONE');
#1875 = VECTOR ( 'NONE', #2624, 1000.000000000000000 ) ;
#1876 = FILL_AREA_STYLE ('',( #1859 ) ) ;
#1877 = VECTOR ( 'NONE', #2688, 1000.000000000000000 ) ;
#1878 = LINE ( 'NONE', #3927, #3674 ) ;
#1879 = FILL_AREA_STYLE ('',( #3873 ) ) ;
#1880 = CARTESIAN_POINT ( 'NONE',  ( 1.283364955707647000, 0.0000000000000000000, 0.5600000000000000500 ) ) ;
#1881 = SURFACE_STYLE_USAGE ( .BOTH. , #3902 ) ;
#1882 = DIRECTION ( 'NONE',  ( -1.000000000000000000, 9.035018104045873200E-017, -1.807003620809174600E-016 ) ) ;
#1883 = AXIS2_PLACEMENT_3D ( 'NONE', #878, #3229, #1217 ) ;
#1884 = PRESENTATION_STYLE_ASSIGNMENT (( #406 ) ) ;
#1885 = ORIENTED_EDGE ( 'NONE', *, *, #2824, .T. ) ;
#1886 = LINE ( 'NONE', #271, #3680 ) ;
#1887 = VECTOR ( 'NONE', #567, 1000.000000000000000 ) ;
#1888 = CARTESIAN_POINT ( 'NONE',  ( -1.490488272734400900, 0.0000000000000000000, 0.5500000000000001600 ) ) ;
#1889 = VECTOR ( 'NONE', #805, 1000.000000000000000 ) ;
#1890 = VERTEX_POINT ( 'NONE', #3353 ) ;
#1891 = STYLED_ITEM ( 'NONE', ( #3860 ), #2504 ) ;
#1892 = SURFACE_STYLE_FILL_AREA ( #2975 ) ;
#1893 = EDGE_CURVE ( 'NONE', #122, #2508, #158, .T. ) ;
#1894 = ORIENTED_EDGE ( 'NONE', *, *, #1969, .T. ) ;
#1895 = ORIENTED_EDGE ( 'NONE', *, *, #3868, .T. ) ;
#1896 = EDGE_CURVE ( 'NONE', #3864, #122, #1045, .T. ) ;
#1897 = CARTESIAN_POINT ( 'NONE',  ( 1.283364955707647000, -0.8149999999999997200, 0.5600000000000003900 ) ) ;
#1898 = DIRECTION ( 'NONE',  ( -0.0000000000000000000, 0.0000000000000000000, -1.000000000000000000 ) ) ;
#1899 =( NAMED_UNIT ( * ) SI_UNIT ( $, .STERADIAN. ) SOLID_ANGLE_UNIT ( ) );
#1900 = VERTEX_POINT ( 'NONE', #2006 ) ;
#1901 = EDGE_LOOP ( 'NONE', ( #272, #3517, #3751, #1737, #4203, #392, #3422, #1199 ) ) ;
#1902 = VECTOR ( 'NONE', #3490, 1000.000000000000000 ) ;
#1903 = AXIS2_PLACEMENT_3D ( 'NONE', #3176, #851, #3202 ) ;
#1904 = CARTESIAN_POINT ( 'NONE',  ( 1.650000000000000400, -3.252606517456513800E-016, 0.5600000000000000500 ) ) ;
#1905 = ORIENTED_EDGE ( 'NONE', *, *, #4143, .F. ) ;
#1906 = CARTESIAN_POINT ( 'NONE',  ( 1.905000000000000000, -0.6021693389890918600, 0.5500000000000000400 ) ) ;
#1907 = CARTESIAN_POINT ( 'NONE',  ( 1.269999999999999800, 1.905000000000000900, 0.5600000000000000500 ) ) ;
#1908 =( LENGTH_UNIT ( ) NAMED_UNIT ( * ) SI_UNIT ( .MILLI., .METRE. ) );
#1909 = LINE ( 'NONE', #3512, #3705 ) ;
#1910 = FILL_AREA_STYLE_COLOUR ( '', #3402 ) ;
#1911 = ORIENTED_EDGE ( 'NONE', *, *, #42, .T. ) ;
#1912 = LINE ( 'NONE', #2269, #1028 ) ;
#1913 = MECHANICAL_DESIGN_GEOMETRIC_PRESENTATION_REPRESENTATION (  '', ( #1234 ), #2134 ) ;
#1914 = VECTOR ( 'NONE', #2286, 1000.000000000000000 ) ;
#1915 = CARTESIAN_POINT ( 'NONE',  ( 0.3799999999999998400, 0.3050000000000001600, 0.01000000000000000000 ) ) ;
#1916 = SURFACE_STYLE_USAGE ( .BOTH. , #3937 ) ;
#1917 = UNCERTAINTY_MEASURE_WITH_UNIT (LENGTH_MEASURE( 1.000000000000000100E-005 ), #215, 'distance_accuracy_value', 'NONE');
#1918 =( GEOMETRIC_REPRESENTATION_CONTEXT ( 3 ) GLOBAL_UNCERTAINTY_ASSIGNED_CONTEXT ( ( #637 ) ) GLOBAL_UNIT_ASSIGNED_CONTEXT ( ( #2437, #434, #2783 ) ) REPRESENTATION_CONTEXT ( 'NONE', 'WORKASPACE' ) );
#1919 = MECHANICAL_DESIGN_GEOMETRIC_PRESENTATION_REPRESENTATION (  '', ( #1470 ), #2144 ) ;
#1920 = UNCERTAINTY_MEASURE_WITH_UNIT (LENGTH_MEASURE( 1.000000000000000100E-005 ), #2803, 'distance_accuracy_value', 'NONE');
#1921 = ORIENTED_EDGE ( 'NONE', *, *, #4085, .T. ) ;
#1922 = CARTESIAN_POINT ( 'NONE',  ( 1.650000000000000100, 0.8149999999999997200, 0.0000000000000000000 ) ) ;
#1923 = EDGE_CURVE ( 'NONE', #2088, #3198, #1148, .T. ) ;
#1924 = VECTOR ( 'NONE', #727, 1000.000000000000000 ) ;
#1925 = SURFACE_STYLE_USAGE ( .BOTH. , #3948 ) ;
#1926 = CARTESIAN_POINT ( 'NONE',  ( 0.8900000000000001200, 8.772181213746353200E-017, 0.5600000000000000500 ) ) ;
#1927 = PRESENTATION_STYLE_ASSIGNMENT (( #3933 ) ) ;
#1928 = EDGE_LOOP ( 'NONE', ( #2833, #2639, #2986, #2648, #1515, #504, #1530, #1211 ) ) ;
#1929 = LINE ( 'NONE', #3343, #3620 ) ;
#1930 = PRESENTATION_STYLE_ASSIGNMENT (( #3459 ) ) ;
#1931 = VECTOR ( 'NONE', #1666, 1000.000000000000000 ) ;
#1932 = EDGE_LOOP ( 'NONE', ( #2306, #3348, #2417, #2582, #1662, #1113, #4109, #2413 ) ) ;
#1933 = DIRECTION ( 'NONE',  ( -0.0000000000000000000, -0.0000000000000000000, -1.000000000000000000 ) ) ;
#1934 = LINE ( 'NONE', #2428, #2940 ) ;
#1935 = STYLED_ITEM ( 'NONE', ( #168 ), #1735 ) ;
#1936 = CARTESIAN_POINT ( 'NONE',  ( 0.3799999999999998400, -1.823589814187224900, 0.01000000000000000000 ) ) ;
#1937 = CARTESIAN_POINT ( 'NONE',  ( -0.8900000000000001200, 8.772181213746351900E-017, 0.5500000000000000400 ) ) ;
#1938 = CARTESIAN_POINT ( 'NONE',  ( 1.905000000000000000, 0.6021693389890920800, 0.5500000000000000400 ) ) ;
#1939 = VERTEX_POINT ( 'NONE', #1010 ) ;
#1940 = STYLED_ITEM ( 'NONE', ( #4144 ), #2822 ) ;
#1941 = CARTESIAN_POINT ( 'NONE',  ( -0.3800000000000001700, -1.823589814187224400, 0.01000000000000000000 ) ) ;
#1942 = ORIENTED_EDGE ( 'NONE', *, *, #911, .T. ) ;
#1943 = ORIENTED_EDGE ( 'NONE', *, *, #2431, .T. ) ;
#1944 = CARTESIAN_POINT ( 'NONE',  ( 0.0000000000000000000, -1.500000000000000000, 0.5600000000000000500 ) ) ;
#1945 = FACE_BOUND ( 'NONE', #1144, .T. ) ;
#1946 = EDGE_CURVE ( 'NONE', #1371, #2108, #4190, .T. ) ;
#1947 = ORIENTED_EDGE ( 'NONE', *, *, #2877, .F. ) ;
#1948 = EDGE_CURVE ( 'NONE', #122, #174, #1596, .T. ) ;
#1949 = AXIS2_PLACEMENT_3D ( 'NONE', #1904, #4260, #2241 ) ;
#1950 = EDGE_LOOP ( 'NONE', ( #2097, #3537, #3038, #1676, #382, #313, #4336, #3207 ) ) ;
#1951 = CARTESIAN_POINT ( 'NONE',  ( 1.269999999999999800, -1.905000000000000900, 0.0000000000000000000 ) ) ;
#1952 = MECHANICAL_DESIGN_GEOMETRIC_PRESENTATION_REPRESENTATION (  '', ( #1281 ), #2182 ) ;
#1953 = CARTESIAN_POINT ( 'NONE',  ( 5.463808316604582000E-016, -1.915000000000000300, 0.5600000000000000500 ) ) ;
#1954 = SURFACE_SIDE_STYLE ('',( #3679 ) ) ;
#1955 = VERTEX_POINT ( 'NONE', #676 ) ;
#1956 = CARTESIAN_POINT ( 'NONE',  ( -0.5383862562622203600, 1.100000000000000100, 1.012983963681220300 ) ) ;
#1957 = ORIENTED_EDGE ( 'NONE', *, *, #1948, .F. ) ;
#1958 = CARTESIAN_POINT ( 'NONE',  ( 0.8900000000000001200, -8.772181213746353200E-017, 0.5600000000000000500 ) ) ;
#1959 = COLOUR_RGB ( '',1.000000000000000000, 0.8431372549019607900, 0.0000000000000000000 ) ;
#1960 = PLANE ( 'NONE',  #3167 ) ;
#1961 = ORIENTED_EDGE ( 'NONE', *, *, #376, .T. ) ;
#1962 = UNCERTAINTY_MEASURE_WITH_UNIT (LENGTH_MEASURE( 1.000000000000000100E-005 ), #4356, 'distance_accuracy_value', 'NONE');
#1963 = DIRECTION ( 'NONE',  ( 1.000000000000000000, 0.0000000000000000000, 0.0000000000000000000 ) ) ;
#1964 = DIRECTION ( 'NONE',  ( 0.0000000000000000000, 1.000000000000000000, 0.0000000000000000000 ) ) ;
#1965 =( GEOMETRIC_REPRESENTATION_CONTEXT ( 3 ) GLOBAL_UNCERTAINTY_ASSIGNED_CONTEXT ( ( #813 ) ) GLOBAL_UNIT_ASSIGNED_CONTEXT ( ( #668, #3019, #1012 ) ) REPRESENTATION_CONTEXT ( 'NONE', 'WORKASPACE' ) );
#1966 =( NAMED_UNIT ( * ) SI_UNIT ( $, .STERADIAN. ) SOLID_ANGLE_UNIT ( ) );
#1967 = DIRECTION ( 'NONE',  ( 1.971276677246371500E-016, 1.000000000000000000, 0.0000000000000000000 ) ) ;
#1968 = UNCERTAINTY_MEASURE_WITH_UNIT (LENGTH_MEASURE( 1.000000000000000100E-005 ), #2205, 'distance_accuracy_value', 'NONE');
#1969 = EDGE_CURVE ( 'NONE', #3905, #638, #2392, .T. ) ;
#1970 = EDGE_CURVE ( 'NONE', #3541, #251, #4079, .T. ) ;
#1971 = STYLED_ITEM ( 'NONE', ( #1386 ), #3750 ) ;
#1972 =( GEOMETRIC_REPRESENTATION_CONTEXT ( 3 ) GLOBAL_UNCERTAINTY_ASSIGNED_CONTEXT ( ( #3165 ) ) GLOBAL_UNIT_ASSIGNED_CONTEXT ( ( #1851, #4202, #2185 ) ) REPRESENTATION_CONTEXT ( 'NONE', 'WORKASPACE' ) );
#1973 = PRESENTATION_STYLE_ASSIGNMENT (( #2110 ) ) ;
#1974 = DIRECTION ( 'NONE',  ( 0.0000000000000000000, 1.000000000000000000, 0.0000000000000000000 ) ) ;
#1975 = DIRECTION ( 'NONE',  ( -0.0000000000000000000, -0.0000000000000000000, -1.000000000000000000 ) ) ;
#1976 = FACE_OUTER_BOUND ( 'NONE', #2638, .T. ) ;
#1977 =( NAMED_UNIT ( * ) PLANE_ANGLE_UNIT ( ) SI_UNIT ( $, .RADIAN. ) );
#1978 = DIRECTION ( 'NONE',  ( 1.000000000000000000, 9.856383386231853900E-017, -0.0000000000000000000 ) ) ;
#1979 = SURFACE_STYLE_USAGE ( .BOTH. , #4016 ) ;
#1980 = PLANE ( 'NONE',  #1298 ) ;
#1981 = CARTESIAN_POINT ( 'NONE',  ( 1.283364955707647000, 0.3300000000000000200, 0.5600000000000000500 ) ) ;
#1982 = CIRCLE ( 'NONE', #513, 0.4812303591688801800 ) ;
#1983 = VECTOR ( 'NONE', #2936, 1000.000000000000000 ) ;
#1984 = ORIENTED_EDGE ( 'NONE', *, *, #2700, .T. ) ;
#1985 = SURFACE_STYLE_FILL_AREA ( #2840 ) ;
#1986 = FACE_OUTER_BOUND ( 'NONE', #1932, .T. ) ;
#1987 = VERTEX_POINT ( 'NONE', #2719 ) ;
#1988 = ORIENTED_EDGE ( 'NONE', *, *, #4124, .F. ) ;
#1989 = MECHANICAL_DESIGN_GEOMETRIC_PRESENTATION_REPRESENTATION (  '', ( #1326 ), #2225 ) ;
#1990 = VERTEX_POINT ( 'NONE', #3042 ) ;
#1991 = PLANE ( 'NONE',  #343 ) ;
#1992 = CARTESIAN_POINT ( 'NONE',  ( -0.7833649557076468600, -1.500000000000000000, 2.960000000000000400 ) ) ;
#1993 =( LENGTH_UNIT ( ) NAMED_UNIT ( * ) SI_UNIT ( .MILLI., .METRE. ) );
#1994 = CARTESIAN_POINT ( 'NONE',  ( 0.0000000000000000000, 0.8149999999999997200, 0.0000000000000000000 ) ) ;
#1995 = ORIENTED_EDGE ( 'NONE', *, *, #797, .F. ) ;
#1996 = EDGE_LOOP ( 'NONE', ( #1111, #3801, #4272, #3330 ) ) ;
#1997 = LINE ( 'NONE', #460, #226 ) ;
#1998 = CARTESIAN_POINT ( 'NONE',  ( 0.0000000000000000000, 1.330352135378642700, 2.068154429822072000 ) ) ;
#1999 = PLANE ( 'NONE',  #848 ) ;
#2000 = UNCERTAINTY_MEASURE_WITH_UNIT (LENGTH_MEASURE( 1.000000000000000100E-005 ), #669, 'distance_accuracy_value', 'NONE');
#2001 = MECHANICAL_DESIGN_GEOMETRIC_PRESENTATION_REPRESENTATION (  '', ( #1331 ), #2232 ) ;
#2002 = MECHANICAL_DESIGN_GEOMETRIC_PRESENTATION_REPRESENTATION (  '', ( #1333 ), #2234 ) ;
#2003 = ORIENTED_EDGE ( 'NONE', *, *, #1786, .T. ) ;
#2004 = EDGE_CURVE ( 'NONE', #1107, #640, #3182, .T. ) ;
#2005 = DIRECTION ( 'NONE',  ( 0.0000000000000000000, 0.0000000000000000000, -1.000000000000000000 ) ) ;
#2006 = CARTESIAN_POINT ( 'NONE',  ( 0.8899999999999999000, -1.905000000000000000, 0.01000000000000000000 ) ) ;
#2007 = CIRCLE ( 'NONE', #3328, 0.2899999999999998700 ) ;
#2008 = SURFACE_SIDE_STYLE ('',( #3135 ) ) ;
#2009 = VECTOR ( 'NONE', #3952, 1000.000000000000000 ) ;
#2010 = VECTOR ( 'NONE', #4295, 1000.000000000000000 ) ;
#2011 = COLOUR_RGB ( '',1.000000000000000000, 0.8431372549019607900, 0.0000000000000000000 ) ;
#2012 =( GEOMETRIC_REPRESENTATION_CONTEXT ( 3 ) GLOBAL_UNCERTAINTY_ASSIGNED_CONTEXT ( ( #1962 ) ) GLOBAL_UNIT_ASSIGNED_CONTEXT ( ( #4356, #2333, #316 ) ) REPRESENTATION_CONTEXT ( 'NONE', 'WORKASPACE' ) );
#2013 = ADVANCED_FACE ( 'NONE', ( #3079 ), #1366, .T. ) ;
#2014 =( NAMED_UNIT ( * ) PLANE_ANGLE_UNIT ( ) SI_UNIT ( $, .RADIAN. ) );
#2015 = CARTESIAN_POINT ( 'NONE',  ( 0.0000000000000000000, 0.0000000000000000000, 0.5500000000000000400 ) ) ;
#2016 = CARTESIAN_POINT ( 'NONE',  ( 1.883364955707646800, -1.500000000000000000, 3.560000000000000100 ) ) ;
#2017 = CARTESIAN_POINT ( 'NONE',  ( 1.905000000000000000, 1.905000000000000000, 0.5500000000000000400 ) ) ;
#2018 = ORIENTED_EDGE ( 'NONE', *, *, #820, .F. ) ;
#2019 = CARTESIAN_POINT ( 'NONE',  ( -0.9801724650762111400, -1.914999999999999800, 0.5600000000000000500 ) ) ;
#2020 = LINE ( 'NONE', #400, #2132 ) ;
#2021 = EDGE_CURVE ( 'NONE', #3028, #3028, #3661, .T. ) ;
#2022 = EDGE_CURVE ( 'NONE', #4020, #2328, #1871, .T. ) ;
#2023 = LINE ( 'NONE', #3292, #3722 ) ;
#2024 = MECHANICAL_DESIGN_GEOMETRIC_PRESENTATION_REPRESENTATION (  '', ( #1577 ), #2260 ) ;
#2025 = PRESENTATION_LAYER_ASSIGNMENT (  '', '', ( #1818 ) ) ;
#2026 = ORIENTED_EDGE ( 'NONE', *, *, #3077, .T. ) ;
#2027 = VECTOR ( 'NONE', #3370, 1000.000000000000000 ) ;
#2028 = SURFACE_STYLE_FILL_AREA ( #3125 ) ;
#2029 = PLANE ( 'NONE',  #1843 ) ;
#2030 = PRESENTATION_STYLE_ASSIGNMENT (( #1477 ) ) ;
#2031 = VECTOR ( 'NONE', #3015, 1000.000000000000000 ) ;
#2032 = ORIENTED_EDGE ( 'NONE', *, *, #3904, .F. ) ;
#2033 = CARTESIAN_POINT ( 'NONE',  ( -1.905000000000000000, 0.6021693389890925300, 0.01000000000000000000 ) ) ;
#2034 = FILL_AREA_STYLE ('',( #1697 ) ) ;
#2035 = ORIENTED_EDGE ( 'NONE', *, *, #1834, .F. ) ;
#2036 = DIRECTION ( 'NONE',  ( -0.0000000000000000000, 0.0000000000000000000, 1.000000000000000000 ) ) ;
#2037 = VECTOR ( 'NONE', #2079, 1000.000000000000000 ) ;
#2038 = SURFACE_STYLE_FILL_AREA ( #1879 ) ;
#2039 = DIRECTION ( 'NONE',  ( 0.0000000000000000000, 0.7071067811865490200, 0.7071067811865460200 ) ) ;
#2040 = DIRECTION ( 'NONE',  ( 0.0000000000000000000, -0.0000000000000000000, -1.000000000000000000 ) ) ;
#2041 = ADVANCED_FACE ( 'NONE', ( #2768 ), #3071, .F. ) ;
#2042 = ORIENTED_EDGE ( 'NONE', *, *, #2958, .F. ) ;
#2043 = ORIENTED_EDGE ( 'NONE', *, *, #141, .F. ) ;
#2044 = ORIENTED_EDGE ( 'NONE', *, *, #2148, .T. ) ;
#2045 = VECTOR ( 'NONE', #1513, 1000.000000000000000 ) ;
#2046 = PRESENTATION_LAYER_ASSIGNMENT (  '', '', ( #1831 ) ) ;
#2047 = DIRECTION ( 'NONE',  ( 0.0000000000000000000, -0.0000000000000000000, -1.000000000000000000 ) ) ;
#2048 = FACE_BOUND ( 'NONE', #1572, .T. ) ;
#2049 = CARTESIAN_POINT ( 'NONE',  ( 0.8899999999999999000, 1.915000000000000000, 0.5600000000000000500 ) ) ;
#2050 = EDGE_LOOP ( 'NONE', ( #591, #3728, #1374, #3152, #941, #605 ) ) ;
#2051 = DIRECTION ( 'NONE',  ( 0.5773502691896249500, 0.5773502691896249500, -0.5773502691896272900 ) ) ;
#2052 = EDGE_CURVE ( 'NONE', #268, #489, #198, .T. ) ;
#2053 = UNCERTAINTY_MEASURE_WITH_UNIT (LENGTH_MEASURE( 1.000000000000000100E-005 ), #819, 'distance_accuracy_value', 'NONE');
#2054 =( LENGTH_UNIT ( ) NAMED_UNIT ( * ) SI_UNIT ( .MILLI., .METRE. ) );
#2055 =( GEOMETRIC_REPRESENTATION_CONTEXT ( 3 ) GLOBAL_UNCERTAINTY_ASSIGNED_CONTEXT ( ( #2663 ) ) GLOBAL_UNIT_ASSIGNED_CONTEXT ( ( #4281, #2252, #250 ) ) REPRESENTATION_CONTEXT ( 'NONE', 'WORKASPACE' ) );
#2056 = EDGE_LOOP ( 'NONE', ( #4117, #2380, #3261, #166, #1589, #1160, #1252, #10 ) ) ;
#2057 = ORIENTED_EDGE ( 'NONE', *, *, #1809, .T. ) ;
#2058 = PRESENTATION_LAYER_ASSIGNMENT (  '', '', ( #1601 ) ) ;
#2059 = CYLINDRICAL_SURFACE ( 'NONE', #2109, 0.2435729008478046100 ) ;
#2060 = FACE_OUTER_BOUND ( 'NONE', #1620, .T. ) ;
#2061 = EDGE_CURVE ( 'NONE', #485, #2373, #92, .T. ) ;
#2062 = ADVANCED_FACE ( 'NONE', ( #980 ), #1076, .F. ) ;
#2063 = ORIENTED_EDGE ( 'NONE', *, *, #846, .F. ) ;
#2064 = FILL_AREA_STYLE_COLOUR ( '', #1265 ) ;
#2065 = LINE ( 'NONE', #964, #289 ) ;
#2066 = DIRECTION ( 'NONE',  ( 1.971276677246371500E-016, -1.000000000000000000, 0.0000000000000000000 ) ) ;
#2067 = DIRECTION ( 'NONE',  ( -0.0000000000000000000, -1.000000000000000000, -0.0000000000000000000 ) ) ;
#2068 = SURFACE_SIDE_STYLE ('',( #781 ) ) ;
#2069 = ORIENTED_EDGE ( 'NONE', *, *, #1497, .T. ) ;
#2070 = CARTESIAN_POINT ( 'NONE',  ( -1.650000000000000400, 3.252606517456513800E-016, 0.5600000000000000500 ) ) ;
#2071 = VECTOR ( 'NONE', #3209, 1000.000000000000000 ) ;
#2072 = FILL_AREA_STYLE_COLOUR ( '', #2356 ) ;
#2073 = CARTESIAN_POINT ( 'NONE',  ( 0.8899999999999999000, -1.915000000000000000, 0.0000000000000000000 ) ) ;
#2074 = STYLED_ITEM ( 'NONE', ( #3252 ), #1823 ) ;
#2075 = DIRECTION ( 'NONE',  ( -1.000000000000000000, 0.0000000000000000000, 0.0000000000000000000 ) ) ;
#2076 = CARTESIAN_POINT ( 'NONE',  ( -1.283364955707647000, 1.500000000000000000, 0.5500000000000001600 ) ) ;
#2077 = SURFACE_STYLE_FILL_AREA ( #3123 ) ;
#2078 =( NAMED_UNIT ( * ) SI_UNIT ( $, .STERADIAN. ) SOLID_ANGLE_UNIT ( ) );
#2079 = DIRECTION ( 'NONE',  ( 9.856383386231855100E-017, -1.000000000000000000, 0.0000000000000000000 ) ) ;
#2080 = MECHANICAL_DESIGN_GEOMETRIC_PRESENTATION_REPRESENTATION (  '', ( #1409 ), #2318 ) ;
#2081 = FILL_AREA_STYLE_COLOUR ( '', #1278 ) ;
#2082 = DIRECTION ( 'NONE',  ( 1.971276677246371500E-016, -1.000000000000000000, 0.0000000000000000000 ) ) ;
#2083 = ADVANCED_FACE ( 'NONE', ( #2342 ), #3444, .F. ) ;
#2084 = STYLED_ITEM ( 'NONE', ( #3260 ), #33 ) ;
#2085 = VECTOR ( 'NONE', #2843, 1000.000000000000000 ) ;
#2086 = EDGE_CURVE ( 'NONE', #2128, #2128, #1129, .T. ) ;
#2087 = LINE ( 'NONE', #3604, #3888 ) ;
#2088 = VERTEX_POINT ( 'NONE', #1104 ) ;
#2089 = EDGE_LOOP ( 'NONE', ( #3097, #4110, #76, #1502, #3531 ) ) ;
#2090 = ORIENTED_EDGE ( 'NONE', *, *, #2755, .F. ) ;
#2091 = LINE ( 'NONE', #1478, #1203 ) ;
#2092 = VECTOR ( 'NONE', #3288, 1000.000000000000000 ) ;
#2093 = SURFACE_SIDE_STYLE ('',( #1341 ) ) ;
#2094 =( NAMED_UNIT ( * ) SI_UNIT ( $, .STERADIAN. ) SOLID_ANGLE_UNIT ( ) );
#2095 = DIRECTION ( 'NONE',  ( 0.0000000000000000000, -0.0000000000000000000, -1.000000000000000000 ) ) ;
#2096 = ORIENTED_EDGE ( 'NONE', *, *, #4022, .F. ) ;
#2097 = ORIENTED_EDGE ( 'NONE', *, *, #3756, .F. ) ;
#2098 = CARTESIAN_POINT ( 'NONE',  ( -1.883364955707646800, 0.3299999999999999000, 0.5600000000000000500 ) ) ;
#2099 = PRODUCT_DEFINITION_CONTEXT ( 'detailed design', #1353, 'design' ) ;
#2100 = DIRECTION ( 'NONE',  ( -1.000000000000000000, 5.691349986800548400E-017, 0.0000000000000000000 ) ) ;
#2101 = ORIENTED_EDGE ( 'NONE', *, *, #102, .F. ) ;
#2102 = ORIENTED_EDGE ( 'NONE', *, *, #1132, .T. ) ;
#2103 = STYLED_ITEM ( 'NONE', ( #2411 ), #1167 ) ;
#2104 = VERTEX_POINT ( 'NONE', #1437 ) ;
#2105 = VECTOR ( 'NONE', #4137, 1000.000000000000000 ) ;
#2106 = ADVANCED_FACE ( 'NONE', ( #3715 ), #3457, .F. ) ;
#2107 = SURFACE_STYLE_USAGE ( .BOTH. , #4126 ) ;
#2108 = VERTEX_POINT ( 'NONE', #3474 ) ;
#2109 = AXIS2_PLACEMENT_3D ( 'NONE', #2412, #404, #4106 ) ;
#2110 = SURFACE_STYLE_USAGE ( .BOTH. , #4216 ) ;
#2111 = DIRECTION ( 'NONE',  ( -0.0000000000000000000, -0.0000000000000000000, -1.000000000000000000 ) ) ;
#2112 = FILL_AREA_STYLE_COLOUR ( '', #2011 ) ;
#2113 = EDGE_CURVE ( 'NONE', #19, #474, #4297, .T. ) ;
#2114 = CARTESIAN_POINT ( 'NONE',  ( 0.5383862562622202500, -1.100000000000000100, 1.012983963681220100 ) ) ;
#2115 = CARTESIAN_POINT ( 'NONE',  ( -0.8900000000000001200, 8.772181213746353200E-017, 0.5600000000000000500 ) ) ;
#2116 = EDGE_CURVE ( 'NONE', #2745, #3436, #3392, .T. ) ;
#2117 = AXIS2_PLACEMENT_3D ( 'NONE', #2489, #483, #2831 ) ;
#2118 = VECTOR ( 'NONE', #2706, 1000.000000000000000 ) ;
#2119 = PLANE ( 'NONE',  #765 ) ;
#2120 = PRESENTATION_LAYER_ASSIGNMENT (  '', '', ( #1660 ) ) ;
#2121 = LINE ( 'NONE', #3934, #3810 ) ;
#2122 = VERTEX_POINT ( 'NONE', #2125 ) ;
#2123 = FACE_OUTER_BOUND ( 'NONE', #3464, .T. ) ;
#2124 = CARTESIAN_POINT ( 'NONE',  ( 0.0000000000000000000, -1.330352135378642700, 1.586924070653191700 ) ) ;
#2125 = CARTESIAN_POINT ( 'NONE',  ( 1.905000000000000000, -0.6021693389890918600, 0.5500000000000000400 ) ) ;
#2126 = SURFACE_STYLE_USAGE ( .BOTH. , #4142 ) ;
#2127 = DIRECTION ( 'NONE',  ( 1.000000000000000000, -0.0000000000000000000, -2.013799869284637200E-016 ) ) ;
#2128 = VERTEX_POINT ( 'NONE', #1654 ) ;
#2129 = ADVANCED_FACE ( 'NONE', ( #2915 ), #2183, .F. ) ;
#2130 =( NAMED_UNIT ( * ) SI_UNIT ( $, .STERADIAN. ) SOLID_ANGLE_UNIT ( ) );
#2131 = ORIENTED_EDGE ( 'NONE', *, *, #3051, .T. ) ;
#2132 = VECTOR ( 'NONE', #4082, 1000.000000000000000 ) ;
#2133 = SURFACE_STYLE_USAGE ( .BOTH. , #798 ) ;
#2134 =( GEOMETRIC_REPRESENTATION_CONTEXT ( 3 ) GLOBAL_UNCERTAINTY_ASSIGNED_CONTEXT ( ( #1143 ) ) GLOBAL_UNIT_ASSIGNED_CONTEXT ( ( #1186, #3542, #1510 ) ) REPRESENTATION_CONTEXT ( 'NONE', 'WORKASPACE' ) );
#2135 = FACE_OUTER_BOUND ( 'NONE', #2363, .T. ) ;
#2136 = EDGE_CURVE ( 'NONE', #3357, #796, #396, .T. ) ;
#2137 =( LENGTH_UNIT ( ) NAMED_UNIT ( * ) SI_UNIT ( .MILLI., .METRE. ) );
#2138 = LINE ( 'NONE', #3672, #358 ) ;
#2139 = SURFACE_STYLE_USAGE ( .BOTH. , #4166 ) ;
#2140 = ORIENTED_EDGE ( 'NONE', *, *, #1872, .F. ) ;
#2141 = VECTOR ( 'NONE', #3327, 1000.000000000000000 ) ;
#2142 = EDGE_LOOP ( 'NONE', ( #1894, #4352, #1905, #2369, #2928, #599, #587, #2737, #3280, #1943, #1357, #1668, #3321, #891 ) ) ;
#2143 = CARTESIAN_POINT ( 'NONE',  ( -1.283364955707646700, 1.500000000000000000, 2.460000000000000400 ) ) ;
#2144 =( GEOMETRIC_REPRESENTATION_CONTEXT ( 3 ) GLOBAL_UNCERTAINTY_ASSIGNED_CONTEXT ( ( #549 ) ) GLOBAL_UNIT_ASSIGNED_CONTEXT ( ( #902, #3949, #2280 ) ) REPRESENTATION_CONTEXT ( 'NONE', 'WORKASPACE' ) );
#2145 = FACE_OUTER_BOUND ( 'NONE', #2847, .T. ) ;
#2146 =( NAMED_UNIT ( * ) SI_UNIT ( $, .STERADIAN. ) SOLID_ANGLE_UNIT ( ) );
#2147 = VECTOR ( 'NONE', #2874, 1000.000000000000000 ) ;
#2148 = EDGE_CURVE ( 'NONE', #3928, #661, #4188, .T. ) ;
#2149 = FACE_OUTER_BOUND ( 'NONE', #1928, .T. ) ;
#2150 = ADVANCED_FACE ( 'NONE', ( #3870 ), #3891, .F. ) ;
#2151 = CARTESIAN_POINT ( 'NONE',  ( 0.0000000000000000000, -0.8149999999999997200, 0.5600000000000000500 ) ) ;
#2152 = EDGE_LOOP ( 'NONE', ( #2483, #2468, #1152, #803 ) ) ;
#2153 = ORIENTED_EDGE ( 'NONE', *, *, #3594, .F. ) ;
#2154 = VECTOR ( 'NONE', #2505, 1000.000000000000100 ) ;
#2155 = CARTESIAN_POINT ( 'NONE',  ( 0.7833649557076468600, 1.500000000000000000, 2.460000000000000400 ) ) ;
#2156 = CARTESIAN_POINT ( 'NONE',  ( 0.0000000000000000000, 0.0000000000000000000, 0.01000000000000000000 ) ) ;
#2157 = FILL_AREA_STYLE_COLOUR ( '', #778 ) ;
#2158 = DIRECTION ( 'NONE',  ( -0.0000000000000000000, -0.0000000000000000000, -1.000000000000000000 ) ) ;
#2159 = LINE ( 'NONE', #1061, #3961 ) ;
#2160 = EDGE_LOOP ( 'NONE', ( #3633, #1605, #2757, #4217 ) ) ;
#2161 = DIRECTION ( 'NONE',  ( -2.270580465938229000E-016, 0.0000000000000000000, 1.000000000000000000 ) ) ;
#2162 = AXIS2_PLACEMENT_3D ( 'NONE', #87, #1406, #1748 ) ;
#2163 = ORIENTED_EDGE ( 'NONE', *, *, #1633, .F. ) ;
#2164 = DIRECTION ( 'NONE',  ( 0.0000000000000000000, 0.0000000000000000000, 1.000000000000000000 ) ) ;
#2165 = VERTEX_POINT ( 'NONE', #3908 ) ;
#2166 = DIRECTION ( 'NONE',  ( 0.0000000000000000000, 0.0000000000000000000, 1.000000000000000000 ) ) ;
#2167 = AXIS2_PLACEMENT_3D ( 'NONE', #3432, #1413, #3769 ) ;
#2168 = VECTOR ( 'NONE', #3234, 1000.000000000000000 ) ;
#2169 = EDGE_CURVE ( 'NONE', #1458, #975, #2665, .T. ) ;
#2170 = ORIENTED_EDGE ( 'NONE', *, *, #4338, .F. ) ;
#2171 = DIRECTION ( 'NONE',  ( 0.0000000000000000000, -0.0000000000000000000, -1.000000000000000000 ) ) ;
#2172 = SURFACE_SIDE_STYLE ('',( #1257 ) ) ;
#2173 = CARTESIAN_POINT ( 'NONE',  ( -1.883364955707646800, 1.500000000000000000, 0.5500000000000000400 ) ) ;
#2174 = FACE_OUTER_BOUND ( 'NONE', #1364, .T. ) ;
#2175 = DIRECTION ( 'NONE',  ( 1.000000000000000000, -0.0000000000000000000, 1.807003620809174600E-016 ) ) ;
#2176 = EDGE_CURVE ( 'NONE', #2637, #2435, #4353, .T. ) ;
#2177 = ADVANCED_FACE ( 'NONE', ( #754 ), #2563, .T. ) ;
#2178 = PRESENTATION_LAYER_ASSIGNMENT (  '', '', ( #1718 ) ) ;
#2179 = DIRECTION ( 'NONE',  ( -1.000000000000000000, 0.0000000000000000000, 0.0000000000000000000 ) ) ;
#2180 = ORIENTED_EDGE ( 'NONE', *, *, #1923, .F. ) ;
#2181 = PRESENTATION_STYLE_ASSIGNMENT (( #4165 ) ) ;
#2182 =( GEOMETRIC_REPRESENTATION_CONTEXT ( 3 ) GLOBAL_UNCERTAINTY_ASSIGNED_CONTEXT ( ( #559 ) ) GLOBAL_UNIT_ASSIGNED_CONTEXT ( ( #1163, #3520, #1493 ) ) REPRESENTATION_CONTEXT ( 'NONE', 'WORKASPACE' ) );
#2183 = PLANE ( 'NONE',  #2821 ) ;
#2184 =( NAMED_UNIT ( * ) PLANE_ANGLE_UNIT ( ) SI_UNIT ( $, .RADIAN. ) );
#2185 =( NAMED_UNIT ( * ) SI_UNIT ( $, .STERADIAN. ) SOLID_ANGLE_UNIT ( ) );
#2186 = SURFACE_STYLE_FILL_AREA ( #932 ) ;
#2187 = CARTESIAN_POINT ( 'NONE',  ( -1.490488272734400900, -0.6021693389890916400, 0.5500000000000001600 ) ) ;
#2188 = DIRECTION ( 'NONE',  ( -0.0000000000000000000, 1.000000000000000000, 0.0000000000000000000 ) ) ;
#2189 = CARTESIAN_POINT ( 'NONE',  ( -6.149680183252800100E-032, 0.6021693389890925300, 0.5500000000000003800 ) ) ;
#2190 = LINE ( 'NONE', #3970, #1191 ) ;
#2191 = CARTESIAN_POINT ( 'NONE',  ( -0.8899999999999999000, -1.905000000000000000, 0.5500000000000000400 ) ) ;
#2192 = UNCERTAINTY_MEASURE_WITH_UNIT (LENGTH_MEASURE( 1.000000000000000100E-005 ), #2999, 'distance_accuracy_value', 'NONE');
#2193 = DIRECTION ( 'NONE',  ( 2.853163611803958800E-016, 1.000000000000000000, -0.0000000000000000000 ) ) ;
#2194 = LINE ( 'NONE', #3522, #1303 ) ;
#2195 = PRESENTATION_STYLE_ASSIGNMENT (( #3711 ) ) ;
#2196 = AXIS2_PLACEMENT_3D ( 'NONE', #1367, #3727, #1699 ) ;
#2197 = PLANE ( 'NONE',  #3115 ) ;
#2198 = EDGE_CURVE ( 'NONE', #264, #4101, #1337, .T. ) ;
#2199 = FACE_OUTER_BOUND ( 'NONE', #25, .T. ) ;
#2200 = PRESENTATION_STYLE_ASSIGNMENT (( #2895 ) ) ;
#2201 = ORIENTED_EDGE ( 'NONE', *, *, #4326, .F. ) ;
#2202 = EDGE_CURVE ( 'NONE', #4025, #2323, #2233, .T. ) ;
#2203 = PRESENTATION_LAYER_ASSIGNMENT (  '', '', ( #1971 ) ) ;
#2204 = CARTESIAN_POINT ( 'NONE',  ( -1.084202172485504400E-016, -1.905000000000000000, 0.5500000000000000400 ) ) ;
#2205 =( LENGTH_UNIT ( ) NAMED_UNIT ( * ) SI_UNIT ( .MILLI., .METRE. ) );
#2206 = CARTESIAN_POINT ( 'NONE',  ( -1.650000000000000100, -1.500000000000000000, 0.5500000000000000400 ) ) ;
#2207 =( NAMED_UNIT ( * ) PLANE_ANGLE_UNIT ( ) SI_UNIT ( $, .RADIAN. ) );
#2208 = VECTOR ( 'NONE', #1933, 1000.000000000000000 ) ;
#2209 = CARTESIAN_POINT ( 'NONE',  ( -1.883364955707646800, -1.500000000000000000, 0.5500000000000000400 ) ) ;
#2210 = ORIENTED_EDGE ( 'NONE', *, *, #2876, .F. ) ;
#2211 = EDGE_LOOP ( 'NONE', ( #1516, #2446, #528, #3318, #1854, #718, #2747, #3056 ) ) ;
#2212 = SURFACE_STYLE_USAGE ( .BOTH. , #4232 ) ;
#2213 = ORIENTED_EDGE ( 'NONE', *, *, #3813, .F. ) ;
#2214 = ORIENTED_EDGE ( 'NONE', *, *, #969, .T. ) ;
#2215 = ORIENTED_EDGE ( 'NONE', *, *, #3396, .F. ) ;
#2216 = SURFACE_SIDE_STYLE ('',( #3635 ) ) ;
#2217 = ORIENTED_EDGE ( 'NONE', *, *, #4298, .T. ) ;
#2218 = SURFACE_STYLE_USAGE ( .BOTH. , #4239 ) ;
#2219 = ORIENTED_EDGE ( 'NONE', *, *, #4176, .F. ) ;
#2220 = PLANE ( 'NONE',  #246 ) ;
#2221 =( NAMED_UNIT ( * ) PLANE_ANGLE_UNIT ( ) SI_UNIT ( $, .RADIAN. ) );
#2222 = DIRECTION ( 'NONE',  ( 0.0000000000000000000, -1.000000000000000000, 0.0000000000000000000 ) ) ;
#2223 = CARTESIAN_POINT ( 'NONE',  ( -0.9801724650762111400, -1.914999999999999800, 0.0000000000000000000 ) ) ;
#2224 = VECTOR ( 'NONE', #1593, 1000.000000000000000 ) ;
#2225 =( GEOMETRIC_REPRESENTATION_CONTEXT ( 3 ) GLOBAL_UNCERTAINTY_ASSIGNED_CONTEXT ( ( #3498 ) ) GLOBAL_UNIT_ASSIGNED_CONTEXT ( ( #1747, #4104, #2078 ) ) REPRESENTATION_CONTEXT ( 'NONE', 'WORKASPACE' ) );
#2226 = CARTESIAN_POINT ( 'NONE',  ( -1.283364955707647000, 0.3299999999999998500, 0.5600000000000000500 ) ) ;
#2227 = DIRECTION ( 'NONE',  ( 1.000000000000000000, 0.0000000000000000000, 1.800493818409349600E-016 ) ) ;
#2228 = DIRECTION ( 'NONE',  ( 2.853163611803958800E-016, -1.000000000000000000, 0.0000000000000000000 ) ) ;
#2229 = CIRCLE ( 'NONE', #2196, 0.5000000000000000000 ) ;
#2230 = FACE_OUTER_BOUND ( 'NONE', #1996, .T. ) ;
#2231 = CARTESIAN_POINT ( 'NONE',  ( 0.0000000000000000000, 1.330352135378642700, 1.586924070653191700 ) ) ;
#2232 =( GEOMETRIC_REPRESENTATION_CONTEXT ( 3 ) GLOBAL_UNCERTAINTY_ASSIGNED_CONTEXT ( ( #2192 ) ) GLOBAL_UNIT_ASSIGNED_CONTEXT ( ( #2999, #988, #3341 ) ) REPRESENTATION_CONTEXT ( 'NONE', 'WORKASPACE' ) );
#2233 = CIRCLE ( 'NONE', #1375, 0.6021693389890920800 ) ;
#2234 =( GEOMETRIC_REPRESENTATION_CONTEXT ( 3 ) GLOBAL_UNCERTAINTY_ASSIGNED_CONTEXT ( ( #2884 ) ) GLOBAL_UNIT_ASSIGNED_CONTEXT ( ( #1762, #2799, #3289 ) ) REPRESENTATION_CONTEXT ( 'NONE', 'WORKASPACE' ) );
#2235 = CARTESIAN_POINT ( 'NONE',  ( -1.683364955707645500, 1.299999999999998700, 3.560000000000000100 ) ) ;
#2236 = CARTESIAN_POINT ( 'NONE',  ( 0.0000000000000000000, 0.0000000000000000000, 0.0000000000000000000 ) ) ;
#2237 = EDGE_CURVE ( 'NONE', #2360, #3004, #455, .T. ) ;
#2238 = VECTOR ( 'NONE', #413, 1000.000000000000000 ) ;
#2239 = DIRECTION ( 'NONE',  ( 0.7071067811865490200, 0.0000000000000000000, 0.7071067811865460200 ) ) ;
#2240 = DIRECTION ( 'NONE',  ( 1.000000000000000000, 0.0000000000000000000, -0.0000000000000000000 ) ) ;
#2241 = DIRECTION ( 'NONE',  ( 1.971276677246371800E-016, 1.000000000000000000, 0.0000000000000000000 ) ) ;
#2242 = ORIENTED_EDGE ( 'NONE', *, *, #2021, .F. ) ;
#2243 = VECTOR ( 'NONE', #39, 1000.000000000000000 ) ;
#2244 = FILL_AREA_STYLE ('',( #3590 ) ) ;
#2245 =( NAMED_UNIT ( * ) SI_UNIT ( $, .STERADIAN. ) SOLID_ANGLE_UNIT ( ) );
#2246 = FILL_AREA_STYLE ('',( #314 ) ) ;
#2247 = DIRECTION ( 'NONE',  ( -0.0000000000000000000, 0.0000000000000000000, 1.000000000000000000 ) ) ;
#2248 = ORIENTED_EDGE ( 'NONE', *, *, #1517, .T. ) ;
#2249 = VECTOR ( 'NONE', #963, 1000.000000000000000 ) ;
#2250 = DIRECTION ( 'NONE',  ( -0.0000000000000000000, 0.0000000000000000000, 1.000000000000000000 ) ) ;
#2251 = SURFACE_STYLE_USAGE ( .BOTH. , #4280 ) ;
#2252 =( NAMED_UNIT ( * ) PLANE_ANGLE_UNIT ( ) SI_UNIT ( $, .RADIAN. ) );
#2253 = LINE ( 'NONE', #4195, #1256 ) ;
#2254 = STYLED_ITEM ( 'NONE', ( #943 ), #2761 ) ;
#2255 = FILL_AREA_STYLE_COLOUR ( '', #4267 ) ;
#2256 = ORIENTED_EDGE ( 'NONE', *, *, #3080, .T. ) ;
#2257 = EDGE_CURVE ( 'NONE', #1890, #2951, #3916, .T. ) ;
#2258 = ORIENTED_EDGE ( 'NONE', *, *, #687, .F. ) ;
#2259 = EDGE_CURVE ( 'NONE', #3222, #4249, #2121, .T. ) ;
#2260 =( GEOMETRIC_REPRESENTATION_CONTEXT ( 3 ) GLOBAL_UNCERTAINTY_ASSIGNED_CONTEXT ( ( #1536 ) ) GLOBAL_UNIT_ASSIGNED_CONTEXT ( ( #3291, #1283, #3636 ) ) REPRESENTATION_CONTEXT ( 'NONE', 'WORKASPACE' ) );
#2261 = CARTESIAN_POINT ( 'NONE',  ( -1.283364955707647000, 1.500000000000000000, 0.5500000000000001600 ) ) ;
#2262 = CARTESIAN_POINT ( 'NONE',  ( 1.283364955707647000, 1.500000000000000000, 0.5500000000000001600 ) ) ;
#2263 = CARTESIAN_POINT ( 'NONE',  ( -1.905000000000000000, 0.0000000000000000000, 0.5500000000000000400 ) ) ;
#2264 = CARTESIAN_POINT ( 'NONE',  ( 1.283364955707647000, -0.3300000000000000200, 0.0000000000000000000 ) ) ;
#2265 = ORIENTED_EDGE ( 'NONE', *, *, #1846, .T. ) ;
#2266 = EDGE_LOOP ( 'NONE', ( #2838 ) ) ;
#2267 = MECHANICAL_DESIGN_GEOMETRIC_PRESENTATION_REPRESENTATION (  '', ( #1818 ), #2491 ) ;
#2268 =( NAMED_UNIT ( * ) PLANE_ANGLE_UNIT ( ) SI_UNIT ( $, .RADIAN. ) );
#2269 = CARTESIAN_POINT ( 'NONE',  ( -1.084202172485504400E-016, -1.905000000000000000, 0.5500000000000000400 ) ) ;
#2270 = DIRECTION ( 'NONE',  ( -1.000000000000000000, -0.0000000000000000000, -0.0000000000000000000 ) ) ;
#2271 = FILL_AREA_STYLE ('',( #905 ) ) ;
#2272 = ORIENTED_EDGE ( 'NONE', *, *, #3880, .T. ) ;
#2273 = CARTESIAN_POINT ( 'NONE',  ( -0.3800000000000006200, 0.3050000000000001600, 0.01000000000000000000 ) ) ;
#2274 = CIRCLE ( 'NONE', #165, 0.6021693389890920800 ) ;
#2275 = ORIENTED_EDGE ( 'NONE', *, *, #403, .T. ) ;
#2276 = DIRECTION ( 'NONE',  ( 1.000000000000000000, 2.853163611803958800E-016, 0.0000000000000000000 ) ) ;
#2277 = VECTOR ( 'NONE', #2562, 1000.000000000000000 ) ;
#2278 = ORIENTED_EDGE ( 'NONE', *, *, #3991, .F. ) ;
#2279 = DIRECTION ( 'NONE',  ( -0.0000000000000000000, 0.0000000000000000000, 1.000000000000000000 ) ) ;
#2280 =( NAMED_UNIT ( * ) SI_UNIT ( $, .STERADIAN. ) SOLID_ANGLE_UNIT ( ) );
#2281 = DIRECTION ( 'NONE',  ( -1.807003620809174600E-016, 0.0000000000000000000, -1.000000000000000000 ) ) ;
#2282 = MECHANICAL_DESIGN_GEOMETRIC_PRESENTATION_REPRESENTATION (  '', ( #1831 ), #2503 ) ;
#2283 = SURFACE_STYLE_FILL_AREA ( #2776 ) ;
#2284 = DIRECTION ( 'NONE',  ( -9.856383386231853900E-017, -1.000000000000000000, 0.0000000000000000000 ) ) ;
#2285 = DIRECTION ( 'NONE',  ( -2.853163611803958800E-016, -1.000000000000000000, 0.0000000000000000000 ) ) ;
#2286 = DIRECTION ( 'NONE',  ( -0.0000000000000000000, -1.000000000000000000, -0.0000000000000000000 ) ) ;
#2287 = EDGE_CURVE ( 'NONE', #1321, #1282, #336, .T. ) ;
#2288 = LINE ( 'NONE', #462, #3180 ) ;
#2289 = VECTOR ( 'NONE', #695, 1000.000000000000000 ) ;
#2290 = MECHANICAL_DESIGN_GEOMETRIC_PRESENTATION_REPRESENTATION (  '', ( #1601 ), #2516 ) ;
#2291 = CARTESIAN_POINT ( 'NONE',  ( 1.650000000000000100, 1.500000000000000000, 0.5600000000000000500 ) ) ;
#2292 = DIRECTION ( 'NONE',  ( -1.000000000000000000, 0.0000000000000000000, 0.0000000000000000000 ) ) ;
#2293 = DIRECTION ( 'NONE',  ( 0.0000000000000000000, -1.000000000000000000, 0.0000000000000000000 ) ) ;
#2294 = EDGE_CURVE ( 'NONE', #1890, #2937, #3128, .T. ) ;
#2295 = DIRECTION ( 'NONE',  ( 1.000000000000000000, 2.853163611803958800E-016, 0.0000000000000000000 ) ) ;
#2296 =( LENGTH_UNIT ( ) NAMED_UNIT ( * ) SI_UNIT ( .MILLI., .METRE. ) );
#2297 = DIRECTION ( 'NONE',  ( 2.341770466227234500E-016, 0.0000000000000000000, -1.000000000000000000 ) ) ;
#2298 = CARTESIAN_POINT ( 'NONE',  ( 0.0000000000000000000, 0.0000000000000000000, 0.0000000000000000000 ) ) ;
#2299 = SURFACE_STYLE_FILL_AREA ( #2246 ) ;
#2300 = DIRECTION ( 'NONE',  ( -9.856383386231855100E-017, -1.000000000000000000, 0.0000000000000000000 ) ) ;
#2301 = VECTOR ( 'NONE', #3334, 1000.000000000000000 ) ;
#2302 = VERTEX_POINT ( 'NONE', #1253 ) ;
#2303 = LINE ( 'NONE', #4185, #2085 ) ;
#2304 = FACE_OUTER_BOUND ( 'NONE', #2211, .T. ) ;
#2305 = CARTESIAN_POINT ( 'NONE',  ( 1.269999999999999800, 1.905000000000000900, 0.0000000000000000000 ) ) ;
#2306 = ORIENTED_EDGE ( 'NONE', *, *, #3161, .F. ) ;
#2307 = CARTESIAN_POINT ( 'NONE',  ( -1.650000000000000100, -1.500000000000000000, 0.5600000000000000500 ) ) ;
#2308 = VECTOR ( 'NONE', #46, 1000.000000000000000 ) ;
#2309 = SURFACE_STYLE_FILL_AREA ( #1795 ) ;
#2310 = AXIS2_PLACEMENT_3D ( 'NONE', #2969, #961, #3311 ) ;
#2311 = ORIENTED_EDGE ( 'NONE', *, *, #2727, .T. ) ;
#2312 = EDGE_LOOP ( 'NONE', ( #2311, #1169, #837, #4088 ) ) ;
#2313 = DIRECTION ( 'NONE',  ( 0.0000000000000000000, 1.000000000000000000, 0.0000000000000000000 ) ) ;
#2314 = DIRECTION ( 'NONE',  ( 0.0000000000000000000, 1.000000000000000000, 0.0000000000000000000 ) ) ;
#2315 = DIRECTION ( 'NONE',  ( -1.000000000000000000, 0.0000000000000000000, 0.0000000000000000000 ) ) ;
#2316 = LINE ( 'NONE', #1260, #2208 ) ;
#2317 = CARTESIAN_POINT ( 'NONE',  ( 1.883364955707646800, -1.500000000000000000, 0.5500000000000000400 ) ) ;
#2318 =( GEOMETRIC_REPRESENTATION_CONTEXT ( 3 ) GLOBAL_UNCERTAINTY_ASSIGNED_CONTEXT ( ( #186 ) ) GLOBAL_UNIT_ASSIGNED_CONTEXT ( ( #4227, #2207, #203 ) ) REPRESENTATION_CONTEXT ( 'NONE', 'WORKASPACE' ) );
#2319 =( NAMED_UNIT ( * ) PLANE_ANGLE_UNIT ( ) SI_UNIT ( $, .RADIAN. ) );
#2320 = ORIENTED_EDGE ( 'NONE', *, *, #4097, .F. ) ;
#2321 = EDGE_LOOP ( 'NONE', ( #3265, #926, #2990, #648 ) ) ;
#2322 = PRESENTATION_LAYER_ASSIGNMENT (  '', '', ( #2084 ) ) ;
#2323 = VERTEX_POINT ( 'NONE', #922 ) ;
#2324 = EDGE_CURVE ( 'NONE', #2427, #3468, #3708, .T. ) ;
#2325 = ORIENTED_EDGE ( 'NONE', *, *, #323, .F. ) ;
#2326 = AXIS2_PLACEMENT_3D ( 'NONE', #3344, #3033, #1025 ) ;
#2327 = PLANE ( 'NONE',  #457 ) ;
#2328 = VERTEX_POINT ( 'NONE', #2945 ) ;
#2329 = DIRECTION ( 'NONE',  ( -1.000000000000000000, -9.856383386231853900E-017, 0.0000000000000000000 ) ) ;
#2330 = UNCERTAINTY_MEASURE_WITH_UNIT (LENGTH_MEASURE( 1.000000000000000100E-005 ), #3677, 'distance_accuracy_value', 'NONE');
#2331 = DIRECTION ( 'NONE',  ( -0.0000000000000000000, -0.0000000000000000000, -1.000000000000000000 ) ) ;
#2332 = ORIENTED_EDGE ( 'NONE', *, *, #1158, .F. ) ;
#2333 =( NAMED_UNIT ( * ) PLANE_ANGLE_UNIT ( ) SI_UNIT ( $, .RADIAN. ) );
#2334 = FILL_AREA_STYLE ('',( #303 ) ) ;
#2335 = DIRECTION ( 'NONE',  ( -0.0000000000000000000, -0.0000000000000000000, -1.000000000000000000 ) ) ;
#2336 = UNCERTAINTY_MEASURE_WITH_UNIT (LENGTH_MEASURE( 1.000000000000000100E-005 ), #4292, 'distance_accuracy_value', 'NONE');
#2337 = LINE ( 'NONE', #2944, #444 ) ;
#2338 = AXIS2_PLACEMENT_3D ( 'NONE', #3911, #2907, #893 ) ;
#2339 = SURFACE_STYLE_FILL_AREA ( #2271 ) ;
#2340 =( NAMED_UNIT ( * ) SI_UNIT ( $, .STERADIAN. ) SOLID_ANGLE_UNIT ( ) );
#2341 = MECHANICAL_DESIGN_GEOMETRIC_PRESENTATION_REPRESENTATION (  '', ( #1891 ), #2567 ) ;
#2342 = FACE_OUTER_BOUND ( 'NONE', #1950, .T. ) ;
#2343 = FILL_AREA_STYLE_COLOUR ( '', #2726 ) ;
#2344 = EDGE_CURVE ( 'NONE', #3864, #4112, #1912, .T. ) ;
#2345 = LINE ( 'NONE', #2981, #1447 ) ;
#2346 = EDGE_CURVE ( 'NONE', #3591, #2422, #2912, .T. ) ;
#2347 = VERTEX_POINT ( 'NONE', #1264 ) ;
#2348 = MECHANICAL_DESIGN_GEOMETRIC_PRESENTATION_REPRESENTATION (  '', ( #1660 ), #2581 ) ;
#2349 = LINE ( 'NONE', #2049, #1239 ) ;
#2350 = SURFACE_STYLE_FILL_AREA ( #3824 ) ;
#2351 = DIRECTION ( 'NONE',  ( -0.0000000000000000000, -0.0000000000000000000, -1.000000000000000000 ) ) ;
#2352 = DIRECTION ( 'NONE',  ( 0.0000000000000000000, 1.000000000000000000, 0.0000000000000000000 ) ) ;
#2353 = DIRECTION ( 'NONE',  ( 0.0000000000000000000, -1.000000000000000000, 0.0000000000000000000 ) ) ;
#2354 =( LENGTH_UNIT ( ) NAMED_UNIT ( * ) SI_UNIT ( .MILLI., .METRE. ) );
#2355 = ADVANCED_FACE ( 'NONE', ( #2815 ), #2623, .F. ) ;
#2356 = COLOUR_RGB ( '',1.000000000000000000, 0.8431372549019607900, 0.0000000000000000000 ) ;
#2357 = EDGE_LOOP ( 'NONE', ( #1287, #4116, #3792, #3648 ) ) ;
#2358 = LINE ( 'NONE', #2642, #2249 ) ;
#2359 = ADVANCED_FACE ( 'NONE', ( #4183 ), #1180, .F. ) ;
#2360 = VERTEX_POINT ( 'NONE', #2659 ) ;
#2361 = VECTOR ( 'NONE', #1066, 1000.000000000000000 ) ;
#2362 = PRESENTATION_STYLE_ASSIGNMENT (( #3548 ) ) ;
#2363 = EDGE_LOOP ( 'NONE', ( #3156, #2042, #2693, #4333 ) ) ;
#2364 =( LENGTH_UNIT ( ) NAMED_UNIT ( * ) SI_UNIT ( .MILLI., .METRE. ) );
#2365 = DIRECTION ( 'NONE',  ( 1.000000000000000000, 0.0000000000000000000, 0.0000000000000000000 ) ) ;
#2366 = DIRECTION ( 'NONE',  ( 0.0000000000000000000, 0.0000000000000000000, 1.000000000000000000 ) ) ;
#2367 = DIRECTION ( 'NONE',  ( 0.0000000000000000000, 0.0000000000000000000, -1.000000000000000000 ) ) ;
#2368 = EDGE_CURVE ( 'NONE', #2649, #4146, #2065, .T. ) ;
#2369 = ORIENTED_EDGE ( 'NONE', *, *, #881, .F. ) ;
#2370 = ORIENTED_EDGE ( 'NONE', *, *, #1473, .T. ) ;
#2371 = STYLED_ITEM ( 'NONE', ( #812 ), #3417 ) ;
#2372 = CARTESIAN_POINT ( 'NONE',  ( 1.883364955707646800, 0.6021693389890920800, 0.5500000000000000400 ) ) ;
#2373 = VERTEX_POINT ( 'NONE', #3668 ) ;
#2374 = ORIENTED_EDGE ( 'NONE', *, *, #3779, .F. ) ;
#2375 = EDGE_CURVE ( 'NONE', #532, #2532, #3865, .T. ) ;
#2376 = ORIENTED_EDGE ( 'NONE', *, *, #4150, .F. ) ;
#2377 = ADVANCED_FACE ( 'NONE', ( #2963 ), #1980, .T. ) ;
#2378 = UNCERTAINTY_MEASURE_WITH_UNIT (LENGTH_MEASURE( 1.000000000000000100E-005 ), #1307, 'distance_accuracy_value', 'NONE');
#2379 = DIRECTION ( 'NONE',  ( 0.5773502691896249500, 0.5773502691896249500, 0.5773502691896272900 ) ) ;
#2380 = ORIENTED_EDGE ( 'NONE', *, *, #2569, .T. ) ;
#2381 = DIRECTION ( 'NONE',  ( 1.000000000000000000, -2.853163611803958800E-016, 0.0000000000000000000 ) ) ;
#2382 = SURFACE_STYLE_USAGE ( .BOTH. , #40 ) ;
#2383 = CARTESIAN_POINT ( 'NONE',  ( -1.883364955707646800, -1.500000000000000000, 3.359999999999998100 ) ) ;
#2384 = UNCERTAINTY_MEASURE_WITH_UNIT (LENGTH_MEASURE( 1.000000000000000100E-005 ), #1623, 'distance_accuracy_value', 'NONE');
#2385 = VECTOR ( 'NONE', #1206, 1000.000000000000000 ) ;
#2386 = CARTESIAN_POINT ( 'NONE',  ( -1.905000000000000000, 0.6021693389890925300, 0.5500000000000000400 ) ) ;
#2387 = ORIENTED_EDGE ( 'NONE', *, *, #102, .T. ) ;
#2388 = COLOUR_RGB ( '',1.000000000000000000, 0.8431372549019607900, 0.0000000000000000000 ) ;
#2389 = FACE_OUTER_BOUND ( 'NONE', #2894, .T. ) ;
#2390 = MECHANICAL_DESIGN_GEOMETRIC_PRESENTATION_REPRESENTATION (  '', ( #1935 ), #2620 ) ;
#2391 = DIRECTION ( 'NONE',  ( 0.0000000000000000000, 1.000000000000000000, 0.0000000000000000000 ) ) ;
#2392 = LINE ( 'NONE', #2016, #710 ) ;
#2393 = CARTESIAN_POINT ( 'NONE',  ( -1.280743893313378600, -0.8981840290769022000, 3.560000000000000100 ) ) ;
#2394 = CARTESIAN_POINT ( 'NONE',  ( 1.883364955707646800, 1.500000000000000000, 3.359999999999998100 ) ) ;
#2395 = PRESENTATION_LAYER_ASSIGNMENT (  '', '', ( #1940 ) ) ;
#2396 =( NAMED_UNIT ( * ) SI_UNIT ( $, .STERADIAN. ) SOLID_ANGLE_UNIT ( ) );
#2397 = DIRECTION ( 'NONE',  ( 1.000000000000000000, 2.037409303115534300E-016, -0.0000000000000000000 ) ) ;
#2398 = ADVANCED_FACE ( 'NONE', ( #3442, #1640 ), #3913, .T. ) ;
#2399 = EDGE_CURVE ( 'NONE', #661, #3200, #3126, .T. ) ;
#2400 = CARTESIAN_POINT ( 'NONE',  ( 1.490488272734401800, 0.0000000000000000000, 0.5500000000000001600 ) ) ;
#2401 = EDGE_CURVE ( 'NONE', #3138, #1837, #447, .T. ) ;
#2402 = LINE ( 'NONE', #4340, #1501 ) ;
#2403 = MECHANICAL_DESIGN_GEOMETRIC_PRESENTATION_REPRESENTATION (  '', ( #1718 ), #2634 ) ;
#2404 = EDGE_LOOP ( 'NONE', ( #3493, #2201, #2577, #4218, #1788, #4236 ) ) ;
#2405 = VECTOR ( 'NONE', #3136, 1000.000000000000000 ) ;
#2406 = CARTESIAN_POINT ( 'NONE',  ( 1.883364955707646800, 1.500000000000000000, 3.560000000000000100 ) ) ;
#2407 = FILL_AREA_STYLE_COLOUR ( '', #1761 ) ;
#2408 = VERTEX_POINT ( 'NONE', #1671 ) ;
#2409 =( LENGTH_UNIT ( ) NAMED_UNIT ( * ) SI_UNIT ( .MILLI., .METRE. ) );
#2410 = LINE ( 'NONE', #120, #3199 ) ;
#2411 = PRESENTATION_STYLE_ASSIGNMENT (( #2594 ) ) ;
#2412 = CARTESIAN_POINT ( 'NONE',  ( -1.280743893313378600, -0.8981840290769022000, 3.559000000000000200 ) ) ;
#2413 = ORIENTED_EDGE ( 'NONE', *, *, #2854, .F. ) ;
#2414 = SURFACE_SIDE_STYLE ('',( #996 ) ) ;
#2415 = LINE ( 'NONE', #3605, #1416 ) ;
#2416 = ORIENTED_EDGE ( 'NONE', *, *, #3332, .T. ) ;
#2417 = ORIENTED_EDGE ( 'NONE', *, *, #629, .F. ) ;
#2418 = ADVANCED_FACE ( 'NONE', ( #1226 ), #3700, .F. ) ;
#2419 = CARTESIAN_POINT ( 'NONE',  ( 0.8900000000000000100, -0.8149999999999997200, 0.5600000000000000500 ) ) ;
#2420 = VERTEX_POINT ( 'NONE', #1024 ) ;
#2421 = VERTEX_POINT ( 'NONE', #1685 ) ;
#2422 = VERTEX_POINT ( 'NONE', #4051 ) ;
#2423 = FACE_OUTER_BOUND ( 'NONE', #1674, .T. ) ;
#2424 = DIRECTION ( 'NONE',  ( 2.270580465938229000E-016, 0.0000000000000000000, 1.000000000000000000 ) ) ;
#2425 = CARTESIAN_POINT ( 'NONE',  ( 0.0000000000000000000, 0.8149999999999997200, 0.5600000000000000500 ) ) ;
#2426 = CARTESIAN_POINT ( 'NONE',  ( 0.0000000000000000000, 0.8149999999999997200, 0.5600000000000000500 ) ) ;
#2427 = VERTEX_POINT ( 'NONE', #2019 ) ;
#2428 = CARTESIAN_POINT ( 'NONE',  ( 1.084202172485504400E-016, 1.905000000000000000, 0.5500000000000000400 ) ) ;
#2429 = EDGE_CURVE ( 'NONE', #4302, #2852, #335, .T. ) ;
#2430 = SURFACE_SIDE_STYLE ('',( #3250 ) ) ;
#2431 = EDGE_CURVE ( 'NONE', #1955, #1741, #2229, .T. ) ;
#2432 = MECHANICAL_DESIGN_GEOMETRIC_PRESENTATION_REPRESENTATION (  '', ( #1971 ), #2669 ) ;
#2433 = ORIENTED_EDGE ( 'NONE', *, *, #2113, .F. ) ;
#2434 = DIRECTION ( 'NONE',  ( -0.0000000000000000000, 1.000000000000000000, -0.0000000000000000000 ) ) ;
#2435 = VERTEX_POINT ( 'NONE', #1038 ) ;
#2436 = CARTESIAN_POINT ( 'NONE',  ( 0.0000000000000000000, 1.330352135378642700, 1.586924070653191700 ) ) ;
#2437 =( LENGTH_UNIT ( ) NAMED_UNIT ( * ) SI_UNIT ( .MILLI., .METRE. ) );
#2438 = CARTESIAN_POINT ( 'NONE',  ( 0.8900000000000001200, -8.772181213746353200E-017, 0.5600000000000000500 ) ) ;
#2439 = PLANE ( 'NONE',  #3290 ) ;
#2440 = ORIENTED_EDGE ( 'NONE', *, *, #1081, .F. ) ;
#2441 = CARTESIAN_POINT ( 'NONE',  ( 1.650000000000000100, -0.8149999999999997200, 0.01000000000000000000 ) ) ;
#2442 = ADVANCED_FACE ( 'NONE', ( #3017 ), #32, .T. ) ;
#2443 = CARTESIAN_POINT ( 'NONE',  ( 0.8900000000000001200, -8.772181213746351900E-017, 0.5500000000000000400 ) ) ;
#2444 = LINE ( 'NONE', #2317, #3346 ) ;
#2445 =( NAMED_UNIT ( * ) PLANE_ANGLE_UNIT ( ) SI_UNIT ( $, .RADIAN. ) );
#2446 = ORIENTED_EDGE ( 'NONE', *, *, #3966, .F. ) ;
#2447 = DIRECTION ( 'NONE',  ( -1.000000000000000000, 0.0000000000000000000, 0.0000000000000000000 ) ) ;
#2448 = SURFACE_SIDE_STYLE ('',( #245 ) ) ;
#2449 = CARTESIAN_POINT ( 'NONE',  ( 1.283364955707646700, -1.500000000000000000, 2.460000000000000400 ) ) ;
#2450 = CARTESIAN_POINT ( 'NONE',  ( -0.8900000000000001200, -8.772181213746351900E-017, 0.5500000000000000400 ) ) ;
#2451 = DIRECTION ( 'NONE',  ( -9.856383386231853900E-017, -1.000000000000000000, 0.0000000000000000000 ) ) ;
#2452 = PRESENTATION_STYLE_ASSIGNMENT (( #1870 ) ) ;
#2453 = CARTESIAN_POINT ( 'NONE',  ( 0.8899999999999999000, -1.905000000000000000, 0.5500000000000000400 ) ) ;
#2454 = EDGE_CURVE ( 'NONE', #667, #4302, #2007, .T. ) ;
#2455 = LINE ( 'NONE', #4001, #4254 ) ;
#2456 = ORIENTED_EDGE ( 'NONE', *, *, #1415, .T. ) ;
#2457 = LINE ( 'NONE', #1306, #4147 ) ;
#2458 = ADVANCED_FACE ( 'NONE', ( #3804 ), #371, .F. ) ;
#2459 = EDGE_LOOP ( 'NONE', ( #906, #3969, #2258, #3523, #3174, #1847 ) ) ;
#2460 = LINE ( 'NONE', #2394, #4154 ) ;
#2461 = LINE ( 'NONE', #523, #1561 ) ;
#2462 = FILL_AREA_STYLE ('',( #351 ) ) ;
#2463 = FACE_OUTER_BOUND ( 'NONE', #4007, .T. ) ;
#2464 = DIRECTION ( 'NONE',  ( 0.0000000000000000000, 0.0000000000000000000, 1.000000000000000000 ) ) ;
#2465 = ORIENTED_EDGE ( 'NONE', *, *, #3737, .T. ) ;
#2466 =( NAMED_UNIT ( * ) PLANE_ANGLE_UNIT ( ) SI_UNIT ( $, .RADIAN. ) );
#2467 = VECTOR ( 'NONE', #1000, 1000.000000000000000 ) ;
#2468 = ORIENTED_EDGE ( 'NONE', *, *, #326, .T. ) ;
#2469 = CARTESIAN_POINT ( 'NONE',  ( 0.0000000000000000000, 0.8149999999999997200, 0.5500000000000000400 ) ) ;
#2470 = CARTESIAN_POINT ( 'NONE',  ( 0.0000000000000000000, 0.0000000000000000000, 0.5500000000000000400 ) ) ;
#2471 = VERTEX_POINT ( 'NONE', #1393 ) ;
#2472 = STYLED_ITEM ( 'NONE', ( #3521 ), #1452 ) ;
#2473 = ORIENTED_EDGE ( 'NONE', *, *, #231, .T. ) ;
#2474 = PRESENTATION_STYLE_ASSIGNMENT (( #3867 ) ) ;
#2475 = EDGE_LOOP ( 'NONE', ( #3763, #1328, #2699, #4343 ) ) ;
#2476 = PRESENTATION_STYLE_ASSIGNMENT (( #1372 ) ) ;
#2477 = ORIENTED_EDGE ( 'NONE', *, *, #1354, .F. ) ;
#2478 = AXIS2_PLACEMENT_3D ( 'NONE', #3550, #1521, #3885 ) ;
#2479 = ORIENTED_EDGE ( 'NONE', *, *, #376, .F. ) ;
#2480 = VERTEX_POINT ( 'NONE', #707 ) ;
#2481 = EDGE_CURVE ( 'NONE', #3062, #1100, #1690, .T. ) ;
#2482 =( NAMED_UNIT ( * ) PLANE_ANGLE_UNIT ( ) SI_UNIT ( $, .RADIAN. ) );
#2483 = ORIENTED_EDGE ( 'NONE', *, *, #1630, .F. ) ;
#2484 = CARTESIAN_POINT ( 'NONE',  ( -0.8899999999999999000, -1.905000000000000000, 0.01000000000000000000 ) ) ;
#2485 = CARTESIAN_POINT ( 'NONE',  ( -0.8900000000000000100, 0.8149999999999997200, 0.5600000000000000500 ) ) ;
#2486 = EDGE_CURVE ( 'NONE', #3155, #3894, #801, .T. ) ;
#2487 = ADVANCED_FACE ( 'NONE', ( #4288, #1587 ), #2059, .F. ) ;
#2488 = VECTOR ( 'NONE', #4086, 1000.000000000000000 ) ;
#2489 = CARTESIAN_POINT ( 'NONE',  ( -1.905000000000000000, 0.0000000000000000000, 0.5500000000000000400 ) ) ;
#2490 = LINE ( 'NONE', #3206, #3386 ) ;
#2491 =( GEOMETRIC_REPRESENTATION_CONTEXT ( 3 ) GLOBAL_UNCERTAINTY_ASSIGNED_CONTEXT ( ( #2378 ) ) GLOBAL_UNIT_ASSIGNED_CONTEXT ( ( #1307, #3663, #1636 ) ) REPRESENTATION_CONTEXT ( 'NONE', 'WORKASPACE' ) );
#2492 =( NAMED_UNIT ( * ) SI_UNIT ( $, .STERADIAN. ) SOLID_ANGLE_UNIT ( ) );
#2493 = ORIENTED_EDGE ( 'NONE', *, *, #79, .F. ) ;
#2494 = VECTOR ( 'NONE', #1967, 1000.000000000000000 ) ;
#2495 = CARTESIAN_POINT ( 'NONE',  ( -5.463808316604582000E-016, 1.915000000000000300, 0.0000000000000000000 ) ) ;
#2496 = VECTOR ( 'NONE', #1848, 1000.000000000000000 ) ;
#2497 = CARTESIAN_POINT ( 'NONE',  ( -1.650000000000000100, 0.8149999999999997200, 0.01000000000000000000 ) ) ;
#2498 = DIRECTION ( 'NONE',  ( 1.000000000000000000, 0.0000000000000000000, 0.0000000000000000000 ) ) ;
#2499 = FILL_AREA_STYLE ('',( #2157 ) ) ;
#2500 = CARTESIAN_POINT ( 'NONE',  ( 0.3799999999999998400, 0.3050000000000001600, 0.0000000000000000000 ) ) ;
#2501 = CARTESIAN_POINT ( 'NONE',  ( 1.490488272734401800, 0.6021693389890920800, 0.01000000000000000000 ) ) ;
#2502 = PRESENTATION_STYLE_ASSIGNMENT (( #2251 ) ) ;
#2503 =( GEOMETRIC_REPRESENTATION_CONTEXT ( 3 ) GLOBAL_UNCERTAINTY_ASSIGNED_CONTEXT ( ( #3166 ) ) GLOBAL_UNIT_ASSIGNED_CONTEXT ( ( #3641, #1609, #3985 ) ) REPRESENTATION_CONTEXT ( 'NONE', 'WORKASPACE' ) );
#2504 = ADVANCED_FACE ( 'NONE', ( #389 ), #419, .F. ) ;
#2505 = DIRECTION ( 'NONE',  ( -0.5773502691896249500, 0.5773502691896249500, -0.5773502691896272900 ) ) ;
#2506 = LINE ( 'NONE', #1944, #3403 ) ;
#2507 = EDGE_CURVE ( 'NONE', #52, #4072, #1750, .T. ) ;
#2508 = VERTEX_POINT ( 'NONE', #2441 ) ;
#2509 = LINE ( 'NONE', #2469, #2405 ) ;
#2510 = STYLED_ITEM ( 'NONE', ( #1440 ), #3510 ) ;
#2511 = CARTESIAN_POINT ( 'NONE',  ( -1.084202172485504400E-016, -1.905000000000000000, 0.5500000000000000400 ) ) ;
#2512 =( LENGTH_UNIT ( ) NAMED_UNIT ( * ) SI_UNIT ( .MILLI., .METRE. ) );
#2513 = PLANE ( 'NONE',  #1128 ) ;
#2514 = CARTESIAN_POINT ( 'NONE',  ( 0.9801724650762111400, 1.914999999999999800, 0.5600000000000000500 ) ) ;
#2515 = PLANE ( 'NONE',  #1629 ) ;
#2516 =( GEOMETRIC_REPRESENTATION_CONTEXT ( 3 ) GLOBAL_UNCERTAINTY_ASSIGNED_CONTEXT ( ( #1230 ) ) GLOBAL_UNIT_ASSIGNED_CONTEXT ( ( #3085, #1072, #3423 ) ) REPRESENTATION_CONTEXT ( 'NONE', 'WORKASPACE' ) );
#2517 = ORIENTED_EDGE ( 'NONE', *, *, #2429, .T. ) ;
#2518 = DIRECTION ( 'NONE',  ( -1.971276677246371800E-016, -1.000000000000000000, 0.0000000000000000000 ) ) ;
#2519 = UNCERTAINTY_MEASURE_WITH_UNIT (LENGTH_MEASURE( 1.000000000000000100E-005 ), #2774, 'distance_accuracy_value', 'NONE');
#2520 = VECTOR ( 'NONE', #1200, 1000.000000000000000 ) ;
#2521 = COLOUR_RGB ( '',0.7529411764705882200, 0.7529411764705882200, 0.7529411764705882200 ) ;
#2522 = EDGE_CURVE ( 'NONE', #1233, #1233, #2653, .T. ) ;
#2523 = ORIENTED_EDGE ( 'NONE', *, *, #2116, .T. ) ;
#2524 = FILL_AREA_STYLE ('',( #4199 ) ) ;
#2525 = DIRECTION ( 'NONE',  ( 1.000000000000000000, -9.035018104045873200E-017, 1.807003620809174600E-016 ) ) ;
#2526 = FILL_AREA_STYLE ('',( #2850 ) ) ;
#2527 = CARTESIAN_POINT ( 'NONE',  ( 1.084202172485504400E-016, 1.905000000000000000, 0.5500000000000000400 ) ) ;
#2528 = VERTEX_POINT ( 'NONE', #103 ) ;
#2529 = VERTEX_POINT ( 'NONE', #1439 ) ;
#2530 = ORIENTED_EDGE ( 'NONE', *, *, #1442, .F. ) ;
#2531 = SURFACE_STYLE_USAGE ( .BOTH. , #189 ) ;
#2532 = VERTEX_POINT ( 'NONE', #439 ) ;
#2533 = ORIENTED_EDGE ( 'NONE', *, *, #3043, .F. ) ;
#2534 = LINE ( 'NONE', #3441, #3426 ) ;
#2535 = ORIENTED_EDGE ( 'NONE', *, *, #2862, .F. ) ;
#2536 = CARTESIAN_POINT ( 'NONE',  ( 1.283364955707647000, 1.500000000000000000, 0.5600000000000000500 ) ) ;
#2537 = PRESENTATION_LAYER_ASSIGNMENT (  '', '', ( #2074 ) ) ;
#2538 = CARTESIAN_POINT ( 'NONE',  ( 0.0000000000000000000, -0.8149999999999997200, 0.5500000000000000400 ) ) ;
#2539 = ORIENTED_EDGE ( 'NONE', *, *, #195, .F. ) ;
#2540 = CARTESIAN_POINT ( 'NONE',  ( 0.8900000000000000100, -0.8149999999999997200, 0.0000000000000000000 ) ) ;
#2541 = ORIENTED_EDGE ( 'NONE', *, *, #584, .F. ) ;
#2542 = DIRECTION ( 'NONE',  ( -1.000000000000000000, 0.0000000000000000000, -0.0000000000000000000 ) ) ;
#2543 = FACE_OUTER_BOUND ( 'NONE', #863, .T. ) ;
#2544 = MECHANICAL_DESIGN_GEOMETRIC_PRESENTATION_REPRESENTATION (  '', ( #2084 ), #2775 ) ;
#2545 = DIRECTION ( 'NONE',  ( -1.000000000000000000, 5.691349986800548400E-017, 0.0000000000000000000 ) ) ;
#2546 =( NAMED_UNIT ( * ) SI_UNIT ( $, .STERADIAN. ) SOLID_ANGLE_UNIT ( ) );
#2547 = DIRECTION ( 'NONE',  ( -1.000000000000000000, 9.035018104045873200E-017, 0.0000000000000000000 ) ) ;
#2548 = COLOUR_RGB ( '',0.0000000000000000000, 0.0000000000000000000, 0.0000000000000000000 ) ;
#2549 = PRESENTATION_STYLE_ASSIGNMENT (( #3812 ) ) ;
#2550 = EDGE_CURVE ( 'NONE', #785, #3004, #855, .T. ) ;
#2551 = ORIENTED_EDGE ( 'NONE', *, *, #2777, .T. ) ;
#2552 = SURFACE_STYLE_FILL_AREA ( #885 ) ;
#2553 =( NAMED_UNIT ( * ) PLANE_ANGLE_UNIT ( ) SI_UNIT ( $, .RADIAN. ) );
#2554 = CARTESIAN_POINT ( 'NONE',  ( 0.0000000000000000000, 0.8149999999999997200, 0.5600000000000000500 ) ) ;
#2555 = DIRECTION ( 'NONE',  ( -1.000000000000000000, -0.0000000000000000000, -0.0000000000000000000 ) ) ;
#2556 = LINE ( 'NONE', #2647, #3559 ) ;
#2557 =( NAMED_UNIT ( * ) PLANE_ANGLE_UNIT ( ) SI_UNIT ( $, .RADIAN. ) );
#2558 = FILL_AREA_STYLE ('',( #3563 ) ) ;
#2559 = PLANE ( 'NONE',  #210 ) ;
#2560 = PRESENTATION_LAYER_ASSIGNMENT (  '', '', ( #2103 ) ) ;
#2561 = UNCERTAINTY_MEASURE_WITH_UNIT (LENGTH_MEASURE( 1.000000000000000100E-005 ), #3720, 'distance_accuracy_value', 'NONE');
#2562 = DIRECTION ( 'NONE',  ( -1.000000000000000000, 5.691349986800548400E-017, 0.0000000000000000000 ) ) ;
#2563 = PLANE ( 'NONE',  #1156 ) ;
#2564 = LINE ( 'NONE', #2189, #3461 ) ;
#2565 = FILL_AREA_STYLE_COLOUR ( '', #3968 ) ;
#2566 = CARTESIAN_POINT ( 'NONE',  ( 0.0000000000000000000, 0.6021693389890925300, 0.5500000000000000400 ) ) ;
#2567 =( GEOMETRIC_REPRESENTATION_CONTEXT ( 3 ) GLOBAL_UNCERTAINTY_ASSIGNED_CONTEXT ( ( #2845 ) ) GLOBAL_UNIT_ASSIGNED_CONTEXT ( ( #1093, #3448, #1427 ) ) REPRESENTATION_CONTEXT ( 'NONE', 'WORKASPACE' ) );
#2568 = DIRECTION ( 'NONE',  ( -1.000000000000000000, 0.0000000000000000000, 0.0000000000000000000 ) ) ;
#2569 = EDGE_CURVE ( 'NONE', #3900, #3357, #81, .T. ) ;
#2570 = EDGE_LOOP ( 'NONE', ( #283, #432, #3420, #281, #1412 ) ) ;
#2571 = FACE_OUTER_BOUND ( 'NONE', #4156, .T. ) ;
#2572 = EDGE_CURVE ( 'NONE', #3900, #2650, #4346, .T. ) ;
#2573 = AXIS2_PLACEMENT_3D ( 'NONE', #809, #4187, #2161 ) ;
#2574 = PLANE ( 'NONE',  #2338 ) ;
#2575 = CARTESIAN_POINT ( 'NONE',  ( 0.8900000000000000100, -0.8149999999999997200, 0.5600000000000000500 ) ) ;
#2576 = LINE ( 'NONE', #1822, #1782 ) ;
#2577 = ORIENTED_EDGE ( 'NONE', *, *, #1599, .F. ) ;
#2578 = LINE ( 'NONE', #3725, #1669 ) ;
#2579 = LINE ( 'NONE', #2511, #4265 ) ;
#2580 = DIRECTION ( 'NONE',  ( -1.000000000000000000, 0.0000000000000000000, -0.0000000000000000000 ) ) ;
#2581 =( GEOMETRIC_REPRESENTATION_CONTEXT ( 3 ) GLOBAL_UNCERTAINTY_ASSIGNED_CONTEXT ( ( #1968 ) ) GLOBAL_UNIT_ASSIGNED_CONTEXT ( ( #2205, #201, #2546 ) ) REPRESENTATION_CONTEXT ( 'NONE', 'WORKASPACE' ) );
#2582 = ORIENTED_EDGE ( 'NONE', *, *, #4235, .T. ) ;
#2583 = FILL_AREA_STYLE_COLOUR ( '', #2960 ) ;
#2584 = FACE_OUTER_BOUND ( 'NONE', #2266, .T. ) ;
#2585 = ORIENTED_EDGE ( 'NONE', *, *, #3105, .T. ) ;
#2586 = CARTESIAN_POINT ( 'NONE',  ( 1.650000000000000100, 0.8149999999999997200, 0.01000000000000002600 ) ) ;
#2587 = DIRECTION ( 'NONE',  ( -9.856383386231855100E-017, 1.000000000000000000, 0.0000000000000000000 ) ) ;
#2588 = EDGE_LOOP ( 'NONE', ( #3789, #2764, #333, #788, #4228, #3382 ) ) ;
#2589 = ORIENTED_EDGE ( 'NONE', *, *, #4330, .T. ) ;
#2590 = ORIENTED_EDGE ( 'NONE', *, *, #3302, .T. ) ;
#2591 = LINE ( 'NONE', #2151, #4275 ) ;
#2592 = EDGE_LOOP ( 'NONE', ( #1757, #2248, #3576, #461, #3484 ) ) ;
#2593 = CYLINDRICAL_SURFACE ( 'NONE', #270, 0.2899999999999998700 ) ;
#2594 = SURFACE_STYLE_USAGE ( .BOTH. , #243 ) ;
#2595 = VERTEX_POINT ( 'NONE', #454 ) ;
#2596 = CARTESIAN_POINT ( 'NONE',  ( -0.8900000000000000100, 0.8149999999999997200, 0.01000000000000002600 ) ) ;
#2597 = SURFACE_SIDE_STYLE ('',( #49 ) ) ;
#2598 = ORIENTED_EDGE ( 'NONE', *, *, #2346, .T. ) ;
#2599 = SURFACE_STYLE_FILL_AREA ( #1310 ) ;
#2600 = STYLED_ITEM ( 'NONE', ( #295 ), #2150 ) ;
#2601 = DIRECTION ( 'NONE',  ( -0.0000000000000000000, -0.0000000000000000000, -1.000000000000000000 ) ) ;
#2602 =( NAMED_UNIT ( * ) PLANE_ANGLE_UNIT ( ) SI_UNIT ( $, .RADIAN. ) );
#2603 = EDGE_CURVE ( 'NONE', #1017, #1523, #2735, .T. ) ;
#2604 = VECTOR ( 'NONE', #3191, 1000.000000000000000 ) ;
#2605 = ORIENTED_EDGE ( 'NONE', *, *, #3783, .F. ) ;
#2606 = AXIS2_PLACEMENT_3D ( 'NONE', #3120, #1103, #3456 ) ;
#2607 = VECTOR ( 'NONE', #3315, 1000.000000000000000 ) ;
#2608 = AXIS2_PLACEMENT_3D ( 'NONE', #4034, #1702, #2987 ) ;
#2609 = CARTESIAN_POINT ( 'NONE',  ( -1.283364955707647000, 1.500000000000000000, 0.5500000000000001600 ) ) ;
#2610 = DIRECTION ( 'NONE',  ( -0.0000000000000000000, -1.000000000000000000, -0.0000000000000000000 ) ) ;
#2611 = EDGE_CURVE ( 'NONE', #4341, #34, #3333, .T. ) ;
#2612 = COLOUR_RGB ( '',0.0000000000000000000, 0.0000000000000000000, 0.0000000000000000000 ) ;
#2613 = FILL_AREA_STYLE_COLOUR ( '', #3602 ) ;
#2614 = PLANE ( 'NONE',  #298 ) ;
#2615 = SURFACE_STYLE_USAGE ( .BOTH. , #263 ) ;
#2616 = LINE ( 'NONE', #2913, #45 ) ;
#2617 = PRESENTATION_STYLE_ASSIGNMENT (( #583 ) ) ;
#2618 = CARTESIAN_POINT ( 'NONE',  ( 0.5020245296565754000, 1.100000000000000100, 1.012983963681220100 ) ) ;
#2619 = CARTESIAN_POINT ( 'NONE',  ( -0.9801724650762111400, 1.914999999999999800, 0.5600000000000000500 ) ) ;
#2620 =( GEOMETRIC_REPRESENTATION_CONTEXT ( 3 ) GLOBAL_UNCERTAINTY_ASSIGNED_CONTEXT ( ( #47 ) ) GLOBAL_UNIT_ASSIGNED_CONTEXT ( ( #3122, #1105, #3458 ) ) REPRESENTATION_CONTEXT ( 'NONE', 'WORKASPACE' ) );
#2621 = ORIENTED_EDGE ( 'NONE', *, *, #4022, .T. ) ;
#2622 = SURFACE_STYLE_FILL_AREA ( #595 ) ;
#2623 = PLANE ( 'NONE',  #3181 ) ;
#2624 = DIRECTION ( 'NONE',  ( -2.341770466227234500E-016, -0.0000000000000000000, 1.000000000000000000 ) ) ;
#2625 = CARTESIAN_POINT ( 'NONE',  ( -1.883364955707646800, 1.500000000000000000, 0.5500000000000000400 ) ) ;
#2626 = EDGE_LOOP ( 'NONE', ( #1007 ) ) ;
#2627 = SURFACE_STYLE_FILL_AREA ( #1533 ) ;
#2628 = MECHANICAL_DESIGN_GEOMETRIC_PRESENTATION_REPRESENTATION (  '', ( #1940 ), #2853 ) ;
#2629 = LINE ( 'NONE', #3574, #2520 ) ;
#2630 = FACE_OUTER_BOUND ( 'NONE', #725, .T. ) ;
#2631 = ORIENTED_EDGE ( 'NONE', *, *, #323, .T. ) ;
#2632 = EDGE_CURVE ( 'NONE', #2104, #325, #115, .T. ) ;
#2633 = EDGE_CURVE ( 'NONE', #3647, #2165, #1003, .T. ) ;
#2634 =( GEOMETRIC_REPRESENTATION_CONTEXT ( 3 ) GLOBAL_UNCERTAINTY_ASSIGNED_CONTEXT ( ( #3570 ) ) GLOBAL_UNIT_ASSIGNED_CONTEXT ( ( #249, #2602, #589 ) ) REPRESENTATION_CONTEXT ( 'NONE', 'WORKASPACE' ) );
#2635 = DIRECTION ( 'NONE',  ( -1.000000000000000000, 0.0000000000000000000, 0.0000000000000000000 ) ) ;
#2636 = CARTESIAN_POINT ( 'NONE',  ( -1.650000000000000100, -0.8149999999999997200, 0.5600000000000000500 ) ) ;
#2637 = VERTEX_POINT ( 'NONE', #3146 ) ;
#2638 = EDGE_LOOP ( 'NONE', ( #3618, #384, #955, #2517 ) ) ;
#2639 = ORIENTED_EDGE ( 'NONE', *, *, #3991, .T. ) ;
#2640 = CARTESIAN_POINT ( 'NONE',  ( -1.905000000000000000, 0.0000000000000000000, 0.01000000000000000000 ) ) ;
#2641 =( NAMED_UNIT ( * ) SI_UNIT ( $, .STERADIAN. ) SOLID_ANGLE_UNIT ( ) );
#2642 = CARTESIAN_POINT ( 'NONE',  ( 1.650000000000000100, 0.8149999999999997200, 0.5600000000000000500 ) ) ;
#2643 = DIRECTION ( 'NONE',  ( -1.000000000000000000, 0.0000000000000000000, 0.0000000000000000000 ) ) ;
#2644 = ORIENTED_EDGE ( 'NONE', *, *, #2632, .T. ) ;
#2645 = VERTEX_POINT ( 'NONE', #4167 ) ;
#2646 = VECTOR ( 'NONE', #2075, 1000.000000000000000 ) ;
#2647 = CARTESIAN_POINT ( 'NONE',  ( -1.649999999999999900, -1.905000000000000000, 0.5500000000000000400 ) ) ;
#2648 = ORIENTED_EDGE ( 'NONE', *, *, #4089, .T. ) ;
#2649 = VERTEX_POINT ( 'NONE', #1133 ) ;
#2650 = VERTEX_POINT ( 'NONE', #2484 ) ;
#2651 = DIRECTION ( 'NONE',  ( -1.000000000000000000, 0.0000000000000000000, 0.0000000000000000000 ) ) ;
#2652 = CARTESIAN_POINT ( 'NONE',  ( -0.5383862562622203600, -1.100000000000000100, 1.012983963681220300 ) ) ;
#2653 = CIRCLE ( 'NONE', #3018, 0.4812303591688801800 ) ;
#2654 = FACE_OUTER_BOUND ( 'NONE', #2588, .T. ) ;
#2655 = PLANE ( 'NONE',  #379 ) ;
#2656 = PLANE ( 'NONE',  #3664 ) ;
#2657 = AXIS2_PLACEMENT_3D ( 'NONE', #3, #4032, #1340 ) ;
#2658 = SURFACE_STYLE_FILL_AREA ( #3482 ) ;
#2659 = CARTESIAN_POINT ( 'NONE',  ( 0.3799999999999998400, 0.3050000000000001600, 0.01000000000000000000 ) ) ;
#2660 = CARTESIAN_POINT ( 'NONE',  ( -1.037170992465573900, -0.8981840290769022000, 3.559000000000000200 ) ) ;
#2661 = DIRECTION ( 'NONE',  ( -0.0000000000000000000, 0.0000000000000000000, 1.000000000000000000 ) ) ;
#2662 = EDGE_CURVE ( 'NONE', #2645, #3468, #9, .T. ) ;
#2663 = UNCERTAINTY_MEASURE_WITH_UNIT (LENGTH_MEASURE( 1.000000000000000100E-005 ), #4281, 'distance_accuracy_value', 'NONE');
#2664 = ORIENTED_EDGE ( 'NONE', *, *, #2910, .F. ) ;
#2665 = LINE ( 'NONE', #1539, #3449 ) ;
#2666 = CARTESIAN_POINT ( 'NONE',  ( 0.8900000000000001200, 8.772181213746351900E-017, 0.5500000000000000400 ) ) ;
#2667 = FACE_OUTER_BOUND ( 'NONE', #2475, .T. ) ;
#2668 = EDGE_CURVE ( 'NONE', #3501, #2408, #888, .T. ) ;
#2669 =( GEOMETRIC_REPRESENTATION_CONTEXT ( 3 ) GLOBAL_UNCERTAINTY_ASSIGNED_CONTEXT ( ( #1092 ) ) GLOBAL_UNIT_ASSIGNED_CONTEXT ( ( #1095, #3452, #1431 ) ) REPRESENTATION_CONTEXT ( 'NONE', 'WORKASPACE' ) );
#2670 = VECTOR ( 'NONE', #401, 1000.000000000000000 ) ;
#2671 = AXIS2_PLACEMENT_3D ( 'NONE', #2527, #516, #2866 ) ;
#2672 = CARTESIAN_POINT ( 'NONE',  ( 1.283364955707647000, 0.8149999999999997200, 0.5600000000000000500 ) ) ;
#2673 = CARTESIAN_POINT ( 'NONE',  ( -1.490488272734400900, 0.0000000000000000000, 0.5500000000000000400 ) ) ;
#2674 = LINE ( 'NONE', #1958, #870 ) ;
#2675 = SURFACE_SIDE_STYLE ('',( #2299 ) ) ;
#2676 = PLANE ( 'NONE',  #2829 ) ;
#2677 = CARTESIAN_POINT ( 'NONE',  ( 0.5383862562622202500, -1.100000000000000100, 0.5500000000000000400 ) ) ;
#2678 = SURFACE_STYLE_USAGE ( .BOTH. , #319 ) ;
#2679 = COLOUR_RGB ( '',0.7529411764705882200, 0.7529411764705882200, 0.7529411764705882200 ) ;
#2680 = DIRECTION ( 'NONE',  ( -0.0000000000000000000, -1.000000000000000000, -0.0000000000000000000 ) ) ;
#2681 = PRESENTATION_STYLE_ASSIGNMENT (( #2133 ) ) ;
#2682 = FILL_AREA_STYLE_COLOUR ( '', #3836 ) ;
#2683 = FACE_OUTER_BOUND ( 'NONE', #2701, .T. ) ;
#2684 = VERTEX_POINT ( 'NONE', #2143 ) ;
#2685 = VECTOR ( 'NONE', #1277, 1000.000000000000000 ) ;
#2686 = VECTOR ( 'NONE', #894, 1000.000000000000000 ) ;
#2687 = STYLED_ITEM ( 'NONE', ( #3232 ), #2083 ) ;
#2688 = DIRECTION ( 'NONE',  ( -0.0000000000000000000, -1.000000000000000000, -0.0000000000000000000 ) ) ;
#2689 = CARTESIAN_POINT ( 'NONE',  ( 1.683364955707645500, 1.299999999999998700, 3.560000000000000100 ) ) ;
#2690 = CARTESIAN_POINT ( 'NONE',  ( -1.084202172485504400E-016, -1.905000000000000000, 0.01000000000000000000 ) ) ;
#2691 = DIRECTION ( 'NONE',  ( -0.0000000000000000000, -0.0000000000000000000, -1.000000000000000000 ) ) ;
#2692 = VECTOR ( 'NONE', #466, 1000.000000000000000 ) ;
#2693 = ORIENTED_EDGE ( 'NONE', *, *, #1086, .F. ) ;
#2694 = VECTOR ( 'NONE', #2720, 1000.000000000000000 ) ;
#2695 = SURFACE_STYLE_USAGE ( .BOTH. , #334 ) ;
#2696 = ORIENTED_EDGE ( 'NONE', *, *, #4211, .F. ) ;
#2697 = ORIENTED_EDGE ( 'NONE', *, *, #684, .F. ) ;
#2698 = STYLED_ITEM ( 'NONE', ( #2681 ), #125 ) ;
#2699 = ORIENTED_EDGE ( 'NONE', *, *, #1547, .T. ) ;
#2700 = EDGE_CURVE ( 'NONE', #151, #997, #2576, .T. ) ;
#2701 = EDGE_LOOP ( 'NONE', ( #500, #3532, #1056, #1462, #2215, #694, #1723, #3269 ) ) ;
#2702 = VECTOR ( 'NONE', #476, 1000.000000000000000 ) ;
#2703 = ADVANCED_FACE ( 'NONE', ( #4262 ), #4182, .F. ) ;
#2704 = CARTESIAN_POINT ( 'NONE',  ( -1.084202172485504400E-016, -1.905000000000000000, 0.01000000000000000000 ) ) ;
#2705 = EDGE_LOOP ( 'NONE', ( #2242 ) ) ;
#2706 = DIRECTION ( 'NONE',  ( -1.000000000000000000, 0.0000000000000000000, 0.0000000000000000000 ) ) ;
#2707 = EDGE_LOOP ( 'NONE', ( #3425 ) ) ;
#2708 =( NAMED_UNIT ( * ) SI_UNIT ( $, .STERADIAN. ) SOLID_ANGLE_UNIT ( ) );
#2709 = UNCERTAINTY_MEASURE_WITH_UNIT (LENGTH_MEASURE( 1.000000000000000100E-005 ), #2364, 'distance_accuracy_value', 'NONE');
#2710 = ORIENTED_EDGE ( 'NONE', *, *, #1630, .T. ) ;
#2711 = FACE_OUTER_BOUND ( 'NONE', #4263, .T. ) ;
#2712 = VECTOR ( 'NONE', #2518, 1000.000000000000000 ) ;
#2713 = AXIS2_PLACEMENT_3D ( 'NONE', #656, #3000, #991 ) ;
#2714 = ORIENTED_EDGE ( 'NONE', *, *, #1576, .F. ) ;
#2715 = PRESENTATION_STYLE_ASSIGNMENT (( #3656 ) ) ;
#2716 = LINE ( 'NONE', #2972, #2607 ) ;
#2717 = DIRECTION ( 'NONE',  ( 0.0000000000000000000, -1.000000000000000000, 0.0000000000000000000 ) ) ;
#2718 = DIRECTION ( 'NONE',  ( -1.971276677246371500E-016, -1.000000000000000000, 0.0000000000000000000 ) ) ;
#2719 = CARTESIAN_POINT ( 'NONE',  ( -1.283364955707647000, -1.500000000000000000, 0.5600000000000000500 ) ) ;
#2720 = DIRECTION ( 'NONE',  ( -0.0000000000000000000, -0.0000000000000000000, -1.000000000000000000 ) ) ;
#2721 = UNCERTAINTY_MEASURE_WITH_UNIT (LENGTH_MEASURE( 1.000000000000000100E-005 ), #1764, 'distance_accuracy_value', 'NONE');
#2722 = PRESENTATION_LAYER_ASSIGNMENT (  '', '', ( #2254 ) ) ;
#2723 = VECTOR ( 'NONE', #2111, 1000.000000000000000 ) ;
#2724 = ADVANCED_FACE ( 'NONE', ( #1360 ), #2513, .F. ) ;
#2725 = EDGE_CURVE ( 'NONE', #1371, #2347, #3044, .T. ) ;
#2726 = COLOUR_RGB ( '',0.7921568627450980000, 0.8196078431372548800, 0.9333333333333333500 ) ;
#2727 = EDGE_CURVE ( 'NONE', #1174, #2373, #2253, .T. ) ;
#2728 = ORIENTED_EDGE ( 'NONE', *, *, #2958, .T. ) ;
#2729 = DIRECTION ( 'NONE',  ( -0.0000000000000000000, -0.0000000000000000000, -1.000000000000000000 ) ) ;
#2730 =( NAMED_UNIT ( * ) PLANE_ANGLE_UNIT ( ) SI_UNIT ( $, .RADIAN. ) );
#2731 = CARTESIAN_POINT ( 'NONE',  ( 0.7833649557076468600, 1.500000000000000000, 2.960000000000000400 ) ) ;
#2732 = PLANE ( 'NONE',  #814 ) ;
#2733 = EDGE_LOOP ( 'NONE', ( #1425, #2096, #1961, #442 ) ) ;
#2734 = LINE ( 'NONE', #1684, #54 ) ;
#2735 = LINE ( 'NONE', #2114, #1829 ) ;
#2736 = COLOUR_RGB ( '',0.7921568627450980000, 0.8196078431372548800, 0.9333333333333333500 ) ;
#2737 = ORIENTED_EDGE ( 'NONE', *, *, #2632, .F. ) ;
#2738 = FACE_OUTER_BOUND ( 'NONE', #2856, .T. ) ;
#2739 = VERTEX_POINT ( 'NONE', #1855 ) ;
#2740 = ADVANCED_FACE ( 'NONE', ( #2145 ), #2858, .F. ) ;
#2741 = CARTESIAN_POINT ( 'NONE',  ( 0.8899999999999999000, -1.915000000000000000, 0.5600000000000000500 ) ) ;
#2742 = CARTESIAN_POINT ( 'NONE',  ( -1.650000000000000100, 1.500000000000000000, 0.5600000000000000500 ) ) ;
#2743 = DIRECTION ( 'NONE',  ( 1.000000000000000000, 0.0000000000000000000, 0.0000000000000000000 ) ) ;
#2744 = EDGE_CURVE ( 'NONE', #2435, #268, #3524, .T. ) ;
#2745 = VERTEX_POINT ( 'NONE', #4226 ) ;
#2746 = CARTESIAN_POINT ( 'NONE',  ( -1.084202172485504400E-016, -1.905000000000000000, 0.5500000000000000400 ) ) ;
#2747 = ORIENTED_EDGE ( 'NONE', *, *, #4023, .F. ) ;
#2748 = EDGE_LOOP ( 'NONE', ( #1826, #2954, #2265, #3743 ) ) ;
#2749 = PRESENTATION_STYLE_ASSIGNMENT (( #714 ) ) ;
#2750 = AXIS2_PLACEMENT_3D ( 'NONE', #590, #2926, #924 ) ;
#2751 = DIRECTION ( 'NONE',  ( -1.000000000000000000, 0.0000000000000000000, 1.800493818409349900E-016 ) ) ;
#2752 = EDGE_LOOP ( 'NONE', ( #1319, #2214, #4048, #1792 ) ) ;
#2753 = EDGE_LOOP ( 'NONE', ( #1472, #2026, #2275, #4053 ) ) ;
#2754 = VERTEX_POINT ( 'NONE', #2206 ) ;
#2755 = EDGE_CURVE ( 'NONE', #2529, #1324, #1720, .T. ) ;
#2756 = SURFACE_SIDE_STYLE ('',( #1166 ) ) ;
#2757 = ORIENTED_EDGE ( 'NONE', *, *, #2287, .F. ) ;
#2758 = ORIENTED_EDGE ( 'NONE', *, *, #2399, .F. ) ;
#2759 =( NAMED_UNIT ( * ) SI_UNIT ( $, .STERADIAN. ) SOLID_ANGLE_UNIT ( ) );
#2760 =( LENGTH_UNIT ( ) NAMED_UNIT ( * ) SI_UNIT ( .MILLI., .METRE. ) );
#2761 = ADVANCED_FACE ( 'NONE', ( #59 ), #538, .F. ) ;
#2762 = PLANE ( 'NONE',  #3336 ) ;
#2763 = LINE ( 'NONE', #766, #84 ) ;
#2764 = ORIENTED_EDGE ( 'NONE', *, *, #3726, .F. ) ;
#2765 = MECHANICAL_DESIGN_GEOMETRIC_PRESENTATION_REPRESENTATION (  '', ( #2074 ), #2976 ) ;
#2766 = VECTOR ( 'NONE', #573, 1000.000000000000000 ) ;
#2767 = DIRECTION ( 'NONE',  ( -9.856383386231853900E-017, -1.000000000000000000, 0.0000000000000000000 ) ) ;
#2768 = FACE_OUTER_BOUND ( 'NONE', #1405, .T. ) ;
#2769 = CARTESIAN_POINT ( 'NONE',  ( -1.283364955707647000, -1.500000000000000000, 0.5500000000000001600 ) ) ;
#2770 = DIRECTION ( 'NONE',  ( 0.0000000000000000000, -0.0000000000000000000, 1.000000000000000000 ) ) ;
#2771 = CARTESIAN_POINT ( 'NONE',  ( 1.905000000000000000, 0.0000000000000000000, 0.01000000000000000000 ) ) ;
#2772 = ORIENTED_EDGE ( 'NONE', *, *, #4189, .T. ) ;
#2773 = AXIS2_PLACEMENT_3D ( 'NONE', #557, #2896, #880 ) ;
#2774 =( LENGTH_UNIT ( ) NAMED_UNIT ( * ) SI_UNIT ( .MILLI., .METRE. ) );
#2775 =( GEOMETRIC_REPRESENTATION_CONTEXT ( 3 ) GLOBAL_UNCERTAINTY_ASSIGNED_CONTEXT ( ( #3345 ) ) GLOBAL_UNIT_ASSIGNED_CONTEXT ( ( #1488, #2319, #2916 ) ) REPRESENTATION_CONTEXT ( 'NONE', 'WORKASPACE' ) );
#2776 = FILL_AREA_STYLE ('',( #3771 ) ) ;
#2777 = EDGE_CURVE ( 'NONE', #3271, #3200, #1407, .T. ) ;
#2778 = VECTOR ( 'NONE', #15, 1000.000000000000000 ) ;
#2779 = PRODUCT_DEFINITION ( 'UNKNOWN', '', #2995, #2099 ) ;
#2780 = ADVANCED_FACE ( 'NONE', ( #2199 ), #2732, .F. ) ;
#2781 = DIRECTION ( 'NONE',  ( 0.7071067811865490200, 0.0000000000000000000, -0.7071067811865460200 ) ) ;
#2782 = COLOUR_RGB ( '',0.7529411764705882200, 0.7529411764705882200, 0.7529411764705882200 ) ;
#2783 =( NAMED_UNIT ( * ) SI_UNIT ( $, .STERADIAN. ) SOLID_ANGLE_UNIT ( ) );
#2784 = DIRECTION ( 'NONE',  ( 9.856383386231853900E-017, 1.000000000000000000, 0.0000000000000000000 ) ) ;
#2785 = SURFACE_SIDE_STYLE ('',( #60 ) ) ;
#2786 = LINE ( 'NONE', #1068, #209 ) ;
#2787 = FACE_OUTER_BOUND ( 'NONE', #1738, .T. ) ;
#2788 = VECTOR ( 'NONE', #4300, 1000.000000000000000 ) ;
#2789 = FACE_OUTER_BOUND ( 'NONE', #4213, .T. ) ;
#2790 = CARTESIAN_POINT ( 'NONE',  ( -0.3800000000000001700, -1.823589814187224400, 0.01000000000000000000 ) ) ;
#2791 = PLANE ( 'NONE',  #293 ) ;
#2792 = VECTOR ( 'NONE', #137, 1000.000000000000000 ) ;
#2793 = ORIENTED_EDGE ( 'NONE', *, *, #2086, .F. ) ;
#2794 = MECHANICAL_DESIGN_GEOMETRIC_PRESENTATION_REPRESENTATION (  '', ( #2103 ), #3012 ) ;
#2795 = VECTOR ( 'NONE', #4337, 1000.000000000000000 ) ;
#2796 = UNCERTAINTY_MEASURE_WITH_UNIT (LENGTH_MEASURE( 1.000000000000000100E-005 ), #3624, 'distance_accuracy_value', 'NONE');
#2797 = ORIENTED_EDGE ( 'NONE', *, *, #3223, .T. ) ;
#2798 = VERTEX_POINT ( 'NONE', #3076 ) ;
#2799 =( NAMED_UNIT ( * ) PLANE_ANGLE_UNIT ( ) SI_UNIT ( $, .RADIAN. ) );
#2800 = ORIENTED_EDGE ( 'NONE', *, *, #3645, .T. ) ;
#2801 = ORIENTED_EDGE ( 'NONE', *, *, #1001, .T. ) ;
#2802 = LINE ( 'NONE', #800, #2702 ) ;
#2803 =( LENGTH_UNIT ( ) NAMED_UNIT ( * ) SI_UNIT ( .MILLI., .METRE. ) );
#2804 = DIRECTION ( 'NONE',  ( -1.000000000000000000, 0.0000000000000000000, 0.0000000000000000000 ) ) ;
#2805 = FILL_AREA_STYLE_COLOUR ( '', #1410 ) ;
#2806 = EDGE_CURVE ( 'NONE', #796, #3853, #2786, .T. ) ;
#2807 = DIRECTION ( 'NONE',  ( -9.856383386231853900E-017, 1.000000000000000000, 0.0000000000000000000 ) ) ;
#2808 = CARTESIAN_POINT ( 'NONE',  ( 0.8900000000000001200, 8.772181213746351900E-017, 0.01000000000000000000 ) ) ;
#2809 = EDGE_CURVE ( 'NONE', #532, #1458, #3678, .T. ) ;
#2810 = ADVANCED_FACE ( 'NONE', ( #2683 ), #3755, .T. ) ;
#2811 = EDGE_LOOP ( 'NONE', ( #2793 ) ) ;
#2812 = LINE ( 'NONE', #167, #1023 ) ;
#2813 = DIRECTION ( 'NONE',  ( 0.0000000000000000000, 0.0000000000000000000, -1.000000000000000000 ) ) ;
#2814 = CARTESIAN_POINT ( 'NONE',  ( -0.8899999999999999000, 1.915000000000000000, 0.0000000000000000000 ) ) ;
#2815 = FACE_OUTER_BOUND ( 'NONE', #1399, .T. ) ;
#2816 = LINE ( 'NONE', #280, #3603 ) ;
#2817 = CARTESIAN_POINT ( 'NONE',  ( -0.8899999999999999000, -1.915000000000000000, 0.0000000000000000000 ) ) ;
#2818 = DIRECTION ( 'NONE',  ( 1.000000000000000000, 0.0000000000000000000, 0.0000000000000000000 ) ) ;
#2819 = PRESENTATION_STYLE_ASSIGNMENT (( #450 ) ) ;
#2820 = CARTESIAN_POINT ( 'NONE',  ( 0.0000000000000000000, 0.0000000000000000000, 0.0000000000000000000 ) ) ;
#2821 = AXIS2_PLACEMENT_3D ( 'NONE', #4215, #2193, #197 ) ;
#2822 = ADVANCED_FACE ( 'NONE', ( #671 ), #1146, .F. ) ;
#2823 = CARTESIAN_POINT ( 'NONE',  ( -1.490488272734400900, 0.6021693389890925300, 0.5500000000000000400 ) ) ;
#2824 = EDGE_CURVE ( 'NONE', #3031, #268, #357, .T. ) ;
#2825 = ORIENTED_EDGE ( 'NONE', *, *, #2259, .T. ) ;
#2826 = PRESENTATION_LAYER_ASSIGNMENT (  '', '', ( #2371 ) ) ;
#2827 = DIRECTION ( 'NONE',  ( 1.000000000000000000, -2.853163611803958800E-016, 0.0000000000000000000 ) ) ;
#2828 = DIRECTION ( 'NONE',  ( -1.000000000000000000, 0.0000000000000000000, 0.0000000000000000000 ) ) ;
#2829 = AXIS2_PLACEMENT_3D ( 'NONE', #2425, #3596, #612 ) ;
#2830 = SURFACE_STYLE_FILL_AREA ( #949 ) ;
#2831 = DIRECTION ( 'NONE',  ( -0.0000000000000000000, 0.0000000000000000000, -1.000000000000000000 ) ) ;
#2832 = EDGE_CURVE ( 'NONE', #1013, #2645, #3825, .T. ) ;
#2833 = ORIENTED_EDGE ( 'NONE', *, *, #187, .F. ) ;
#2834 = FACE_OUTER_BOUND ( 'NONE', #2142, .T. ) ;
#2835 = COLOUR_RGB ( '',1.000000000000000000, 0.8431372549019607900, 0.0000000000000000000 ) ;
#2836 = LINE ( 'NONE', #2690, #2031 ) ;
#2837 = DIRECTION ( 'NONE',  ( 1.000000000000000000, 0.0000000000000000000, 0.0000000000000000000 ) ) ;
#2838 = ORIENTED_EDGE ( 'NONE', *, *, #3737, .F. ) ;
#2839 = LINE ( 'NONE', #2771, #1835 ) ;
#2840 = FILL_AREA_STYLE ('',( #492 ) ) ;
#2841 = CARTESIAN_POINT ( 'NONE',  ( 1.283364955707647000, 0.0000000000000000000, 0.5600000000000000500 ) ) ;
#2842 = SURFACE_STYLE_USAGE ( .BOTH. , #495 ) ;
#2843 = DIRECTION ( 'NONE',  ( 1.000000000000000000, -0.0000000000000000000, -2.013799869284637200E-016 ) ) ;
#2844 = ADVANCED_FACE ( 'NONE', ( #257 ), #2791, .F. ) ;
#2845 = UNCERTAINTY_MEASURE_WITH_UNIT (LENGTH_MEASURE( 1.000000000000000100E-005 ), #1093, 'distance_accuracy_value', 'NONE');
#2846 = ORIENTED_EDGE ( 'NONE', *, *, #4143, .T. ) ;
#2847 = EDGE_LOOP ( 'NONE', ( #1820, #892, #3010, #2714 ) ) ;
#2848 = LINE ( 'NONE', #3213, #275 ) ;
#2849 = ORIENTED_EDGE ( 'NONE', *, *, #4299, .F. ) ;
#2850 = FILL_AREA_STYLE_COLOUR ( '', #2931 ) ;
#2851 = DIRECTION ( 'NONE',  ( -0.0000000000000000000, -1.000000000000000000, -0.0000000000000000000 ) ) ;
#2852 = VERTEX_POINT ( 'NONE', #777 ) ;
#2853 =( GEOMETRIC_REPRESENTATION_CONTEXT ( 3 ) GLOBAL_UNCERTAINTY_ASSIGNED_CONTEXT ( ( #2519 ) ) GLOBAL_UNIT_ASSIGNED_CONTEXT ( ( #2774, #749, #3109 ) ) REPRESENTATION_CONTEXT ( 'NONE', 'WORKASPACE' ) );
#2854 = EDGE_CURVE ( 'NONE', #1014, #4054, #4311, .T. ) ;
#2855 = CARTESIAN_POINT ( 'NONE',  ( 1.283364955707647000, 0.3300000000000000200, 0.0000000000000000000 ) ) ;
#2856 = EDGE_LOOP ( 'NONE', ( #2213, #2057, #1344, #429 ) ) ;
#2857 =( NAMED_UNIT ( * ) SI_UNIT ( $, .STERADIAN. ) SOLID_ANGLE_UNIT ( ) );
#2858 = PLANE ( 'NONE',  #2478 ) ;
#2859 = CARTESIAN_POINT ( 'NONE',  ( 1.650000000000000100, -1.500000000000000000, 0.5600000000000000500 ) ) ;
#2860 = SURFACE_STYLE_USAGE ( .BOTH. , #509 ) ;
#2861 = ORIENTED_EDGE ( 'NONE', *, *, #2633, .F. ) ;
#2862 = EDGE_CURVE ( 'NONE', #2951, #2739, #1606, .T. ) ;
#2863 = DIRECTION ( 'NONE',  ( -1.000000000000000000, 0.0000000000000000000, -0.0000000000000000000 ) ) ;
#2864 = CARTESIAN_POINT ( 'NONE',  ( 0.0000000000000000000, 0.6021693389890925300, 0.5500000000000000400 ) ) ;
#2865 = VECTOR ( 'NONE', #4018, 1000.000000000000000 ) ;
#2866 = DIRECTION ( 'NONE',  ( 1.000000000000000000, -5.691349986800548400E-017, 0.0000000000000000000 ) ) ;
#2867 = VERTEX_POINT ( 'NONE', #3782 ) ;
#2868 = DIRECTION ( 'NONE',  ( 2.037409303115534000E-016, -1.000000000000000000, -0.0000000000000000000 ) ) ;
#2869 = PLANE ( 'NONE',  #1903 ) ;
#2870 =( NAMED_UNIT ( * ) PLANE_ANGLE_UNIT ( ) SI_UNIT ( $, .RADIAN. ) );
#2871 = DIRECTION ( 'NONE',  ( -1.000000000000000000, -0.0000000000000000000, -0.0000000000000000000 ) ) ;
#2872 = DIRECTION ( 'NONE',  ( -0.0000000000000000000, -1.000000000000000000, -0.0000000000000000000 ) ) ;
#2873 = AXIS2_PLACEMENT_3D ( 'NONE', #341, #3371, #1352 ) ;
#2874 = DIRECTION ( 'NONE',  ( -0.0000000000000000000, -0.0000000000000000000, -1.000000000000000000 ) ) ;
#2875 = VECTOR ( 'NONE', #806, 1000.000000000000000 ) ;
#2876 = EDGE_CURVE ( 'NONE', #638, #27, #4201, .T. ) ;
#2877 = EDGE_CURVE ( 'NONE', #2422, #1107, #2509, .T. ) ;
#2878 = COLOUR_RGB ( '',1.000000000000000000, 0.8431372549019607900, 0.0000000000000000000 ) ;
#2879 = CARTESIAN_POINT ( 'NONE',  ( -1.283364955707647000, 0.8149999999999997200, 0.5500000000000000400 ) ) ;
#2880 = CARTESIAN_POINT ( 'NONE',  ( -0.0000000000000000000, 0.6021693389890925300, 0.01000000000000000000 ) ) ;
#2881 = FILL_AREA_STYLE_COLOUR ( '', #4315 ) ;
#2882 = DIRECTION ( 'NONE',  ( 0.0000000000000000000, 0.0000000000000000000, 1.000000000000000000 ) ) ;
#2883 = STYLED_ITEM ( 'NONE', ( #2749 ), #719 ) ;
#2884 = UNCERTAINTY_MEASURE_WITH_UNIT (LENGTH_MEASURE( 1.000000000000000100E-005 ), #1762, 'distance_accuracy_value', 'NONE');
#2885 = CARTESIAN_POINT ( 'NONE',  ( -1.649999999999999900, 1.905000000000000000, 0.01000000000000000000 ) ) ;
#2886 = FACE_OUTER_BOUND ( 'NONE', #2592, .T. ) ;
#2887 = LINE ( 'NONE', #3963, #2788 ) ;
#2888 = ORIENTED_EDGE ( 'NONE', *, *, #3192, .F. ) ;
#2889 = DIRECTION ( 'NONE',  ( 0.0000000000000000000, -0.0000000000000000000, -1.000000000000000000 ) ) ;
#2890 = VERTEX_POINT ( 'NONE', #2817 ) ;
#2891 = FACE_OUTER_BOUND ( 'NONE', #673, .T. ) ;
#2892 = VECTOR ( 'NONE', #2964, 1000.000000000000000 ) ;
#2893 = VERTEX_POINT ( 'NONE', #3147 ) ;
#2894 = EDGE_LOOP ( 'NONE', ( #172, #4152, #3114, #649 ) ) ;
#2895 = SURFACE_STYLE_USAGE ( .BOTH. , #555 ) ;
#2896 = DIRECTION ( 'NONE',  ( -0.0000000000000000000, 1.000000000000000000, -0.0000000000000000000 ) ) ;
#2897 = VERTEX_POINT ( 'NONE', #1134 ) ;
#2898 = ORIENTED_EDGE ( 'NONE', *, *, #185, .T. ) ;
#2899 = VECTOR ( 'NONE', #1790, 1000.000000000000000 ) ;
#2900 = AXIS2_PLACEMENT_3D ( 'NONE', #2426, #414, #2770 ) ;
#2901 = DIRECTION ( 'NONE',  ( -0.0000000000000000000, -0.0000000000000000000, -1.000000000000000000 ) ) ;
#2902 = FILL_AREA_STYLE ('',( #2565 ) ) ;
#2903 = ORIENTED_EDGE ( 'NONE', *, *, #2806, .T. ) ;
#2904 = CARTESIAN_POINT ( 'NONE',  ( 0.8899999999999999000, 1.915000000000000000, 0.0000000000000000000 ) ) ;
#2905 = AXIS2_PLACEMENT_3D ( 'NONE', #3681, #1649, #4028 ) ;
#2906 = AXIS2_PLACEMENT_3D ( 'NONE', #1376, #431, #147 ) ;
#2907 = DIRECTION ( 'NONE',  ( -1.807003620809174600E-016, 0.0000000000000000000, -1.000000000000000000 ) ) ;
#2908 = PLANE ( 'NONE',  #1582 ) ;
#2909 = SURFACE_STYLE_FILL_AREA ( #3742 ) ;
#2910 = EDGE_CURVE ( 'NONE', #255, #2890, #3195, .T. ) ;
#2911 = PLANE ( 'NONE',  #470 ) ;
#2912 = LINE ( 'NONE', #1937, #1125 ) ;
#2913 = CARTESIAN_POINT ( 'NONE',  ( -1.883364955707646800, -1.500000000000000000, 3.560000000000000100 ) ) ;
#2914 = CARTESIAN_POINT ( 'NONE',  ( 1.649999999999999900, 1.905000000000000000, 0.5500000000000000400 ) ) ;
#2915 = FACE_OUTER_BOUND ( 'NONE', #58, .T. ) ;
#2916 =( NAMED_UNIT ( * ) SI_UNIT ( $, .STERADIAN. ) SOLID_ANGLE_UNIT ( ) );
#2917 =( NAMED_UNIT ( * ) PLANE_ANGLE_UNIT ( ) SI_UNIT ( $, .RADIAN. ) );
#2918 = DIRECTION ( 'NONE',  ( 0.0000000000000000000, 1.000000000000000000, 0.0000000000000000000 ) ) ;
#2919 = ORIENTED_EDGE ( 'NONE', *, *, #820, .T. ) ;
#2920 =( LENGTH_UNIT ( ) NAMED_UNIT ( * ) SI_UNIT ( .MILLI., .METRE. ) );
#2921 = PRESENTATION_LAYER_ASSIGNMENT (  '', '', ( #2472 ) ) ;
#2922 = VECTOR ( 'NONE', #3070, 1000.000000000000000 ) ;
#2923 = CARTESIAN_POINT ( 'NONE',  ( -1.649999999999999900, 1.914999999999999800, 0.5600000000000000500 ) ) ;
#2924 = CARTESIAN_POINT ( 'NONE',  ( -1.905000000000000000, -1.904999999999999800, 0.5500000000000000400 ) ) ;
#2925 = COLOUR_RGB ( '',1.000000000000000000, 0.8431372549019607900, 0.0000000000000000000 ) ;
#2926 = DIRECTION ( 'NONE',  ( -5.691349986800548400E-017, -1.000000000000000000, 0.0000000000000000000 ) ) ;
#2927 = MECHANICAL_DESIGN_GEOMETRIC_PRESENTATION_REPRESENTATION (  '', ( #2254 ), #3154 ) ;
#2928 = ORIENTED_EDGE ( 'NONE', *, *, #1272, .T. ) ;
#2929 = EDGE_CURVE ( 'NONE', #1845, #1852, #4090, .T. ) ;
#2930 = VECTOR ( 'NONE', #104, 1000.000000000000000 ) ;
#2931 = COLOUR_RGB ( '',1.000000000000000000, 0.8431372549019607900, 0.0000000000000000000 ) ;
#2932 = VECTOR ( 'NONE', #332, 1000.000000000000000 ) ;
#2933 = VERTEX_POINT ( 'NONE', #4168 ) ;
#2934 = EDGE_CURVE ( 'NONE', #3536, #251, #622, .T. ) ;
#2935 = AXIS2_PLACEMENT_3D ( 'NONE', #1953, #4319, #2295 ) ;
#2936 = DIRECTION ( 'NONE',  ( -2.270580465938229000E-016, -0.0000000000000000000, -1.000000000000000000 ) ) ;
#2937 = VERTEX_POINT ( 'NONE', #482 ) ;
#2938 = CARTESIAN_POINT ( 'NONE',  ( -1.883364955707646800, 0.6021693389890925300, 0.5500000000000000400 ) ) ;
#2939 = PRESENTATION_STYLE_ASSIGNMENT (( #2531 ) ) ;
#2940 = VECTOR ( 'NONE', #3767, 1000.000000000000000 ) ;
#2941 = VECTOR ( 'NONE', #3562, 1000.000000000000000 ) ;
#2942 = PRESENTATION_STYLE_ASSIGNMENT (( #176 ) ) ;
#2943 = STYLED_ITEM ( 'NONE', ( #3686 ), #1020 ) ;
#2944 = CARTESIAN_POINT ( 'NONE',  ( 1.650000000000000100, -1.500000000000000000, 0.5600000000000000500 ) ) ;
#2945 = CARTESIAN_POINT ( 'NONE',  ( -1.559827534923788700, -1.914999999999999800, 0.0000000000000000000 ) ) ;
#2946 =( NAMED_UNIT ( * ) PLANE_ANGLE_UNIT ( ) SI_UNIT ( $, .RADIAN. ) );
#2947 = EDGE_LOOP ( 'NONE', ( #3372, #2903, #1863, #2217 ) ) ;
#2948 = ORIENTED_EDGE ( 'NONE', *, *, #2522, .F. ) ;
#2949 = FACE_OUTER_BOUND ( 'NONE', #2752, .T. ) ;
#2950 = VECTOR ( 'NONE', #1725, 1000.000000000000000 ) ;
#2951 = VERTEX_POINT ( 'NONE', #1468 ) ;
#2952 = CARTESIAN_POINT ( 'NONE',  ( -0.8900000000000000100, -0.8149999999999997200, 0.0000000000000000000 ) ) ;
#2953 = SURFACE_SIDE_STYLE ('',( #1332 ) ) ;
#2954 = ORIENTED_EDGE ( 'NONE', *, *, #2169, .T. ) ;
#2955 = STYLED_ITEM ( 'NONE', ( #2715 ), #2359 ) ;
#2956 = ORIENTED_EDGE ( 'NONE', *, *, #3533, .T. ) ;
#2957 = CARTESIAN_POINT ( 'NONE',  ( 1.559827534923788700, -1.914999999999999800, 0.0000000000000000000 ) ) ;
#2958 = EDGE_CURVE ( 'NONE', #1387, #785, #521, .T. ) ;
#2959 = SURFACE_STYLE_FILL_AREA ( #3414 ) ;
#2960 = COLOUR_RGB ( '',0.0000000000000000000, 1.000000000000000000, 0.0000000000000000000 ) ;
#2961 = VERTEX_POINT ( 'NONE', #3509 ) ;
#2962 = PRESENTATION_LAYER_ASSIGNMENT (  '', '', ( #2510 ) ) ;
#2963 = FACE_OUTER_BOUND ( 'NONE', #3256, .T. ) ;
#2964 = DIRECTION ( 'NONE',  ( -0.0000000000000000000, -0.0000000000000000000, -1.000000000000000000 ) ) ;
#2965 = ORIENTED_EDGE ( 'NONE', *, *, #3024, .T. ) ;
#2966 = SURFACE_STYLE_FILL_AREA ( #1876 ) ;
#2967 = EDGE_CURVE ( 'NONE', #829, #2867, #412, .T. ) ;
#2968 = CARTESIAN_POINT ( 'NONE',  ( 5.463808316604582000E-016, -1.915000000000000300, 0.0000000000000000000 ) ) ;
#2969 = CARTESIAN_POINT ( 'NONE',  ( 0.0000000000000000000, 0.0000000000000000000, 0.0000000000000000000 ) ) ;
#2970 = DIRECTION ( 'NONE',  ( -0.0000000000000000000, 1.000000000000000000, 0.0000000000000000000 ) ) ;
#2971 = DIRECTION ( 'NONE',  ( 0.0000000000000000000, 0.0000000000000000000, -1.000000000000000000 ) ) ;
#2972 = CARTESIAN_POINT ( 'NONE',  ( 0.5383862562622202500, -1.100000000000000100, 1.012983963681220100 ) ) ;
#2973 = UNCERTAINTY_MEASURE_WITH_UNIT (LENGTH_MEASURE( 1.000000000000000100E-005 ), #2920, 'distance_accuracy_value', 'NONE');
#2974 = VECTOR ( 'NONE', #3757, 1000.000000000000000 ) ;
#2975 = FILL_AREA_STYLE ('',( #3308 ) ) ;
#2976 =( GEOMETRIC_REPRESENTATION_CONTEXT ( 3 ) GLOBAL_UNCERTAINTY_ASSIGNED_CONTEXT ( ( #633 ) ) GLOBAL_UNIT_ASSIGNED_CONTEXT ( ( #3325, #1311, #3666 ) ) REPRESENTATION_CONTEXT ( 'NONE', 'WORKASPACE' ) );
#2977 = LINE ( 'NONE', #3857, #3774 ) ;
#2978 = FILL_AREA_STYLE_COLOUR ( '', #3495 ) ;
#2979 = SURFACE_SIDE_STYLE ('',( #1553 ) ) ;
#2980 = CARTESIAN_POINT ( 'NONE',  ( 0.0000000000000000000, -0.6021693389890916400, 0.01000000000000000000 ) ) ;
#2981 = CARTESIAN_POINT ( 'NONE',  ( -0.5383862562622203600, 1.100000000000000100, 1.012983963681220300 ) ) ;
#2982 = CARTESIAN_POINT ( 'NONE',  ( 0.8900000000000000100, -0.8149999999999997200, 0.5500000000000000400 ) ) ;
#2983 = AXIS2_PLACEMENT_3D ( 'NONE', #539, #2882, #867 ) ;
#2984 = LINE ( 'NONE', #2261, #212 ) ;
#2985 = DIRECTION ( 'NONE',  ( 9.856383386231853900E-017, -1.000000000000000000, 0.0000000000000000000 ) ) ;
#2986 = ORIENTED_EDGE ( 'NONE', *, *, #1354, .T. ) ;
#2987 = DIRECTION ( 'NONE',  ( -1.000000000000000000, 0.0000000000000000000, 0.0000000000000000000 ) ) ;
#2988 = VERTEX_POINT ( 'NONE', #3841 ) ;
#2989 = PRESENTATION_LAYER_ASSIGNMENT (  '', '', ( #3216 ) ) ;
#2990 = ORIENTED_EDGE ( 'NONE', *, *, #297, .T. ) ;
#2991 = LINE ( 'NONE', #4181, #3786 ) ;
#2992 = EDGE_CURVE ( 'NONE', #1270, #532, #2303, .T. ) ;
#2993 = LINE ( 'NONE', #4301, #2092 ) ;
#2994 = ORIENTED_EDGE ( 'NONE', *, *, #2368, .T. ) ;
#2995 = PRODUCT_DEFINITION_FORMATION_WITH_SPECIFIED_SOURCE ( 'ANY', '', #821, .NOT_KNOWN. ) ;
#2996 = DIRECTION ( 'NONE',  ( -0.0000000000000000000, -0.0000000000000000000, -1.000000000000000000 ) ) ;
#2997 = VERTEX_POINT ( 'NONE', #162 ) ;
#2998 = ORIENTED_EDGE ( 'NONE', *, *, #4338, .T. ) ;
#2999 =( LENGTH_UNIT ( ) NAMED_UNIT ( * ) SI_UNIT ( .MILLI., .METRE. ) );
#3000 = DIRECTION ( 'NONE',  ( 1.000000000000000000, 0.0000000000000000000, -0.0000000000000000000 ) ) ;
#3001 = CARTESIAN_POINT ( 'NONE',  ( 0.7833649557076468600, 1.500000000000000000, 2.460000000000000400 ) ) ;
#3002 =( NAMED_UNIT ( * ) PLANE_ANGLE_UNIT ( ) SI_UNIT ( $, .RADIAN. ) );
#3003 = ORIENTED_EDGE ( 'NONE', *, *, #1275, .F. ) ;
#3004 = VERTEX_POINT ( 'NONE', #2500 ) ;
#3005 = ORIENTED_EDGE ( 'NONE', *, *, #995, .F. ) ;
#3006 = LINE ( 'NONE', #4160, #129 ) ;
#3007 = CARTESIAN_POINT ( 'NONE',  ( 0.0000000000000000000, -1.102896303087264500, 2.349443496483055100 ) ) ;
#3008 = CARTESIAN_POINT ( 'NONE',  ( -1.283364955707647000, -0.3300000000000002400, 0.5600000000000000500 ) ) ;
#3009 = ORIENTED_EDGE ( 'NONE', *, *, #4211, .T. ) ;
#3010 = ORIENTED_EDGE ( 'NONE', *, *, #1135, .T. ) ;
#3011 = ORIENTED_EDGE ( 'NONE', *, *, #1948, .T. ) ;
#3012 =( GEOMETRIC_REPRESENTATION_CONTEXT ( 3 ) GLOBAL_UNCERTAINTY_ASSIGNED_CONTEXT ( ( #3619 ) ) GLOBAL_UNIT_ASSIGNED_CONTEXT ( ( #579, #2917, #913 ) ) REPRESENTATION_CONTEXT ( 'NONE', 'WORKASPACE' ) );
#3013 = PRESENTATION_STYLE_ASSIGNMENT (( #948 ) ) ;
#3014 = PLANE ( 'NONE',  #3355 ) ;
#3015 = DIRECTION ( 'NONE',  ( 1.000000000000000000, -5.691349986800548400E-017, 0.0000000000000000000 ) ) ;
#3016 = CARTESIAN_POINT ( 'NONE',  ( 1.283364955707647000, 0.3300000000000000200, 0.5600000000000000500 ) ) ;
#3017 = FACE_OUTER_BOUND ( 'NONE', #4255, .T. ) ;
#3018 = AXIS2_PLACEMENT_3D ( 'NONE', #3798, #1778, #4132 ) ;
#3019 =( NAMED_UNIT ( * ) PLANE_ANGLE_UNIT ( ) SI_UNIT ( $, .RADIAN. ) );
#3020 =( NAMED_UNIT ( * ) PLANE_ANGLE_UNIT ( ) SI_UNIT ( $, .RADIAN. ) );
#3021 = UNCERTAINTY_MEASURE_WITH_UNIT (LENGTH_MEASURE( 1.000000000000000100E-005 ), #873, 'distance_accuracy_value', 'NONE');
#3022 = EDGE_CURVE ( 'NONE', #2421, #2471, #2194, .T. ) ;
#3023 = VECTOR ( 'NONE', #2901, 1000.000000000000000 ) ;
#3024 = EDGE_CURVE ( 'NONE', #194, #3724, #2977, .T. ) ;
#3025 = AXIS2_PLACEMENT_3D ( 'NONE', #4198, #2179, #178 ) ;
#3026 = COLOUR_RGB ( '',1.000000000000000000, 0.8431372549019607900, 0.0000000000000000000 ) ;
#3027 = STYLED_ITEM ( 'NONE', ( #2200 ), #808 ) ;
#3028 = VERTEX_POINT ( 'NONE', #3687 ) ;
#3029 = FILL_AREA_STYLE ('',( #338 ) ) ;
#3030 = CARTESIAN_POINT ( 'NONE',  ( 0.0000000000000000000, 0.8149999999999997200, 0.5600000000000000500 ) ) ;
#3031 = VERTEX_POINT ( 'NONE', #1842 ) ;
#3032 = VECTOR ( 'NONE', #1709, 1000.000000000000000 ) ;
#3033 = DIRECTION ( 'NONE',  ( 0.0000000000000000000, 0.0000000000000000000, 1.000000000000000000 ) ) ;
#3034 = CIRCLE ( 'NONE', #2773, 0.4812303591688801800 ) ;
#3035 = ADVANCED_FACE ( 'NONE', ( #1976 ), #2515, .T. ) ;
#3036 = DIRECTION ( 'NONE',  ( 0.0000000000000000000, -1.000000000000000000, 0.0000000000000000000 ) ) ;
#3037 = LINE ( 'NONE', #2273, #3939 ) ;
#3038 = ORIENTED_EDGE ( 'NONE', *, *, #1388, .T. ) ;
#3039 = SURFACE_STYLE_FILL_AREA ( #1639 ) ;
#3040 = PRESENTATION_LAYER_ASSIGNMENT (  '', '', ( #2600 ) ) ;
#3041 = CARTESIAN_POINT ( 'NONE',  ( 1.490488272734401800, -0.6021693389890919700, 0.5500000000000001600 ) ) ;
#3042 = CARTESIAN_POINT ( 'NONE',  ( 0.5020245296565754000, -1.099999999999999900, 1.012983963681220100 ) ) ;
#3043 = EDGE_CURVE ( 'NONE', #895, #1261, #2564, .T. ) ;
#3044 = LINE ( 'NONE', #1179, #477 ) ;
#3045 = LINE ( 'NONE', #1532, #2147 ) ;
#3046 = CARTESIAN_POINT ( 'NONE',  ( -0.7833649557076468600, 1.500000000000000000, 3.359999999999998100 ) ) ;
#3047 = CIRCLE ( 'NONE', #4304, 0.7625194258298629800 ) ;
#3048 = MECHANICAL_DESIGN_GEOMETRIC_PRESENTATION_REPRESENTATION (  '', ( #2371 ), #3272 ) ;
#3049 = AXIS2_PLACEMENT_3D ( 'NONE', #3001, #2970, #1297 ) ;
#3050 = ORIENTED_EDGE ( 'NONE', *, *, #1158, .T. ) ;
#3051 = EDGE_CURVE ( 'NONE', #2988, #3816, #1193, .T. ) ;
#3052 = ORIENTED_EDGE ( 'NONE', *, *, #410, .F. ) ;
#3053 = FILL_AREA_STYLE_COLOUR ( '', #795 ) ;
#3054 = LINE ( 'NONE', #713, #2950 ) ;
#3055 = CARTESIAN_POINT ( 'NONE',  ( 0.0000000000000000000, 0.8149999999999997200, 0.01000000000000000000 ) ) ;
#3056 = ORIENTED_EDGE ( 'NONE', *, *, #2832, .F. ) ;
#3057 = CARTESIAN_POINT ( 'NONE',  ( -0.0000000000000000000, -0.8149999999999997200, 0.01000000000000000000 ) ) ;
#3058 = FILL_AREA_STYLE_COLOUR ( '', #236 ) ;
#3059 = DIRECTION ( 'NONE',  ( -0.0000000000000000000, -0.0000000000000000000, -1.000000000000000000 ) ) ;
#3060 = ORIENTED_EDGE ( 'NONE', *, *, #3022, .T. ) ;
#3061 = ADVANCED_FACE ( 'NONE', ( #3352 ), #1506, .T. ) ;
#3062 = VERTEX_POINT ( 'NONE', #3552 ) ;
#3063 = CARTESIAN_POINT ( 'NONE',  ( -0.8899999999999999000, -1.915000000000000000, 0.5600000000000000500 ) ) ;
#3064 = EDGE_LOOP ( 'NONE', ( #1632, #799, #2585, #952 ) ) ;
#3065 = LINE ( 'NONE', #560, #2168 ) ;
#3066 = STYLED_ITEM ( 'NONE', ( #531 ), #1760 ) ;
#3067 = ORIENTED_EDGE ( 'NONE', *, *, #857, .F. ) ;
#3068 = PLANE ( 'NONE',  #3189 ) ;
#3069 = COLOUR_RGB ( '',0.7529411764705882200, 0.7529411764705882200, 0.7529411764705882200 ) ;
#3070 = DIRECTION ( 'NONE',  ( 0.0000000000000000000, 0.0000000000000000000, -1.000000000000000000 ) ) ;
#3071 = PLANE ( 'NONE',  #1538 ) ;
#3072 = PRESENTATION_LAYER_ASSIGNMENT (  '', '', ( #3299 ) ) ;
#3073 = VERTEX_POINT ( 'NONE', #3564 ) ;
#3074 = DIRECTION ( 'NONE',  ( -1.000000000000000000, 5.691349986800548400E-017, 0.0000000000000000000 ) ) ;
#3075 = SURFACE_STYLE_FILL_AREA ( #3817 ) ;
#3076 = CARTESIAN_POINT ( 'NONE',  ( -1.649999999999999900, -1.914999999999999800, 0.0000000000000000000 ) ) ;
#3077 = EDGE_CURVE ( 'NONE', #3107, #1419, #469, .T. ) ;
#3078 = DIRECTION ( 'NONE',  ( -1.000000000000000000, 9.035018104045873200E-017, 0.0000000000000000000 ) ) ;
#3079 = FACE_OUTER_BOUND ( 'NONE', #494, .T. ) ;
#3080 = EDGE_CURVE ( 'NONE', #344, #344, #3034, .T. ) ;
#3081 = STYLED_ITEM ( 'NONE', ( #3990 ), #4191 ) ;
#3082 = LINE ( 'NONE', #923, #1291 ) ;
#3083 = ORIENTED_EDGE ( 'NONE', *, *, #2237, .F. ) ;
#3084 = ADVANCED_FACE ( 'NONE', ( #2135 ), #2559, .T. ) ;
#3085 =( LENGTH_UNIT ( ) NAMED_UNIT ( * ) SI_UNIT ( .MILLI., .METRE. ) );
#3086 = PRESENTATION_STYLE_ASSIGNMENT (( #654 ) ) ;
#3087 = VECTOR ( 'NONE', #2804, 1000.000000000000000 ) ;
#3088 = FILL_AREA_STYLE ('',( #3104 ) ) ;
#3089 = CARTESIAN_POINT ( 'NONE',  ( 0.0000000000000000000, 0.0000000000000000000, 0.5500000000000000400 ) ) ;
#3090 = SURFACE_SIDE_STYLE ('',( #4177 ) ) ;
#3091 =( NAMED_UNIT ( * ) SI_UNIT ( $, .STERADIAN. ) SOLID_ANGLE_UNIT ( ) );
#3092 = ORIENTED_EDGE ( 'NONE', *, *, #3652, .T. ) ;
#3093 = VECTOR ( 'NONE', #2828, 1000.000000000000000 ) ;
#3094 = COLOUR_RGB ( '',1.000000000000000000, 0.8431372549019607900, 0.0000000000000000000 ) ;
#3095 = PLANE ( 'NONE',  #1754 ) ;
#3096 = AXIS2_PLACEMENT_3D ( 'NONE', #1839, #4193, #2171 ) ;
#3097 = ORIENTED_EDGE ( 'NONE', *, *, #3077, .F. ) ;
#3098 = COLOUR_RGB ( '',1.000000000000000000, 0.8431372549019607900, 0.0000000000000000000 ) ;
#3099 = SURFACE_STYLE_FILL_AREA ( #2558 ) ;
#3100 = ORIENTED_EDGE ( 'NONE', *, *, #2727, .F. ) ;
#3101 = ORIENTED_EDGE ( 'NONE', *, *, #2662, .T. ) ;
#3102 = DIRECTION ( 'NONE',  ( 1.000000000000000000, 0.0000000000000000000, 0.0000000000000000000 ) ) ;
#3103 = LINE ( 'NONE', #2636, #2892 ) ;
#3104 = FILL_AREA_STYLE_COLOUR ( '', #565 ) ;
#3105 = EDGE_CURVE ( 'NONE', #2122, #4112, #931, .T. ) ;
#3106 = SURFACE_STYLE_USAGE ( .BOTH. , #748 ) ;
#3107 = VERTEX_POINT ( 'NONE', #4242 ) ;
#3108 = VERTEX_POINT ( 'NONE', #3593 ) ;
#3109 =( NAMED_UNIT ( * ) SI_UNIT ( $, .STERADIAN. ) SOLID_ANGLE_UNIT ( ) );
#3110 = EDGE_CURVE ( 'NONE', #2867, #3436, #822, .T. ) ;
#3111 = ADVANCED_FACE ( 'NONE', ( #1710 ), #3929, .T. ) ;
#3112 = SURFACE_STYLE_USAGE ( .BOTH. , #751 ) ;
#3113 = ORIENTED_EDGE ( 'NONE', *, *, #3022, .F. ) ;
#3114 = ORIENTED_EDGE ( 'NONE', *, *, #3139, .F. ) ;
#3115 = AXIS2_PLACEMENT_3D ( 'NONE', #3183, #199, #2542 ) ;
#3116 = ORIENTED_EDGE ( 'NONE', *, *, #218, .T. ) ;
#3117 = UNCERTAINTY_MEASURE_WITH_UNIT (LENGTH_MEASURE( 1.000000000000000100E-005 ), #3595, 'distance_accuracy_value', 'NONE');
#3118 = CARTESIAN_POINT ( 'NONE',  ( 1.559827534923788700, 1.914999999999999800, 0.5600000000000000500 ) ) ;
#3119 = ORIENTED_EDGE ( 'NONE', *, *, #1656, .F. ) ;
#3120 = CARTESIAN_POINT ( 'NONE',  ( -5.463808316604582000E-016, 1.915000000000000300, 0.5600000000000000500 ) ) ;
#3121 = FILL_AREA_STYLE ('',( #2112 ) ) ;
#3122 =( LENGTH_UNIT ( ) NAMED_UNIT ( * ) SI_UNIT ( .MILLI., .METRE. ) );
#3123 = FILL_AREA_STYLE ('',( #3419 ) ) ;
#3124 = CYLINDRICAL_SURFACE ( 'NONE', #1815, 0.6021693389890919700 ) ;
#3125 = FILL_AREA_STYLE ('',( #4121 ) ) ;
#3126 = LINE ( 'NONE', #17, #1334 ) ;
#3127 = COLOUR_RGB ( '',0.7529411764705882200, 0.7529411764705882200, 0.7529411764705882200 ) ;
#3128 = LINE ( 'NONE', #4294, #239 ) ;
#3129 = PRESENTATION_LAYER_ASSIGNMENT (  '', '', ( #2687 ) ) ;
#3130 = ADVANCED_FACE ( 'NONE', ( #3993, #515 ), #4271, .F. ) ;
#3131 = SURFACE_SIDE_STYLE ('',( #36 ) ) ;
#3132 =( NAMED_UNIT ( * ) SI_UNIT ( $, .STERADIAN. ) SOLID_ANGLE_UNIT ( ) );
#3133 = DIRECTION ( 'NONE',  ( 0.0000000000000000000, 0.0000000000000000000, -1.000000000000000000 ) ) ;
#3134 = STYLED_ITEM ( 'NONE', ( #875 ), #3172 ) ;
#3135 = SURFACE_STYLE_FILL_AREA ( #4042 ) ;
#3136 = DIRECTION ( 'NONE',  ( -1.000000000000000000, 0.0000000000000000000, -0.0000000000000000000 ) ) ;
#3137 = PRESENTATION_LAYER_ASSIGNMENT (  '', '', ( #2698 ) ) ;
#3138 = VERTEX_POINT ( 'NONE', #1922 ) ;
#3139 = EDGE_CURVE ( 'NONE', #1071, #3198, #3669, .T. ) ;
#3140 = LINE ( 'NONE', #3055, #2243 ) ;
#3141 = SURFACE_STYLE_USAGE ( .BOTH. , #3776 ) ;
#3142 =( NAMED_UNIT ( * ) SI_UNIT ( $, .STERADIAN. ) SOLID_ANGLE_UNIT ( ) );
#3143 = DIRECTION ( 'NONE',  ( 0.0000000000000000000, 1.000000000000000000, 0.0000000000000000000 ) ) ;
#3144 = ORIENTED_EDGE ( 'NONE', *, *, #3652, .F. ) ;
#3145 = LINE ( 'NONE', #302, #4049 ) ;
#3146 = CARTESIAN_POINT ( 'NONE',  ( -1.283364955707647000, 0.3299999999999998500, 0.5500000000000001600 ) ) ;
#3147 = CARTESIAN_POINT ( 'NONE',  ( 1.283364955707647000, -1.500000000000000000, 0.5600000000000000500 ) ) ;
#3148 = ADVANCED_FACE ( 'NONE', ( #204 ), #3014, .F. ) ;
#3149 = PLANE ( 'NONE',  #2117 ) ;
#3150 = MECHANICAL_DESIGN_GEOMETRIC_PRESENTATION_REPRESENTATION (  '', ( #2472 ), #3381 ) ;
#3151 = ORIENTED_EDGE ( 'NONE', *, *, #2375, .T. ) ;
#3152 = ORIENTED_EDGE ( 'NONE', *, *, #3480, .T. ) ;
#3153 = CARTESIAN_POINT ( 'NONE',  ( -1.283364955707647000, 1.500000000000000000, 0.5500000000000001600 ) ) ;
#3154 =( GEOMETRIC_REPRESENTATION_CONTEXT ( 3 ) GLOBAL_UNCERTAINTY_ASSIGNED_CONTEXT ( ( #503 ) ) GLOBAL_UNIT_ASSIGNED_CONTEXT ( ( #4241, #2221, #216 ) ) REPRESENTATION_CONTEXT ( 'NONE', 'WORKASPACE' ) );
#3155 = VERTEX_POINT ( 'NONE', #1665 ) ;
#3156 = ORIENTED_EDGE ( 'NONE', *, *, #2550, .F. ) ;
#3157 = EDGE_CURVE ( 'NONE', #4060, #3972, #985, .T. ) ;
#3158 = DIRECTION ( 'NONE',  ( 0.0000000000000000000, 0.0000000000000000000, 1.000000000000000000 ) ) ;
#3159 = CARTESIAN_POINT ( 'NONE',  ( 1.649999999999999900, -1.914999999999999800, 0.5600000000000000500 ) ) ;
#3160 = DIRECTION ( 'NONE',  ( -0.0000000000000000000, -0.0000000000000000000, -1.000000000000000000 ) ) ;
#3161 = EDGE_CURVE ( 'NONE', #3073, #1014, #100, .T. ) ;
#3162 = STYLED_ITEM ( 'NONE', ( #910 ), #4122 ) ;
#3163 = ORIENTED_EDGE ( 'NONE', *, *, #3184, .F. ) ;
#3164 = CARTESIAN_POINT ( 'NONE',  ( -0.7833649557076468600, 1.500000000000000000, 2.960000000000000400 ) ) ;
#3165 = UNCERTAINTY_MEASURE_WITH_UNIT (LENGTH_MEASURE( 1.000000000000000100E-005 ), #1851, 'distance_accuracy_value', 'NONE');
#3166 = UNCERTAINTY_MEASURE_WITH_UNIT (LENGTH_MEASURE( 1.000000000000000100E-005 ), #3641, 'distance_accuracy_value', 'NONE');
#3167 = AXIS2_PLACEMENT_3D ( 'NONE', #4351, #2329, #309 ) ;
#3168 = ORIENTED_EDGE ( 'NONE', *, *, #687, .T. ) ;
#3169 = DIRECTION ( 'NONE',  ( 0.0000000000000000000, 1.000000000000000000, 0.0000000000000000000 ) ) ;
#3170 = SURFACE_STYLE_FILL_AREA ( #2902 ) ;
#3171 = ORIENTED_EDGE ( 'NONE', *, *, #735, .F. ) ;
#3172 = ADVANCED_FACE ( 'NONE', ( #1769 ), #1991, .T. ) ;
#3173 = LINE ( 'NONE', #1221, #603 ) ;
#3174 = ORIENTED_EDGE ( 'NONE', *, *, #1715, .T. ) ;
#3175 = SURFACE_STYLE_USAGE ( .BOTH. , #817 ) ;
#3176 = CARTESIAN_POINT ( 'NONE',  ( 0.5383862562622202500, 1.100000000000000100, 1.012983963681220100 ) ) ;
#3177 =( NAMED_UNIT ( * ) PLANE_ANGLE_UNIT ( ) SI_UNIT ( $, .RADIAN. ) );
#3178 = FACE_OUTER_BOUND ( 'NONE', #3899, .T. ) ;
#3179 = FILL_AREA_STYLE ('',( #1165 ) ) ;
#3180 = VECTOR ( 'NONE', #770, 1000.000000000000000 ) ;
#3181 = AXIS2_PLACEMENT_3D ( 'NONE', #2298, #291, #2643 ) ;
#3182 = LINE ( 'NONE', #3384, #510 ) ;
#3183 = CARTESIAN_POINT ( 'NONE',  ( 4.359742604964577100E-016, 1.500000000000000000, 3.560000000000000100 ) ) ;
#3184 = EDGE_CURVE ( 'NONE', #3108, #2852, #1451, .T. ) ;
#3185 = MECHANICAL_DESIGN_GEOMETRIC_PRESENTATION_REPRESENTATION (  '', ( #2510 ), #3418 ) ;
#3186 = DIRECTION ( 'NONE',  ( 1.000000000000000000, -5.691349986800548400E-017, 0.0000000000000000000 ) ) ;
#3187 = CARTESIAN_POINT ( 'NONE',  ( -1.280743893313378600, -0.8981840290769022000, 3.559000000000000200 ) ) ;
#3188 =( NAMED_UNIT ( * ) PLANE_ANGLE_UNIT ( ) SI_UNIT ( $, .RADIAN. ) );
#3189 = AXIS2_PLACEMENT_3D ( 'NONE', #3764, #1742, #4100 ) ;
#3190 = CIRCLE ( 'NONE', #3049, 0.5000000000000000000 ) ;
#3191 = DIRECTION ( 'NONE',  ( 0.0000000000000000000, -1.000000000000000000, 0.0000000000000000000 ) ) ;
#3192 = EDGE_CURVE ( 'NONE', #328, #3501, #570, .T. ) ;
#3193 = SURFACE_STYLE_USAGE ( .BOTH. , #839 ) ;
#3194 = ORIENTED_EDGE ( 'NONE', *, *, #2934, .F. ) ;
#3195 = LINE ( 'NONE', #3497, #3303 ) ;
#3196 = VECTOR ( 'NONE', #2813, 1000.000000000000000 ) ;
#3197 = CARTESIAN_POINT ( 'NONE',  ( -1.883364955707646800, 1.500000000000000000, 0.5500000000000000400 ) ) ;
#3198 = VERTEX_POINT ( 'NONE', #1696 ) ;
#3199 = VECTOR ( 'NONE', #772, 1000.000000000000000 ) ;
#3200 = VERTEX_POINT ( 'NONE', #2033 ) ;
#3201 = FILL_AREA_STYLE ('',( #4207 ) ) ;
#3202 = DIRECTION ( 'NONE',  ( -1.000000000000000000, 0.0000000000000000000, 2.013799869284637000E-016 ) ) ;
#3203 = ORIENTED_EDGE ( 'NONE', *, *, #712, .F. ) ;
#3204 = FILL_AREA_STYLE_COLOUR ( '', #768 ) ;
#3205 = VECTOR ( 'NONE', #2610, 1000.000000000000000 ) ;
#3206 = CARTESIAN_POINT ( 'NONE',  ( -1.905000000000000000, 0.0000000000000000000, 0.5500000000000000400 ) ) ;
#3207 = ORIENTED_EDGE ( 'NONE', *, *, #816, .T. ) ;
#3208 = ORIENTED_EDGE ( 'NONE', *, *, #3837, .F. ) ;
#3209 = DIRECTION ( 'NONE',  ( -0.0000000000000000000, -0.0000000000000000000, -1.000000000000000000 ) ) ;
#3210 =( NAMED_UNIT ( * ) PLANE_ANGLE_UNIT ( ) SI_UNIT ( $, .RADIAN. ) );
#3211 = VERTEX_POINT ( 'NONE', #3041 ) ;
#3212 = ORIENTED_EDGE ( 'NONE', *, *, #490, .T. ) ;
#3213 = CARTESIAN_POINT ( 'NONE',  ( -1.283364955707647000, 1.500000000000000000, 0.5500000000000001600 ) ) ;
#3214 = ORIENTED_EDGE ( 'NONE', *, *, #2572, .T. ) ;
#3215 = STYLED_ITEM ( 'NONE', ( #352 ), #3084 ) ;
#3216 = STYLED_ITEM ( 'NONE', ( #1147 ), #53 ) ;
#3217 = PLANE ( 'NONE',  #1883 ) ;
#3218 = ORIENTED_EDGE ( 'NONE', *, *, #2202, .T. ) ;
#3219 = DIRECTION ( 'NONE',  ( 2.853163611803958800E-016, 1.000000000000000000, -0.0000000000000000000 ) ) ;
#3220 = DIRECTION ( 'NONE',  ( -0.0000000000000000000, -0.0000000000000000000, -1.000000000000000000 ) ) ;
#3221 = CARTESIAN_POINT ( 'NONE',  ( -1.883364955707647100, -0.3300000000000002400, 0.5500000000000000400 ) ) ;
#3222 = VERTEX_POINT ( 'NONE', #1034 ) ;
#3223 = EDGE_CURVE ( 'NONE', #4020, #2890, #3241, .T. ) ;
#3224 = PRODUCT_RELATED_PRODUCT_CATEGORY ( 'part', '', ( #821 ) ) ;
#3225 = CARTESIAN_POINT ( 'NONE',  ( -1.283364955707647000, 0.0000000000000000000, 0.5600000000000000500 ) ) ;
#3226 = DIRECTION ( 'NONE',  ( -1.000000000000000000, -1.971276677246371800E-016, 0.0000000000000000000 ) ) ;
#3227 = CARTESIAN_POINT ( 'NONE',  ( 1.883364955707646800, -0.3300000000000000200, 0.0000000000000000000 ) ) ;
#3228 = FACE_OUTER_BOUND ( 'NONE', #701, .T. ) ;
#3229 = DIRECTION ( 'NONE',  ( 0.0000000000000000000, -1.000000000000000000, 0.0000000000000000000 ) ) ;
#3230 =( NAMED_UNIT ( * ) PLANE_ANGLE_UNIT ( ) SI_UNIT ( $, .RADIAN. ) );
#3231 = FILL_AREA_STYLE ('',( #1534 ) ) ;
#3232 = PRESENTATION_STYLE_ASSIGNMENT (( #3778 ) ) ;
#3233 = AXIS2_PLACEMENT_3D ( 'NONE', #3662, #1635, #4010 ) ;
#3234 = DIRECTION ( 'NONE',  ( 0.0000000000000000000, 1.000000000000000000, 0.0000000000000000000 ) ) ;
#3235 = CIRCLE ( 'NONE', #80, 0.5000000000000000000 ) ;
#3236 = SURFACE_SIDE_STYLE ('',( #2552 ) ) ;
#3237 = SURFACE_STYLE_USAGE ( .BOTH. , #886 ) ;
#3238 = DIRECTION ( 'NONE',  ( 1.000000000000000000, 0.0000000000000000000, 0.0000000000000000000 ) ) ;
#3239 = AXIS2_PLACEMENT_3D ( 'NONE', #1766, #4120, #2095 ) ;
#3240 = ORIENTED_EDGE ( 'NONE', *, *, #2603, .T. ) ;
#3241 = LINE ( 'NONE', #369, #1346 ) ;
#3242 = EDGE_CURVE ( 'NONE', #829, #1062, #3140, .T. ) ;
#3243 = EDGE_CURVE ( 'NONE', #3972, #661, #463, .T. ) ;
#3244 = FACE_OUTER_BOUND ( 'NONE', #4040, .T. ) ;
#3245 = STYLED_ITEM ( 'NONE', ( #3862 ), #4045 ) ;
#3246 = DIRECTION ( 'NONE',  ( -0.0000000000000000000, -0.0000000000000000000, -1.000000000000000000 ) ) ;
#3247 = FILL_AREA_STYLE ('',( #4252 ) ) ;
#3248 = DIRECTION ( 'NONE',  ( 9.856383386231855100E-017, 1.000000000000000000, 0.0000000000000000000 ) ) ;
#3249 = AXIS2_PLACEMENT_3D ( 'NONE', #866, #3219, #1201 ) ;
#3250 = SURFACE_STYLE_FILL_AREA ( #90 ) ;
#3251 = SURFACE_SIDE_STYLE ('',( #1280 ) ) ;
#3252 = PRESENTATION_STYLE_ASSIGNMENT (( #977 ) ) ;
#3253 = ORIENTED_EDGE ( 'NONE', *, *, #4235, .F. ) ;
#3254 = FACE_OUTER_BOUND ( 'NONE', #621, .T. ) ;
#3255 = PLANE ( 'NONE',  #2750 ) ;
#3256 = EDGE_LOOP ( 'NONE', ( #3310, #4223, #2898, #6, #3101, #4214, #1176, #1467 ) ) ;
#3257 = COLOUR_RGB ( '',0.7529411764705882200, 0.7529411764705882200, 0.7529411764705882200 ) ;
#3258 = COLOUR_RGB ( '',0.7529411764705882200, 0.7529411764705882200, 0.7529411764705882200 ) ;
#3259 = CARTESIAN_POINT ( 'NONE',  ( 0.9801724650762111400, -1.914999999999999800, 0.0000000000000000000 ) ) ;
#3260 = PRESENTATION_STYLE_ASSIGNMENT (( #3659 ) ) ;
#3261 = ORIENTED_EDGE ( 'NONE', *, *, #4298, .F. ) ;
#3262 = CARTESIAN_POINT ( 'NONE',  ( -1.649999999999999900, 1.914999999999999800, 0.0000000000000000000 ) ) ;
#3263 =( NAMED_UNIT ( * ) SI_UNIT ( $, .STERADIAN. ) SOLID_ANGLE_UNIT ( ) );
#3264 = EDGE_LOOP ( 'NONE', ( #742, #1418, #3869, #2332, #224, #965, #2825, #1895, #1664, #2032 ) ) ;
#3265 = ORIENTED_EDGE ( 'NONE', *, *, #2431, .F. ) ;
#3266 = DIRECTION ( 'NONE',  ( -0.0000000000000000000, -1.000000000000000000, -0.0000000000000000000 ) ) ;
#3267 = MECHANICAL_DESIGN_GEOMETRIC_PRESENTATION_REPRESENTATION (  '', ( #2600 ), #3502 ) ;
#3268 = CARTESIAN_POINT ( 'NONE',  ( 0.0000000000000000000, 0.0000000000000000000, 0.5600000000000000500 ) ) ;
#3269 = ORIENTED_EDGE ( 'NONE', *, *, #3871, .T. ) ;
#3270 = EDGE_CURVE ( 'NONE', #1282, #18, #2349, .T. ) ;
#3271 = VERTEX_POINT ( 'NONE', #4059 ) ;
#3272 =( GEOMETRIC_REPRESENTATION_CONTEXT ( 3 ) GLOBAL_UNCERTAINTY_ASSIGNED_CONTEXT ( ( #4222 ) ) GLOBAL_UNIT_ASSIGNED_CONTEXT ( ( #3473, #1450, #3805 ) ) REPRESENTATION_CONTEXT ( 'NONE', 'WORKASPACE' ) );
#3273 = ORIENTED_EDGE ( 'NONE', *, *, #2148, .F. ) ;
#3274 = STYLED_ITEM ( 'NONE', ( #1973 ), #349 ) ;
#3275 = CARTESIAN_POINT ( 'NONE',  ( -1.650000000000000400, 3.252606517456514300E-016, 0.01000000000000000000 ) ) ;
#3276 = CARTESIAN_POINT ( 'NONE',  ( -1.883364955707646800, -1.500000000000000000, 0.5500000000000000400 ) ) ;
#3277 = PRESENTATION_STYLE_ASSIGNMENT (( #1080 ) ) ;
#3278 = VECTOR ( 'NONE', #206, 1000.000000000000000 ) ;
#3279 = EDGE_CURVE ( 'NONE', #1321, #485, #3931, .T. ) ;
#3280 = ORIENTED_EDGE ( 'NONE', *, *, #1866, .F. ) ;
#3281 = CARTESIAN_POINT ( 'NONE',  ( -1.650000000000000100, -0.8149999999999997200, 0.0000000000000000000 ) ) ;
#3282 = SURFACE_STYLE_FILL_AREA ( #3313 ) ;
#3283 = CIRCLE ( 'NONE', #188, 0.6021693389890919700 ) ;
#3284 = SURFACE_SIDE_STYLE ('',( #2186 ) ) ;
#3285 = PRESENTATION_STYLE_ASSIGNMENT (( #3193 ) ) ;
#3286 = VECTOR ( 'NONE', #3369, 1000.000000000000000 ) ;
#3287 = CARTESIAN_POINT ( 'NONE',  ( -0.0000000000000000000, -0.6021693389890918600, 0.01000000000000000000 ) ) ;
#3288 = DIRECTION ( 'NONE',  ( 1.000000000000000000, 2.853163611803958800E-016, 0.0000000000000000000 ) ) ;
#3289 =( NAMED_UNIT ( * ) SI_UNIT ( $, .STERADIAN. ) SOLID_ANGLE_UNIT ( ) );
#3290 = AXIS2_PLACEMENT_3D ( 'NONE', #3797, #1773, #4131 ) ;
#3291 =( LENGTH_UNIT ( ) NAMED_UNIT ( * ) SI_UNIT ( .MILLI., .METRE. ) );
#3292 = CARTESIAN_POINT ( 'NONE',  ( -0.8900000000000000100, 0.8149999999999997200, 0.5600000000000000500 ) ) ;
#3293 = PLANE ( 'NONE',  #2310 ) ;
#3294 = SURFACE_SIDE_STYLE ('',( #143 ) ) ;
#3295 = CARTESIAN_POINT ( 'NONE',  ( -1.559827534923788700, -1.914999999999999800, 0.5600000000000000500 ) ) ;
#3296 = LINE ( 'NONE', #1906, #1602 ) ;
#3297 = CARTESIAN_POINT ( 'NONE',  ( 0.0000000000000000000, 0.8149999999999997200, 0.5500000000000000400 ) ) ;
#3298 = UNCERTAINTY_MEASURE_WITH_UNIT (LENGTH_MEASURE( 1.000000000000000100E-005 ), #2760, 'distance_accuracy_value', 'NONE');
#3299 = STYLED_ITEM ( 'NONE', ( #1930 ), #2844 ) ;
#3300 = CARTESIAN_POINT ( 'NONE',  ( -0.5383862562622202500, 1.100000000000000100, 0.5500000000000000400 ) ) ;
#3301 = ORIENTED_EDGE ( 'NONE', *, *, #629, .T. ) ;
#3302 = EDGE_CURVE ( 'NONE', #3155, #1739, #348, .T. ) ;
#3303 = VECTOR ( 'NONE', #3820, 1000.000000000000000 ) ;
#3304 = EDGE_CURVE ( 'NONE', #4067, #2798, #3818, .T. ) ;
#3305 = AXIS2_PLACEMENT_3D ( 'NONE', #3268, #1254, #3609 ) ;
#3306 = CARTESIAN_POINT ( 'NONE',  ( 0.9801724650762111400, 1.914999999999999800, 0.5600000000000000500 ) ) ;
#3307 = VERTEX_POINT ( 'NONE', #386 ) ;
#3308 = FILL_AREA_STYLE_COLOUR ( '', #1005 ) ;
#3309 = FACE_OUTER_BOUND ( 'NONE', #1320, .T. ) ;
#3310 = ORIENTED_EDGE ( 'NONE', *, *, #632, .F. ) ;
#3311 = DIRECTION ( 'NONE',  ( 1.000000000000000000, 0.0000000000000000000, 0.0000000000000000000 ) ) ;
#3312 = ORIENTED_EDGE ( 'NONE', *, *, #1388, .F. ) ;
#3313 = FILL_AREA_STYLE ('',( #950 ) ) ;
#3314 = CARTESIAN_POINT ( 'NONE',  ( 0.8899999999999999000, -1.915000000000000000, 0.5600000000000000500 ) ) ;
#3315 = DIRECTION ( 'NONE',  ( 1.000000000000000000, -0.0000000000000000000, -2.013799869284637200E-016 ) ) ;
#3316 = ORIENTED_EDGE ( 'NONE', *, *, #3880, .F. ) ;
#3317 = EDGE_LOOP ( 'NONE', ( #2433, #2102, #2861, #1238 ) ) ;
#3318 = ORIENTED_EDGE ( 'NONE', *, *, #4299, .T. ) ;
#3319 = ORIENTED_EDGE ( 'NONE', *, *, #1190, .T. ) ;
#3320 = STYLED_ITEM ( 'NONE', ( #2362 ), #1098 ) ;
#3321 = ORIENTED_EDGE ( 'NONE', *, *, #4068, .F. ) ;
#3322 = FACE_OUTER_BOUND ( 'NONE', #738, .T. ) ;
#3323 = ORIENTED_EDGE ( 'NONE', *, *, #2368, .F. ) ;
#3324 = SURFACE_STYLE_USAGE ( .BOTH. , #974 ) ;
#3325 =( LENGTH_UNIT ( ) NAMED_UNIT ( * ) SI_UNIT ( .MILLI., .METRE. ) );
#3326 = ORIENTED_EDGE ( 'NONE', *, *, #4362, .T. ) ;
#3327 = DIRECTION ( 'NONE',  ( 1.000000000000000000, 0.0000000000000000000, 0.0000000000000000000 ) ) ;
#3328 = AXIS2_PLACEMENT_3D ( 'NONE', #1051, #3399, #1381 ) ;
#3329 = DIRECTION ( 'NONE',  ( 1.971276677246371800E-016, -1.000000000000000000, 0.0000000000000000000 ) ) ;
#3330 = ORIENTED_EDGE ( 'NONE', *, *, #1081, .T. ) ;
#3331 = CARTESIAN_POINT ( 'NONE',  ( 1.490488272734401800, 0.0000000000000000000, 0.01000000000000000000 ) ) ;
#3332 = EDGE_CURVE ( 'NONE', #3501, #3307, #2020, .T. ) ;
#3333 = LINE ( 'NONE', #4148, #2792 ) ;
#3334 = DIRECTION ( 'NONE',  ( -0.0000000000000000000, -1.000000000000000000, -0.0000000000000000000 ) ) ;
#3335 = EDGE_CURVE ( 'NONE', #3222, #251, #3718, .T. ) ;
#3336 = AXIS2_PLACEMENT_3D ( 'NONE', #1768, #4123, #2100 ) ;
#3337 = PRESENTATION_LAYER_ASSIGNMENT (  '', '', ( #2883 ) ) ;
#3338 = DIRECTION ( 'NONE',  ( 9.856383386231853900E-017, 1.000000000000000000, 0.0000000000000000000 ) ) ;
#3339 = SURFACE_SIDE_STYLE ('',( #3787 ) ) ;
#3340 = ORIENTED_EDGE ( 'NONE', *, *, #706, .F. ) ;
#3341 =( NAMED_UNIT ( * ) SI_UNIT ( $, .STERADIAN. ) SOLID_ANGLE_UNIT ( ) );
#3342 = CARTESIAN_POINT ( 'NONE',  ( 1.650000000000000400, -3.252606517456514300E-016, 0.01000000000000000000 ) ) ;
#3343 = CARTESIAN_POINT ( 'NONE',  ( 1.905000000000000000, 0.0000000000000000000, 0.01000000000000000000 ) ) ;
#3344 = CARTESIAN_POINT ( 'NONE',  ( 0.0000000000000000000, 0.0000000000000000000, 0.0000000000000000000 ) ) ;
#3345 = UNCERTAINTY_MEASURE_WITH_UNIT (LENGTH_MEASURE( 1.000000000000000100E-005 ), #1488, 'distance_accuracy_value', 'NONE');
#3346 = VECTOR ( 'NONE', #646, 1000.000000000000000 ) ;
#3347 = CARTESIAN_POINT ( 'NONE',  ( 1.283364955707647000, -0.8149999999999997200, 0.5600000000000000500 ) ) ;
#3348 = ORIENTED_EDGE ( 'NONE', *, *, #23, .T. ) ;
#3349 = PLANE ( 'NONE',  #1499 ) ;
#3350 = MECHANICAL_DESIGN_GEOMETRIC_PRESENTATION_REPRESENTATION (  '', ( #2687 ), #3580 ) ;
#3351 = DIRECTION ( 'NONE',  ( 0.0000000000000000000, 0.0000000000000000000, -1.000000000000000000 ) ) ;
#3352 = FACE_OUTER_BOUND ( 'NONE', #3404, .T. ) ;
#3353 = CARTESIAN_POINT ( 'NONE',  ( -1.905000000000000000, -1.904999999999999800, 0.5500000000000000400 ) ) ;
#3354 = DIRECTION ( 'NONE',  ( 0.0000000000000000000, -0.0000000000000000000, -1.000000000000000000 ) ) ;
#3355 = AXIS2_PLACEMENT_3D ( 'NONE', #664, #1009, #3351 ) ;
#3356 = FACE_OUTER_BOUND ( 'NONE', #2056, .T. ) ;
#3357 = VERTEX_POINT ( 'NONE', #1403 ) ;
#3358 = FACE_OUTER_BOUND ( 'NONE', #4328, .T. ) ;
#3359 = MECHANICAL_DESIGN_GEOMETRIC_PRESENTATION_REPRESENTATION (  '', ( #2698 ), #3589 ) ;
#3360 = ORIENTED_EDGE ( 'NONE', *, *, #3396, .T. ) ;
#3361 = VECTOR ( 'NONE', #705, 1000.000000000000000 ) ;
#3362 = FACE_OUTER_BOUND ( 'NONE', #4172, .T. ) ;
#3363 = EDGE_CURVE ( 'NONE', #2650, #592, #153, .T. ) ;
#3364 = ORIENTED_EDGE ( 'NONE', *, *, #1053, .T. ) ;
#3365 = LINE ( 'NONE', #2495, #2467 ) ;
#3366 = ORIENTED_EDGE ( 'NONE', *, *, #443, .F. ) ;
#3367 = SURFACE_STYLE_USAGE ( .BOTH. , #1021 ) ;
#3368 = CARTESIAN_POINT ( 'NONE',  ( 0.0000000000000000000, -1.099999999999999900, 1.586924070653191700 ) ) ;
#3369 = DIRECTION ( 'NONE',  ( -1.000000000000000000, 0.0000000000000000000, 0.0000000000000000000 ) ) ;
#3370 = DIRECTION ( 'NONE',  ( -1.000000000000000000, 0.0000000000000000000, 0.0000000000000000000 ) ) ;
#3371 = DIRECTION ( 'NONE',  ( 0.0000000000000000000, 0.0000000000000000000, 1.000000000000000000 ) ) ;
#3372 = ORIENTED_EDGE ( 'NONE', *, *, #2136, .T. ) ;
#3373 = ORIENTED_EDGE ( 'NONE', *, *, #739, .T. ) ;
#3374 = SURFACE_STYLE_FILL_AREA ( #3529 ) ;
#3375 = PRODUCT_CONTEXT ( 'NONE', #1672, 'mechanical' ) ;
#3376 = ADVANCED_FACE ( 'NONE', ( #2543 ), #3427, .F. ) ;
#3377 = CARTESIAN_POINT ( 'NONE',  ( 0.5383862562622202500, 1.100000000000000100, 0.5500000000000000400 ) ) ;
#3378 = ORIENTED_EDGE ( 'NONE', *, *, #403, .F. ) ;
#3379 = FACE_OUTER_BOUND ( 'NONE', #2152, .T. ) ;
#3380 = EDGE_LOOP ( 'NONE', ( #1198, #845, #4107, #2180, #650, #327, #184, #2919, #1108, #3203, #1250, #3373, #1801, #3781 ) ) ;
#3381 =( GEOMETRIC_REPRESENTATION_CONTEXT ( 3 ) GLOBAL_UNCERTAINTY_ASSIGNED_CONTEXT ( ( #1327 ) ) GLOBAL_UNIT_ASSIGNED_CONTEXT ( ( #1993, #2, #2340 ) ) REPRESENTATION_CONTEXT ( 'NONE', 'WORKASPACE' ) );
#3382 = ORIENTED_EDGE ( 'NONE', *, *, #410, .T. ) ;
#3383 = CARTESIAN_POINT ( 'NONE',  ( -1.269999999999999800, 1.905000000000000900, 0.0000000000000000000 ) ) ;
#3384 = CARTESIAN_POINT ( 'NONE',  ( -1.283364955707647000, 0.8149999999999997200, 0.5600000000000003900 ) ) ;
#3385 = VECTOR ( 'NONE', #1067, 1000.000000000000000 ) ;
#3386 = VECTOR ( 'NONE', #1528, 1000.000000000000000 ) ;
#3387 = EDGE_CURVE ( 'NONE', #325, #1987, #252, .T. ) ;
#3388 = ORIENTED_EDGE ( 'NONE', *, *, #1032, .T. ) ;
#3389 = LINE ( 'NONE', #659, #606 ) ;
#3390 = EDGE_CURVE ( 'NONE', #3684, #2435, #458, .T. ) ;
#3391 = AXIS2_PLACEMENT_3D ( 'NONE', #623, #2313, #301 ) ;
#3392 = LINE ( 'NONE', #4141, #810 ) ;
#3393 = PRESENTATION_LAYER_ASSIGNMENT (  '', '', ( #2943 ) ) ;
#3394 = ADVANCED_FACE ( 'NONE', ( #2123 ), #1423, .T. ) ;
#3395 = SURFACE_SIDE_STYLE ('',( #903 ) ) ;
#3396 = EDGE_CURVE ( 'NONE', #1062, #1939, #925, .T. ) ;
#3397 = DIRECTION ( 'NONE',  ( 0.0000000000000000000, -1.000000000000000000, 0.0000000000000000000 ) ) ;
#3398 = DIRECTION ( 'NONE',  ( -0.0000000000000000000, -1.000000000000000000, -0.0000000000000000000 ) ) ;
#3399 = DIRECTION ( 'NONE',  ( -0.0000000000000000000, -0.0000000000000000000, -1.000000000000000000 ) ) ;
#3400 = LINE ( 'NONE', #3953, #512 ) ;
#3401 = SURFACE_SIDE_STYLE ('',( #529 ) ) ;
#3402 = COLOUR_RGB ( '',0.0000000000000000000, 1.000000000000000000, 0.0000000000000000000 ) ;
#3403 = VECTOR ( 'NONE', #1195, 1000.000000000000000 ) ;
#3404 = EDGE_LOOP ( 'NONE', ( #3544, #1421, #1274, #1449, #537, #4111, #3253, #3586 ) ) ;
#3405 = VECTOR ( 'NONE', #440, 1000.000000000000000 ) ;
#3406 = DIRECTION ( 'NONE',  ( -0.0000000000000000000, -0.0000000000000000000, -1.000000000000000000 ) ) ;
#3407 = PRESENTATION_LAYER_ASSIGNMENT (  '', '', ( #2955 ) ) ;
#3408 = DIRECTION ( 'NONE',  ( 0.0000000000000000000, 0.0000000000000000000, 1.000000000000000000 ) ) ;
#3409 = DIRECTION ( 'NONE',  ( -0.0000000000000000000, 0.0000000000000000000, 1.000000000000000000 ) ) ;
#3410 = EDGE_LOOP ( 'NONE', ( #3844, #1885, #433, #3378, #4318, #594, #2846, #2621, #3113, #2956 ) ) ;
#3411 = EDGE_CURVE ( 'NONE', #2122, #1852, #1817, .T. ) ;
#3412 = FACE_OUTER_BOUND ( 'NONE', #2570, .T. ) ;
#3413 = FACE_OUTER_BOUND ( 'NONE', #128, .T. ) ;
#3414 = FILL_AREA_STYLE ('',( #2081 ) ) ;
#3415 = VERTEX_POINT ( 'NONE', #3795 ) ;
#3416 = DIRECTION ( 'NONE',  ( 2.270580465938229000E-016, -0.0000000000000000000, 1.000000000000000000 ) ) ;
#3417 = ADVANCED_FACE ( 'NONE', ( #3607 ), #119, .F. ) ;
#3418 =( GEOMETRIC_REPRESENTATION_CONTEXT ( 3 ) GLOBAL_UNCERTAINTY_ASSIGNED_CONTEXT ( ( #1874 ) ) GLOBAL_UNIT_ASSIGNED_CONTEXT ( ( #601, #2946, #933 ) ) REPRESENTATION_CONTEXT ( 'NONE', 'WORKASPACE' ) );
#3419 = FILL_AREA_STYLE_COLOUR ( '', #1090 ) ;
#3420 = ORIENTED_EDGE ( 'NONE', *, *, #2929, .T. ) ;
#3421 = EDGE_CURVE ( 'NONE', #1845, #2897, #2288, .T. ) ;
#3422 = ORIENTED_EDGE ( 'NONE', *, *, #4089, .F. ) ;
#3423 =( NAMED_UNIT ( * ) SI_UNIT ( $, .STERADIAN. ) SOLID_ANGLE_UNIT ( ) );
#3424 = ORIENTED_EDGE ( 'NONE', *, *, #2668, .T. ) ;
#3425 = ORIENTED_EDGE ( 'NONE', *, *, #2522, .T. ) ;
#3426 = VECTOR ( 'NONE', #2767, 1000.000000000000000 ) ;
#3427 = PLANE ( 'NONE',  #1240 ) ;
#3428 = FILL_AREA_STYLE ('',( #2407 ) ) ;
#3429 = VERTEX_POINT ( 'NONE', #1130 ) ;
#3430 = DIRECTION ( 'NONE',  ( 1.000000000000000000, 0.0000000000000000000, 0.0000000000000000000 ) ) ;
#3431 =( LENGTH_UNIT ( ) NAMED_UNIT ( * ) SI_UNIT ( .MILLI., .METRE. ) );
#3432 = CARTESIAN_POINT ( 'NONE',  ( -1.650000000000000400, 3.252606517456513800E-016, 0.5600000000000000500 ) ) ;
#3433 = UNCERTAINTY_MEASURE_WITH_UNIT (LENGTH_MEASURE( 1.000000000000000100E-005 ), #2512, 'distance_accuracy_value', 'NONE');
#3434 = EDGE_LOOP ( 'NONE', ( #1116, #689, #651, #3273 ) ) ;
#3435 = DIRECTION ( 'NONE',  ( 0.0000000000000000000, -0.0000000000000000000, 1.000000000000000000 ) ) ;
#3436 = VERTEX_POINT ( 'NONE', #2814 ) ;
#3437 = VECTOR ( 'NONE', #121, 1000.000000000000000 ) ;
#3438 = UNCERTAINTY_MEASURE_WITH_UNIT (LENGTH_MEASURE( 1.000000000000000100E-005 ), #2137, 'distance_accuracy_value', 'NONE');
#3439 = STYLED_ITEM ( 'NONE', ( #615 ), #2013 ) ;
#3440 = ADVANCED_FACE ( 'NONE', ( #1700 ), #4140, .T. ) ;
#3441 = CARTESIAN_POINT ( 'NONE',  ( -0.8900000000000001200, 8.772181213746351900E-017, 0.01000000000000000000 ) ) ;
#3442 = FACE_OUTER_BOUND ( 'NONE', #1527, .T. ) ;
#3443 = FACE_OUTER_BOUND ( 'NONE', #2404, .T. ) ;
#3444 = PLANE ( 'NONE',  #4257 ) ;
#3445 = FILL_AREA_STYLE_COLOUR ( '', #944 ) ;
#3446 = PRESENTATION_LAYER_ASSIGNMENT (  '', '', ( #3215 ) ) ;
#3447 = ORIENTED_EDGE ( 'NONE', *, *, #2021, .T. ) ;
#3448 =( NAMED_UNIT ( * ) PLANE_ANGLE_UNIT ( ) SI_UNIT ( $, .RADIAN. ) );
#3449 = VECTOR ( 'NONE', #4246, 1000.000000000000000 ) ;
#3450 = DIRECTION ( 'NONE',  ( -1.000000000000000000, 0.0000000000000000000, 0.0000000000000000000 ) ) ;
#3451 = AXIS2_PLACEMENT_3D ( 'NONE', #2231, #1194, #2164 ) ;
#3452 =( NAMED_UNIT ( * ) PLANE_ANGLE_UNIT ( ) SI_UNIT ( $, .RADIAN. ) );
#3453 = EDGE_CURVE ( 'NONE', #3271, #895, #505, .T. ) ;
#3454 = VECTOR ( 'NONE', #4324, 1000.000000000000000 ) ;
#3455 = CARTESIAN_POINT ( 'NONE',  ( 0.0000000000000000000, 0.8149999999999997200, 0.0000000000000000000 ) ) ;
#3456 = DIRECTION ( 'NONE',  ( -1.000000000000000000, -2.853163611803958800E-016, 0.0000000000000000000 ) ) ;
#3457 = PLANE ( 'NONE',  #1460 ) ;
#3458 =( NAMED_UNIT ( * ) SI_UNIT ( $, .STERADIAN. ) SOLID_ANGLE_UNIT ( ) );
#3459 = SURFACE_STYLE_USAGE ( .BOTH. , #1109 ) ;
#3460 = ADVANCED_FACE ( 'NONE', ( #1864 ), #887, .F. ) ;
#3461 = VECTOR ( 'NONE', #2175, 1000.000000000000000 ) ;
#3462 = DIRECTION ( 'NONE',  ( 0.0000000000000000000, 0.0000000000000000000, -1.000000000000000000 ) ) ;
#3463 = AXIS2_PLACEMENT_3D ( 'NONE', #2305, #299, #2651 ) ;
#3464 = EDGE_LOOP ( 'NONE', ( #111, #3005, #793, #2523 ) ) ;
#3465 = VECTOR ( 'NONE', #2635, 1000.000000000000000 ) ;
#3466 = CARTESIAN_POINT ( 'NONE',  ( -5.463808316604582000E-016, -1.915000000000000300, 0.0000000000000000000 ) ) ;
#3467 = VECTOR ( 'NONE', #2827, 1000.000000000000000 ) ;
#3468 = VERTEX_POINT ( 'NONE', #564 ) ;
#3469 = AXIS2_PLACEMENT_3D ( 'NONE', #3496, #1466, #3819 ) ;
#3470 = LINE ( 'NONE', #2731, #3518 ) ;
#3471 = FACE_OUTER_BOUND ( 'NONE', #2321, .T. ) ;
#3472 = CARTESIAN_POINT ( 'NONE',  ( -1.283364955707647000, 1.500000000000000000, 0.5600000000000000500 ) ) ;
#3473 =( LENGTH_UNIT ( ) NAMED_UNIT ( * ) SI_UNIT ( .MILLI., .METRE. ) );
#3474 = CARTESIAN_POINT ( 'NONE',  ( 0.8900000000000000100, 0.8149999999999997200, 0.5600000000000000500 ) ) ;
#3475 = CARTESIAN_POINT ( 'NONE',  ( 0.8900000000000001200, -8.772181213746353200E-017, 0.0000000000000000000 ) ) ;
#3476 = EDGE_CURVE ( 'NONE', #1837, #18, #1389, .T. ) ;
#3477 = ORIENTED_EDGE ( 'NONE', *, *, #3184, .T. ) ;
#3478 = ORIENTED_EDGE ( 'NONE', *, *, #265, .T. ) ;
#3479 = CARTESIAN_POINT ( 'NONE',  ( -1.084202172485504400E-016, -1.905000000000000000, 0.01000000000000000000 ) ) ;
#3480 = EDGE_CURVE ( 'NONE', #4067, #927, #3660, .T. ) ;
#3481 = AXIS2_PLACEMENT_3D ( 'NONE', #3915, #2239, #232 ) ;
#3482 = FILL_AREA_STYLE ('',( #780 ) ) ;
#3483 = VERTEX_POINT ( 'NONE', #2914 ) ;
#3484 = ORIENTED_EDGE ( 'NONE', *, *, #1970, .T. ) ;
#3485 = VECTOR ( 'NONE', #3803, 1000.000000000000000 ) ;
#3486 = PRESENTATION_LAYER_ASSIGNMENT (  '', '', ( #3027 ) ) ;
#3487 = ORIENTED_EDGE ( 'NONE', *, *, #347, .F. ) ;
#3488 = LINE ( 'NONE', #1694, #4279 ) ;
#3489 = ADVANCED_FACE ( 'NONE', ( #2667 ), #3255, .F. ) ;
#3490 = DIRECTION ( 'NONE',  ( 1.000000000000000000, 0.0000000000000000000, 0.0000000000000000000 ) ) ;
#3491 = ORIENTED_EDGE ( 'NONE', *, *, #467, .T. ) ;
#3492 = FILL_AREA_STYLE_COLOUR ( '', #3982 ) ;
#3493 = ORIENTED_EDGE ( 'NONE', *, *, #3904, .T. ) ;
#3494 = PLANE ( 'NONE',  #724 ) ;
#3495 = COLOUR_RGB ( '',1.000000000000000000, 0.8431372549019607900, 0.0000000000000000000 ) ;
#3496 = CARTESIAN_POINT ( 'NONE',  ( -0.7833649557076468600, -1.500000000000000000, 2.460000000000000400 ) ) ;
#3497 = CARTESIAN_POINT ( 'NONE',  ( -0.8899999999999999000, -1.915000000000000000, 0.5600000000000000500 ) ) ;
#3498 = UNCERTAINTY_MEASURE_WITH_UNIT (LENGTH_MEASURE( 1.000000000000000100E-005 ), #1747, 'distance_accuracy_value', 'NONE');
#3499 = VECTOR ( 'NONE', #4231, 1000.000000000000000 ) ;
#3500 =( NAMED_UNIT ( * ) SI_UNIT ( $, .STERADIAN. ) SOLID_ANGLE_UNIT ( ) );
#3501 = VERTEX_POINT ( 'NONE', #3610 ) ;
#3502 =( GEOMETRIC_REPRESENTATION_CONTEXT ( 3 ) GLOBAL_UNCERTAINTY_ASSIGNED_CONTEXT ( ( #364 ) ) GLOBAL_UNIT_ASSIGNED_CONTEXT ( ( #207, #2553, #545 ) ) REPRESENTATION_CONTEXT ( 'NONE', 'WORKASPACE' ) );
#3503 = LINE ( 'NONE', #627, #35 ) ;
#3504 = EDGE_CURVE ( 'NONE', #251, #1732, #4125, .T. ) ;
#3505 = VECTOR ( 'NONE', #2447, 1000.000000000000000 ) ;
#3506 = DIRECTION ( 'NONE',  ( 1.000000000000000000, 0.0000000000000000000, -1.807003620809174600E-016 ) ) ;
#3507 = DIRECTION ( 'NONE',  ( 1.000000000000000000, -0.0000000000000000000, -2.013799869284637200E-016 ) ) ;
#3508 = CARTESIAN_POINT ( 'NONE',  ( -1.269999999999999800, -1.905000000000000900, 0.5600000000000000500 ) ) ;
#3509 = CARTESIAN_POINT ( 'NONE',  ( 1.283364955707647000, 0.5654271344412066200, 0.5500000000000000400 ) ) ;
#3510 = ADVANCED_FACE ( 'NONE', ( #3228 ), #235, .F. ) ;
#3511 = PRESENTATION_LAYER_ASSIGNMENT (  '', '', ( #3274 ) ) ;
#3512 = CARTESIAN_POINT ( 'NONE',  ( 0.8900000000000000100, -0.8149999999999997200, 0.5600000000000000500 ) ) ;
#3513 = ORIENTED_EDGE ( 'NONE', *, *, #4330, .F. ) ;
#3514 = LINE ( 'NONE', #563, #4303 ) ;
#3515 = EDGE_CURVE ( 'NONE', #4112, #174, #240, .T. ) ;
#3516 = CARTESIAN_POINT ( 'NONE',  ( 1.883364955707646800, -1.500000000000000000, 3.359999999999998100 ) ) ;
#3517 = ORIENTED_EDGE ( 'NONE', *, *, #1576, .T. ) ;
#3518 = VECTOR ( 'NONE', #3398, 1000.000000000000000 ) ;
#3519 = COLOUR_RGB ( '',0.7529411764705882200, 0.7529411764705882200, 0.7529411764705882200 ) ;
#3520 =( NAMED_UNIT ( * ) PLANE_ANGLE_UNIT ( ) SI_UNIT ( $, .RADIAN. ) );
#3521 = PRESENTATION_STYLE_ASSIGNMENT (( #4030 ) ) ;
#3522 = CARTESIAN_POINT ( 'NONE',  ( -1.883364955707646800, 1.500000000000000000, 3.560000000000000100 ) ) ;
#3523 = ORIENTED_EDGE ( 'NONE', *, *, #3871, .F. ) ;
#3524 = LINE ( 'NONE', #202, #363 ) ;
#3525 = CARTESIAN_POINT ( 'NONE',  ( -1.683364955707645500, -1.299999999999998700, 3.560000000000000100 ) ) ;
#3526 = LINE ( 'NONE', #1504, #945 ) ;
#3527 = PRESENTATION_LAYER_ASSIGNMENT (  '', '', ( #3066 ) ) ;
#3528 = CLOSED_SHELL ( 'NONE', ( #1780, #1140, #3770, #2724, #764, #2041, #4045, #3111, #4136, #3791, #1686, #3172, #1760, #95, #2377, #164, #1040, #719, #1098, #3489, #2740, #2458, #3750, #2177, #1060, #4058, #74, #808, #682, #1448, #125, #1020, #827, #3811, #397, #349, #3510, #1823, #2129, #2703, #2062, #2822, #3035, #2810, #2844, #3394, #1803, #4122, #1167, #53, #1018, #2013, #2150, #4191, #3061, #145, #1735, #2359, #3440, #2504, #2083, #4078, #4169, #2355, #2106, #2761, #2780, #786, #3084, #1489, #3376, #2418, #1706, #3148, #700, #1362, #3829, #445, #1082, #4043, #2442, #375, #468, #1400, #3859, #1429, #3729, #1121, #3417, #488, #423, #33, #3130, #2398, #2487, #743, #3707, #3460, #1383, #1469, #4099, #3709 ) ) ;
#3529 = FILL_AREA_STYLE ('',( #828 ) ) ;
#3530 = AXIS2_PLACEMENT_3D ( 'NONE', #1752, #3059, #3450 ) ;
#3531 = ORIENTED_EDGE ( 'NONE', *, *, #4047, .F. ) ;
#3532 = ORIENTED_EDGE ( 'NONE', *, *, #2486, .T. ) ;
#3533 = EDGE_CURVE ( 'NONE', #2421, #895, #1126, .T. ) ;
#3534 = DIRECTION ( 'NONE',  ( 1.000000000000000000, 0.0000000000000000000, -0.0000000000000000000 ) ) ;
#3535 = DIRECTION ( 'NONE',  ( 2.270580465938229000E-016, 0.0000000000000000000, -1.000000000000000000 ) ) ;
#3536 = VERTEX_POINT ( 'NONE', #1938 ) ;
#3537 = ORIENTED_EDGE ( 'NONE', *, *, #3779, .T. ) ;
#3538 = EDGE_CURVE ( 'NONE', #895, #3031, #2816, .T. ) ;
#3539 = UNCERTAINTY_MEASURE_WITH_UNIT (LENGTH_MEASURE( 1.000000000000000100E-005 ), #114, 'distance_accuracy_value', 'NONE');
#3540 = PRESENTATION_LAYER_ASSIGNMENT (  '', '', ( #3081 ) ) ;
#3541 = VERTEX_POINT ( 'NONE', #617 ) ;
#3542 =( NAMED_UNIT ( * ) PLANE_ANGLE_UNIT ( ) SI_UNIT ( $, .RADIAN. ) );
#3543 = DIRECTION ( 'NONE',  ( 0.0000000000000000000, -0.0000000000000000000, 1.000000000000000000 ) ) ;
#3544 = ORIENTED_EDGE ( 'NONE', *, *, #739, .F. ) ;
#3545 = ORIENTED_EDGE ( 'NONE', *, *, #1301, .F. ) ;
#3546 = VECTOR ( 'NONE', #761, 1000.000000000000000 ) ;
#3547 = VECTOR ( 'NONE', #3266, 1000.000000000000000 ) ;
#3548 = SURFACE_STYLE_USAGE ( .BOTH. , #1188 ) ;
#3549 = CARTESIAN_POINT ( 'NONE',  ( -1.283364955707647000, -0.8149999999999997200, 0.5500000000000001600 ) ) ;
#3550 = CARTESIAN_POINT ( 'NONE',  ( 1.084202172485504400E-016, 1.905000000000000000, 0.5500000000000000400 ) ) ;
#3551 = LINE ( 'NONE', #4134, #4349 ) ;
#3552 = CARTESIAN_POINT ( 'NONE',  ( -1.883364955707646800, -0.6021693389890916400, 0.5500000000000000400 ) ) ;
#3553 = AXIS2_PLACEMENT_3D ( 'NONE', #2155, #1853, #834 ) ;
#3554 = ORIENTED_EDGE ( 'NONE', *, *, #1834, .T. ) ;
#3555 = PRESENTATION_STYLE_ASSIGNMENT (( #1916 ) ) ;
#3556 = AXIS2_PLACEMENT_3D ( 'NONE', #3046, #2039, #44 ) ;
#3557 = SURFACE_STYLE_FILL_AREA ( #3428 ) ;
#3558 = EDGE_CURVE ( 'NONE', #1579, #2347, #3710, .T. ) ;
#3559 = VECTOR ( 'NONE', #2971, 1000.000000000000000 ) ;
#3560 = EDGE_CURVE ( 'NONE', #2427, #255, #144, .T. ) ;
#3561 = STYLED_ITEM ( 'NONE', ( #2549 ), #3791 ) ;
#3562 = DIRECTION ( 'NONE',  ( 0.0000000000000000000, -1.000000000000000000, 0.0000000000000000000 ) ) ;
#3563 = FILL_AREA_STYLE_COLOUR ( '', #2521 ) ;
#3564 = CARTESIAN_POINT ( 'NONE',  ( 0.8899999999999999000, 1.905000000000000000, 0.5500000000000000400 ) ) ;
#3565 = MECHANICAL_DESIGN_GEOMETRIC_PRESENTATION_REPRESENTATION (  '', ( #2883 ), #3788 ) ;
#3566 = VECTOR ( 'NONE', #2005, 1000.000000000000000 ) ;
#3567 = SURFACE_STYLE_FILL_AREA ( #1529 ) ;
#3568 =( NAMED_UNIT ( * ) PLANE_ANGLE_UNIT ( ) SI_UNIT ( $, .RADIAN. ) );
#3569 = COLOUR_RGB ( '',1.000000000000000000, 0.8431372549019607900, 0.0000000000000000000 ) ;
#3570 = UNCERTAINTY_MEASURE_WITH_UNIT (LENGTH_MEASURE( 1.000000000000000100E-005 ), #249, 'distance_accuracy_value', 'NONE');
#3571 = VERTEX_POINT ( 'NONE', #3643 ) ;
#3572 = LINE ( 'NONE', #940, #2685 ) ;
#3573 = SURFACE_STYLE_FILL_AREA ( #3247 ) ;
#3574 = CARTESIAN_POINT ( 'NONE',  ( 1.084202172485504400E-016, 1.905000000000000000, 0.01000000000000000000 ) ) ;
#3575 = SURFACE_STYLE_FILL_AREA ( #2499 ) ;
#3576 = ORIENTED_EDGE ( 'NONE', *, *, #847, .F. ) ;
#3577 = SURFACE_STYLE_USAGE ( .BOTH. , #1220 ) ;
#3578 = PLANE ( 'NONE',  #3481 ) ;
#3579 = ORIENTED_EDGE ( 'NONE', *, *, #3453, .F. ) ;
#3580 =( GEOMETRIC_REPRESENTATION_CONTEXT ( 3 ) GLOBAL_UNCERTAINTY_ASSIGNED_CONTEXT ( ( #2721 ) ) GLOBAL_UNIT_ASSIGNED_CONTEXT ( ( #1764, #4119, #2094 ) ) REPRESENTATION_CONTEXT ( 'NONE', 'WORKASPACE' ) );
#3581 = EDGE_LOOP ( 'NONE', ( #2101, #225, #774, #1988, #1566 ) ) ;
#3582 =( LENGTH_UNIT ( ) NAMED_UNIT ( * ) SI_UNIT ( .MILLI., .METRE. ) );
#3583 =( NAMED_UNIT ( * ) PLANE_ANGLE_UNIT ( ) SI_UNIT ( $, .RADIAN. ) );
#3584 = CARTESIAN_POINT ( 'NONE',  ( 0.8900000000000001200, 8.772181213746353200E-017, 0.0000000000000000000 ) ) ;
#3585 = ORIENTED_EDGE ( 'NONE', *, *, #42, .F. ) ;
#3586 = ORIENTED_EDGE ( 'NONE', *, *, #1946, .F. ) ;
#3587 = LINE ( 'NONE', #2823, #900 ) ;
#3588 = PRESENTATION_LAYER_ASSIGNMENT (  '', '', ( #3134 ) ) ;
#3589 =( GEOMETRIC_REPRESENTATION_CONTEXT ( 3 ) GLOBAL_UNCERTAINTY_ASSIGNED_CONTEXT ( ( #3021 ) ) GLOBAL_UNIT_ASSIGNED_CONTEXT ( ( #873, #2184, #3500 ) ) REPRESENTATION_CONTEXT ( 'NONE', 'WORKASPACE' ) );
#3590 = FILL_AREA_STYLE_COLOUR ( '', #723 ) ;
#3591 = VERTEX_POINT ( 'NONE', #3988 ) ;
#3592 = CARTESIAN_POINT ( 'NONE',  ( 0.9801724650762111400, -1.914999999999999800, 0.5600000000000000500 ) ) ;
#3593 = CARTESIAN_POINT ( 'NONE',  ( -0.9801724650762111400, 1.914999999999999800, 0.0000000000000000000 ) ) ;
#3594 = EDGE_CURVE ( 'NONE', #1990, #2532, #2716, .T. ) ;
#3595 =( LENGTH_UNIT ( ) NAMED_UNIT ( * ) SI_UNIT ( .MILLI., .METRE. ) );
#3596 = DIRECTION ( 'NONE',  ( 0.0000000000000000000, 1.000000000000000000, 0.0000000000000000000 ) ) ;
#3597 = LINE ( 'NONE', #2968, #1432 ) ;
#3598 = DIRECTION ( 'NONE',  ( -0.0000000000000000000, 0.0000000000000000000, 1.000000000000000000 ) ) ;
#3599 = DIRECTION ( 'NONE',  ( -0.0000000000000000000, -0.0000000000000000000, -1.000000000000000000 ) ) ;
#3600 = LINE ( 'NONE', #824, #1806 ) ;
#3601 = ORIENTED_EDGE ( 'NONE', *, *, #4176, .T. ) ;
#3602 = COLOUR_RGB ( '',1.000000000000000000, 0.8431372549019607900, 0.0000000000000000000 ) ;
#3603 = VECTOR ( 'NONE', #1286, 1000.000000000000000 ) ;
#3604 = CARTESIAN_POINT ( 'NONE',  ( 1.283364955707647000, 1.500000000000000000, 0.5500000000000001600 ) ) ;
#3605 = CARTESIAN_POINT ( 'NONE',  ( -0.5020245296565755100, 1.330352135378642700, 1.012983963681220100 ) ) ;
#3606 = CARTESIAN_POINT ( 'NONE',  ( 0.0000000000000000000, 0.0000000000000000000, 0.5500000000000000400 ) ) ;
#3607 = FACE_OUTER_BOUND ( 'NONE', #2811, .T. ) ;
#3608 = CARTESIAN_POINT ( 'NONE',  ( 1.490488272734401800, 0.0000000000000000000, 0.5500000000000000400 ) ) ;
#3609 = DIRECTION ( 'NONE',  ( -1.000000000000000000, 0.0000000000000000000, 0.0000000000000000000 ) ) ;
#3610 = CARTESIAN_POINT ( 'NONE',  ( 1.649999999999999900, -1.914999999999999800, 0.5600000000000000500 ) ) ;
#3611 = STYLED_ITEM ( 'NONE', ( #4005 ), #2780 ) ;
#3612 = ORIENTED_EDGE ( 'NONE', *, *, #3923, .F. ) ;
#3613 = EDGE_CURVE ( 'NONE', #4341, #2408, #3503, .T. ) ;
#3614 = EDGE_CURVE ( 'NONE', #1100, #264, #1813, .T. ) ;
#3615 = PRESENTATION_LAYER_ASSIGNMENT (  '', '', ( #3162 ) ) ;
#3616 = DIRECTION ( 'NONE',  ( -1.000000000000000000, -0.0000000000000000000, -1.807003620809174600E-016 ) ) ;
#3617 = MECHANICAL_DESIGN_GEOMETRIC_PRESENTATION_REPRESENTATION (  '', ( #2943 ), #3849 ) ;
#3618 = ORIENTED_EDGE ( 'NONE', *, *, #22, .F. ) ;
#3619 = UNCERTAINTY_MEASURE_WITH_UNIT (LENGTH_MEASURE( 1.000000000000000100E-005 ), #579, 'distance_accuracy_value', 'NONE');
#3620 = VECTOR ( 'NONE', #3713, 1000.000000000000000 ) ;
#3621 = DIRECTION ( 'NONE',  ( -0.0000000000000000000, -0.0000000000000000000, -1.000000000000000000 ) ) ;
#3622 = VECTOR ( 'NONE', #3696, 1000.000000000000000 ) ;
#3623 = CARTESIAN_POINT ( 'NONE',  ( -1.269999999999999800, -1.905000000000000900, 0.5600000000000000500 ) ) ;
#3624 =( LENGTH_UNIT ( ) NAMED_UNIT ( * ) SI_UNIT ( .MILLI., .METRE. ) );
#3625 = DIRECTION ( 'NONE',  ( 2.853163611803958800E-016, 1.000000000000000000, -0.0000000000000000000 ) ) ;
#3626 = ORIENTED_EDGE ( 'NONE', *, *, #3966, .T. ) ;
#3627 = UNCERTAINTY_MEASURE_WITH_UNIT (LENGTH_MEASURE( 1.000000000000000100E-005 ), #3431, 'distance_accuracy_value', 'NONE');
#3628 = VECTOR ( 'NONE', #1426, 1000.000000000000000 ) ;
#3629 = ORIENTED_EDGE ( 'NONE', *, *, #2429, .F. ) ;
#3630 = DIRECTION ( 'NONE',  ( 2.270580465938229000E-016, -0.0000000000000000000, -1.000000000000000000 ) ) ;
#3631 = CARTESIAN_POINT ( 'NONE',  ( -1.683364955707645500, 1.500000000000000000, 3.560000000000000100 ) ) ;
#3632 = ORIENTED_EDGE ( 'NONE', *, *, #2198, .T. ) ;
#3633 = ORIENTED_EDGE ( 'NONE', *, *, #195, .T. ) ;
#3634 = ORIENTED_EDGE ( 'NONE', *, *, #2967, .F. ) ;
#3635 = SURFACE_STYLE_FILL_AREA ( #4234 ) ;
#3636 =( NAMED_UNIT ( * ) SI_UNIT ( $, .STERADIAN. ) SOLID_ANGLE_UNIT ( ) );
#3637 = SURFACE_SIDE_STYLE ('',( #2830 ) ) ;
#3638 = DIRECTION ( 'NONE',  ( -0.0000000000000000000, 1.000000000000000000, -0.0000000000000000000 ) ) ;
#3639 = PLANE ( 'NONE',  #898 ) ;
#3640 = MECHANICAL_DESIGN_GEOMETRIC_PRESENTATION_REPRESENTATION (  '', ( #2955 ), #3866 ) ;
#3641 =( LENGTH_UNIT ( ) NAMED_UNIT ( * ) SI_UNIT ( .MILLI., .METRE. ) );
#3642 = DIRECTION ( 'NONE',  ( -0.0000000000000000000, -0.0000000000000000000, -1.000000000000000000 ) ) ;
#3643 = CARTESIAN_POINT ( 'NONE',  ( -1.905000000000000000, -0.6021693389890916400, 0.5500000000000000400 ) ) ;
#3644 = EDGE_LOOP ( 'NONE', ( #3890, #70, #2416, #3092 ) ) ;
#3645 = EDGE_CURVE ( 'NONE', #3854, #14, #1695, .T. ) ;
#3646 = EDGE_CURVE ( 'NONE', #1939, #838, #807, .T. ) ;
#3647 = VERTEX_POINT ( 'NONE', #2982 ) ;
#3648 = ORIENTED_EDGE ( 'NONE', *, *, #407, .T. ) ;
#3649 = AXIS2_PLACEMENT_3D ( 'NONE', #2406, #3102, #1087 ) ;
#3650 = CARTESIAN_POINT ( 'NONE',  ( 0.0000000000000000000, 0.8149999999999997200, 0.5600000000000000500 ) ) ;
#3651 = DIRECTION ( 'NONE',  ( -0.0000000000000000000, -0.0000000000000000000, -1.000000000000000000 ) ) ;
#3652 = EDGE_CURVE ( 'NONE', #3307, #4224, #4293, .T. ) ;
#3653 = DIRECTION ( 'NONE',  ( 0.0000000000000000000, -1.000000000000000000, 0.0000000000000000000 ) ) ;
#3654 = FILL_AREA_STYLE_COLOUR ( '', #4145 ) ;
#3655 = LINE ( 'NONE', #2443, #190 ) ;
#3656 = SURFACE_STYLE_USAGE ( .BOTH. , #1299 ) ;
#3657 = DIRECTION ( 'NONE',  ( -0.0000000000000000000, -0.0000000000000000000, -1.000000000000000000 ) ) ;
#3658 = ORIENTED_EDGE ( 'NONE', *, *, #2809, .T. ) ;
#3659 = SURFACE_STYLE_USAGE ( .BOTH. , #3976 ) ;
#3660 = LINE ( 'NONE', #4261, #2766 ) ;
#3661 = CIRCLE ( 'NONE', #428, 0.2435729008478046100 ) ;
#3662 = CARTESIAN_POINT ( 'NONE',  ( 0.0000000000000000000, 1.100000000000000100, 1.586924070653191700 ) ) ;
#3663 =( NAMED_UNIT ( * ) PLANE_ANGLE_UNIT ( ) SI_UNIT ( $, .RADIAN. ) );
#3664 = AXIS2_PLACEMENT_3D ( 'NONE', #4015, #1978, #4355 ) ;
#3665 = SURFACE_SIDE_STYLE ('',( #2599 ) ) ;
#3666 =( NAMED_UNIT ( * ) SI_UNIT ( $, .STERADIAN. ) SOLID_ANGLE_UNIT ( ) );
#3667 = PLANE ( 'NONE',  #4056 ) ;
#3668 = CARTESIAN_POINT ( 'NONE',  ( 1.559827534923788700, 1.914999999999999800, 0.0000000000000000000 ) ) ;
#3669 = LINE ( 'NONE', #2264, #1877 ) ;
#3670 = DIRECTION ( 'NONE',  ( 1.000000000000000000, 0.0000000000000000000, 0.0000000000000000000 ) ) ;
#3671 = MECHANICAL_DESIGN_GEOMETRIC_PRESENTATION_REPRESENTATION (  '', ( #3215 ), #3898 ) ;
#3672 = CARTESIAN_POINT ( 'NONE',  ( -0.3800000000000001700, -1.823589814187224400, 0.01000000000000000000 ) ) ;
#3673 = MECHANICAL_DESIGN_GEOMETRIC_PRESENTATION_REPRESENTATION (  '', ( #3216 ), #3901 ) ;
#3674 = VECTOR ( 'NONE', #2525, 1000.000000000000000 ) ;
#3675 = EDGE_CURVE ( 'NONE', #4163, #1071, #1590, .T. ) ;
#3676 = DIRECTION ( 'NONE',  ( 1.000000000000000000, 0.0000000000000000000, -0.0000000000000000000 ) ) ;
#3677 =( LENGTH_UNIT ( ) NAMED_UNIT ( * ) SI_UNIT ( .MILLI., .METRE. ) );
#3678 = LINE ( 'NONE', #1394, #110 ) ;
#3679 = SURFACE_STYLE_FILL_AREA ( #3983 ) ;
#3680 = VECTOR ( 'NONE', #3630, 1000.000000000000000 ) ;
#3681 = CARTESIAN_POINT ( 'NONE',  ( 0.0000000000000000000, 1.102896303087264500, 0.8244046448233287600 ) ) ;
#3682 = CARTESIAN_POINT ( 'NONE',  ( 1.883364955707646800, -0.6021693389890920800, 0.5500000000000000400 ) ) ;
#3683 = FILL_AREA_STYLE ('',( #4002 ) ) ;
#3684 = VERTEX_POINT ( 'NONE', #4358 ) ;
#3685 = DIRECTION ( 'NONE',  ( -0.0000000000000000000, 0.0000000000000000000, 1.000000000000000000 ) ) ;
#3686 = PRESENTATION_STYLE_ASSIGNMENT (( #1325 ) ) ;
#3687 = CARTESIAN_POINT ( 'NONE',  ( -1.037170992465573900, -0.8981840290769022000, 3.560000000000000100 ) ) ;
#3688 = DIRECTION ( 'NONE',  ( -0.0000000000000000000, -1.000000000000000000, -0.0000000000000000000 ) ) ;
#3689 = ORIENTED_EDGE ( 'NONE', *, *, #1112, .T. ) ;
#3690 = ORIENTED_EDGE ( 'NONE', *, *, #1245, .T. ) ;
#3691 = ORIENTED_EDGE ( 'NONE', *, *, #2611, .F. ) ;
#3692 = AXIS2_PLACEMENT_3D ( 'NONE', #1907, #3925, #1243 ) ;
#3693 = EDGE_LOOP ( 'NONE', ( #1369, #683, #3785, #543 ) ) ;
#3694 = LINE ( 'NONE', #1127, #1902 ) ;
#3695 = DIRECTION ( 'NONE',  ( -0.0000000000000000000, 1.000000000000000000, -0.0000000000000000000 ) ) ;
#3696 = DIRECTION ( 'NONE',  ( 1.971276677246371800E-016, 1.000000000000000000, 0.0000000000000000000 ) ) ;
#3697 = VERTEX_POINT ( 'NONE', #1643 ) ;
#3698 = PLANE ( 'NONE',  #152 ) ;
#3699 = STYLED_ITEM ( 'NONE', ( #1667 ), #2703 ) ;
#3700 = PLANE ( 'NONE',  #2873 ) ;
#3701 = EDGE_CURVE ( 'NONE', #2933, #2165, #3389, .T. ) ;
#3702 = EDGE_CURVE ( 'NONE', #3211, #2933, #3283, .T. ) ;
#3703 = PRESENTATION_LAYER_ASSIGNMENT (  '', '', ( #3245 ) ) ;
#3704 = PRESENTATION_STYLE_ASSIGNMENT (( #4076 ) ) ;
#3705 = VECTOR ( 'NONE', #1482, 1000.000000000000000 ) ;
#3706 = MECHANICAL_DESIGN_GEOMETRIC_PRESENTATION_REPRESENTATION (  '', ( #3027 ), #3930 ) ;
#3707 = ADVANCED_FACE ( 'NONE', ( #1487 ), #1999, .F. ) ;
#3708 = CIRCLE ( 'NONE', #1594, 0.2899999999999998700 ) ;
#3709 = ADVANCED_FACE ( 'NONE', ( #2389 ), #5, .T. ) ;
#3710 = LINE ( 'NONE', #3297, #1030 ) ;
#3711 = SURFACE_STYLE_USAGE ( .BOTH. , #1580 ) ;
#3712 =( NAMED_UNIT ( * ) PLANE_ANGLE_UNIT ( ) SI_UNIT ( $, .RADIAN. ) );
#3713 = DIRECTION ( 'NONE',  ( 0.0000000000000000000, -1.000000000000000000, 0.0000000000000000000 ) ) ;
#3714 = CARTESIAN_POINT ( 'NONE',  ( -1.559827534923788700, 1.914999999999999800, 0.5600000000000000500 ) ) ;
#3715 = FACE_OUTER_BOUND ( 'NONE', #385, .T. ) ;
#3716 = APPLICATION_PROTOCOL_DEFINITION ( 'draft international standard', 'automotive_design', 1998, #1353 ) ;
#3717 = VERTEX_POINT ( 'NONE', #1070 ) ;
#3718 = LINE ( 'NONE', #68, #1924 ) ;
#3719 = DIRECTION ( 'NONE',  ( 1.000000000000000000, -0.0000000000000000000, 0.0000000000000000000 ) ) ;
#3720 =( LENGTH_UNIT ( ) NAMED_UNIT ( * ) SI_UNIT ( .MILLI., .METRE. ) );
#3721 = DIRECTION ( 'NONE',  ( 1.000000000000000000, 0.0000000000000000000, 0.0000000000000000000 ) ) ;
#3722 = VECTOR ( 'NONE', #3621, 1000.000000000000000 ) ;
#3723 = DIRECTION ( 'NONE',  ( 2.270580465938229000E-016, -0.0000000000000000000, 1.000000000000000000 ) ) ;
#3724 = VERTEX_POINT ( 'NONE', #2073 ) ;
#3725 = CARTESIAN_POINT ( 'NONE',  ( 1.650000000000000400, -3.252606517456514300E-016, 0.5500000000000000400 ) ) ;
#3726 = EDGE_CURVE ( 'NONE', #3541, #3854, #4074, .T. ) ;
#3727 = DIRECTION ( 'NONE',  ( -0.0000000000000000000, 1.000000000000000000, 0.0000000000000000000 ) ) ;
#3728 = ORIENTED_EDGE ( 'NONE', *, *, #499, .F. ) ;
#3729 = ADVANCED_FACE ( 'NONE', ( #3178 ), #3095, .F. ) ;
#3730 = VECTOR ( 'NONE', #2691, 1000.000000000000000 ) ;
#3731 = VECTOR ( 'NONE', #2082, 1000.000000000000000 ) ;
#3732 = STYLED_ITEM ( 'NONE', ( #2181 ), #3440 ) ;
#3733 = VECTOR ( 'NONE', #1621, 1000.000000000000000 ) ;
#3734 = MECHANICAL_DESIGN_GEOMETRIC_PRESENTATION_REPRESENTATION (  '', ( #3274 ), #3962 ) ;
#3735 = ORIENTED_EDGE ( 'NONE', *, *, #3921, .T. ) ;
#3736 = FACE_OUTER_BOUND ( 'NONE', #380, .T. ) ;
#3737 = EDGE_CURVE ( 'NONE', #3814, #3814, #501, .T. ) ;
#3738 =( LENGTH_UNIT ( ) NAMED_UNIT ( * ) SI_UNIT ( .MILLI., .METRE. ) );
#3739 = DIRECTION ( 'NONE',  ( -0.0000000000000000000, -0.0000000000000000000, -1.000000000000000000 ) ) ;
#3740 = DIRECTION ( 'NONE',  ( -0.0000000000000000000, -1.000000000000000000, -0.0000000000000000000 ) ) ;
#3741 = ORIENTED_EDGE ( 'NONE', *, *, #1896, .F. ) ;
#3742 = FILL_AREA_STYLE ('',( #3058 ) ) ;
#3743 = ORIENTED_EDGE ( 'NONE', *, *, #265, .F. ) ;
#3744 = ORIENTED_EDGE ( 'NONE', *, *, #1078, .T. ) ;
#3745 = FACE_OUTER_BOUND ( 'NONE', #575, .T. ) ;
#3746 =( LENGTH_UNIT ( ) NAMED_UNIT ( * ) SI_UNIT ( .MILLI., .METRE. ) );
#3747 = ORIENTED_EDGE ( 'NONE', *, *, #1001, .F. ) ;
#3748 = MECHANICAL_DESIGN_GEOMETRIC_PRESENTATION_REPRESENTATION (  '', ( #3066 ), #3981 ) ;
#3749 = ORIENTED_EDGE ( 'NONE', *, *, #1379, .T. ) ;
#3750 = ADVANCED_FACE ( 'NONE', ( #2174 ), #2762, .F. ) ;
#3751 = ORIENTED_EDGE ( 'NONE', *, *, #465, .T. ) ;
#3752 = ORIENTED_EDGE ( 'NONE', *, *, #297, .F. ) ;
#3753 = DIRECTION ( 'NONE',  ( -2.013799869284637000E-016, 0.0000000000000000000, -1.000000000000000000 ) ) ;
#3754 = MECHANICAL_DESIGN_GEOMETRIC_PRESENTATION_REPRESENTATION (  '', ( #3299 ), #3989 ) ;
#3755 = PLANE ( 'NONE',  #2167 ) ;
#3756 = EDGE_CURVE ( 'NONE', #3429, #3647, #3655, .T. ) ;
#3757 = DIRECTION ( 'NONE',  ( -0.0000000000000000000, -0.0000000000000000000, -1.000000000000000000 ) ) ;
#3758 = SURFACE_STYLE_FILL_AREA ( #2334 ) ;
#3759 = DIRECTION ( 'NONE',  ( 0.0000000000000000000, 0.0000000000000000000, -1.000000000000000000 ) ) ;
#3760 = EDGE_CURVE ( 'NONE', #328, #2893, #2763, .T. ) ;
#3761 = MECHANICAL_DESIGN_GEOMETRIC_PRESENTATION_REPRESENTATION (  '', ( #3081 ), #3995 ) ;
#3762 = UNCERTAINTY_MEASURE_WITH_UNIT (LENGTH_MEASURE( 1.000000000000000100E-005 ), #1546, 'distance_accuracy_value', 'NONE');
#3763 = ORIENTED_EDGE ( 'NONE', *, *, #75, .F. ) ;
#3764 = CARTESIAN_POINT ( 'NONE',  ( 0.0000000000000000000, -1.102896303087264500, 1.105693711484311500 ) ) ;
#3765 = CARTESIAN_POINT ( 'NONE',  ( 1.649999999999999900, 1.905000000000000000, 0.5500000000000000400 ) ) ;
#3766 = SURFACE_STYLE_USAGE ( .BOTH. , #1404 ) ;
#3767 = DIRECTION ( 'NONE',  ( -1.000000000000000000, 5.691349986800548400E-017, 0.0000000000000000000 ) ) ;
#3768 =( NAMED_UNIT ( * ) SI_UNIT ( $, .STERADIAN. ) SOLID_ANGLE_UNIT ( ) );
#3769 = DIRECTION ( 'NONE',  ( -1.971276677246371800E-016, -1.000000000000000000, 0.0000000000000000000 ) ) ;
#3770 = ADVANCED_FACE ( 'NONE', ( #1861 ), #1444, .F. ) ;
#3771 = FILL_AREA_STYLE_COLOUR ( '', #3069 ) ;
#3772 = PRESENTATION_LAYER_ASSIGNMENT (  '', '', ( #3320 ) ) ;
#3773 = LINE ( 'NONE', #3807, #2875 ) ;
#3774 = VECTOR ( 'NONE', #4196, 1000.000000000000000 ) ;
#3775 = STYLED_ITEM ( 'NONE', ( #3704 ), #2458 ) ;
#3776 = SURFACE_SIDE_STYLE ('',( #3826 ) ) ;
#3777 = FILL_AREA_STYLE_COLOUR ( '', #3026 ) ;
#3778 = SURFACE_STYLE_USAGE ( .BOTH. , #1424 ) ;
#3779 = EDGE_CURVE ( 'NONE', #3429, #1900, #1755, .T. ) ;
#3780 = VECTOR ( 'NONE', #593, 1000.000000000000000 ) ;
#3781 = ORIENTED_EDGE ( 'NONE', *, *, #238, .T. ) ;
#3782 = CARTESIAN_POINT ( 'NONE',  ( -0.8900000000000000100, 0.8149999999999997200, 0.0000000000000000000 ) ) ;
#3783 = EDGE_CURVE ( 'NONE', #2532, #975, #3551, .T. ) ;
#3784 = AXIS2_PLACEMENT_3D ( 'NONE', #77, #3802, #1784 ) ;
#3785 = ORIENTED_EDGE ( 'NONE', *, *, #2257, .T. ) ;
#3786 = VECTOR ( 'NONE', #159, 1000.000000000000000 ) ;
#3787 = SURFACE_STYLE_FILL_AREA ( #987 ) ;
#3788 =( GEOMETRIC_REPRESENTATION_CONTEXT ( 3 ) GLOBAL_UNCERTAINTY_ASSIGNED_CONTEXT ( ( #3956 ) ) GLOBAL_UNIT_ASSIGNED_CONTEXT ( ( #1480, #3839, #1821 ) ) REPRESENTATION_CONTEXT ( 'NONE', 'WORKASPACE' ) );
#3789 = ORIENTED_EDGE ( 'NONE', *, *, #3645, .F. ) ;
#3790 = ORIENTED_EDGE ( 'NONE', *, *, #1809, .F. ) ;
#3791 = ADVANCED_FACE ( 'NONE', ( #3443 ), #2119, .T. ) ;
#3792 = ORIENTED_EDGE ( 'NONE', *, *, #1814, .T. ) ;
#3793 = ORIENTED_EDGE ( 'NONE', *, *, #1335, .F. ) ;
#3794 = CYLINDRICAL_SURFACE ( 'NONE', #1085, 0.4812303591688801800 ) ;
#3795 = CARTESIAN_POINT ( 'NONE',  ( 1.649999999999999900, 1.914999999999999800, 0.5600000000000000500 ) ) ;
#3796 = CARTESIAN_POINT ( 'NONE',  ( 0.0000000000000000000, -1.330352135378642700, 1.586924070653191700 ) ) ;
#3797 = CARTESIAN_POINT ( 'NONE',  ( 0.0000000000000000000, -0.8149999999999997200, 0.5600000000000000500 ) ) ;
#3798 = CARTESIAN_POINT ( 'NONE',  ( 0.0000000000000000000, 1.102896303087264500, 1.586924070653191700 ) ) ;
#3799 = ORIENTED_EDGE ( 'NONE', *, *, #2806, .F. ) ;
#3800 =( NAMED_UNIT ( * ) PLANE_ANGLE_UNIT ( ) SI_UNIT ( $, .RADIAN. ) );
#3801 = ORIENTED_EDGE ( 'NONE', *, *, #2257, .F. ) ;
#3802 = DIRECTION ( 'NONE',  ( -1.807003620809174600E-016, 0.0000000000000000000, 1.000000000000000000 ) ) ;
#3803 = DIRECTION ( 'NONE',  ( -0.0000000000000000000, -1.000000000000000000, -0.0000000000000000000 ) ) ;
#3804 = FACE_OUTER_BOUND ( 'NONE', #3693, .T. ) ;
#3805 =( NAMED_UNIT ( * ) SI_UNIT ( $, .STERADIAN. ) SOLID_ANGLE_UNIT ( ) );
#3806 = DIRECTION ( 'NONE',  ( -1.000000000000000000, 0.0000000000000000000, 0.0000000000000000000 ) ) ;
#3807 = CARTESIAN_POINT ( 'NONE',  ( -0.8900000000000000100, -0.8149999999999997200, 0.5600000000000000500 ) ) ;
#3808 = PLANE ( 'NONE',  #284 ) ;
#3809 = MECHANICAL_DESIGN_GEOMETRIC_PRESENTATION_REPRESENTATION (  '', ( #3134 ), #4044 ) ;
#3810 = VECTOR ( 'NONE', #588, 1000.000000000000000 ) ;
#3811 = ADVANCED_FACE ( 'NONE', ( #2230 ), #3149, .F. ) ;
#3812 = SURFACE_STYLE_USAGE ( .BOTH. , #1457 ) ;
#3813 = EDGE_CURVE ( 'NONE', #2595, #34, #1909, .T. ) ;
#3814 = VERTEX_POINT ( 'NONE', #4 ) ;
#3815 = DIRECTION ( 'NONE',  ( -0.0000000000000000000, 0.0000000000000000000, 1.000000000000000000 ) ) ;
#3816 = VERTEX_POINT ( 'NONE', #3164 ) ;
#3817 = FILL_AREA_STYLE ('',( #3492 ) ) ;
#3818 = LINE ( 'NONE', #1727, #1139 ) ;
#3819 = DIRECTION ( 'NONE',  ( 0.0000000000000000000, 0.0000000000000000000, 1.000000000000000000 ) ) ;
#3820 = DIRECTION ( 'NONE',  ( -0.0000000000000000000, -0.0000000000000000000, -1.000000000000000000 ) ) ;
#3821 = COLOUR_RGB ( '',1.000000000000000000, 0.8431372549019607900, 0.0000000000000000000 ) ;
#3822 = SURFACE_STYLE_USAGE ( .BOTH. , #1471 ) ;
#3823 = EDGE_LOOP ( 'NONE', ( #2948 ) ) ;
#3824 = FILL_AREA_STYLE ('',( #3863 ) ) ;
#3825 = LINE ( 'NONE', #1428, #3731 ) ;
#3826 = SURFACE_STYLE_FILL_AREA ( #2526 ) ;
#3827 = LINE ( 'NONE', #1992, #2932 ) ;
#3828 = ORIENTED_EDGE ( 'NONE', *, *, #465, .F. ) ;
#3829 = ADVANCED_FACE ( 'NONE', ( #237 ), #1825, .T. ) ;
#3830 = DIRECTION ( 'NONE',  ( -0.0000000000000000000, -0.0000000000000000000, -1.000000000000000000 ) ) ;
#3831 = ORIENTED_EDGE ( 'NONE', *, *, #1846, .F. ) ;
#3832 = SURFACE_STYLE_FILL_AREA ( #1505 ) ;
#3833 = AXIS2_PLACEMENT_3D ( 'NONE', #1701, #4064, #2040 ) ;
#3834 = FACE_OUTER_BOUND ( 'NONE', #3977, .T. ) ;
#3835 = COLOUR_RGB ( '',0.2509803921568627400, 0.2509803921568627400, 0.2509803921568627400 ) ;
#3836 = COLOUR_RGB ( '',1.000000000000000000, 0.8431372549019607900, 0.0000000000000000000 ) ;
#3837 = EDGE_CURVE ( 'NONE', #1990, #1270, #2812, .T. ) ;
#3838 = PLANE ( 'NONE',  #3096 ) ;
#3839 =( NAMED_UNIT ( * ) PLANE_ANGLE_UNIT ( ) SI_UNIT ( $, .RADIAN. ) );
#3840 = CARTESIAN_POINT ( 'NONE',  ( -1.283364955707646700, -1.500000000000000000, 2.460000000000000400 ) ) ;
#3841 = CARTESIAN_POINT ( 'NONE',  ( 0.7833649557076468600, 1.500000000000000000, 2.960000000000000400 ) ) ;
#3842 = EDGE_CURVE ( 'NONE', #4054, #1837, #3600, .T. ) ;
#3843 = MECHANICAL_DESIGN_GEOMETRIC_PRESENTATION_REPRESENTATION (  '', ( #3162 ), #4069 ) ;
#3844 = ORIENTED_EDGE ( 'NONE', *, *, #3538, .T. ) ;
#3845 = CARTESIAN_POINT ( 'NONE',  ( -1.283364955707647000, -0.8149999999999997200, 0.5600000000000000500 ) ) ;
#3846 = ORIENTED_EDGE ( 'NONE', *, *, #2992, .F. ) ;
#3847 = VERTEX_POINT ( 'NONE', #3525 ) ;
#3848 = LINE ( 'NONE', #535, #1059 ) ;
#3849 =( GEOMETRIC_REPRESENTATION_CONTEXT ( 3 ) GLOBAL_UNCERTAINTY_ASSIGNED_CONTEXT ( ( #2330 ) ) GLOBAL_UNIT_ASSIGNED_CONTEXT ( ( #3677, #1647, #4026 ) ) REPRESENTATION_CONTEXT ( 'NONE', 'WORKASPACE' ) );
#3850 = PLANE ( 'NONE',  #4269 ) ;
#3851 = FACE_OUTER_BOUND ( 'NONE', #1355, .T. ) ;
#3852 = ORIENTED_EDGE ( 'NONE', *, *, #3701, .F. ) ;
#3853 = VERTEX_POINT ( 'NONE', #3845 ) ;
#3854 = VERTEX_POINT ( 'NONE', #2501 ) ;
#3855 = DIRECTION ( 'NONE',  ( -1.000000000000000000, 0.0000000000000000000, 0.0000000000000000000 ) ) ;
#3856 = DIRECTION ( 'NONE',  ( -0.0000000000000000000, 0.0000000000000000000, 1.000000000000000000 ) ) ;
#3857 = CARTESIAN_POINT ( 'NONE',  ( 5.463808316604582000E-016, -1.915000000000000300, 0.0000000000000000000 ) ) ;
#3858 = ORIENTED_EDGE ( 'NONE', *, *, #607, .T. ) ;
#3859 = ADVANCED_FACE ( 'NONE', ( #31 ), #1498, .F. ) ;
#3860 = PRESENTATION_STYLE_ASSIGNMENT (( #3106 ) ) ;
#3861 = CARTESIAN_POINT ( 'NONE',  ( 1.883364955707646800, -1.500000000000000000, 3.359999999999998100 ) ) ;
#3862 = PRESENTATION_STYLE_ASSIGNMENT (( #1232 ) ) ;
#3863 = FILL_AREA_STYLE_COLOUR ( '', #1456 ) ;
#3864 = VERTEX_POINT ( 'NONE', #1844 ) ;
#3865 = LINE ( 'NONE', #979, #2865 ) ;
#3866 =( GEOMETRIC_REPRESENTATION_CONTEXT ( 3 ) GLOBAL_UNCERTAINTY_ASSIGNED_CONTEXT ( ( #2384 ) ) GLOBAL_UNIT_ASSIGNED_CONTEXT ( ( #1623, #4003, #1966 ) ) REPRESENTATION_CONTEXT ( 'NONE', 'WORKASPACE' ) );
#3867 = SURFACE_STYLE_USAGE ( .BOTH. , #1500 ) ;
#3868 = EDGE_CURVE ( 'NONE', #4249, #638, #916, .T. ) ;
#3869 = ORIENTED_EDGE ( 'NONE', *, *, #4127, .T. ) ;
#3870 = FACE_OUTER_BOUND ( 'NONE', #947, .T. ) ;
#3871 = EDGE_CURVE ( 'NONE', #4060, #1739, #140, .T. ) ;
#3872 = AXIS2_PLACEMENT_3D ( 'NONE', #306, #2661, #647 ) ;
#3873 = FILL_AREA_STYLE_COLOUR ( '', #1154 ) ;
#3874 = CARTESIAN_POINT ( 'NONE',  ( 1.683364955707645500, 1.500000000000000000, 3.560000000000000100 ) ) ;
#3875 = DIRECTION ( 'NONE',  ( -1.000000000000000000, 2.853163611803958800E-016, 0.0000000000000000000 ) ) ;
#3876 = CARTESIAN_POINT ( 'NONE',  ( -5.463808316604582000E-016, 1.915000000000000300, 0.5600000000000000500 ) ) ;
#3877 = STYLED_ITEM ( 'NONE', ( #645 ), #488 ) ;
#3878 = CARTESIAN_POINT ( 'NONE',  ( 1.883364955707646800, 1.500000000000000000, 0.5500000000000000400 ) ) ;
#3879 = FACE_OUTER_BOUND ( 'NONE', #2312, .T. ) ;
#3880 = EDGE_CURVE ( 'NONE', #4329, #3222, #1691, .T. ) ;
#3881 = DIRECTION ( 'NONE',  ( 2.037409303115534000E-016, -1.000000000000000000, -0.0000000000000000000 ) ) ;
#3882 = LINE ( 'NONE', #3475, #3994 ) ;
#3883 = VECTOR ( 'NONE', #2158, 1000.000000000000000 ) ;
#3884 =( NAMED_UNIT ( * ) PLANE_ANGLE_UNIT ( ) SI_UNIT ( $, .RADIAN. ) );
#3885 = DIRECTION ( 'NONE',  ( 1.000000000000000000, -5.691349986800548400E-017, 0.0000000000000000000 ) ) ;
#3886 = SURFACE_SIDE_STYLE ('',( #1659 ) ) ;
#3887 = CARTESIAN_POINT ( 'NONE',  ( 1.883364955707646800, 1.500000000000000000, 3.359999999999998100 ) ) ;
#3888 = VECTOR ( 'NONE', #228, 1000.000000000000000 ) ;
#3889 = PRESENTATION_LAYER_ASSIGNMENT (  '', '', ( #3439 ) ) ;
#3890 = ORIENTED_EDGE ( 'NONE', *, *, #4085, .F. ) ;
#3891 = PLANE ( 'NONE',  #4174 ) ;
#3892 = ORIENTED_EDGE ( 'NONE', *, *, #2401, .F. ) ;
#3893 = DIRECTION ( 'NONE',  ( -0.0000000000000000000, -1.000000000000000000, -0.0000000000000000000 ) ) ;
#3894 = VERTEX_POINT ( 'NONE', #193 ) ;
#3895 = CIRCLE ( 'NONE', #1361, 0.2899999999999998700 ) ;
#3896 = PLANE ( 'NONE',  #109 ) ;
#3897 = UNCERTAINTY_MEASURE_WITH_UNIT (LENGTH_MEASURE( 1.000000000000000100E-005 ), #1816, 'distance_accuracy_value', 'NONE');
#3898 =( GEOMETRIC_REPRESENTATION_CONTEXT ( 3 ) GLOBAL_UNCERTAINTY_ASSIGNED_CONTEXT ( ( #3762 ) ) GLOBAL_UNIT_ASSIGNED_CONTEXT ( ( #1546, #3914, #1899 ) ) REPRESENTATION_CONTEXT ( 'NONE', 'WORKASPACE' ) );
#3899 = EDGE_LOOP ( 'NONE', ( #746, #4285, #4268, #3831, #2605, #2153 ) ) ;
#3900 = VERTEX_POINT ( 'NONE', #2191 ) ;
#3901 =( GEOMETRIC_REPRESENTATION_CONTEXT ( 3 ) GLOBAL_UNCERTAINTY_ASSIGNED_CONTEXT ( ( #2561 ) ) GLOBAL_UNIT_ASSIGNED_CONTEXT ( ( #3720, #448, #1708 ) ) REPRESENTATION_CONTEXT ( 'NONE', 'WORKASPACE' ) );
#3902 = SURFACE_SIDE_STYLE ('',( #2627 ) ) ;
#3903 = VERTEX_POINT ( 'NONE', #2536 ) ;
#3904 = EDGE_CURVE ( 'NONE', #1852, #3905, #699, .T. ) ;
#3905 = VERTEX_POINT ( 'NONE', #530 ) ;
#3906 = ORIENTED_EDGE ( 'NONE', *, *, #1547, .F. ) ;
#3907 = CARTESIAN_POINT ( 'NONE',  ( -1.490488272734400900, -0.6021693389890916400, 0.01000000000000000000 ) ) ;
#3908 = CARTESIAN_POINT ( 'NONE',  ( 1.283364955707647000, -0.8149999999999997200, 0.5500000000000001600 ) ) ;
#3909 = EDGE_LOOP ( 'NONE', ( #3388 ) ) ;
#3910 = COLOUR_RGB ( '',1.000000000000000000, 0.8431372549019607900, 0.0000000000000000000 ) ;
#3911 = CARTESIAN_POINT ( 'NONE',  ( 1.883364955707646800, 1.500000000000000000, 0.5500000000000000400 ) ) ;
#3912 = DIRECTION ( 'NONE',  ( 1.000000000000000000, 0.0000000000000000000, -0.0000000000000000000 ) ) ;
#3913 = CYLINDRICAL_SURFACE ( 'NONE', #2657, 0.4812303591688801800 ) ;
#3914 =( NAMED_UNIT ( * ) PLANE_ANGLE_UNIT ( ) SI_UNIT ( $, .RADIAN. ) );
#3915 = CARTESIAN_POINT ( 'NONE',  ( 1.883364955707646800, 1.500000000000000000, 3.359999999999998100 ) ) ;
#3916 = LINE ( 'NONE', #2924, #1228 ) ;
#3917 =( NAMED_UNIT ( * ) SI_UNIT ( $, .STERADIAN. ) SOLID_ANGLE_UNIT ( ) );
#3918 = DIRECTION ( 'NONE',  ( 1.000000000000000000, -9.035018104045873200E-017, 0.0000000000000000000 ) ) ;
#3919 = PRESENTATION_LAYER_ASSIGNMENT (  '', '', ( #3699 ) ) ;
#3920 = VECTOR ( 'NONE', #1088, 1000.000000000000000 ) ;
#3921 = EDGE_CURVE ( 'NONE', #3571, #1890, #2490, .T. ) ;
#3922 = VERTEX_POINT ( 'NONE', #1330 ) ;
#3923 = EDGE_CURVE ( 'NONE', #2471, #4249, #1588, .T. ) ;
#3924 = MECHANICAL_DESIGN_GEOMETRIC_PRESENTATION_REPRESENTATION (  '', ( #3245 ), #4151 ) ;
#3925 = DIRECTION ( 'NONE',  ( -0.0000000000000000000, -0.0000000000000000000, -1.000000000000000000 ) ) ;
#3926 = SURFACE_STYLE_USAGE ( .BOTH. , #1557 ) ;
#3927 = CARTESIAN_POINT ( 'NONE',  ( -1.883364955707646800, 0.3299999999999997900, 0.5500000000000000400 ) ) ;
#3928 = VERTEX_POINT ( 'NONE', #511 ) ;
#3929 = PLANE ( 'NONE',  #1541 ) ;
#3930 =( GEOMETRIC_REPRESENTATION_CONTEXT ( 3 ) GLOBAL_UNCERTAINTY_ASSIGNED_CONTEXT ( ( #1271 ) ) GLOBAL_UNIT_ASSIGNED_CONTEXT ( ( #879, #3230, #1219 ) ) REPRESENTATION_CONTEXT ( 'NONE', 'WORKASPACE' ) );
#3931 = CIRCLE ( 'NONE', #574, 0.2899999999999998700 ) ;
#3932 =( NAMED_UNIT ( * ) SI_UNIT ( $, .STERADIAN. ) SOLID_ANGLE_UNIT ( ) );
#3933 = SURFACE_STYLE_USAGE ( .BOTH. , #3637 ) ;
#3934 = CARTESIAN_POINT ( 'NONE',  ( 1.883364955707646800, 1.500000000000000000, 3.560000000000000100 ) ) ;
#3935 = SURFACE_STYLE_FILL_AREA ( #3231 ) ;
#3936 = FILL_AREA_STYLE_COLOUR ( '', #928 ) ;
#3937 = SURFACE_SIDE_STYLE ('',( #976 ) ) ;
#3938 = CARTESIAN_POINT ( 'NONE',  ( 1.283364955707647000, 1.500000000000000000, 0.5500000000000001600 ) ) ;
#3939 = VECTOR ( 'NONE', #2555, 1000.000000000000000 ) ;
#3940 = ORIENTED_EDGE ( 'NONE', *, *, #187, .T. ) ;
#3941 = PRESENTATION_STYLE_ASSIGNMENT (( #1979 ) ) ;
#3942 = ORIENTED_EDGE ( 'NONE', *, *, #2569, .F. ) ;
#3943 = CARTESIAN_POINT ( 'NONE',  ( -0.0000000000000000000, 0.8149999999999997200, 0.01000000000000000000 ) ) ;
#3944 = COLOUR_RGB ( '',0.7529411764705882200, 0.7529411764705882200, 0.7529411764705882200 ) ;
#3945 = LINE ( 'NONE', #2841, #366 ) ;
#3946 = DIRECTION ( 'NONE',  ( 1.000000000000000000, 0.0000000000000000000, 0.0000000000000000000 ) ) ;
#3947 = PRESENTATION_STYLE_ASSIGNMENT (( #2139 ) ) ;
#3948 = SURFACE_SIDE_STYLE ('',( #856 ) ) ;
#3949 =( NAMED_UNIT ( * ) PLANE_ANGLE_UNIT ( ) SI_UNIT ( $, .RADIAN. ) );
#3950 = STYLED_ITEM ( 'NONE', ( #864 ), #2177 ) ;
#3951 = ORIENTED_EDGE ( 'NONE', *, *, #1749, .F. ) ;
#3952 = DIRECTION ( 'NONE',  ( -1.000000000000000000, 2.853163611803958800E-016, 0.0000000000000000000 ) ) ;
#3953 = CARTESIAN_POINT ( 'NONE',  ( -0.3800000000000001700, -1.823589814187224400, 0.01000000000000000000 ) ) ;
#3954 = DIRECTION ( 'NONE',  ( -0.0000000000000000000, -1.000000000000000000, -0.0000000000000000000 ) ) ;
#3955 = EDGE_CURVE ( 'NONE', #489, #3684, #802, .T. ) ;
#3956 = UNCERTAINTY_MEASURE_WITH_UNIT (LENGTH_MEASURE( 1.000000000000000100E-005 ), #1480, 'distance_accuracy_value', 'NONE');
#3957 = UNCERTAINTY_MEASURE_WITH_UNIT (LENGTH_MEASURE( 1.000000000000000100E-005 ), #3582, 'distance_accuracy_value', 'NONE');
#3958 = VERTEX_POINT ( 'NONE', #2209 ) ;
#3959 = ORIENTED_EDGE ( 'NONE', *, *, #2809, .F. ) ;
#3960 = AXIS2_PLACEMENT_3D ( 'NONE', #2124, #133, #2464 ) ;
#3961 = VECTOR ( 'NONE', #3406, 1000.000000000000000 ) ;
#3962 =( GEOMETRIC_REPRESENTATION_CONTEXT ( 3 ) GLOBAL_UNCERTAINTY_ASSIGNED_CONTEXT ( ( #227 ) ) GLOBAL_UNIT_ASSIGNED_CONTEXT ( ( #312, #2014, #28 ) ) REPRESENTATION_CONTEXT ( 'NONE', 'WORKASPACE' ) );
#3963 = CARTESIAN_POINT ( 'NONE',  ( 1.084202172485504400E-016, 1.905000000000000000, 0.5500000000000000400 ) ) ;
#3964 = ORIENTED_EDGE ( 'NONE', *, *, #2061, .T. ) ;
#3965 = CARTESIAN_POINT ( 'NONE',  ( -5.463808316604582000E-016, 1.915000000000000300, 0.0000000000000000000 ) ) ;
#3966 = EDGE_CURVE ( 'NONE', #2937, #2754, #1483, .T. ) ;
#3967 = FILL_AREA_STYLE ('',( #276 ) ) ;
#3968 = COLOUR_RGB ( '',1.000000000000000000, 0.8431372549019607900, 0.0000000000000000000 ) ;
#3969 = ORIENTED_EDGE ( 'NONE', *, *, #3533, .F. ) ;
#3970 = CARTESIAN_POINT ( 'NONE',  ( 0.0000000000000000000, -0.6021693389890916400, 0.5500000000000000400 ) ) ;
#3971 = DIRECTION ( 'NONE',  ( 1.000000000000000000, 0.0000000000000000000, 0.0000000000000000000 ) ) ;
#3972 = VERTEX_POINT ( 'NONE', #2885 ) ;
#3973 =( NAMED_UNIT ( * ) SI_UNIT ( $, .STERADIAN. ) SOLID_ANGLE_UNIT ( ) );
#3974 = CARTESIAN_POINT ( 'NONE',  ( 1.905000000000000000, -1.905000000000000000, 0.5500000000000000400 ) ) ;
#3975 = FACE_OUTER_BOUND ( 'NONE', #4055, .T. ) ;
#3976 = SURFACE_SIDE_STYLE ('',( #4158 ) ) ;
#3977 = EDGE_LOOP ( 'NONE', ( #2256 ) ) ;
#3978 = VECTOR ( 'NONE', #1395, 1000.000000000000000 ) ;
#3979 = CARTESIAN_POINT ( 'NONE',  ( -0.5383862562622203600, -1.100000000000000100, 0.5500000000000000400 ) ) ;
#3980 = VERTEX_POINT ( 'NONE', #1535 ) ;
#3981 =( GEOMETRIC_REPRESENTATION_CONTEXT ( 3 ) GLOBAL_UNCERTAINTY_ASSIGNED_CONTEXT ( ( #4011 ) ) GLOBAL_UNIT_ASSIGNED_CONTEXT ( ( #134, #2466, #464 ) ) REPRESENTATION_CONTEXT ( 'NONE', 'WORKASPACE' ) );
#3982 = COLOUR_RGB ( '',1.000000000000000000, 0.8431372549019607900, 0.0000000000000000000 ) ;
#3983 = FILL_AREA_STYLE ('',( #1464 ) ) ;
#3984 = DIRECTION ( 'NONE',  ( -1.971276677246371500E-016, 1.000000000000000000, 0.0000000000000000000 ) ) ;
#3985 =( NAMED_UNIT ( * ) SI_UNIT ( $, .STERADIAN. ) SOLID_ANGLE_UNIT ( ) );
#3986 = COLOUR_RGB ( '',1.000000000000000000, 0.8431372549019607900, 0.0000000000000000000 ) ;
#3987 = CARTESIAN_POINT ( 'NONE',  ( 1.883364955707646800, 1.500000000000000000, 3.359999999999998100 ) ) ;
#3988 = CARTESIAN_POINT ( 'NONE',  ( -0.8899999999999999000, 1.905000000000000000, 0.5500000000000000400 ) ) ;
#3989 =( GEOMETRIC_REPRESENTATION_CONTEXT ( 3 ) GLOBAL_UNCERTAINTY_ASSIGNED_CONTEXT ( ( #1730 ) ) GLOBAL_UNIT_ASSIGNED_CONTEXT ( ( #1441, #3800, #1779 ) ) REPRESENTATION_CONTEXT ( 'NONE', 'WORKASPACE' ) );
#3990 = PRESENTATION_STYLE_ASSIGNMENT (( #1266 ) ) ;
#3991 = EDGE_CURVE ( 'NONE', #65, #640, #1380, .T. ) ;
#3992 = EDGE_CURVE ( 'NONE', #3073, #3591, #4070, .T. ) ;
#3993 = FACE_BOUND ( 'NONE', #3823, .T. ) ;
#3994 = VECTOR ( 'NONE', #1118, 1000.000000000000000 ) ;
#3995 =( GEOMETRIC_REPRESENTATION_CONTEXT ( 3 ) GLOBAL_UNCERTAINTY_ASSIGNED_CONTEXT ( ( #2796 ) ) GLOBAL_UNIT_ASSIGNED_CONTEXT ( ( #3624, #1597, #3973 ) ) REPRESENTATION_CONTEXT ( 'NONE', 'WORKASPACE' ) );
#3996 = DIRECTION ( 'NONE',  ( 1.000000000000000000, 0.0000000000000000000, 0.0000000000000000000 ) ) ;
#3997 = CARTESIAN_POINT ( 'NONE',  ( 0.8899999999999999000, 1.905000000000000000, 0.01000000000000000000 ) ) ;
#3998 = ORIENTED_EDGE ( 'NONE', *, *, #1753, .F. ) ;
#3999 = VECTOR ( 'NONE', #1481, 1000.000000000000000 ) ;
#4000 = VECTOR ( 'NONE', #2717, 1000.000000000000000 ) ;
#4001 = CARTESIAN_POINT ( 'NONE',  ( 0.0000000000000000000, -0.8149999999999997200, 0.01000000000000000000 ) ) ;
#4002 = FILL_AREA_STYLE_COLOUR ( '', #2736 ) ;
#4003 =( NAMED_UNIT ( * ) PLANE_ANGLE_UNIT ( ) SI_UNIT ( $, .RADIAN. ) );
#4004 = ORIENTED_EDGE ( 'NONE', *, *, #1753, .T. ) ;
#4005 = PRESENTATION_STYLE_ASSIGNMENT (( #1382 ) ) ;
#4006 = LINE ( 'NONE', #2880, #1308 ) ;
#4007 = EDGE_LOOP ( 'NONE', ( #4095, #3171, #282, #3632, #4098, #484 ) ) ;
#4008 = MECHANICAL_DESIGN_GEOMETRIC_PRESENTATION_REPRESENTATION (  '', ( #3320 ), #4229 ) ;
#4009 = VECTOR ( 'NONE', #3616, 1000.000000000000000 ) ;
#4010 = DIRECTION ( 'NONE',  ( 1.776356839400250500E-015, 0.0000000000000000000, 1.000000000000000000 ) ) ;
#4011 = UNCERTAINTY_MEASURE_WITH_UNIT (LENGTH_MEASURE( 1.000000000000000100E-005 ), #134, 'distance_accuracy_value', 'NONE');
#4012 = ORIENTED_EDGE ( 'NONE', *, *, #105, .F. ) ;
#4013 = ORIENTED_EDGE ( 'NONE', *, *, #2198, .F. ) ;
#4014 =( LENGTH_UNIT ( ) NAMED_UNIT ( * ) SI_UNIT ( .MILLI., .METRE. ) );
#4015 = CARTESIAN_POINT ( 'NONE',  ( -0.8900000000000001200, -8.772181213746353200E-017, 0.5600000000000000500 ) ) ;
#4016 = SURFACE_SIDE_STYLE ('',( #3039 ) ) ;
#4017 = PRESENTATION_LAYER_ASSIGNMENT (  '', '', ( #3775 ) ) ;
#4018 = DIRECTION ( 'NONE',  ( -0.0000000000000000000, -1.000000000000000000, -0.0000000000000000000 ) ) ;
#4019 = EDGE_LOOP ( 'NONE', ( #3634, #4327, #3360, #3212 ) ) ;
#4020 = VERTEX_POINT ( 'NONE', #2223 ) ;
#4021 = ORIENTED_EDGE ( 'NONE', *, *, #1358, .T. ) ;
#4022 = EDGE_CURVE ( 'NONE', #1584, #2471, #3065, .T. ) ;
#4023 = EDGE_CURVE ( 'NONE', #2645, #2798, #3173, .T. ) ;
#4024 = PRESENTATION_LAYER_ASSIGNMENT (  '', '', ( #3561 ) ) ;
#4025 = VERTEX_POINT ( 'NONE', #3907 ) ;
#4026 =( NAMED_UNIT ( * ) SI_UNIT ( $, .STERADIAN. ) SOLID_ANGLE_UNIT ( ) );
#4027 = LINE ( 'NONE', #2923, #2224 ) ;
#4028 = DIRECTION ( 'NONE',  ( 0.0000000000000000000, -0.0000000000000000000, -1.000000000000000000 ) ) ;
#4029 = CARTESIAN_POINT ( 'NONE',  ( 1.905000000000000000, 1.905000000000000000, 0.01000000000000000000 ) ) ;
#4030 = SURFACE_STYLE_USAGE ( .BOTH. , #1651 ) ;
#4031 = SURFACE_STYLE_FILL_AREA ( #126 ) ;
#4032 = DIRECTION ( 'NONE',  ( -0.0000000000000000000, 1.000000000000000000, -0.0000000000000000000 ) ) ;
#4033 = CARTESIAN_POINT ( 'NONE',  ( 0.0000000000000000000, 1.102896303087264500, 2.068154429822072000 ) ) ;
#4034 = CARTESIAN_POINT ( 'NONE',  ( 1.269999999999999800, -1.905000000000000900, 0.5600000000000000500 ) ) ;
#4035 = COLOUR_RGB ( '',1.000000000000000000, 0.8431372549019607900, 0.0000000000000000000 ) ;
#4036 = VECTOR ( 'NONE', #994, 1000.000000000000000 ) ;
#4037 = AXIS2_PLACEMENT_3D ( 'NONE', #3796, #1772, #4130 ) ;
#4038 = CARTESIAN_POINT ( 'NONE',  ( 0.8899999999999999000, 1.905000000000000000, 0.5500000000000000400 ) ) ;
#4039 = CARTESIAN_POINT ( 'NONE',  ( -0.7833649557076468600, -1.500000000000000000, 2.460000000000000400 ) ) ;
#4040 = EDGE_LOOP ( 'NONE', ( #597, #3100, #3747, #1618, #519, #2539 ) ) ;
#4041 = VECTOR ( 'NONE', #2718, 1000.000000000000000 ) ;
#4042 = FILL_AREA_STYLE ('',( #2343 ) ) ;
#4043 = ADVANCED_FACE ( 'NONE', ( #3975 ), #3578, .T. ) ;
#4044 =( GEOMETRIC_REPRESENTATION_CONTEXT ( 3 ) GLOBAL_UNCERTAINTY_ASSIGNED_CONTEXT ( ( #1408 ) ) GLOBAL_UNIT_ASSIGNED_CONTEXT ( ( #1347, #3712, #1681 ) ) REPRESENTATION_CONTEXT ( 'NONE', 'WORKASPACE' ) );
#4045 = ADVANCED_FACE ( 'NONE', ( #390, #2060 ), #2911, .T. ) ;
#4046 = STYLED_ITEM ( 'NONE', ( #572 ), #145 ) ;
#4047 = EDGE_CURVE ( 'NONE', #1419, #3062, #1751, .T. ) ;
#4048 = ORIENTED_EDGE ( 'NONE', *, *, #1302, .T. ) ;
#4049 = VECTOR ( 'NONE', #2314, 1000.000000000000000 ) ;
#4050 = DIRECTION ( 'NONE',  ( -1.000000000000000000, 0.0000000000000000000, 1.807003620809174600E-016 ) ) ;
#4051 = CARTESIAN_POINT ( 'NONE',  ( -0.8900000000000000100, 0.8149999999999997200, 0.5500000000000000400 ) ) ;
#4052 = ORIENTED_EDGE ( 'NONE', *, *, #3726, .T. ) ;
#4053 = ORIENTED_EDGE ( 'NONE', *, *, #3955, .T. ) ;
#4054 = VERTEX_POINT ( 'NONE', #901 ) ;
#4055 = EDGE_LOOP ( 'NONE', ( #2210, #1183, #3119, #127 ) ) ;
#4056 = AXIS2_PLACEMENT_3D ( 'NONE', #3016, #1011, #3354 ) ;
#4057 = ORIENTED_EDGE ( 'NONE', *, *, #1302, .F. ) ;
#4058 = ADVANCED_FACE ( 'NONE', ( #2654 ), #3124, .F. ) ;
#4059 = CARTESIAN_POINT ( 'NONE',  ( -1.905000000000000000, 0.6021693389890925300, 0.5500000000000000400 ) ) ;
#4060 = VERTEX_POINT ( 'NONE', #929 ) ;
#4061 = CARTESIAN_POINT ( 'NONE',  ( 1.490488272734401800, 0.0000000000000000000, 0.5500000000000000400 ) ) ;
#4062 = PRESENTATION_LAYER_ASSIGNMENT (  '', '', ( #3611 ) ) ;
#4063 = CARTESIAN_POINT ( 'NONE',  ( -6.149680183252800100E-032, -0.6021693389890916400, 0.5500000000000003800 ) ) ;
#4064 = DIRECTION ( 'NONE',  ( 0.0000000000000000000, -1.000000000000000000, 0.0000000000000000000 ) ) ;
#4065 = EDGE_CURVE ( 'NONE', #3894, #838, #4027, .T. ) ;
#4066 = PRESENTATION_STYLE_ASSIGNMENT (( #3237 ) ) ;
#4067 = VERTEX_POINT ( 'NONE', #3281 ) ;
#4068 = EDGE_CURVE ( 'NONE', #3980, #328, #2337, .T. ) ;
#4069 =( GEOMETRIC_REPRESENTATION_CONTEXT ( 3 ) GLOBAL_UNCERTAINTY_ASSIGNED_CONTEXT ( ( #760 ) ) GLOBAL_UNIT_ASSIGNED_CONTEXT ( ( #4014, #1977, #3142 ) ) REPRESENTATION_CONTEXT ( 'NONE', 'WORKASPACE' ) );
#4070 = LINE ( 'NONE', #4244, #2277 ) ;
#4071 = STYLED_ITEM ( 'NONE', ( #3947 ), #1040 ) ;
#4072 = VERTEX_POINT ( 'NONE', #1936 ) ;
#4073 =( NAMED_UNIT ( * ) SI_UNIT ( $, .STERADIAN. ) SOLID_ANGLE_UNIT ( ) );
#4074 = LINE ( 'NONE', #4093, #3978 ) ;
#4075 = CARTESIAN_POINT ( 'NONE',  ( -1.283364955707647000, 1.500000000000000000, 0.5500000000000001600 ) ) ;
#4076 = SURFACE_STYLE_USAGE ( .BOTH. , #1712 ) ;
#4077 =( NAMED_UNIT ( * ) SI_UNIT ( $, .STERADIAN. ) SOLID_ANGLE_UNIT ( ) );
#4078 = ADVANCED_FACE ( 'NONE', ( #551 ), #4305, .T. ) ;
#4079 = LINE ( 'NONE', #353, #2289 ) ;
#4080 = UNCERTAINTY_MEASURE_WITH_UNIT (LENGTH_MEASURE( 1.000000000000000100E-005 ), #3746, 'distance_accuracy_value', 'NONE');
#4081 = PRESENTATION_LAYER_ASSIGNMENT (  '', '', ( #4322 ) ) ;
#4082 = DIRECTION ( 'NONE',  ( -1.000000000000000000, -2.853163611803958800E-016, 0.0000000000000000000 ) ) ;
#4083 = LINE ( 'NONE', #3938, #2301 ) ;
#4084 = FILL_AREA_STYLE ('',( #716 ) ) ;
#4085 = EDGE_CURVE ( 'NONE', #2408, #4224, #3597, .T. ) ;
#4086 = DIRECTION ( 'NONE',  ( 1.000000000000000000, -0.0000000000000000000, 1.807003620809174600E-016 ) ) ;
#4087 = FILL_AREA_STYLE_COLOUR ( '', #3569 ) ;
#4088 = ORIENTED_EDGE ( 'NONE', *, *, #4150, .T. ) ;
#4089 = EDGE_CURVE ( 'NONE', #3717, #2745, #1019, .T. ) ;
#4090 = LINE ( 'NONE', #4149, #1401 ) ;
#4091 = LINE ( 'NONE', #2263, #4000 ) ;
#4092 = AXIS2_PLACEMENT_3D ( 'NONE', #1267, #3625, #1598 ) ;
#4093 = CARTESIAN_POINT ( 'NONE',  ( 1.490488272734401800, 0.6021693389890920800, 0.5500000000000000400 ) ) ;
#4094 = AXIS2_PLACEMENT_3D ( 'NONE', #1420, #2781, #755 ) ;
#4095 = ORIENTED_EDGE ( 'NONE', *, *, #2202, .F. ) ;
#4096 = LINE ( 'NONE', #452, #1508 ) ;
#4097 = EDGE_CURVE ( 'NONE', #2480, #2951, #136, .T. ) ;
#4098 = ORIENTED_EDGE ( 'NONE', *, *, #4124, .T. ) ;
#4099 = ADVANCED_FACE ( 'NONE', ( #2711 ), #4339, .F. ) ;
#4100 = DIRECTION ( 'NONE',  ( 0.0000000000000000000, 0.0000000000000000000, 1.000000000000000000 ) ) ;
#4101 = VERTEX_POINT ( 'NONE', #1293 ) ;
#4102 = LINE ( 'NONE', #3276, #4009 ) ;
#4103 = CARTESIAN_POINT ( 'NONE',  ( -1.283364955707647000, -0.3300000000000002400, 0.0000000000000000000 ) ) ;
#4104 =( NAMED_UNIT ( * ) PLANE_ANGLE_UNIT ( ) SI_UNIT ( $, .RADIAN. ) );
#4105 = CARTESIAN_POINT ( 'NONE',  ( -0.8900000000000001200, -8.772181213746353200E-017, 0.0000000000000000000 ) ) ;
#4106 = DIRECTION ( 'NONE',  ( 1.000000000000000000, 0.0000000000000000000, 0.0000000000000000000 ) ) ;
#4107 = ORIENTED_EDGE ( 'NONE', *, *, #3139, .T. ) ;
#4108 = ORIENTED_EDGE ( 'NONE', *, *, #75, .T. ) ;
#4109 = ORIENTED_EDGE ( 'NONE', *, *, #3842, .F. ) ;
#4110 = ORIENTED_EDGE ( 'NONE', *, *, #706, .T. ) ;
#4111 = ORIENTED_EDGE ( 'NONE', *, *, #2287, .T. ) ;
#4112 = VERTEX_POINT ( 'NONE', #641 ) ;
#4113 = ORIENTED_EDGE ( 'NONE', *, *, #51, .F. ) ;
#4114 = MECHANICAL_DESIGN_GEOMETRIC_PRESENTATION_REPRESENTATION (  '', ( #3439 ), #4354 ) ;
#4115 = CARTESIAN_POINT ( 'NONE',  ( -1.283364955707647000, -0.3300000000000002400, 0.5600000000000000500 ) ) ;
#4116 = ORIENTED_EDGE ( 'NONE', *, *, #1379, .F. ) ;
#4117 = ORIENTED_EDGE ( 'NONE', *, *, #2572, .F. ) ;
#4118 = FILL_AREA_STYLE ('',( #3777 ) ) ;
#4119 =( NAMED_UNIT ( * ) PLANE_ANGLE_UNIT ( ) SI_UNIT ( $, .RADIAN. ) );
#4120 = DIRECTION ( 'NONE',  ( 0.0000000000000000000, -1.000000000000000000, 0.0000000000000000000 ) ) ;
#4121 = FILL_AREA_STYLE_COLOUR ( '', #2835 ) ;
#4122 = ADVANCED_FACE ( 'NONE', ( #1688 ), #2655, .T. ) ;
#4123 = DIRECTION ( 'NONE',  ( 5.691349986800548400E-017, 1.000000000000000000, -0.0000000000000000000 ) ) ;
#4124 = EDGE_CURVE ( 'NONE', #4101, #1261, #2274, .T. ) ;
#4125 = LINE ( 'NONE', #1255, #561 ) ;
#4126 = SURFACE_SIDE_STYLE ('',( #1525 ) ) ;
#4127 = EDGE_CURVE ( 'NONE', #2897, #4274, #1373, .T. ) ;
#4128 = DIRECTION ( 'NONE',  ( -1.000000000000000000, 5.691349986800548400E-017, 0.0000000000000000000 ) ) ;
#4129 = CARTESIAN_POINT ( 'NONE',  ( -1.650000000000000100, 0.8149999999999997200, 0.5600000000000000500 ) ) ;
#4130 = DIRECTION ( 'NONE',  ( 0.0000000000000000000, 0.0000000000000000000, 1.000000000000000000 ) ) ;
#4131 = DIRECTION ( 'NONE',  ( 0.0000000000000000000, -0.0000000000000000000, -1.000000000000000000 ) ) ;
#4132 = DIRECTION ( 'NONE',  ( 0.0000000000000000000, 0.0000000000000000000, 1.000000000000000000 ) ) ;
#4133 = LINE ( 'NONE', #4357, #4036 ) ;
#4134 = CARTESIAN_POINT ( 'NONE',  ( 0.5383862562622202500, -1.100000000000000100, 1.012983963681220100 ) ) ;
#4135 = EDGE_LOOP ( 'NONE', ( #373, #479, #116, #3009 ) ) ;
#4136 = ADVANCED_FACE ( 'NONE', ( #1039 ), #222, .T. ) ;
#4137 = DIRECTION ( 'NONE',  ( 1.000000000000000000, -2.853163611803958800E-016, 0.0000000000000000000 ) ) ;
#4138 = LINE ( 'NONE', #1849, #670 ) ;
#4139 = MECHANICAL_DESIGN_GEOMETRIC_PRESENTATION_REPRESENTATION (  '', ( #3699 ), #16 ) ;
#4140 = PLANE ( 'NONE',  #937 ) ;
#4141 = CARTESIAN_POINT ( 'NONE',  ( -0.8899999999999999000, 1.915000000000000000, 0.5600000000000000500 ) ) ;
#4142 = SURFACE_SIDE_STYLE ('',( #2309 ) ) ;
#4143 = EDGE_CURVE ( 'NONE', #3958, #1584, #2616, .T. ) ;
#4144 = PRESENTATION_STYLE_ASSIGNMENT (( #421 ) ) ;
#4145 = COLOUR_RGB ( '',1.000000000000000000, 0.8431372549019607900, 0.0000000000000000000 ) ;
#4146 = VERTEX_POINT ( 'NONE', #2586 ) ;
#4147 = VECTOR ( 'NONE', #2996, 1000.000000000000000 ) ;
#4148 = CARTESIAN_POINT ( 'NONE',  ( 0.0000000000000000000, -0.8149999999999997200, 0.0000000000000000000 ) ) ;
#4149 = CARTESIAN_POINT ( 'NONE',  ( 1.883364955707646800, 1.500000000000000000, 0.5500000000000000400 ) ) ;
#4150 = EDGE_CURVE ( 'NONE', #3415, #1174, #3514, .T. ) ;
#4151 =( GEOMETRIC_REPRESENTATION_CONTEXT ( 3 ) GLOBAL_UNCERTAINTY_ASSIGNED_CONTEXT ( ( #3117 ) ) GLOBAL_UNIT_ASSIGNED_CONTEXT ( ( #3595, #1564, #3932 ) ) REPRESENTATION_CONTEXT ( 'NONE', 'WORKASPACE' ) );
#4152 = ORIENTED_EDGE ( 'NONE', *, *, #550, .F. ) ;
#4153 =( NAMED_UNIT ( * ) PLANE_ANGLE_UNIT ( ) SI_UNIT ( $, .RADIAN. ) );
#4154 = VECTOR ( 'NONE', #2051, 1000.000000000000100 ) ;
#4155 = CYLINDRICAL_SURFACE ( 'NONE', #3553, 0.5000000000000000000 ) ;
#4156 = EDGE_LOOP ( 'NONE', ( #779, #1524, #13, #1537 ) ) ;
#4157 =( LENGTH_UNIT ( ) NAMED_UNIT ( * ) SI_UNIT ( .MILLI., .METRE. ) );
#4158 = SURFACE_STYLE_FILL_AREA ( #170 ) ;
#4159 = ORIENTED_EDGE ( 'NONE', *, *, #2399, .T. ) ;
#4160 = CARTESIAN_POINT ( 'NONE',  ( -5.463808316604582000E-016, 1.915000000000000300, 0.5600000000000000500 ) ) ;
#4161 = CARTESIAN_POINT ( 'NONE',  ( 1.084202172485504400E-016, 1.905000000000000000, 0.01000000000000000000 ) ) ;
#4162 = ORIENTED_EDGE ( 'NONE', *, *, #1054, .T. ) ;
#4163 = VERTEX_POINT ( 'NONE', #234 ) ;
#4164 = COLOUR_RGB ( '',0.7529411764705882200, 0.7529411764705882200, 0.7529411764705882200 ) ;
#4165 = SURFACE_STYLE_USAGE ( .BOTH. , #1808 ) ;
#4166 = SURFACE_SIDE_STYLE ('',( #1258 ) ) ;
#4167 = CARTESIAN_POINT ( 'NONE',  ( -1.649999999999999900, -1.914999999999999800, 0.5600000000000000500 ) ) ;
#4168 = CARTESIAN_POINT ( 'NONE',  ( 1.283364955707647000, -0.5654271344412066200, 0.5500000000000001600 ) ) ;
#4169 = ADVANCED_FACE ( 'NONE', ( #1704 ), #1568, .T. ) ;
#4170 = ORIENTED_EDGE ( 'NONE', *, *, #2481, .T. ) ;
#4171 =( NAMED_UNIT ( * ) PLANE_ANGLE_UNIT ( ) SI_UNIT ( $, .RADIAN. ) );
#4172 = EDGE_LOOP ( 'NONE', ( #2374, #1202, #3214, #427 ) ) ;
#4173 = ORIENTED_EDGE ( 'NONE', *, *, #163, .T. ) ;
#4174 = AXIS2_PLACEMENT_3D ( 'NONE', #872, #3226, #1209 ) ;
#4175 = CARTESIAN_POINT ( 'NONE',  ( 0.8900000000000000100, 0.8149999999999997200, 0.5600000000000000500 ) ) ;
#4176 = EDGE_CURVE ( 'NONE', #52, #1387, #3400, .T. ) ;
#4177 = SURFACE_STYLE_FILL_AREA ( #730 ) ;
#4178 = VECTOR ( 'NONE', #2872, 1000.000000000000000 ) ;
#4179 = ORIENTED_EDGE ( 'NONE', *, *, #3756, .T. ) ;
#4180 = PRESENTATION_LAYER_ASSIGNMENT (  '', '', ( #3732 ) ) ;
#4181 = CARTESIAN_POINT ( 'NONE',  ( -0.9801724650762111400, -1.914999999999999800, 0.5600000000000000500 ) ) ;
#4182 = PLANE ( 'NONE',  #679 ) ;
#4183 = FACE_OUTER_BOUND ( 'NONE', #745, .T. ) ;
#4184 = VECTOR ( 'NONE', #2335, 1000.000000000000000 ) ;
#4185 = CARTESIAN_POINT ( 'NONE',  ( 0.5383862562622202500, 1.100000000000000100, 1.012983963681220100 ) ) ;
#4186 = STYLED_ITEM ( 'NONE', ( #2476 ), #397 ) ;
#4187 = DIRECTION ( 'NONE',  ( -1.000000000000000000, 0.0000000000000000000, -2.270580465938229000E-016 ) ) ;
#4188 = LINE ( 'NONE', #533, #2071 ) ;
#4189 = EDGE_CURVE ( 'NONE', #3004, #1324, #3082, .T. ) ;
#4190 = LINE ( 'NONE', #3030, #3286 ) ;
#4191 = ADVANCED_FACE ( 'NONE', ( #3879 ), #2614, .F. ) ;
#4192 = CARTESIAN_POINT ( 'NONE',  ( -1.280743893313378600, -0.8981840290769022000, 3.559000000000000200 ) ) ;
#4193 = DIRECTION ( 'NONE',  ( 0.0000000000000000000, -1.000000000000000000, 0.0000000000000000000 ) ) ;
#4194 = FILL_AREA_STYLE ('',( #818 ) ) ;
#4195 = CARTESIAN_POINT ( 'NONE',  ( 5.463808316604582000E-016, 1.915000000000000300, 0.0000000000000000000 ) ) ;
#4196 = DIRECTION ( 'NONE',  ( -1.000000000000000000, -2.853163611803958800E-016, 0.0000000000000000000 ) ) ;
#4197 = VECTOR ( 'NONE', #2568, 1000.000000000000000 ) ;
#4198 = CARTESIAN_POINT ( 'NONE',  ( 0.5383862562622202500, 1.100000000000000100, 1.012983963681220100 ) ) ;
#4199 = FILL_AREA_STYLE_COLOUR ( '', #708 ) ;
#4200 = EDGE_LOOP ( 'NONE', ( #4291, #1947, #1836, #2477 ) ) ;
#4201 = LINE ( 'NONE', #1796, #1503 ) ;
#4202 =( NAMED_UNIT ( * ) PLANE_ANGLE_UNIT ( ) SI_UNIT ( $, .RADIAN. ) );
#4203 = ORIENTED_EDGE ( 'NONE', *, *, #3110, .T. ) ;
#4204 = SURFACE_STYLE_FILL_AREA ( #2244 ) ;
#4205 = ORIENTED_EDGE ( 'NONE', *, *, #3279, .T. ) ;
#4206 = EDGE_CURVE ( 'NONE', #1292, #1017, #983, .T. ) ;
#4207 = FILL_AREA_STYLE_COLOUR ( '', #3258 ) ;
#4208 = FILL_AREA_STYLE ('',( #1520 ) ) ;
#4209 = FILL_AREA_STYLE_COLOUR ( '', #3944 ) ;
#4210 = DIRECTION ( 'NONE',  ( -1.000000000000000000, -2.853163611803958800E-016, 0.0000000000000000000 ) ) ;
#4211 = EDGE_CURVE ( 'NONE', #3468, #2328, #94, .T. ) ;
#4212 = DIRECTION ( 'NONE',  ( 1.000000000000000000, -0.0000000000000000000, -1.807003620809174600E-016 ) ) ;
#4213 = EDGE_LOOP ( 'NONE', ( #2530, #2440, #2631, #4170, #1775 ) ) ;
#4214 = ORIENTED_EDGE ( 'NONE', *, *, #2324, .F. ) ;
#4215 = CARTESIAN_POINT ( 'NONE',  ( -5.463808316604582000E-016, -1.915000000000000300, 0.5600000000000000500 ) ) ;
#4216 = SURFACE_SIDE_STYLE ('',( #2077 ) ) ;
#4217 = ORIENTED_EDGE ( 'NONE', *, *, #347, .T. ) ;
#4218 = ORIENTED_EDGE ( 'NONE', *, *, #2344, .T. ) ;
#4219 = VECTOR ( 'NONE', #96, 1000.000000000000000 ) ;
#4220 = DIRECTION ( 'NONE',  ( -0.0000000000000000000, -1.000000000000000000, -0.0000000000000000000 ) ) ;
#4221 = ORIENTED_EDGE ( 'NONE', *, *, #3760, .T. ) ;
#4222 = UNCERTAINTY_MEASURE_WITH_UNIT (LENGTH_MEASURE( 1.000000000000000100E-005 ), #3473, 'distance_accuracy_value', 'NONE');
#4223 = ORIENTED_EDGE ( 'NONE', *, *, #377, .T. ) ;
#4224 = VERTEX_POINT ( 'NONE', #2957 ) ;
#4225 = SURFACE_STYLE_USAGE ( .BOTH. , #1868 ) ;
#4226 = CARTESIAN_POINT ( 'NONE',  ( -0.8899999999999999000, 1.915000000000000000, 0.5600000000000000500 ) ) ;
#4227 =( LENGTH_UNIT ( ) NAMED_UNIT ( * ) SI_UNIT ( .MILLI., .METRE. ) );
#4228 = ORIENTED_EDGE ( 'NONE', *, *, #3702, .F. ) ;
#4229 =( GEOMETRIC_REPRESENTATION_CONTEXT ( 3 ) GLOBAL_UNCERTAINTY_ASSIGNED_CONTEXT ( ( #356 ) ) GLOBAL_UNIT_ASSIGNED_CONTEXT ( ( #1519, #3884, #1867 ) ) REPRESENTATION_CONTEXT ( 'NONE', 'WORKASPACE' ) );
#4230 = VECTOR ( 'NONE', #1455, 1000.000000000000000 ) ;
#4231 = DIRECTION ( 'NONE',  ( 1.000000000000000000, 0.0000000000000000000, 0.0000000000000000000 ) ) ;
#4232 = SURFACE_SIDE_STYLE ('',( #2966 ) ) ;
#4233 = MECHANICAL_DESIGN_GEOMETRIC_PRESENTATION_REPRESENTATION (  '', ( #3775 ), #97 ) ;
#4234 = FILL_AREA_STYLE ('',( #862 ) ) ;
#4235 = EDGE_CURVE ( 'NONE', #2108, #1282, #4360, .T. ) ;
#4236 = ORIENTED_EDGE ( 'NONE', *, *, #3411, .T. ) ;
#4237 = EDGE_CURVE ( 'NONE', #474, #4277, #2674, .T. ) ;
#4238 = MECHANICAL_DESIGN_GEOMETRIC_PRESENTATION_REPRESENTATION (  '', ( #3561 ), #107 ) ;
#4239 = SURFACE_SIDE_STYLE ('',( #2038 ) ) ;
#4240 = DIRECTION ( 'NONE',  ( 1.000000000000000000, 0.0000000000000000000, 0.0000000000000000000 ) ) ;
#4241 =( LENGTH_UNIT ( ) NAMED_UNIT ( * ) SI_UNIT ( .MILLI., .METRE. ) );
#4242 = CARTESIAN_POINT ( 'NONE',  ( -1.283364955707647000, -0.3300000000000002400, 0.5500000000000001600 ) ) ;
#4243 = STYLED_ITEM ( 'NONE', ( #2942 ), #743 ) ;
#4244 = CARTESIAN_POINT ( 'NONE',  ( 1.084202172485504400E-016, 1.905000000000000000, 0.5500000000000000400 ) ) ;
#4245 = LINE ( 'NONE', #1627, #762 ) ;
#4246 = DIRECTION ( 'NONE',  ( -0.0000000000000000000, -1.000000000000000000, -0.0000000000000000000 ) ) ;
#4247 = DIRECTION ( 'NONE',  ( -1.807003620809174600E-016, 0.0000000000000000000, 1.000000000000000000 ) ) ;
#4248 = CARTESIAN_POINT ( 'NONE',  ( 5.463808316604582000E-016, -1.915000000000000300, 0.5600000000000000500 ) ) ;
#4249 = VERTEX_POINT ( 'NONE', #3987 ) ;
#4250 = VECTOR ( 'NONE', #2871, 1000.000000000000000 ) ;
#4251 = DIRECTION ( 'NONE',  ( 2.270580465938229000E-016, 0.0000000000000000000, -1.000000000000000000 ) ) ;
#4252 = FILL_AREA_STYLE_COLOUR ( '', #1777 ) ;
#4253 = FILL_AREA_STYLE ('',( #2583 ) ) ;
#4254 = VECTOR ( 'NONE', #1963, 1000.000000000000000 ) ;
#4255 = EDGE_LOOP ( 'NONE', ( #1745, #3612, #2697, #1348 ) ) ;
#4256 = VECTOR ( 'NONE', #3996, 1000.000000000000000 ) ;
#4257 = AXIS2_PLACEMENT_3D ( 'NONE', #2438, #435, #2784 ) ;
#4258 = ORIENTED_EDGE ( 'NONE', *, *, #3242, .F. ) ;
#4259 = CARTESIAN_POINT ( 'NONE',  ( 1.905000000000000000, 0.0000000000000000000, 0.5500000000000000400 ) ) ;
#4260 = DIRECTION ( 'NONE',  ( 1.000000000000000000, -1.971276677246371800E-016, 0.0000000000000000000 ) ) ;
#4261 = CARTESIAN_POINT ( 'NONE',  ( 0.0000000000000000000, -0.8149999999999997200, 0.0000000000000000000 ) ) ;
#4262 = FACE_OUTER_BOUND ( 'NONE', #2050, .T. ) ;
#4263 = EDGE_LOOP ( 'NONE', ( #3951, #4313, #1384, #66 ) ) ;
#4264 = LINE ( 'NONE', #4075, #1559 ) ;
#4265 = VECTOR ( 'NONE', #3186, 1000.000000000000000 ) ;
#4266 = PLANE ( 'NONE',  #213 ) ;
#4267 = COLOUR_RGB ( '',1.000000000000000000, 0.5019607843137254800, 0.0000000000000000000 ) ;
#4268 = ORIENTED_EDGE ( 'NONE', *, *, #4206, .F. ) ;
#4269 = AXIS2_PLACEMENT_3D ( 'NONE', #2864, #3169, #3543 ) ;
#4270 =( NAMED_UNIT ( * ) PLANE_ANGLE_UNIT ( ) SI_UNIT ( $, .RADIAN. ) );
#4271 = PLANE ( 'NONE',  #2905 ) ;
#4272 = ORIENTED_EDGE ( 'NONE', *, *, #3921, .F. ) ;
#4273 = EDGE_CURVE ( 'NONE', #2937, #2739, #2556, .T. ) ;
#4274 = VERTEX_POINT ( 'NONE', #626 ) ;
#4275 = VECTOR ( 'NONE', #2837, 1000.000000000000000 ) ;
#4276 = CARTESIAN_POINT ( 'NONE',  ( 0.0000000000000000000, 0.0000000000000000000, 0.5500000000000000400 ) ) ;
#4277 = VERTEX_POINT ( 'NONE', #3314 ) ;
#4278 = CARTESIAN_POINT ( 'NONE',  ( -1.490488272734400900, 0.0000000000000000000, 0.01000000000000000000 ) ) ;
#4279 = VECTOR ( 'NONE', #3036, 1000.000000000000000 ) ;
#4280 = SURFACE_SIDE_STYLE ('',( #815 ) ) ;
#4281 =( LENGTH_UNIT ( ) NAMED_UNIT ( * ) SI_UNIT ( .MILLI., .METRE. ) );
#4282 = ORIENTED_EDGE ( 'NONE', *, *, #2454, .F. ) ;
#4283 = UNCERTAINTY_MEASURE_WITH_UNIT (LENGTH_MEASURE( 1.000000000000000100E-005 ), #370, 'distance_accuracy_value', 'NONE');
#4284 = CARTESIAN_POINT ( 'NONE',  ( -1.283364955707647000, -0.5654271344412071800, 0.5500000000000001600 ) ) ;
#4285 = ORIENTED_EDGE ( 'NONE', *, *, #2603, .F. ) ;
#4286 = CARTESIAN_POINT ( 'NONE',  ( 1.649999999999999900, 1.914999999999999800, 0.0000000000000000000 ) ) ;
#4287 = DIRECTION ( 'NONE',  ( 1.000000000000000000, 0.0000000000000000000, 0.0000000000000000000 ) ) ;
#4288 = FACE_OUTER_BOUND ( 'NONE', #2626, .T. ) ;
#4289 = VECTOR ( 'NONE', #4212, 1000.000000000000000 ) ;
#4290 = AXIS2_PLACEMENT_3D ( 'NONE', #4061, #2036, #41 ) ;
#4291 = ORIENTED_EDGE ( 'NONE', *, *, #2004, .F. ) ;
#4292 =( LENGTH_UNIT ( ) NAMED_UNIT ( * ) SI_UNIT ( .MILLI., .METRE. ) );
#4293 = LINE ( 'NONE', #982, #4184 ) ;
#4294 = CARTESIAN_POINT ( 'NONE',  ( -1.084202172485504400E-016, -1.905000000000000000, 0.5500000000000000400 ) ) ;
#4295 = DIRECTION ( 'NONE',  ( -0.0000000000000000000, -0.0000000000000000000, -1.000000000000000000 ) ) ;
#4296 = MECHANICAL_DESIGN_GEOMETRIC_PRESENTATION_REPRESENTATION (  '', ( #3611 ), #154 ) ;
#4297 = LINE ( 'NONE', #757, #2496 ) ;
#4298 = EDGE_CURVE ( 'NONE', #2420, #3357, #4245, .T. ) ;
#4299 = EDGE_CURVE ( 'NONE', #2739, #177, #1648, .T. ) ;
#4300 = DIRECTION ( 'NONE',  ( -1.000000000000000000, 5.691349986800548400E-017, 0.0000000000000000000 ) ) ;
#4301 = CARTESIAN_POINT ( 'NONE',  ( -5.463808316604582000E-016, 1.915000000000000300, 0.5600000000000000500 ) ) ;
#4302 = VERTEX_POINT ( 'NONE', #966 ) ;
#4303 = VECTOR ( 'NONE', #3599, 1000.000000000000000 ) ;
#4304 = AXIS2_PLACEMENT_3D ( 'NONE', #1336, #3695, #1661 ) ;
#4305 = PLANE ( 'NONE',  #2935 ) ;
#4306 = DIRECTION ( 'NONE',  ( 1.000000000000000000, -5.691349986800548400E-017, 0.0000000000000000000 ) ) ;
#4307 = VECTOR ( 'NONE', #3248, 1000.000000000000000 ) ;
#4308 = CARTESIAN_POINT ( 'NONE',  ( 5.463808316604582000E-016, 1.915000000000000300, 0.5600000000000000500 ) ) ;
#4309 = LINE ( 'NONE', #259, #4197 ) ;
#4310 = ORIENTED_EDGE ( 'NONE', *, *, #4068, .T. ) ;
#4311 = LINE ( 'NONE', #2808, #720 ) ;
#4312 = CARTESIAN_POINT ( 'NONE',  ( 4.359742604964577100E-016, -1.299999999999998700, 3.560000000000000100 ) ) ;
#4313 = ORIENTED_EDGE ( 'NONE', *, *, #1923, .T. ) ;
#4314 = DIRECTION ( 'NONE',  ( -0.0000000000000000000, -0.0000000000000000000, -1.000000000000000000 ) ) ;
#4315 = COLOUR_RGB ( '',1.000000000000000000, 0.8431372549019607900, 0.0000000000000000000 ) ;
#4316 = LINE ( 'NONE', #1897, #1721 ) ;
#4317 = SURFACE_STYLE_FILL_AREA ( #4208 ) ;
#4318 = ORIENTED_EDGE ( 'NONE', *, *, #4047, .T. ) ;
#4319 = DIRECTION ( 'NONE',  ( 2.853163611803958800E-016, -1.000000000000000000, 0.0000000000000000000 ) ) ;
#4320 = SURFACE_STYLE_USAGE ( .BOTH. , #1954 ) ;
#4321 = DIRECTION ( 'NONE',  ( 1.000000000000000000, -0.0000000000000000000, 2.341770466227234500E-016 ) ) ;
#4322 = STYLED_ITEM ( 'NONE', ( #393 ), #2377 ) ;
#4323 = DIRECTION ( 'NONE',  ( -0.0000000000000000000, -0.0000000000000000000, -1.000000000000000000 ) ) ;
#4324 = DIRECTION ( 'NONE',  ( -9.856383386231855100E-017, 1.000000000000000000, 0.0000000000000000000 ) ) ;
#4325 = CARTESIAN_POINT ( 'NONE',  ( -5.463808316604582000E-016, -1.915000000000000300, 0.5600000000000000500 ) ) ;
#4326 = EDGE_CURVE ( 'NONE', #3980, #3905, #2444, .T. ) ;
#4327 = ORIENTED_EDGE ( 'NONE', *, *, #3242, .T. ) ;
#4328 = EDGE_LOOP ( 'NONE', ( #3060, #420, #957, #3316, #3998, #3326, #3003, #3752, #2131, #2998, #3319, #3940, #2590, #3168 ) ) ;
#4329 = VERTEX_POINT ( 'NONE', #981 ) ;
#4330 = EDGE_CURVE ( 'NONE', #1857, #151, #2345, .T. ) ;
#4331 = AXIS2_PLACEMENT_3D ( 'NONE', #3331, #1317, #3670 ) ;
#4332 = ORIENTED_EDGE ( 'NONE', *, *, #3646, .T. ) ;
#4333 = ORIENTED_EDGE ( 'NONE', *, *, #4189, .F. ) ;
#4334 = FACE_OUTER_BOUND ( 'NONE', #3264, .T. ) ;
#4335 = PRESENTATION_LAYER_ASSIGNMENT (  '', '', ( #3877 ) ) ;
#4336 = ORIENTED_EDGE ( 'NONE', *, *, #4237, .F. ) ;
#4337 = DIRECTION ( 'NONE',  ( -1.971276677246371500E-016, 1.000000000000000000, 0.0000000000000000000 ) ) ;
#4338 = EDGE_CURVE ( 'NONE', #3816, #2684, #3235, .T. ) ;
#4339 = PLANE ( 'NONE',  #3391 ) ;
#4340 = CARTESIAN_POINT ( 'NONE',  ( 5.463808316604582000E-016, 1.915000000000000300, 0.0000000000000000000 ) ) ;
#4341 = VERTEX_POINT ( 'NONE', #1316 ) ;
#4342 = DIRECTION ( 'NONE',  ( 0.0000000000000000000, -0.0000000000000000000, 1.000000000000000000 ) ) ;
#4343 = ORIENTED_EDGE ( 'NONE', *, *, #105, .T. ) ;
#4344 = CARTESIAN_POINT ( 'NONE',  ( -1.650000000000000400, -3.252606517456514300E-016, 0.01000000000000000000 ) ) ;
#4345 = CARTESIAN_POINT ( 'NONE',  ( -1.650000000000000400, 3.252606517456513800E-016, 0.0000000000000000000 ) ) ;
#4346 = LINE ( 'NONE', #1119, #4230 ) ;
#4347 = PRESENTATION_STYLE_ASSIGNMENT (( #1925 ) ) ;
#4348 = SURFACE_STYLE_FILL_AREA ( #1641 ) ;
#4349 = VECTOR ( 'NONE', #3462, 1000.000000000000000 ) ;
#4350 = DIRECTION ( 'NONE',  ( 0.0000000000000000000, -0.0000000000000000000, 1.000000000000000000 ) ) ;
#4351 = CARTESIAN_POINT ( 'NONE',  ( 0.8900000000000001200, 8.772181213746353200E-017, 0.5600000000000000500 ) ) ;
#4352 = ORIENTED_EDGE ( 'NONE', *, *, #759, .T. ) ;
#4353 = LINE ( 'NONE', #2226, #1758 ) ;
#4354 =( GEOMETRIC_REPRESENTATION_CONTEXT ( 3 ) GLOBAL_UNCERTAINTY_ASSIGNED_CONTEXT ( ( #4283 ) ) GLOBAL_UNIT_ASSIGNED_CONTEXT ( ( #370, #2730, #704 ) ) REPRESENTATION_CONTEXT ( 'NONE', 'WORKASPACE' ) );
#4355 = DIRECTION ( 'NONE',  ( -9.856383386231853900E-017, 1.000000000000000000, 0.0000000000000000000 ) ) ;
#4356 =( LENGTH_UNIT ( ) NAMED_UNIT ( * ) SI_UNIT ( .MILLI., .METRE. ) );
#4357 = CARTESIAN_POINT ( 'NONE',  ( 0.0000000000000000000, 1.500000000000000000, 0.5600000000000000500 ) ) ;
#4358 = CARTESIAN_POINT ( 'NONE',  ( -1.283364955707647000, -0.3300000000000002400, 0.0000000000000000000 ) ) ;
#4359 = STYLED_ITEM ( 'NONE', ( #2617 ), #3111 ) ;
#4360 = LINE ( 'NONE', #1926, #3454 ) ;
#4361 = STYLED_ITEM ( 'NONE', ( #2030 ), #74 ) ;
#4362 = EDGE_CURVE ( 'NONE', #1309, #3903, #4133, .T. ) ;
#4363 = DIRECTION ( 'NONE',  ( -1.000000000000000000, 0.0000000000000000000, 0.0000000000000000000 ) ) ;
#4364 = UNCERTAINTY_MEASURE_WITH_UNIT (LENGTH_MEASURE( 1.000000000000000100E-005 ), #1224, 'distance_accuracy_value', 'NONE');
ENDSEC;
END-ISO-10303-21;
