"Ref","Val","Package","PosX","PosY","Rot","Side"
"A1","TE 2309411-1 LattePanda Mu host socket/interface","LattePanda_Module_H8.0mm_Horizontal","181.300000","-45.000000","90.000000","top"
"C10","100n 50V X7R PMID local","C_0603_1608Metric","96.000000","-136.000000","0.000000","top"
"C11","100n 50V X7R SYS local","C_0603_1608Metric","67.500000","-121.230000","0.000000","top"
"C12","100n 50V X7R VBUS local","C_0603_1608Metric","73.500000","-119.500000","0.000000","top"
"C150","100n 16V HDMI AC coupling","C_0402_1005Metric","346.250000","-67.250000","0.000000","top"
"C151","100n 16V HDMI AC coupling","C_0402_1005Metric","346.250000","-68.250000","0.000000","top"
"C152","100n 16V HDMI AC coupling","C_0402_1005Metric","344.250000","-71.500000","90.000000","top"
"C153","100n 16V HDMI AC coupling","C_0402_1005Metric","346.250000","-70.250000","0.000000","top"
"C154","100n 16V HDMI AC coupling","C_0402_1005Metric","346.000000","-71.250000","0.000000","top"
"C155","100n 16V HDMI AC coupling","C_0402_1005Metric","341.730000","-72.750000","90.000000","top"
"C156","100n 16V HDMI AC coupling","C_0402_1005Metric","340.750000","-73.750000","90.000000","top"
"C157","100n 16V HDMI AC coupling","C_0402_1005Metric","339.750000","-73.500000","90.000000","top"
"C158","1u 10V X7R HDMI 5V switch input","C_0805_2012Metric","330.250000","-85.750000","180.000000","top"
"C159","1u 10V X7R HDMI 5V switch output","C_0805_2012Metric","342.000000","-79.750000","180.000000","top"
"C160","100p PCA9306 VREF2/EN filter","C_0402_1005Metric","344.000000","-82.250000","0.000000","top"
"C161","100n HPD buffer local","C_0402_1005Metric","300.000000","-67.000000","0.000000","top"
"C162","100n 10V X7R HDMI 5V switch input HF","C_0402_1005Metric","313.000000","-66.500000","0.000000","top"
"C163","100n 10V X7R HDMI 5V switch output HF","C_0402_1005Metric","342.000000","-81.250000","180.000000","top"
"C164","4.7n HDMI 5V switch rise-time","C_0402_1005Metric","326.000000","-88.230000","270.000000","top"
"C165","4.7n HDMI 3V3 switch rise-time","C_0402_1005Metric","322.230000","-88.230000","270.000000","top"
"C170","47u E-key bulk","C_1206_3216Metric","217.960000","-49.000000","0.000000","top"
"C1705","120p core feed-forward","C_0402_1005Metric","158.580000","-54.000000","0.000000","top"
"C1706","4.7u core input","C_0805_2012Metric","156.000000","-40.000000","0.000000","top"
"C1707","100n core input HF","C_0603_1608Metric","194.500000","-25.000000","0.000000","top"
"C1708","10u core output","C_0805_2012Metric","158.880000","-18.880000","0.000000","top"
"C1709","10u core output","C_0805_2012Metric","156.000000","-37.000000","0.000000","top"
"C171","100n radio bypass","C_0603_1608Metric","201.500000","-148.050000","0.000000","top"
"C1710","100n USB5 bootstrap","C_0603_1608Metric","168.700000","-31.500000","0.000000","top"
"C1711","10u 50V USB5 input","C_1206_3216Metric","165.000000","-29.500000","0.000000","top"
"C1712","10u 50V USB5 input","C_1206_3216Metric","197.080000","-34.580000","0.000000","top"
"C1713","100n 50V USB5 input HF","C_0603_1608Metric","269.230000","-59.890000","0.000000","top"
"C1714","22u 10V USB5 output","C_1210_3225Metric","188.540000","-30.540000","0.000000","top"
"C1715","22u 10V USB5 output","C_1210_3225Metric","254.880000","-47.200000","0.000000","top"
"C1716","100n oscillator bypass","C_0603_1608Metric","247.380000","-50.200000","0.000000","top"
"C1717","100n hub reset-gate bypass","C_0603_1608Metric","160.500000","-29.500000","0.000000","top"
"C1720","100n USB 3.2 TX AC coupling","C_0402_1005Metric","179.000000","-92.500000","0.000000","top"
"C1721","100n USB 3.2 TX AC coupling","C_0402_1005Metric","47.000000","-44.500000","0.000000","top"
"C1722","100n USB 3.2 TX AC coupling","C_0402_1005Metric","11.600000","-51.940000","0.000000","top"
"C1723","100n USB 3.2 TX AC coupling","C_0402_1005Metric","11.800000","-50.400000","0.000000","top"
"C1724","100n USB 3.2 TX AC coupling","C_0402_1005Metric","4.450000","-67.100000","0.000000","top"
"C1725","100n USB 3.2 TX AC coupling","C_0402_1005Metric","11.000000","-68.200000","0.000000","top"
"C1726","100n USB 3.2 TX AC coupling","C_0402_1005Metric","335.600000","-45.800000","0.000000","top"
"C1727","100n USB 3.2 TX AC coupling","C_0402_1005Metric","335.600000","-46.800000","0.000000","top"
"C1728","100n USB 3.2 TX AC coupling","C_0402_1005Metric","136.000000","-141.840000","0.000000","top"
"C1729","100n USB 3.2 TX AC coupling","C_0402_1005Metric","132.960000","-139.300000","0.000000","top"
"C174","1u OLED A local","C_0805_2012Metric","209.340000","-140.890000","0.000000","top"
"C1740","100n branch input","C_0603_1608Metric","55.500000","-65.500000","0.000000","top"
"C1741","100n TPS25810 IN HF","C_0603_1608Metric","13.500000","-76.600000","0.000000","top"
"C1742","150u 10V TPS25810 input reservoir","CP_EIA-7343-31_Kemet-D","33.000000","-68.500000","0.000000","top"
"C1743","10u protected VBUS_SYS","C_1206_3216Metric","40.500000","-77.500000","0.000000","top"
"C1744","100n TPS25810 AUX","C_0603_1608Metric","45.000000","-82.000000","0.000000","top"
"C1745","100n mux VDD","C_0603_1608Metric","55.500000","-62.500000","0.000000","top"
"C1746","100n mux VDD","C_0603_1608Metric","57.000000","-71.500000","0.000000","top"
"C1747","100n mux VDD","C_0603_1608Metric","27.000000","-64.000000","0.000000","top"
"C1748","1u mux local bulk","C_0603_1608Metric","49.500000","-82.000000","0.000000","top"
"C1749","10n mux HF","C_0402_1005Metric","31.500000","-59.500000","0.000000","top"
"C175","100n OLED A local","C_0603_1608Metric","202.500000","-29.500000","0.000000","top"
"C1750","1u 50V connector-side VBUS","C_0805_2012Metric","52.500000","-71.500000","0.000000","top"
"C1751","1u TPD1S514 VBUS_POWER stability","C_0603_1608Metric","55.500000","-59.500000","0.000000","top"
"C1760","100n branch input","C_0603_1608Metric","344.340000","-24.000000","0.000000","top"
"C1761","100n TPS25810 IN HF","C_0603_1608Metric","306.000000","-59.500000","0.000000","top"
"C1762","150u 10V TPS25810 input reservoir","CP_EIA-7343-31_Kemet-D","321.100000","-31.500000","0.000000","top"
"C1763","10u protected VBUS_SYS","C_1206_3216Metric","313.040000","-53.500000","0.000000","top"
"C1764","100n TPS25810 AUX","C_0603_1608Metric","353.500000","-38.000000","0.000000","top"
"C1765","100n mux VDD","C_0603_1608Metric","353.500000","-41.200000","0.000000","top"
"C1766","100n mux VDD","C_0603_1608Metric","301.500000","-55.000000","0.000000","top"
"C1767","100n mux VDD","C_0603_1608Metric","306.000000","-62.500000","0.000000","top"
"C1768","1u mux local bulk","C_0603_1608Metric","342.300000","-25.750000","0.000000","top"
"C1769","10n mux HF","C_0402_1005Metric","306.000000","-50.500000","0.000000","top"
"C1770","1u 50V connector-side VBUS","C_0805_2012Metric","326.080000","-40.000000","0.000000","top"
"C1771","1u TPD1S514 VBUS_POWER stability","C_0603_1608Metric","301.500000","-58.000000","0.000000","top"
"C178","1u OLED B local","C_0805_2012Metric","207.000000","-28.000000","0.000000","top"
"C1780","100n branch input","C_0603_1608Metric","35.100000","-34.200000","0.000000","top"
"C1781","100n TPS25810 IN HF","C_0603_1608Metric","55.500000","-56.500000","0.000000","top"
"C1782","150u 10V TPS25810 input reservoir","CP_EIA-7343-31_Kemet-D","48.180000","-67.180000","0.000000","top"
"C1783","10u protected VBUS_SYS","C_1206_3216Metric","45.920000","-53.500000","0.000000","top"
"C1784","100n TPS25810 AUX","C_0603_1608Metric","22.960000","-43.000000","0.000000","top"
"C1785","100n mux VDD","C_0603_1608Metric","25.500000","-55.000000","0.000000","top"
"C1786","100n mux VDD","C_0603_1608Metric","60.000000","-52.000000","0.000000","top"
"C1787","100n mux VDD","C_0603_1608Metric","25.500000","-58.000000","0.000000","top"
"C1788","1u mux local bulk","C_0603_1608Metric","60.000000","-55.000000","0.000000","top"
"C1789","10n mux HF","C_0402_1005Metric","46.500000","-58.800000","0.000000","top"
"C179","100n OLED B local","C_0603_1608Metric","210.000000","-25.000000","0.000000","top"
"C1790","1u 50V connector-side VBUS","C_0805_2012Metric","27.000000","-52.000000","0.000000","top"
"C1791","1u TPD1S514 VBUS_POWER stability","C_0603_1608Metric","22.500000","-49.000000","0.000000","top"
"C180","100n BAT filter","C_0603_1608Metric","60.000000","-125.500000","0.000000","top"
"C181","100n sense filter","C_0603_1608Metric","69.000000","-119.500000","0.000000","top"
"C1810","100n USB7206C VDD33 local","C_0603_1608Metric","171.000000","-23.500000","0.000000","top"
"C1811","100n USB7206C VDD33 local","C_0603_1608Metric","256.380000","-50.200000","0.000000","top"
"C1812","100n USB7206C VDD33 local","C_0603_1608Metric","156.000000","-34.000000","0.000000","top"
"C1813","100n USB7206C VDD33 local","C_0603_1608Metric","196.500000","-29.500000","0.000000","top"
"C1814","100n USB7206C VDD33 local","C_0603_1608Metric","276.390000","-50.190000","0.000000","top"
"C1815","100n USB7206C VDD33 local","C_0603_1608Metric","162.000000","-26.500000","0.000000","top"
"C1816","100n USB7206C VDD33 local","C_0603_1608Metric","151.500000","-43.000000","0.000000","top"
"C1817","100n USB7206C VDD33 local","C_0603_1608Metric","166.500000","-23.500000","0.000000","top"
"C182","100n REGIN/VCC","C_0603_1608Metric","78.000000","-118.000000","0.000000","top"
"C1820","100n USB7206C VCORE local","C_0603_1608Metric","194.500000","-22.000000","0.000000","top"
"C1821","100n USB7206C VCORE local","C_0603_1608Metric","195.000000","-26.500000","0.000000","top"
"C1822","100n USB7206C VCORE local","C_0603_1608Metric","190.500000","-23.500000","0.000000","top"
"C1823","100n USB7206C VCORE local","C_0603_1608Metric","153.000000","-59.500000","0.000000","top"
"C1824","100n USB7206C VCORE local","C_0603_1608Metric","151.500000","-40.000000","0.000000","top"
"C1825","100n USB7206C VCORE local","C_0603_1608Metric","156.000000","-31.000000","0.000000","top"
"C1826","100n USB7206C VCORE local","C_0603_1608Metric","151.500000","-56.500000","0.000000","top"
"C1827","100n USB7206C VCORE local","C_0603_1608Metric","150.000000","-47.500000","0.000000","top"
"C1828","100n USB7206C VCORE local","C_0603_1608Metric","150.000000","-50.500000","0.000000","top"
"C183","1u REG25","C_0805_2012Metric","96.000000","-139.000000","0.000000","top"
"C1830","1n USB7206C VDD33 HF","C_0402_1005Metric","252.340000","-54.700000","0.000000","top"
"C1831","1n USB7206C VDD33 HF","C_0402_1005Metric","265.500000","-47.080000","0.000000","top"
"C1832","1n USB7206C VDD33 HF","C_0402_1005Metric","198.000000","-25.000000","0.000000","top"
"C1833","1n USB7206C VDD33 HF","C_0402_1005Metric","279.730000","-55.850000","0.000000","top"
"C1834","1n USB7206C VDD33 HF","C_0402_1005Metric","268.770000","-67.390000","0.000000","top"
"C1835","1n USB7206C VDD33 HF","C_0402_1005Metric","147.000000","-47.500000","0.000000","top"
"C1836","1n USB7206C VDD33 HF","C_0402_1005Metric","147.000000","-49.000000","0.000000","top"
"C1837","1n USB7206C VDD33 HF","C_0402_1005Metric","147.000000","-50.500000","0.000000","top"
"C1840","1n USB7206C VCORE HF","C_0402_1005Metric","147.000000","-52.000000","0.000000","top"
"C1841","1n USB7206C VCORE HF","C_0402_1005Metric","147.000000","-53.500000","0.000000","top"
"C1842","1n USB7206C VCORE HF","C_0402_1005Metric","150.000000","-62.500000","0.000000","top"
"C1843","1n USB7206C VCORE HF","C_0402_1005Metric","198.000000","-23.500000","0.000000","top"
"C1844","1n USB7206C VCORE HF","C_0402_1005Metric","279.040000","-53.250000","0.000000","top"
"C1845","1n USB7206C VCORE HF","C_0402_1005Metric","148.500000","-35.500000","0.000000","top"
"C1846","1n USB7206C VCORE HF","C_0402_1005Metric","269.230000","-63.580000","0.000000","top"
"C1847","1n USB7206C VCORE HF","C_0402_1005Metric","242.880000","-56.200000","0.000000","top"
"C1848","1n USB7206C VCORE HF","C_0402_1005Metric","150.000000","-64.000000","0.000000","top"
"C1849","10u USB7206C VDD33 bulk","C_0805_2012Metric","190.500000","-26.500000","0.000000","top"
"C185","100n OLED mux local","C_0603_1608Metric","222.500000","-151.050000","0.000000","top"
"C1850","10u 10V USB3-A VBUS bulk","C_1206_3216Metric","13.500000","-122.000000","0.000000","top"
"C1851","100n USB3-A VBUS HF","C_0603_1608Metric","14.000000","-126.000000","0.000000","top"
"C1852","100n C0G USB3-A SSTX+ series AC","C_0402_1005Metric","14.000000","-130.000000","0.000000","top"
"C1853","100n C0G USB3-A SSTX- series AC","C_0402_1005Metric","14.600000","-134.000000","0.000000","top"
"C1854","10u 10V USB2-A VBUS bulk","C_1206_3216Metric","16.500000","-139.500000","0.000000","top"
"C1855","100n USB2-A VBUS HF","C_0603_1608Metric","14.000000","-143.000000","0.000000","top"
"C187","100n E-key control-isolator local","C_0603_1608Metric","225.500000","-152.320000","0.000000","top"
"C192","100n AUX ADC filter","C_0603_1608Metric","52.960000","-125.960000","0.000000","top"
"C20","100n","C_0603_1608Metric","322.325000","-104.120000","0.000000","top"
"C2000","100n 100V TPD4S201 VBIAS","C_0805_2012Metric","11.090000","-23.700000","180.000000","top"
"C2001","820n 10V TPD4S201 VPWR","C_0805_2012Metric","66.000000","-43.000000","0.000000","top"
"C2002","100n EEPROM local","C_0603_1608Metric","30.760000","-41.400000","0.000000","top"
"C2003","100n mux-control buffer local","C_0603_1608Metric","70.500000","-38.500000","0.000000","top"
"C2004","10u TUSB1142 local","C_1206_3216Metric","57.000000","-46.000000","0.000000","top"
"C2005","100n TUSB1142 VCC local","C_0603_1608Metric","67.500000","-46.000000","0.000000","top"
"C2006","100n TUSB1142 VCC local","C_0603_1608Metric","10.500000","-36.900000","0.000000","top"
"C2007","100n TUSB1142 VCC local","C_0603_1608Metric","70.500000","-41.500000","0.000000","top"
"C2008","100n TUSB1142 VCC local","C_0603_1608Metric","66.000000","-49.000000","0.000000","top"
"C2009","220n USB3 TX AC coupling","C_0402_1005Metric","140.140000","-139.300000","0.000000","top"
"C2010","220n USB3 TX AC coupling","C_0402_1005Metric","137.100000","-139.300000","0.000000","top"
"C2011","220n USB3 TX AC coupling","C_0402_1005Metric","11.100000","-26.100000","180.000000","top"
"C2012","220n USB3 TX AC coupling","C_0402_1005Metric","10.100000","-28.200000","90.000000","top"
"C2013","220n USB3 TX AC coupling","C_0402_1005Metric","6.500000","-36.800000","180.000000","top"
"C2014","220n USB3 TX AC coupling","C_0402_1005Metric","3.980000","-35.800000","180.000000","top"
"C2015","4.7u 25V raw VBUS; pre-attach total below 10uF","C_1206_3216Metric","64.500000","-37.000000","0.000000","top"
"C2016","10n 50V connector VBUS HF","C_0402_1005Metric","9.500000","-32.200000","270.000000","top"
"C2017","10n 50V connector VBUS HF","C_0402_1005Metric","50.700000","-61.800000","0.000000","top"
"C2018","10n 50V connector VBUS HF","C_0402_1005Metric","34.400000","-42.900000","0.000000","top"
"C2019","10n 50V connector VBUS HF","C_0402_1005Metric","73.500000","-47.500000","0.000000","top"
"C202","100n thermal ADC filter","C_0603_1608Metric","272.930000","-87.600000","0.000000","top"
"C2020","6.8u 25V X7R TPS25751A LDO3V3; verify >=5u effective","C_1206_3216Metric","57.000000","-49.000000","0.000000","top"
"C2021","10u 16V X7R TPS25751A LDO1V5; verify 4.5-12u effective","C_1206_3216Metric","66.000000","-40.000000","0.000000","top"
"C2022","10u TPS25751A VIN3V3","C_1206_3216Metric","63.000000","-46.000000","0.000000","top"
"C2023","270p C0G CC1 total-capacitance component","C_0402_1005Metric","35.200000","-40.200000","0.000000","top"
"C2024","270p C0G CC2 total-capacitance component","C_0402_1005Metric","64.270000","-63.080000","0.000000","top"
"C2025","100u 10V PP5V source bulk","CP_EIA-7343-31_Kemet-D","79.500000","-63.400000","0.000000","top"
"C2026","100u 10V PP5V source bulk","CP_EIA-7343-31_Kemet-D","79.500000","-57.400000","0.000000","top"
"C2027","10u PP5V local ceramic","C_1206_3216Metric","28.200000","-46.500000","0.000000","top"
"C2028","68u 25V PPHV sink bulk","CP_EIA-7343-31_Kemet-D","46.500000","-34.900000","0.000000","top"
"C2029","100n 50V PPHV local","C_0603_1608Metric","27.760000","-44.400000","0.000000","top"
"C2030","100n USB2 switch local","C_0603_1608Metric","73.500000","-31.000000","0.000000","top"
"C2040","100n 100V TPD4S201 VBIAS","C_0805_2012Metric","311.160000","-40.300000","0.000000","top"
"C2041","820n 10V TPD4S201 VPWR","C_0805_2012Metric","312.020000","-48.920000","0.000000","top"
"C2042","100n EEPROM local","C_0603_1608Metric","312.020000","-50.650000","0.000000","top"
"C2043","100n mux-control buffer local","C_0603_1608Metric","316.500000","-62.500000","0.000000","top"
"C2044","10u TUSB1142 local","C_1206_3216Metric","321.100000","-37.300000","0.000000","top"
"C2045","100n TUSB1142 VCC local","C_0603_1608Metric","301.130000","-69.550000","0.000000","top"
"C2046","100n TUSB1142 VCC local","C_0603_1608Metric","337.480000","-42.840000","0.000000","top"
"C2047","100n TUSB1142 VCC local","C_0603_1608Metric","340.020000","-37.300000","0.000000","top"
"C2048","100n TUSB1142 VCC local","C_0603_1608Metric","337.770000","-30.400000","0.000000","top"
"C2049","220n USB3 TX AC coupling","C_0402_1005Metric","181.500000","-51.700000","0.000000","top"
"C205","10u 25V X7R fan local bulk","C_1206_3216Metric","270.000000","-100.000000","0.000000","top"
"C2050","220n USB3 TX AC coupling","C_0402_1005Metric","181.500000","-52.700000","0.000000","top"
"C2051","220n USB3 TX AC coupling","C_0402_1005Metric","347.460000","-42.540000","0.000000","top"
"C2052","220n USB3 TX AC coupling","C_0402_1005Metric","339.000000","-35.650000","0.000000","top"
"C2053","220n USB3 TX AC coupling","C_0402_1005Metric","344.540000","-33.110000","0.000000","top"
"C2054","220n USB3 TX AC coupling","C_0402_1005Metric","350.160000","-39.800000","0.000000","top"
"C2055","4.7u 25V raw VBUS; pre-attach total below 10uF","C_1206_3216Metric","330.200000","-36.900000","0.000000","top"
"C2056","10n 50V connector VBUS HF","C_0402_1005Metric","296.630000","-80.050000","0.000000","top"
"C2057","10n 50V connector VBUS HF","C_0402_1005Metric","298.500000","-55.000000","0.000000","top"
"C2058","10n 50V connector VBUS HF","C_0402_1005Metric","292.130000","-75.550000","0.000000","top"
"C2059","10n 50V connector VBUS HF","C_0402_1005Metric","287.630000","-60.550000","0.000000","top"
"C206","100n 25V X7R fan local","C_0603_1608Metric","274.500000","-100.000000","0.000000","top"
"C2060","6.8u 25V X7R TPS25751A LDO3V3; verify >=5u effective","C_1206_3216Metric","313.000000","-30.000000","0.000000","top"
"C2061","10u 16V X7R TPS25751A LDO1V5; verify 4.5-12u effective","C_1206_3216Metric","318.200000","-40.300000","0.000000","top"
"C2062","10u TPS25751A VIN3V3","C_1206_3216Metric","300.100000","-123.600000","0.000000","top"
"C2063","270p C0G CC1 total-capacitance component","C_0402_1005Metric","346.800000","-34.500000","0.000000","top"
"C2064","270p C0G CC2 total-capacitance component","C_0402_1005Metric","291.670000","-69.550000","0.000000","top"
"C2065","100u 10V PP5V source bulk","CP_EIA-7343-31_Kemet-D","319.460000","-34.400000","0.000000","top"
"C2066","100u 10V PP5V source bulk","CP_EIA-7343-31_Kemet-D","330.200000","-32.200000","0.000000","top"
"C2067","10u PP5V local ceramic","C_1206_3216Metric","326.420000","-34.700000","0.000000","top"
"C2068","68u 25V PPHV sink bulk","CP_EIA-7343-31_Kemet-D","316.520000","-45.690000","0.000000","top"
"C2069","100n 50V PPHV local","C_0603_1608Metric","312.020000","-38.650000","0.000000","top"
"C207","100n Mu thermal ADC filter","C_0603_1608Metric","355.000000","-129.800000","0.000000","top"
"C2070","100n USB2 switch local","C_0603_1608Metric","343.520000","-36.110000","0.000000","top"
"C208","100n EC USB switch local","C_0603_1608Metric","270.000000","-102.500000","0.000000","top"
"C2080","100n 50V eFuse input local","C_0603_1608Metric","301.130000","-72.550000","0.000000","top"
"C2081","10u 25V eFuse output","C_1206_3216Metric","320.840000","-25.470000","0.000000","top"
"C2082","22n eFuse dVdT","C_0402_1005Metric","287.630000","-62.050000","0.000000","top"
"C209","3.9n fan FG filter","C_0402_1005Metric","355.000000","-127.750000","0.000000","top"
"C2090","100n 50V eFuse input local","C_0603_1608Metric","340.020000","-34.300000","0.000000","top"
"C2091","10u 25V eFuse output","C_1206_3216Metric","333.660000","-40.300000","0.000000","top"
"C2092","22n eFuse dVdT","C_0402_1005Metric","320.780000","-131.700000","0.000000","top"
"C21","100n","C_0603_1608Metric","288.000000","-97.000000","0.000000","top"
"C2140","100n selector INTVCC","C_0603_1608Metric","36.800000","-45.300000","180.000000","top"
"C2141","15n selector TMR approx 240ms","C_0402_1005Metric","34.900000","-47.100000","180.000000","top"
"C2142","100n 50V selector local","C_0603_1608Metric","90.000000","-77.500000","0.000000","top"
"C2143","100n 50V selector local","C_0603_1608Metric","85.500000","-74.500000","0.000000","top"
"C2144","100n 50V selector local","C_0603_1608Metric","81.460000","-71.500000","0.000000","top"
"C2145","100n 50V selector local","C_0603_1608Metric","85.500000","-77.500000","0.000000","top"
"C2146","100u 35V selected-PD hold-up","CP_Elec_6.3x5.8","91.500000","-68.500000","0.000000","top"
"C22","100n","C_0603_1608Metric","347.380000","-131.230000","0.000000","top"
"C23","100n","C_0603_1608Metric","282.000000","-100.230000","0.000000","top"
"C2300","4.7n radio eFuse controlled rise","C_0402_1005Metric","204.500000","-148.050000","0.000000","top"
"C2301","10u SYS_5V radio eFuse input","C_1206_3216Metric","207.500000","-142.970000","0.000000","top"
"C2302","100n SYS_5V radio eFuse input HF","C_0603_1608Metric","207.960000","-148.050000","0.000000","top"
"C2303","22u RADIO_DB_5V output bulk","C_1206_3216Metric","213.500000","-148.050000","0.000000","top"
"C2304","100n RADIO_DB_5V output HF","C_0603_1608Metric","218.040000","-148.050000","0.000000","top"
"C2305","100n radio PG buffer local","C_0603_1608Metric","224.580000","-142.970000","0.000000","top"
"C2306","100n USB switch local","C_0603_1608Metric","225.960000","-151.050000","0.000000","top"
"C2307","1u radio codec VBUS gate input","C_0805_2012Metric","324.200000","-134.050000","270.000000","top"
"C2308","10u radio codec VBUS gate output","C_1206_3216Metric","222.500000","-148.050000","0.000000","top"
"C24","100n","C_0603_1608Metric","339.340000","-85.690000","0.000000","top"
"C25","100n","C_0603_1608Metric","314.705000","-104.950000","0.000000","top"
"C26","4.7u (bulk)","C_0805_2012Metric","322.325000","-112.400000","0.000000","top"
"C27","100n (VBAT)","C_0603_1608Metric","322.325000","-105.550000","0.000000","top"
"C28","1u (VDDA)","C_0805_2012Metric","318.245000","-102.570000","0.000000","top"
"C280","100n TPS2553 input bypass","C_0603_1608Metric","272.430000","-90.700000","0.000000","top"
"C283","10u trackpad cable VBUS","C_1206_3216Metric","261.300000","-90.000000","0.000000","top"
"C29","2.2u (VCAP_1, mandatory)","C_0805_2012Metric","314.705000","-103.450000","0.000000","top"
"C290","10n (VDDA high-frequency)","C_0603_1608Metric","316.325000","-100.900000","0.000000","top"
"C291","22u 16V X7R MCU_3V3 output","C_1206_3216Metric","284.600000","-107.300000","90.000000","top"
"C292","56p C0G TPS54202 feed-forward","C_0402_1005Metric","298.500000","-92.500000","0.000000","top"
"C30","2.2u (VCAP_2, mandatory)","C_0805_2012Metric","280.600000","-103.700000","0.000000","top"
"C31","100n","C_0603_1608Metric","282.000000","-98.500000","0.000000","top"
"C319","10u keyboard RGB switched-output bulk","C_1206_3216Metric","327.600000","-49.300000","0.000000","top"
"C32","10p C0G 0.25pF HSE load","C_0603_1608Metric","313.505000","-106.900000","0.000000","top"
"C322","100n keyboard RGB switch input","C_0603_1608Metric","310.500000","-62.500000","0.000000","top"
"C323","100n keyboard RGB switch output","C_0603_1608Metric","310.500000","-59.500000","0.000000","top"
"C324","100n keyboard RGB buffer local","C_0603_1608Metric","325.475000","-67.600000","0.000000","top"
"C33","10p C0G 0.25pF HSE load","C_0603_1608Metric","287.500000","-104.300000","0.000000","top"
"C34","6.8p C0G 0.25pF LSE load","C_0603_1608Metric","284.250000","-91.250000","270.000000","top"
"C35","6.8p C0G 0.25pF LSE load","C_0603_1608Metric","348.000000","-102.500000","0.000000","top"
"C36","10u 50V X7R VIN","C_1206_3216Metric","322.325000","-102.250000","0.000000","top"
"C37","100n 50V X7R VIN HF","C_0603_1608Metric","342.300000","-135.110000","0.000000","top"
"C38","100n (BOOT cap)","C_0603_1608Metric","283.400000","-101.900000","0.000000","top"
"C39","22u 16V X7R MCU_3V3 output","C_1206_3216Metric","347.000000","-126.000000","0.000000","top"
"C40","10u 50V X7R TPS56637 VIN","C_1206_3216Metric","231.000000","-151.050000","0.000000","top"
"C400","100n AUDIO_5V high-frequency bypass","C_0603_1608Metric","97.300000","-179.460000","0.000000","top"
"C401","10u AUDIO_5V local bulk","C_1206_3216Metric","27.250000","-113.500000","0.000000","top"
"C402","1u TPS2052B input","C_0805_2012Metric","96.000000","-124.000000","0.000000","top"
"C403","10u radio-codec host VBUS","C_1206_3216Metric","54.950000","-171.840000","0.000000","top"
"C404","10u system-DAC VBUS","C_1206_3216Metric","20.980000","-107.750000","0.000000","top"
"C405","100n VDDA33 pin 5","C_0603_1608Metric","90.920000","-108.540000","0.000000","top"
"C406","100n VDDA33 pin 10","C_0603_1608Metric","98.190000","-176.920000","0.000000","top"
"C407","100n VDDA33 pin 29","C_0603_1608Metric","95.340000","-176.920000","0.000000","top"
"C408","100n VDDA33 pin 36","C_0603_1608Metric","91.500000","-103.000000","0.000000","top"
"C409","100n VDD33 pin 15","C_0603_1608Metric","96.000000","-103.000000","0.000000","top"
"C41","10u 50V X7R TPS56637 VIN","C_1206_3216Metric","170.530000","-86.750000","0.000000","top"
"C410","100n VDD33 pin 23","C_0603_1608Metric","87.000000","-103.000000","0.000000","top"
"C411","1u shared hub 3V3 bulk","C_0805_2012Metric","103.880000","-176.920000","0.000000","top"
"C412","100n CRFILT low-ESR","C_0603_1608Metric","100.500000","-103.000000","0.000000","top"
"C413","100n PLLFILT low-ESR","C_0603_1608Metric","82.500000","-103.000000","0.000000","top"
"C414","18p C0G 5% hub crystal load","C_0603_1608Metric","105.000000","-103.000000","0.000000","top"
"C415","18p C0G 5% hub crystal load","C_0603_1608Metric","86.070000","-174.380000","0.000000","top"
"C416","100n reset supervisor local","C_0603_1608Metric","78.000000","-103.000000","0.000000","top"
"C42","100n 50V X7R TPS56637 VIN HF","C_0603_1608Metric","201.500000","-154.050000","0.000000","top"
"C420","18p C0G 5% codec crystal load","C_0603_1608Metric","113.700000","-166.760000","0.000000","top"
"C421","18p C0G 5% codec crystal load","C_0603_1608Metric","91.500000","-100.000000","0.000000","top"
"C422","1u PCM2900 VBUS after 2.2R","C_0805_2012Metric","50.150000","-182.000000","0.000000","top"
"C423","10u PCM2900 VCCCI","C_1206_3216Metric","90.580000","-166.760000","0.000000","top"
"C424","1u PCM2900 VCCP1I less than 2u","C_0805_2012Metric","54.970000","-169.300000","0.000000","top"
"C425","1u PCM2900 VCCP2I less than 2u","C_0805_2012Metric","91.500000","-121.000000","0.000000","top"
"C426","1u PCM2900 VCCXI less than 2u","C_0805_2012Metric","96.000000","-121.000000","0.000000","top"
"C427","1u PCM2900 VDDI less than 2u","C_0805_2012Metric","36.950000","-182.000000","0.000000","top"
"C428","100n AND-gate local","C_0603_1608Metric","96.000000","-100.000000","0.000000","top"
"C429","10u PCM2900 VCOM","C_1206_3216Metric","91.500000","-124.000000","0.000000","top"
"C43","100n 16V X7R TPS56637 BOOT","C_0603_1608Metric","143.200000","-94.500000","0.000000","top"
"C430","47n L DAC out-of-band shunt","C_0603_1608Metric","87.000000","-100.000000","0.000000","top"
"C431","47n R DAC out-of-band shunt","C_0603_1608Metric","69.000000","-104.500000","0.000000","top"
"C432","1u L positive-input AC coupling","C_0805_2012Metric","89.820000","-154.100000","0.000000","top"
"C433","1u R positive-input AC coupling","C_0805_2012Metric","109.240000","-176.920000","0.000000","top"
"C434","1u L negative-input AC reference","C_0805_2012Metric","82.500000","-121.000000","0.000000","top"
"C435","1u R negative-input AC reference","C_0805_2012Metric","58.140000","-164.220000","0.000000","top"
"C44","22u 16V X7R TPS56637 OUT","C_1206_3216Metric","157.500000","-92.500000","0.000000","top"
"C440","100n amplifier supply at AVDD/PVDD","C_0603_1608Metric","100.500000","-100.000000","0.000000","top"
"C441","10u amplifier local bulk","C_1206_3216Metric","90.880000","-176.920000","0.000000","top"
"C442","1n speaker EMI shunt per TI Figure 36","C_0402_1005Metric","114.990000","-182.000000","0.000000","top"
"C443","1n speaker EMI shunt per TI Figure 36","C_0402_1005Metric","23.000000","-178.000000","0.000000","top"
"C444","1n speaker EMI shunt per TI Figure 36","C_0402_1005Metric","107.670000","-179.460000","0.000000","top"
"C445","1n speaker EMI shunt per TI Figure 36","C_0402_1005Metric","106.770000","-182.000000","0.000000","top"
"C446","100u 10V polymer downstream VBUS bulk","CP_EIA-3528-21_Kemet-B","33.250000","-109.000000","0.000000","top"
"C447","100u 10V polymer downstream VBUS bulk","CP_EIA-3528-21_Kemet-B","38.040000","-113.440000","0.000000","top"
"C448","1u LP5907 input","C_0805_2012Metric","91.500000","-118.000000","0.000000","top"
"C449","1u LP5907 output","C_0805_2012Metric","96.000000","-118.000000","0.000000","top"
"C45","22u 16V X7R TPS56637 OUT","C_1206_3216Metric","139.500000","-89.730000","0.000000","top"
"C450","100n microphone VDD at pin 3","C_0603_1608Metric","82.500000","-100.000000","0.000000","top"
"C452","100n TLV9061 local bypass","C_0603_1608Metric","105.000000","-100.000000","0.000000","top"
"C453","1.2n C0G feedback low-pass","C_0603_1608Metric","31.240000","-120.600000","0.000000","top"
"C454","4.7u microphone gain-leg AC coupling","C_1206_3216Metric","20.980000","-110.750000","0.000000","top"
"C455","4.7u microphone to PCM2900 VINL per TI analog front-end","C_1206_3216Metric","37.730000","-117.040000","0.000000","top"
"C456","4.7u microphone to PCM2900 VINR per TI analog front-end","C_1206_3216Metric","39.200000","-117.940000","0.000000","top"
"C457","0.47u L input coupling to LEFTINM","C_0805_2012Metric","143.860000","-165.540000","0.000000","top"
"C458","0.47u L INP AC-ground reference","C_0805_2012Metric","148.940000","-162.040000","0.000000","top"
"C459","0.47u R input coupling to RIGHTINM","C_0805_2012Metric","149.500000","-165.540000","0.000000","top"
"C46","10u 50V X7R TPS56637 VIN","C_1206_3216Metric","140.000000","-27.000000","0.000000","top"
"C460","0.47u R INP AC-ground reference","C_0805_2012Metric","152.040000","-162.040000","0.000000","top"
"C461","1u charge-pump flying CPP-CPN","C_0805_2012Metric","130.500000","-163.000000","0.000000","top"
"C462","1u CPVSS negative-rail decoupling","C_0805_2012Metric","130.500000","-159.500000","0.000000","top"
"C463","1u VDD pin 12 analog bypass","C_0805_2012Metric","133.600000","-163.000000","0.000000","top"
"C464","1u VDD pin 20 charge-pump supply bypass","C_0805_2012Metric","133.600000","-159.500000","0.000000","top"
"C465","100n VDD high-frequency bypass","C_0603_1608Metric","140.600000","-152.000000","0.000000","top"
"C47","100n 16V X7R TPS56637 BOOT","C_0603_1608Metric","137.500000","-34.500000","0.000000","top"
"C48","22u 16V X7R TPS56637 OUT","C_1206_3216Metric","132.500000","-46.000000","0.000000","top"
"C500","220n 16V X7R PCIe TX AC per current Mu guide","C_0402_1005Metric","335.560000","-114.400000","0.000000","top"
"C501","220n 16V X7R PCIe TX AC per current Mu guide","C_0402_1005Metric","327.000000","-90.000000","0.000000","top"
"C502","220n 16V X7R PCIe TX AC per current Mu guide","C_0402_1005Metric","111.000000","-145.000000","180.000000","top"
"C503","220n 16V X7R PCIe TX AC per current Mu guide","C_0402_1005Metric","106.460000","-145.000000","270.000000","top"
"C504","100n 16V X7R local decoupling","C_0402_1005Metric","330.020000","-108.580000","0.000000","top"
"C505","100n 16V X7R local decoupling","C_0402_1005Metric","204.500000","-154.050000","0.000000","top"
"C506","100n 16V X7R local decoupling","C_0402_1005Metric","339.620000","-107.000000","0.000000","top"
"C507","100n 16V X7R local decoupling","C_0402_1005Metric","207.500000","-154.050000","0.000000","top"
"C508","100n 16V X7R local decoupling","C_0402_1005Metric","327.000000","-94.000000","0.000000","top"
"C509","100n 16V X7R local decoupling","C_0402_1005Metric","323.000000","-94.250000","180.000000","top"
"C510","100n 16V X7R local decoupling","C_0402_1005Metric","321.750000","-99.500000","180.000000","top"
"C511","100n 16V X7R local decoupling","C_0402_1005Metric","330.000000","-109.870000","270.000000","top"
"C512","10u 6.3V X7R RTL8111H REGOUT bulk","C_1206_3216Metric","323.000000","-92.500000","0.000000","top"
"C513","100n 16V X7R magnetics center-tap bypass","C_0402_1005Metric","321.000000","-90.500000","180.000000","top"
"C514","1n 2kV X7R 10% shield-to-digital return","C_1812_4532Metric","348.250000","-83.400000","0.000000","top"
"C515","12p C0G 5% crystal load","C_0402_1005Metric","326.000000","-108.000000","0.000000","top"
"C516","12p C0G 5% crystal load","C_0402_1005Metric","210.500000","-154.050000","0.000000","top"
"C586","100n 10V X7R Mu USB3 TX AC","C_0402_1005Metric","188.000000","-44.600000","270.000000","top"
"C587","100n 10V X7R Mu USB3 TX AC","C_0402_1005Metric","189.000000","-42.300000","270.000000","top"
"C590","220n 10V X7R Wi-Fi TX AC","C_0402_1005Metric","213.500000","-154.050000","0.000000","top"
"C591","220n 10V X7R Wi-Fi TX AC","C_0402_1005Metric","216.500000","-154.050000","0.000000","top"
"C592","220n 10V X7R NVMe TX AC","C_0402_1005Metric","190.500000","-116.250000","0.000000","top"
"C593","220n 10V X7R NVMe TX AC","C_0402_1005Metric","190.520000","-117.250000","0.000000","top"
"C594","220n 10V X7R NVMe TX AC","C_0402_1005Metric","187.600000","-113.670000","0.000000","top"
"C595","220n 10V X7R NVMe TX AC","C_0402_1005Metric","194.330000","-126.100000","0.000000","top"
"C596","220n 10V X7R NVMe TX AC","C_0402_1005Metric","190.480000","-121.750000","0.000000","top"
"C597","220n 10V X7R NVMe TX AC","C_0402_1005Metric","190.500000","-122.750000","0.000000","top"
"C66","100n 10V X7R Mu USB3 TX AC","C_0402_1005Metric","18.480000","-31.600000","180.000000","top"
"C67","100n 10V X7R Mu USB3 TX AC","C_0402_1005Metric","18.500000","-32.600000","180.000000","top"
"C68","220n 10V X7R NVMe TX AC","C_0402_1005Metric","190.520000","-113.750000","0.000000","top"
"C69","220n 10V X7R NVMe TX AC","C_0402_1005Metric","190.500000","-114.750000","0.000000","top"
"C7","47n 25V X7R BTST1","C_0402_1005Metric","64.300000","-136.600000","0.000000","top"
"C700","3.3nF >=50V LTC4368 CGATE","C_0402_1005Metric","72.000000","-139.000000","0.000000","top"
"C701","10u 25V X7R VBUS","C_1206_3216Metric","66.460000","-123.220000","0.000000","top"
"C702","10u 25V X7R VBUS","C_1206_3216Metric","74.000000","-134.000000","0.000000","top"
"C703","10u 25V X7R PMID","C_1206_3216Metric","72.120000","-123.420000","0.000000","top"
"C704","10u 25V X7R PMID","C_1206_3216Metric","61.000000","-139.000000","0.000000","top"
"C705","10u 25V X7R PMID","C_1206_3216Metric","58.760000","-115.490000","0.000000","top"
"C706","10u 25V X7R SYS","C_1206_3216Metric","76.080000","-153.700000","0.000000","top"
"C707","10u 25V X7R SYS","C_1206_3216Metric","53.680000","-119.840000","0.000000","top"
"C708","10u 25V X7R SYS","C_1206_3216Metric","61.000000","-134.000000","0.000000","top"
"C709","10u 25V X7R SYS","C_1206_3216Metric","79.080000","-122.920000","0.000000","top"
"C710","10u 25V X7R SYS","C_1206_3216Metric","77.080000","-125.040000","0.000000","top"
"C711","100n 50V X7R BAT local","C_0603_1608Metric","82.500000","-118.000000","0.000000","top"
"C712","10u 25V X7R BAT","C_1206_3216Metric","61.000000","-136.000000","0.000000","top"
"C713","10u 25V X7R BAT","C_1206_3216Metric","61.960000","-117.880000","0.000000","top"
"C714","2.2u 25V X7R VBUS hot-plug damper","C_0805_2012Metric","58.730000","-128.500000","0.000000","top"
"C720","1u 50V X7R AUX input","C_0805_2012Metric","78.000000","-121.000000","0.000000","top"
"C721","100n 50V X7R AUX eFuse local","C_0603_1608Metric","73.500000","-116.500000","0.000000","top"
"C722","10u 50V X7R AUX output","C_1206_3216Metric","112.420000","-164.220000","0.000000","top"
"C723","100n AUX eFuse dVdT approx 50ms at 24V","C_0603_1608Metric","29.250000","-96.000000","90.000000","top"
"C724","4.7nF >=50V pack hot-swap slew","C_0402_1005Metric","97.500000","-131.500000","0.000000","top"
"C725","10u 25V X7R LTC4368 VOUT","C_0805_2012Metric","46.500000","-182.000000","0.000000","top"
"C740","100n 10V INTVCC","C_0603_1608Metric","69.000000","-116.500000","0.000000","top"
"C741","15n 50V TMR approx 240ms","C_0402_1005Metric","52.500000","-146.500000","0.000000","top"
"C742","100n 50V USB V1 local","C_0603_1608Metric","78.000000","-115.000000","0.000000","top"
"C743","100n 50V USB VS1 local","C_0603_1608Metric","82.500000","-115.000000","0.000000","top"
"C744","100n 50V AUX V2 local","C_0603_1608Metric","87.000000","-115.000000","0.000000","top"
"C745","100n 50V AUX VS2 local","C_0603_1608Metric","73.500000","-113.500000","0.000000","top"
"C746","100u 35V hybrid selector output hold-up","CP_Elec_6.3x5.8","85.000000","-159.000000","0.000000","top"
"C750","68u 50V hybrid input bulk","CP_Elec_8x10","157.250000","-72.540000","0.000000","top"
"C751","10u 50V X7R input","C_1206_3216Metric","152.750000","-78.000000","0.000000","top"
"C752","10u 50V X7R input","C_1206_3216Metric","148.000000","-84.000000","0.000000","top"
"C753","1u 50V X5R input","C_0603_1608Metric","152.750000","-76.000000","0.000000","top"
"C754","100n 50V X7R input HF","C_0402_1005Metric","171.000000","-91.000000","0.000000","top"
"C755","100n 50V X7R input HF","C_0402_1005Metric","151.500000","-80.960000","0.000000","top"
"C756","100n 50V X7R output HF","C_0402_1005Metric","148.000000","-82.000000","0.000000","top"
"C757","100n 50V X7R output HF","C_0402_1005Metric","154.000000","-87.000000","0.000000","top"
"C758","1u 50V X5R output","C_0603_1608Metric","147.670000","-74.000000","0.000000","top"
"C759","10u 50V X7R output","C_1206_3216Metric","167.540000","-84.000000","0.000000","top"
"C760","10u 50V X7R output","C_1206_3216Metric","243.900000","-60.950000","0.000000","top"
"C761","10u 50V X7R output","C_1206_3216Metric","133.500000","-91.000000","0.000000","top"
"C762","100u 35V hybrid output bulk","CP_Elec_6.3x5.8","278.690000","-67.140000","0.000000","top"
"C763","1u 50V post-sense load-side bypass","C_0603_1608Metric","255.430000","-78.000000","0.000000","top"
"C764","22u 16V X7R VCC mandatory; effective >4.7u","C_1206_3216Metric","128.470000","-85.750000","0.000000","top"
"C765","100n 50V X8L bootstrap","C_0603_1608Metric","162.030000","-85.290000","0.000000","top"
"C766","100n 50V X8L bootstrap","C_0603_1608Metric","141.000000","-88.000000","0.000000","top"
"C767","10n DITH/SYNC spreading","C_0603_1608Metric","175.030000","-86.750000","0.000000","top"
"C770","100n differential current-sense filter","C_0603_1608Metric","152.980000","-84.100000","0.000000","top"
"C771","4.7n COMP","C_0603_1608Metric","114.000000","-103.000000","0.000000","top"
"C772","100p C0G COMP HF","C_0603_1608Metric","133.960000","-88.000000","0.000000","top"
"C773","100n UVLO noise filter","C_0603_1608Metric","123.000000","-94.000000","0.000000","top"
"C774","10n PG deglitch","C_0603_1608Metric","247.030000","-74.250000","0.000000","top"
"C775","10n CC deglitch","C_0603_1608Metric","145.500000","-86.500000","0.000000","top"
"C776","10u 50V X7R TPS56637 VIN","C_1206_3216Metric","232.000000","-100.000000","0.000000","top"
"C777","10u 50V X7R TPS56637 VIN","C_1206_3216Metric","232.000000","-108.000000","0.000000","top"
"C778","100n 50V X7R TPS56637 VIN HF","C_0603_1608Metric","234.500000","-111.000000","0.000000","top"
"C779","100n 16V X7R TPS56637 BOOT","C_0603_1608Metric","238.000000","-110.500000","0.000000","top"
"C780","100n source-manager local","C_0603_1608Metric","217.000000","-165.500000","0.000000","top"
"C781","100n service-mux reset gate local","C_0603_1608Metric","220.500000","-165.500000","0.000000","top"
"C782","47u 6.3V PCIE_3V3_IN rail bulk","C_1206_3216Metric","246.000000","-111.500000","0.000000","top"
"C783","1u RTC_BAT hold","C_0805_2012Metric","252.000000","-92.500000","0.000000","top"
"C790","10u 50V X7R TPS56637 VIN","C_1206_3216Metric","140.000000","-30.000000","0.000000","top"
"C791","100n 50V X7R TPS56637 VIN HF","C_0603_1608Metric","140.000000","-33.000000","0.000000","top"
"C792","22u 16V X7R TPS56637 OUT","C_1206_3216Metric","137.500000","-46.000000","0.000000","top"
"C793","100n qualified host-active gate local","C_0603_1608Metric","282.020000","-70.850000","0.000000","top"
"C794","1u internal host VBUS switch input","C_0805_2012Metric","193.000000","-89.000000","0.000000","top"
"C795","1u 25V AON eFuse input","C_0805_2012Metric","225.500000","-154.050000","0.000000","top"
"C796","100n 50V AON eFuse input local","C_0603_1608Metric","223.800000","-165.000000","0.000000","top"
"C797","10u 25V AON eFuse output","C_1206_3216Metric","231.500000","-154.050000","0.000000","top"
"C798","100n 50V AON eFuse output local","C_0603_1608Metric","201.500000","-155.780000","0.000000","top"
"C799","3.3n AON eFuse dVdt","C_0402_1005Metric","201.960000","-157.050000","0.000000","top"
"C8","47n 25V X7R BTST2","C_0402_1005Metric","60.000000","-143.500000","0.000000","top"
"C830","10u internal host VBUS output","C_1206_3216Metric","193.000000","-96.000000","0.000000","top"
"C831","100n TPS3897 VCC bypass","C_0603_1608Metric","207.000000","-95.000000","0.000000","top"
"C832","1u PCIe endpoint switch input","C_0805_2012Metric","214.000000","-88.000000","0.000000","top"
"C833","4.7n PCIe endpoint controlled slew","C_0402_1005Metric","222.000000","-93.000000","0.000000","top"
"C834","47u 6.3V PCIe endpoint rail bulk","C_1206_3216Metric","226.000000","-88.000000","0.000000","top"
"C835","100n PCIe endpoint rail HF","C_0603_1608Metric","226.000000","-93.000000","0.000000","top"
"C836","10u 6.3V NVMe socket local bulk","C_1206_3216Metric","231.000000","-88.000000","0.000000","top"
"C837","100n NVMe socket local HF","C_0603_1608Metric","231.000000","-93.000000","0.000000","top"
"C840","1u 25V X7R BQ77915 VDD","C_0805_2012Metric","28.000000","-74.500000","0.000000","top"
"C841","1u 10V X7R BQ77915 AVDD","C_0805_2012Metric","32.000000","-74.500000","0.000000","top"
"C842","1u 10V X7R BQ77915 internal-balance filter","C_0805_2012Metric","52.000000","-74.500000","0.000000","top"
"C843","1u 10V X7R BQ77915 internal-balance filter","C_0805_2012Metric","56.000000","-74.500000","0.000000","top"
"C844","1u 10V X7R BQ77915 internal-balance filter","C_0805_2012Metric","60.000000","-74.500000","0.000000","top"
"C845","100n BQ77915 SRP-VSS filter","C_0603_1608Metric","32.000000","-79.000000","0.000000","top"
"C846","100n BQ77915 differential sense filter","C_0603_1608Metric","46.000000","-79.000000","0.000000","top"
"C847","100n BQ77915 SRN-VSS filter","C_0603_1608Metric","50.000000","-79.000000","0.000000","top"
"C848","1u 10V X7R BQ77915 internal-balance filter","C_0805_2012Metric","64.000000","-74.500000","0.000000","top"
"C9","4.7u 10V X7R REGN","C_0805_2012Metric","96.000000","-142.000000","0.000000","top"
"C900","4.7u 6.3V X7R TPS62821 input","C_0603_1608Metric","274.730000","-73.000000","0.000000","top"
"C901","10u 10V X7R TPS62821 output A","C_0603_1608Metric","292.130000","-72.550000","0.000000","top"
"C902","4.7u flash bulk","C_0402_1005Metric","290.120000","-65.460000","90.000000","top"
"C903","100n flash local","C_0402_1005Metric","287.020000","-74.000000","0.000000","top"
"C904","100n RP2350 3V3 local","C_0402_1005Metric","288.750000","-52.250000","0.000000","top"
"C905","100n RP2350 3V3 local","C_0402_1005Metric","278.710000","-64.520000","90.000000","top"
"C906","100n RP2350 3V3 local","C_0402_1005Metric","290.750000","-71.000000","0.000000","top"
"C907","100n RP2350 3V3 local","C_0402_1005Metric","283.500000","-56.750000","90.000000","top"
"C908","100n RP2350 3V3 local","C_0402_1005Metric","292.990000","-53.630000","270.000000","top"
"C909","100n RP2350 3V3 local","C_0402_1005Metric","287.130000","-77.780000","90.000000","top"
"C910","100n RP2350 3V3 local","C_0402_1005Metric","283.500000","-53.730000","90.000000","top"
"C911","4.7u VREG input","C_0402_1005Metric","294.500000","-50.500000","90.000000","top"
"C912","4.7u 1V1 output","C_0402_1005Metric","290.770000","-53.500000","0.000000","top"
"C913","4.7u VREG_AVDD","C_0402_1005Metric","292.520000","-57.000000","0.000000","top"
"C914","100n DVDD A","C_0402_1005Metric","282.000000","-60.750000","270.000000","top"
"C915","100n DVDD B","C_0402_1005Metric","289.500000","-51.250000","180.000000","top"
"C916","100n DVDD C","C_0402_1005Metric","290.770000","-66.920000","0.000000","top"
"C917","4.7u ADC_AVDD filter","C_0402_1005Metric","294.500000","-57.750000","90.000000","top"
"C918","15p XIN load","C_0402_1005Metric","285.500000","-73.250000","270.000000","top"
"C919","15p XOUT load","C_0402_1005Metric","288.190000","-75.540000","0.000000","top"
"C921","10u 10V X7R TPS62821 output B","C_0603_1608Metric","279.500000","-77.050000","0.000000","top"
"C922","100n ADC_VREF filter","C_0402_1005Metric","295.810000","-74.500000","180.000000","top"
"C923","120p 50V C0G TPS62821 feed-forward","C_0603_1608Metric","273.500000","-64.960000","0.000000","top"
"C924","100n 16V X7R 5V switch input","C_0603_1608Metric","282.550000","-77.630000","0.000000","top"
"C925","100n 16V X7R 5V header output","C_0603_1608Metric","296.630000","-72.550000","0.000000","top"
"C926","100n 16V X7R 3V3 switch input","C_0603_1608Metric","270.000000","-56.500000","0.000000","top"
"C927","100n 16V X7R 3V3 header output","C_0603_1608Metric","293.000000","-38.200000","0.000000","top"
"C928","100n maker USB switch local","C_0603_1608Metric","268.960000","-62.380000","0.000000","top"
"C930","100n maker header isolator local","C_0603_1608Metric","249.380000","-47.200000","0.000000","top"
"C931","100n maker header isolator local","C_0603_1608Metric","275.890000","-47.190000","0.000000","top"
"C932","100n maker header isolator local","C_0603_1608Metric","276.730000","-57.350000","0.000000","top"
"C933","100n maker header isolator local","C_0603_1608Metric","287.730000","-57.350000","0.000000","top"
"C934","100n maker header supervisor local","C_0603_1608Metric","224.000000","-68.000000","0.000000","top"
"D150","TPD1E0B04DPLR HDMI TMDS ESD (0.15pF max)","D_0201_0603Metric","346.750000","-66.250000","180.000000","top"
"D151","TPD1E0B04DPLR HDMI TMDS ESD (0.15pF max)","D_0201_0603Metric","340.000000","-75.000000","0.000000","top"
"D152","TPD1E0B04DPLR HDMI TMDS ESD (0.15pF max)","D_0201_0603Metric","345.250000","-72.500000","270.000000","top"
"D153","TPD1E0B04DPLR HDMI TMDS ESD (0.15pF max)","D_0201_0603Metric","338.000000","-75.000000","0.000000","top"
"D154","TPD1E0B04DPLR HDMI TMDS ESD (0.15pF max)","D_0201_0603Metric","336.000000","-75.000000","0.000000","top"
"D155","TPD1E0B04DPLR HDMI TMDS ESD (0.15pF max)","D_0201_0603Metric","300.000000","-91.000000","0.000000","top"
"D156","TPD1E0B04DPLR HDMI TMDS ESD (0.15pF max)","D_0201_0603Metric","297.000000","-86.500000","0.000000","top"
"D157","TPD1E0B04DPLR HDMI TMDS ESD (0.15pF max)","D_0201_0603Metric","292.960000","-80.500000","0.000000","top"
"D1800","TPD1E0B04DPLR 0.13pF USB3 ESD","D_0201_0603Metric","52.500000","-40.000000","0.000000","top"
"D1801","TPD1E0B04DPLR 0.13pF USB3 ESD","D_0201_0603Metric","85.500000","-70.900000","0.000000","top"
"D1802","TPD1E0B04DPLR 0.13pF USB3 ESD","D_0201_0603Metric","30.000000","-40.000000","0.000000","top"
"D1803","TPD1E0B04DPLR 0.13pF USB3 ESD","D_0201_0603Metric","22.500000","-55.000000","0.000000","top"
"D1804","TPD1E0B04DPLR 0.13pF USB3 ESD","D_0201_0603Metric","58.500000","-61.000000","0.000000","top"
"D1805","TPD1E0B04DPLR 0.13pF USB3 ESD","D_0201_0603Metric","22.500000","-56.500000","0.000000","top"
"D1806","TPD1E0B04DPLR 0.13pF USB3 ESD","D_0201_0603Metric","22.500000","-58.000000","0.000000","top"
"D1807","TPD1E0B04DPLR 0.13pF USB3 ESD","D_0201_0603Metric","58.500000","-62.500000","0.000000","top"
"D1808","TPD1E0B04DPLR 0.13pF USB3 ESD","D_0201_0603Metric","37.500000","-73.000000","0.000000","top"
"D1809","TPD1E0B04DPLR 0.13pF USB3 ESD","D_0201_0603Metric","45.000000","-76.000000","0.000000","top"
"D1810","TPD1E0B04DPLR 0.13pF USB3 ESD","D_0201_0603Metric","45.000000","-77.500000","0.000000","top"
"D1811","TPD1E0B04DPLR 0.13pF USB3 ESD","D_0201_0603Metric","48.000000","-76.000000","0.000000","top"
"D1812","TPD1E0B04DPLR 0.13pF USB3 ESD","D_0201_0603Metric","48.000000","-77.500000","0.000000","top"
"D1813","TPD1E0B04DPLR 0.13pF USB3 ESD","D_0201_0603Metric","33.000000","-77.500000","0.000000","top"
"D1814","TPD1E0B04DPLR 0.13pF USB3 ESD","D_0201_0603Metric","51.000000","-77.500000","0.000000","top"
"D1815","TPD1E0B04DPLR 0.13pF USB3 ESD","D_0201_0603Metric","30.000000","-77.500000","0.000000","top"
"D1816","TPD1E0B04DPLR 0.13pF USB3 ESD","D_0201_0603Metric","312.000000","-58.000000","0.000000","top"
"D1817","TPD1E0B04DPLR 0.13pF USB3 ESD","D_0201_0603Metric","306.000000","-52.000000","0.000000","top"
"D1818","TPD1E0B04DPLR 0.13pF USB3 ESD","D_0201_0603Metric","309.000000","-58.000000","0.000000","top"
"D1819","TPD1E0B04DPLR 0.13pF USB3 ESD","D_0201_0603Metric","312.000000","-61.000000","0.000000","top"
"D1820","TPD1E0B04DPLR 0.13pF USB3 ESD","D_0201_0603Metric","328.520000","-55.150000","0.000000","top"
"D1821","TPD1E0B04DPLR 0.13pF USB3 ESD","D_0201_0603Metric","348.100000","-52.400000","0.000000","top"
"D1822","TPD1E0B04DPLR 0.13pF USB3 ESD","D_0201_0603Metric","309.000000","-61.000000","0.000000","top"
"D1823","TPD1E0B04DPLR 0.13pF USB3 ESD","D_0201_0603Metric","325.520000","-56.420000","0.000000","top"
"D1824","1N5819HW RTC_BAT diode-OR from MCU_3V3","Nexperia_CFP3_SOD-123W","252.000000","-89.250000","0.000000","top"
"D190","SMCJ24CA bidirectional AUX surge clamp","D_SMC","20.500000","-90.750000","180.000000","top"
"D2080","B340A eFuse output negative-transient clamp","D_SMA","88.500000","-60.400000","0.000000","top"
"D2090","B340A eFuse output negative-transient clamp","D_SMA","303.000000","-41.500000","0.000000","top"
"D2100","TPD1E0B04DPLR 0.13pF USB3 ESD","D_0201_0603Metric","11.000000","-25.200000","0.000000","top"
"D2101","TPD1E0B04DPLR 0.13pF USB3 ESD","D_0201_0603Metric","67.500000","-55.000000","0.000000","top"
"D2102","TPD1E0B04DPLR 0.13pF USB3 ESD","D_0201_0603Metric","78.000000","-37.000000","0.000000","top"
"D2103","TPD1E0B04DPLR 0.13pF USB3 ESD","D_0201_0603Metric","75.000000","-46.000000","0.000000","top"
"D2104","TPD1E0B04DPLR 0.13pF USB3 ESD","D_0201_0603Metric","10.700000","-30.180000","90.000000","top"
"D2105","TPD1E0B04DPLR 0.13pF USB3 ESD","D_0201_0603Metric","78.000000","-38.500000","0.000000","top"
"D2106","TPD1E0B04DPLR 0.13pF USB3 ESD","D_0201_0603Metric","37.450000","-42.700000","0.000000","top"
"D2107","TPD1E0B04DPLR 0.13pF USB3 ESD","D_0201_0603Metric","73.500000","-49.000000","0.000000","top"
"D2120","TPD1E0B04DPLR 0.13pF USB3 ESD","D_0201_0603Metric","323.000000","-60.000000","0.000000","top"
"D2121","TPD1E0B04DPLR 0.13pF USB3 ESD","D_0201_0603Metric","319.520000","-55.150000","0.000000","top"
"D2122","TPD1E0B04DPLR 0.13pF USB3 ESD","D_0201_0603Metric","313.980000","-55.150000","0.000000","top"
"D2123","TPD1E0B04DPLR 0.13pF USB3 ESD","D_0201_0603Metric","300.000000","-46.000000","0.000000","top"
"D2124","TPD1E0B04DPLR 0.13pF USB3 ESD","D_0201_0603Metric","300.000000","-49.000000","0.000000","top"
"D2125","TPD1E0B04DPLR 0.13pF USB3 ESD","D_0201_0603Metric","292.130000","-74.050000","0.000000","top"
"D2126","TPD1E0B04DPLR 0.13pF USB3 ESD","D_0201_0603Metric","287.630000","-65.050000","0.000000","top"
"D2127","TPD1E0B04DPLR 0.13pF USB3 ESD","D_0201_0603Metric","18.000000","-40.000000","0.000000","top"
"D710","B340A 3A 40V EC always-on OR","D_SMA","207.500000","-174.830000","0.000000","top"
"D711","B340A 3A 40V EC always-on OR","D_SMA","210.500000","-157.050000","0.000000","top"
"D712","B340A 3A 40V EC always-on OR","D_SMA","346.660000","-167.800000","0.000000","top"
"D713","B340A 3A 40V EC always-on OR","D_SMA","265.320000","-70.010000","0.000000","top"
"D715","BAT54WS case button to charger QON","D_SOD-323","100.000000","-143.000000","0.000000","top"
"D716","BAT54WS case button to Mu PWRBTN","D_SOD-323","105.000000","-143.000000","0.000000","top"
"F1","10A MINI pack fuse: Littelfuse 0297010.WXNV","Fuseholder_Blade_Mini_Keystone_3568","71.790000","-164.800000","0.000000","top"
"F10","2A E-key 3V3 fuse/polyfuse","Fuse_1206_3216Metric","215.540000","-28.000000","0.000000","top"
"F190","3A MINI AUX input fuse: Littelfuse 0297003.WXNV","Fuseholder_Blade_Mini_Keystone_3568","14.290000","-82.050000","0.000000","top"
"F200","750mA 16V fan polyfuse","Fuse_1206_3216Metric","55.000000","-130.000000","0.000000","top"
"F400","1.5A hold resettable PTC; Littelfuse 1812L150/16DR","Fuse_1812_4532Metric","12.000000","-96.500000","0.000000","top"
"F900","1.1A hold PPTC Littelfuse 1206L110/16WR","Fuse_1206_3216Metric","281.000000","-51.500000","90.000000","top"
"H1","Wurth 9774055243R Mu M2 standoff 5.5mm A","Wurth_9774055243R_M2_H5.5","238.300000","-76.800000","0.000000","top"
"H10","M2.5 isolated mainboard mounting hole","MountingHole_2.7mm_M2.5","5.000000","-150.750000","0.000000","top"
"H11","M2.5 isolated mainboard mounting hole","MountingHole_2.7mm_M2.5","5.000000","-180.750000","0.000000","top"
"H12","M2.5 isolated mainboard mounting hole","MountingHole_2.7mm_M2.5","63.800000","-6.100000","0.000000","top"
"H13","M2.5 isolated mainboard mounting hole","MountingHole_2.7mm_M2.5","353.000000","-58.750000","0.000000","top"
"H14","M2.5 isolated mainboard mounting hole","MountingHole_2.7mm_M2.5","260.000000","-6.000000","0.000000","top"
"H15","M2.5 isolated mainboard mounting hole","MountingHole_2.7mm_M2.5","353.000000","-19.650000","0.000000","top"
"H16","M2.5 isolated mainboard mounting hole","MountingHole_2.7mm_M2.5","5.000000","-12.850000","0.000000","top"
"H17","M2.5 isolated mainboard mounting hole","MountingHole_2.7mm_M2.5","353.000000","-112.050000","0.000000","top"
"H2","Wurth 9774055243R Mu M2 standoff 5.5mm B","Wurth_9774055243R_M2_H5.5","238.300000","-13.200000","0.000000","top"
"H21","M2.5 isolated mainboard mounting hole","MountingHole_2.7mm_M2.5","110.250000","-6.050000","0.000000","top"
"H22","M2.5 isolated mainboard mounting hole","MountingHole_2.7mm_M2.5","119.800000","-76.950000","0.000000","top"
"H23","M2.5 isolated mainboard mounting hole","MountingHole_2.7mm_M2.5","124.100000","-180.400000","0.000000","top"
"H24","M2.5 isolated mainboard mounting hole","MountingHole_2.7mm_M2.5","196.250000","-179.750000","0.000000","top"
"H25","M2.5 isolated mainboard mounting hole","MountingHole_2.7mm_M2.5","208.850000","-4.950000","0.000000","top"
"H26","M2.5 isolated mainboard mounting hole","MountingHole_2.7mm_M2.5","250.300000","-124.950000","0.000000","top"
"H27","M2.5 isolated mainboard mounting hole","MountingHole_2.7mm_M2.5","353.316000","-180.611000","0.000000","top"
"H3","M.2 M-key 2280 M2 grounded standoff 2.5mm","SMT_Standoff_M2_H2.5_C4_Tail2.7x1.5","279.980000","-116.000000","0.000000","top"
"H4","M.2 E-key 2230 M2 grounded standoff 2.5mm","SMT_Standoff_M2_H2.5_C4_Tail2.7x1.5","261.550000","-167.250000","0.000000","top"
"J10","Amphenol MDT420M01001 M-key NVMe socket (PCIe x4)","Amphenol_MDT420M01001_H4.2","196.425000","-125.250000","90.000000","top"
"J11","USB-C dual-role data/PD port J11","USB_C_Receptacle_Molex_105450-0101","353.475000","-30.000000","90.000000","top"
"J12","USB-C source-only data port J12","USB_C_Receptacle_Molex_105450-0101","353.480000","-48.000000","90.000000","top"
"J16","Case power/reset button harness: GND/CASE_PWR/RESET","JST_SH_SM03B-SRSS-TB_1x03-1MP_P1.00mm_Horizontal","340.000000","-170.000000","0.000000","top"
"J190","AUX/SOLAR protected screw terminal 6-22V nominal","TerminalBlock_Phoenix_MKDS-1,5-2-5.08_1x02_P5.08mm_Horizontal","4.580000","-85.700000","270.000000","top"
"J2","3S pack power + cell-tap harness","Molex_Mega-Fit_76829-0006_2x03_P5.70mm_Vertical","95.000000","-165.000000","0.000000","top"
"J21","USB-C dual-role data/PD port J21","USB_C_Receptacle_Molex_105450-0101","4.500000","-47.500000","270.000000","top"
"J22","USB-C source-only data port J22","USB_C_Receptacle_Molex_105450-0101","4.500000","-25.000000","270.000000","top"
"J23","USB-C source-only data port J23","USB_C_Receptacle_Molex_105450-0101","4.500000","-70.000000","270.000000","top"
"J2300","FH12-30S 30-pin radio daughterboard FFC","Hirose_FH12-30S-0.5SH_1x30-1MP_P0.50mm_Horizontal","62.500000","-181.500000","0.000000","top"
"J24","USB 3.0 Type-A internal header (hub DIS5)","USB_A_Receptacle_XKB_U231-091N-4BLRA00-S","4.500000","-115.000000","270.000000","top"
"J25","USB 2.0 Type-A internal header (hub DIS6)","USB_A_Receptacle_GCT_USB1046","4.500000","-137.500000","270.000000","top"
"J30","External HDMI-A from TCP0","HDMI_A_Molex_208658-1001_Horizontal","352.290000","-72.000000","0.000000","top"
"J310","Mainboard keyboard FFC to MX ULP daughterboard","Hirose_FH12-30S-0.5SH_1x30-1MP_P0.50mm_Horizontal","320.000000","-50.000000","270.000000","top"
"J4","TC2030 Cortex SWD: VTref/SWDIO/NRST/SWCLK/GND/NC","Tag-Connect_TC2030-IDC-NL_2x03_P1.27mm_Vertical","305.570000","-82.860000","0.000000","top"
"J40","Amphenol MDT420E01001 E-key Wi-Fi/Bluetooth socket","Amphenol_MDT420E01001_H4.2","235.450000","-158.000000","270.000000","top"
"J41","SSD1306 OLED A 4-pin GND/VDD/SCK/SDA","SSD1306_0.96in_Module_4Pin","310.000000","-155.000000","90.000000","top"
"J420","Left 8-ohm BTL speaker; pin 1 +, pin 2 -","JST_GH_SM02B-GHS-TB_1x02-1MP_P1.25mm_Horizontal","18.000000","-180.000000","0.000000","top"
"J421","Right 8-ohm BTL speaker; pin 1 +, pin 2 -","JST_GH_SM02B-GHS-TB_1x02-1MP_P1.25mm_Horizontal","332.730000","-166.650000","0.000000","top"
"J422","CUI SJ1-3535NG rear 3.5mm stereo headphone jack","Jack_3.5mm_CUI_SJ1-3535NG_Horizontal","52.950000","-2.000000","0.000000","top"
"J45","SSD1306 OLED B 4-pin GND/VDD/SCK/SDA","SSD1306_0.96in_Module_4Pin","280.000000","-155.000000","90.000000","top"
"J500","JXD1-1022NL recessed 1GbE RJ45","JXD1-1022NL_MidMount","332.000000","-104.000000","90.000000","top"
"J52","Delta BFB04512HHA-CZ0T: GND, fused 12V, FG, PWM","JST_GH_SM04B-GHS-TB_1x04-1MP_P1.25mm_Horizontal","61.000000","-120.000000","180.000000","top"
"J53","Lid/hall switch","JST_GH_SM02B-GHS-TB_1x02-1MP_P1.25mm_Horizontal","310.000000","-25.000000","0.000000","top"
"J54","Skin/hinge NTC","JST_GH_SM02B-GHS-TB_1x02-1MP_P1.25mm_Horizontal","95.000000","-15.000000","0.000000","top"
"J56","Mu heatsink/spreader NTC","JST_GH_SM02B-GHS-TB_1x02-1MP_P1.25mm_Horizontal","69.460000","-130.000000","0.000000","top"
"J58","Field-soldered trackpad USB2 cable: GND/D-/D+/VBUS","USB2_Trackpad_Cable_SolderPads_1x04_P2.54mm","171.200000","-130.000000","0.000000","top"
"J73","Rear USB-C EC firmware programming port (UFP/DFU)","USB_C_Receptacle_Molex_105450-0101","260.000000","-178.000000","0.000000","top"
"J901","JST PUD 2x20 protected maker GPIO/power; NOT A PI HAT","JST_PUD_B40B-PUDSS_2x20_P2.00mm_Vertical","269.500000","-4.400000","0.000000","top"
"J902","TC2030 Cortex SWD: VTref/SWDIO/RUN/SWCLK/GND/NC","Tag-Connect_TC2030-IDC-NL_2x03_P1.27mm_Vertical","260.440000","-19.100000","270.000000","top"
"L1","1.0uH 20% 28A Isat BQ25798 1.5MHz","L_Coilcraft_XAL7030-102","80.540000","-137.730000","0.000000","top"
"L1700","470nH >=3.9A USB hub core","TDK_TFM201610","245.880000","-47.200000","0.000000","top"
"L1701","3.3uH >=9A USB port buck","L_Coilcraft_XAL7070-XXX","168.000000","-40.000000","0.000000","top"
"L1702","XAL7070-222MEC 2.2uH 19.6A Isat30%","L_Coilcraft_XAL7070-XXX","256.000000","-104.000000","0.000000","top"
"L3","10uH 20% 3.3A Isat20","Coilcraft_XGL5030","268.970000","-94.000000","0.000000","top"
"L4","XAL7070-332MEC 3.3uH 19.4A Isat30%","L_Coilcraft_XAL7070-XXX","126.000000","-100.000000","0.000000","top"
"L420","MPZ1608S221A 220R@100MHz speaker EMI bead","L_0603_1608Metric","78.000000","-100.000000","0.000000","top"
"L421","MPZ1608S221A 220R@100MHz speaker EMI bead","L_0603_1608Metric","60.000000","-107.500000","0.000000","top"
"L422","MPZ1608S221A 220R@100MHz speaker EMI bead","L_0603_1608Metric","64.500000","-104.500000","0.000000","top"
"L423","MPZ1608S221A 220R@100MHz speaker EMI bead","L_0603_1608Metric","109.500000","-100.000000","0.000000","top"
"L5","XAL7070-222MEC 2.2uH 19.6A Isat30%","L_Coilcraft_XAL7070-XXX","135.000000","-39.500000","0.000000","top"
"L750","4.7uH 10.1A Isat / 6.9A Irms","L_Coilcraft_XAL7030-472","168.330000","-74.420000","0.000000","top"
"L900","470nH TDK TFM201610ALM-R47MTAA","TDK_TFM201610","300.000000","-61.000000","0.000000","top"
"L901","3.3u AOTA-B201610S3R3-101-T (orientation critical)","L_Wuerth_PMFI-201610_PMCI-compatible","291.000000","-55.250000","180.000000","top"
"LED1","Charge STAT","LED_0603_1608Metric","52.000000","-178.000000","0.000000","top"
"LED430","green microphone-active indicator","LED_0603_1608Metric","87.000000","-118.000000","0.000000","top"
"MK430","IM68A130V01 bottom-port analog MEMS microphone","Infineon_IM68A130V01","40.000000","-110.000000","0.000000","top"
"Q11","CSD18540Q5B reverse-pack FET A","CSD18540Q5B_DNK","66.000000","-152.270000","0.000000","top"
"Q12","CSD18540Q5B reverse-pack FET B","CSD18540Q5B_DNK","66.000000","-143.000000","0.000000","top"
"Q13","CSD19537Q3 100V AUX reverse FET","CSD19537Q3_DQG","27.560000","-90.890000","180.000000","top"
"Q14","BSS138 fast reverse-gate pulldown","SOT-23","80.000000","-145.500000","0.000000","top"
"Q15","SiSS4409DN 40V reverse-blocking PMOS","Vishay_PowerPAK_1212-8_Single","36.000000","-58.000000","0.000000","top"
"Q16","SiSS4409DN 40V reverse-blocking PMOS","Vishay_PowerPAK_1212-8_Single","43.630000","-46.470000","0.000000","top"
"Q17","SiSS4409DN 40V reverse-blocking PMOS","Vishay_PowerPAK_1212-8_Single","51.000000","-58.000000","0.000000","top"
"Q18","SiSS4409DN 40V reverse-blocking PMOS","Vishay_PowerPAK_1212-8_Single","43.630000","-50.100000","0.000000","top"
"Q200","2N7002KT1G fan PWM open-drain sink","SOT-23","62.460000","-130.000000","0.000000","top"
"Q2001","2N7002K DFP USB2 enable inverter","SOT-23","27.400000","-21.750000","0.000000","top"
"Q2002","2N7002K DFP USB2 enable inverter","SOT-23","61.500000","-63.400000","0.000000","top"
"Q21","SiSS4409DN 40V reverse-blocking PMOS","Vishay_PowerPAK_1212-8_Single","96.000000","-152.500000","0.000000","top"
"Q22","SiSS4409DN 40V reverse-blocking PMOS","Vishay_PowerPAK_1212-8_Single","85.000000","-150.000000","0.000000","top"
"Q23","SiSS4409DN 40V reverse-blocking PMOS","Vishay_PowerPAK_1212-8_Single","35.500000","-90.500000","0.000000","top"
"Q2300","2N7002K radio-PG USB enable","SOT-23","228.040000","-145.510000","0.000000","top"
"Q24","SiSS4409DN 40V reverse-blocking PMOS","Vishay_PowerPAK_1212-8_Single","75.000000","-150.000000","0.000000","top"
"Q25","CSD17575Q3 BQ25798 ship FET","CSD19537Q3_DQG","95.000000","-75.000000","0.000000","top"
"Q50","BSS138 HDMI bias gate","SOT-23","334.000000","-78.000000","0.000000","top"
"Q60","2N7002 physical host-VBUS USB connect gate","SOT-23","274.730000","-104.000000","0.000000","top"
"Q62","2N7002 DFU-mode USB mux force-enable","SOT-23","170.000000","-55.000000","0.000000","top"
"Q700","BSS138 active-high charger enable pull-down","SOT-23","268.130000","-47.430000","0.000000","top"
"Q701","BSS138 pack protector latch reset","SOT-23","318.000000","-119.000000","180.000000","top"
"Q702","BSS138 QON open-drain pulse","SOT-23","92.000000","-143.000000","0.000000","top"
"Q703","CSD18540Q5B BQ77915 discharge FET","CSD18540Q5B_DNK","65.520000","-167.910000","270.000000","top"
"Q704","CSD18540Q5B BQ77915 charge FET","CSD18540Q5B_DNK","65.340000","-160.440000","90.000000","top"
"Q750","BSS138 fail-off EN/UVLO clamp","SOT-23","166.500000","-97.000000","0.000000","top"
"Q751","BSS138 active-high enable release","SOT-23","151.500000","-91.000000","0.000000","top"
"Q901","2N7002 physical host-VBUS USB connect gate","SOT-23","302.800000","-23.000000","180.000000","top"
"Q903","2N7002 maker header isolation enable gate","SOT-23","268.700000","-13.500000","0.000000","top"
"R12","1k","R_0603_1608Metric","69.000000","-113.500000","0.000000","top"
"R13","100k QON-control gate pulldown","R_0603_1608Metric","219.040000","-158.320000","0.000000","top"
"R14","10k CE hardware-disable pull-up to REGN","R_0603_1608Metric","78.000000","-112.000000","0.000000","top"
"R15","10k INT pull-up to 3V3","R_0603_1608Metric","82.500000","-112.000000","0.000000","top"
"R150","470R 1% HDMI bias","R_0402_1005Metric","346.500000","-65.250000","180.000000","top"
"R151","470R 1% HDMI bias","R_0402_1005Metric","347.380000","-28.000000","0.000000","top"
"R152","470R 1% HDMI bias","R_0402_1005Metric","346.250000","-69.250000","180.000000","top"
"R153","470R 1% HDMI bias","R_0402_1005Metric","347.000000","-47.000000","0.000000","top"
"R154","470R 1% HDMI bias","R_0402_1005Metric","322.290000","-30.550000","0.000000","top"
"R155","470R 1% HDMI bias","R_0402_1005Metric","345.000000","-66.250000","0.000000","top"
"R156","470R 1% HDMI bias","R_0402_1005Metric","332.000000","-73.000000","0.000000","top"
"R157","470R 1% HDMI bias","R_0402_1005Metric","344.500000","-65.250000","0.000000","top"
"R158","2.2k HDMI DDC pull-up","R_0402_1005Metric","348.300000","-86.610000","270.000000","top"
"R159","2.2k HDMI DDC pull-up","R_0402_1005Metric","330.000000","-73.000000","0.000000","top"
"R16","5.24k 1% fixed-valid TS top","R_0603_1608Metric","64.500000","-113.500000","0.000000","top"
"R160","1.8k HDMI DDC pull-up","R_0402_1005Metric","300.000000","-74.500000","0.000000","top"
"R161","1.8k HDMI DDC pull-up","R_0402_1005Metric","300.000000","-83.500000","0.000000","top"
"R162","200k PCA9306 VREF2/EN bias","R_0402_1005Metric","342.010000","-82.250000","0.000000","top"
"R163","1k HPD input series","R_0402_1005Metric","328.000000","-80.000000","180.000000","top"
"R164","100k HPD input pull-down","R_0402_1005Metric","328.000000","-79.000000","0.000000","top"
"R165","2.2k S0 bias-gate series","R_0402_1005Metric","300.000000","-86.500000","0.000000","top"
"R166","100k bias-gate default off","R_0402_1005Metric","328.000000","-73.000000","0.000000","top"
"R168","100k HDMI switched 5V discharge","R_0402_1005Metric","309.000000","-78.200000","0.000000","top"
"R169","100k HDMI switched 3V3 discharge","R_0402_1005Metric","324.480000","-88.260000","270.000000","top"
"R17","47.0k 0.1% ILIM top (3.0A ceiling)","R_0603_1608Metric","87.000000","-112.000000","0.000000","top"
"R170","10k W_DISABLE1 pull-up","R_0603_1608Metric","219.500000","-157.050000","0.000000","top"
"R1700","10k CFG_STRAP1","R_0603_1608Metric","150.000000","-53.500000","0.000000","top"
"R1701","200k CFG_STRAP2","R_0603_1608Metric","245.880000","-53.200000","0.000000","top"
"R1702","200k CFG_STRAP3","R_0603_1608Metric","273.270000","-57.810000","0.000000","top"
"R1703","200k all ports removable","R_0603_1608Metric","151.500000","-37.000000","0.000000","top"
"R1704","200k BC1.2 disabled","R_0603_1608Metric","153.000000","-62.500000","0.000000","top"
"R1705","91.0k 1% core FB top","R_0603_1608Metric","153.800000","-54.400000","0.000000","top"
"R1706","100k 1% core FB bottom","R_0603_1608Metric","157.500000","-26.500000","0.000000","top"
"R1707","100k core PG pull-up","R_0603_1608Metric","159.100000","-55.400000","0.000000","top"
"R1708","12.0k 1% USB7206C RBIAS","R_0603_1608Metric","186.940000","-44.700000","90.000000","top"
"R171","10k W_DISABLE2 pull-up","R_0603_1608Metric","222.500000","-157.050000","0.000000","top"
"R1710","169k 1% USB5 EN top","R_0603_1608Metric","151.500000","-34.000000","0.000000","top"
"R1711","36.1k 1% USB5 EN bottom","R_0603_1608Metric","153.000000","-65.500000","0.000000","top"
"R1712","74.3k 0.1% USB5 FB top","R_0603_1608Metric","167.400000","-26.100000","0.000000","top"
"R1713","10.0k 0.1% USB5 FB bottom","R_0603_1608Metric","147.000000","-44.500000","0.000000","top"
"R1714","100k USB5 PG pull-up","R_0603_1608Metric","151.500000","-31.000000","0.000000","top"
"R1715","10k TEST pull-up","R_0603_1608Metric","200.800000","-54.900000","180.000000","top"
"R1716","10k TEST pull-up","R_0603_1608Metric","200.800000","-53.400000","180.000000","top"
"R1717","10k TEST pull-up","R_0603_1608Metric","200.800000","-51.900000","180.000000","top"
"R1718","10k hub 3V3 supervisor pull-up","R_0603_1608Metric","147.000000","-41.500000","0.000000","top"
"R172","100k service mux reset-request pull-up","R_0603_1608Metric","225.500000","-157.050000","0.000000","top"
"R1720","100k unused SPI pull-down","R_0603_1608Metric","157.500000","-23.500000","0.000000","top"
"R1721","100k unused SPI pull-down","R_0603_1608Metric","153.000000","-28.000000","0.000000","top"
"R1722","100k unused SPI pull-down","R_0603_1608Metric","147.000000","-56.500000","0.000000","top"
"R1723","100k unused SPI pull-down","R_0603_1608Metric","153.000000","-68.500000","0.000000","top"
"R173","4.7k OLED A SCL pull-up","R_0603_1608Metric","205.500000","-25.000000","0.000000","top"
"R1740","20.0k 1% TPS2553 1.3A ILIM","R_0603_1608Metric","17.800000","-72.100000","0.000000","top"
"R1741","4.99k POL pull-up","R_0603_1608Metric","58.500000","-68.500000","0.000000","top"
"R1742","100k 1% TPS25810 REF","R_0603_1608Metric","4.630000","-74.970000","90.000000","top"
"R1750","249R 0.25W TPS25810 OUT discharge","R_1206_3216Metric","41.300000","-55.800000","0.000000","top"
"R176","0R / PERST isolation","R_0603_1608Metric","278.600000","-137.500000","0.000000","top"
"R1760","20.0k 1% TPS2553 1.3A ILIM","R_0603_1608Metric","326.100000","-28.530000","0.000000","top"
"R1761","4.99k POL pull-up","R_0603_1608Metric","326.100000","-24.210000","0.000000","top"
"R1762","100k 1% TPS25810 REF","R_0603_1608Metric","306.000000","-65.500000","0.000000","top"
"R177","0R / REFCLK+ isolation","R_0603_1608Metric","221.200000","-152.600000","0.000000","top"
"R1770","249R 0.25W TPS25810 OUT discharge","R_1206_3216Metric","339.200000","-48.400000","90.000000","top"
"R178","0R / REFCLK- isolation","R_0603_1608Metric","234.900000","-150.700000","0.000000","top"
"R1780","20.0k 1% TPS2553 1.3A ILIM","R_0603_1608Metric","18.600000","-54.200000","0.000000","top"
"R1781","4.99k POL pull-up","R_0603_1608Metric","22.500000","-52.000000","0.000000","top"
"R1782","100k 1% TPS25810 REF","R_0603_1608Metric","7.800000","-58.640000","90.000000","top"
"R179","4.7k OLED A SDA pull-up","R_0603_1608Metric","210.000000","-22.000000","0.000000","top"
"R1790","249R 0.25W TPS25810 OUT discharge","R_1206_3216Metric","27.000000","-49.000000","0.000000","top"
"R18","10.5k 1% PROG: 3S, 1.5MHz","R_0603_1608Metric","96.000000","-115.000000","0.000000","top"
"R180","220k 0.1% <=25ppm pack divider hi","R_0603_1608Metric","91.500000","-112.000000","0.000000","top"
"R181","16.5k 0.1% pack divider lo","R_0603_1608Metric","69.000000","-110.500000","0.000000","top"
"R182","100R BAT filter","R_0603_1608Metric","78.000000","-109.000000","0.000000","top"
"R183","100R SRP filter","R_0603_1608Metric","60.000000","-113.500000","0.000000","top"
"R184","100R SRN filter","R_0603_1608Metric","82.500000","-109.000000","0.000000","top"
"R1840","10k DS1 PRT_CTL idle pull-up; VBUS is managed by its TCPC","R_0603_1608Metric","200.800000","-56.400000","180.000000","top"
"R185","10k CE pull-up","R_0603_1608Metric","48.000000","-122.500000","0.000000","top"
"R1850","20.0k 1% TPS2553 1.3A ILIM","R_0603_1608Metric","19.000000","-127.000000","0.000000","top"
"R1851","20.0k 1% TPS2553 1.3A ILIM","R_0603_1608Metric","19.000000","-145.000000","0.000000","top"
"R186","10k gauge ALERT pull-up","R_0603_1608Metric","290.600000","-114.000000","0.000000","top"
"R189","0R P1 not-used tie to VSS","R_0603_1608Metric","87.000000","-109.000000","0.000000","top"
"R190","100k 0.1% ILIM bottom","R_0603_1608Metric","96.000000","-112.000000","0.000000","top"
"R191","470k 1% AUX ADC top","R_0603_1608Metric","73.500000","-107.500000","0.000000","top"
"R192","56k 1% AUX ADC bottom","R_0603_1608Metric","101.220000","-182.000000","0.000000","top"
"R193","1k AUX ADC series","R_0603_1608Metric","299.700000","-120.900000","90.000000","top"
"R196","4.7k OLED B SCL pull-up","R_0603_1608Metric","201.000000","-26.500000","0.000000","top"
"R197","4.7k OLED B SDA pull-up","R_0603_1608Metric","201.500000","-160.050000","0.000000","top"
"R198","100k WLAN disable default asserted","R_0603_1608Metric","204.500000","-160.050000","0.000000","top"
"R199","100k Bluetooth disable default asserted","R_0603_1608Metric","207.500000","-160.050000","0.000000","top"
"R200","22R USB DP series","R_0603_1608Metric","315.000000","-98.520000","180.000000","top"
"R2000","10k shared CC/USB2 protector FLT pull-up","R_0603_1608Metric","12.970000","-28.100000","0.000000","top"
"R2001","2.2k EEPROM SDA pull-up","R_0603_1608Metric","64.500000","-52.000000","0.000000","top"
"R2002","2.2k EEPROM SCL pull-up","R_0603_1608Metric","71.500000","-56.000000","0.000000","top"
"R2003","4.7k TCPC SDA pull-up","R_0603_1608Metric","47.640000","-64.960000","0.000000","top"
"R2004","4.7k TCPC SCL pull-up","R_0603_1608Metric","40.620000","-67.700000","0.000000","top"
"R2005","10k TCPC IRQ pull-up","R_0603_1608Metric","48.840000","-67.800000","0.000000","top"
"R2006","10k mux FLIP pull-up","R_0603_1608Metric","23.100000","-34.400000","180.000000","top"
"R2007","10k mux EN pull-up","R_0603_1608Metric","21.800000","-37.400000","180.000000","top"
"R2008","1k TUSB1142 MODE=0 strap","R_0603_1608Metric","20.900000","-31.800000","0.000000","top"
"R2009","1k TUSB1142 VIO=3V3 strap","R_0603_1608Metric","17.900000","-24.440000","270.000000","top"
"R201","22R USB DM series","R_0603_1608Metric","315.000000","-105.100000","180.000000","top"
"R2010","1k TUSB1142 EQCFG=0 strap","R_0603_1608Metric","64.000000","-53.500000","0.000000","top"
"R2011","1k TUSB1142 SSEQ1=0 strap","R_0603_1608Metric","23.340000","-45.300000","0.000000","top"
"R2012","10k TUSB1142 SLP_S0# pull-up","R_0603_1608Metric","14.100000","-37.800000","90.000000","top"
"R2013","100k mux FLIP input default-low","R_0603_1608Metric","32.200000","-24.500000","0.000000","top"
"R2014","100k data-attach input default-low","R_0603_1608Metric","78.000000","-31.000000","0.000000","top"
"R2015","10k I2Cc IRQ inactive pull-up","R_0603_1608Metric","55.240000","-67.800000","0.000000","top"
"R2016","100k USB2 switch default-disable pull-up","R_0603_1608Metric","75.100000","-69.400000","0.000000","top"
"R2017","0R protector FLT wired-OR link","R_0603_1608Metric","15.300000","-27.300000","270.000000","top"
"R2018","100k DFP-role input default-low","R_0603_1608Metric","68.000000","-58.000000","0.000000","top"
"R202","10k EC USB default-disconnect pull-up","R_0603_1608Metric","274.500000","-97.000000","0.000000","top"
"R203","22R DFU USB DP series","R_0603_1608Metric","292.000000","-181.500000","90.000000","top"
"R204","22R DFU USB DM series","R_0603_1608Metric","294.500000","-181.500000","90.000000","top"
"R2040","10k shared CC/USB2 protector FLT pull-up","R_0603_1608Metric","309.020000","-44.650000","0.000000","top"
"R2041","2.2k EEPROM SDA pull-up","R_0603_1608Metric","43.680000","-58.280000","0.000000","top"
"R2042","2.2k EEPROM SCL pull-up","R_0603_1608Metric","57.080000","-58.080000","0.000000","top"
"R2043","4.7k TCPC SDA pull-up","R_0603_1608Metric","328.000000","-130.500000","0.000000","top"
"R2044","4.7k TCPC SCL pull-up","R_0603_1608Metric","327.300000","-133.199999","0.000000","top"
"R2045","10k TCPC IRQ pull-up","R_0603_1608Metric","307.520000","-53.650000","0.000000","top"
"R2046","10k mux FLIP pull-up","R_0603_1608Metric","72.300000","-32.500000","0.000000","top"
"R2047","10k mux EN pull-up","R_0603_1608Metric","66.200000","-34.700000","0.000000","top"
"R2048","1k TUSB1142 MODE=0 strap","R_0603_1608Metric","338.930000","-40.100000","0.000000","top"
"R2049","1k TUSB1142 VIO=3V3 strap","R_0603_1608Metric","344.470000","-40.100000","0.000000","top"
"R205","5.1k USB-C CC1 Rd (UFP)","R_0603_1608Metric","308.000000","-181.500000","90.000000","top"
"R2050","1k TUSB1142 EQCFG=0 strap","R_0603_1608Metric","336.520000","-36.560000","0.000000","top"
"R2051","1k TUSB1142 SSEQ1=0 strap","R_0603_1608Metric","348.020000","-38.650000","0.000000","top"
"R2052","10k TUSB1142 SLP_S0# pull-up","R_0603_1608Metric","52.300000","-43.140000","0.000000","top"
"R2053","100k mux FLIP input default-low","R_0603_1608Metric","326.100000","-27.100000","0.000000","top"
"R2054","100k data-attach input default-low","R_0603_1608Metric","304.520000","-44.650000","0.000000","top"
"R2055","10k I2Cc IRQ inactive pull-up","R_0603_1608Metric","52.700000","-52.800000","0.000000","top"
"R2056","100k USB2 switch default-disable pull-up","R_0603_1608Metric","60.100000","-23.500000","0.000000","top"
"R2057","0R protector FLT wired-OR link","R_0603_1608Metric","303.020000","-50.650000","0.000000","top"
"R2058","100k DFP-role input default-low","R_0603_1608Metric","318.480000","-30.100000","0.000000","top"
"R206","8.2k fan FG pull-up","R_0603_1608Metric","302.700000","-120.970000","90.000000","top"
"R207","100R fan PWM gate series","R_0603_1608Metric","220.000000","-130.000000","0.000000","top"
"R208","100k gate pull-down; fan defaults full speed","R_0603_1608Metric","261.000000","-98.500000","0.000000","top"
"R2080","887k 0.1% 15V eFuse UV/OV top","R_0603_1608Metric","44.300000","-30.200000","0.000000","top"
"R2081","27.4k 0.1% 15V eFuse UV/OV middle","R_0603_1608Metric","46.020000","-31.700000","0.000000","top"
"R2082","68.1k 0.1% 15V eFuse UV/OV bottom","R_0603_1608Metric","326.100000","-30.400000","0.000000","top"
"R2083","6.04k 1% eFuse 2.98A ILIM","R_0603_1608Metric","303.020000","-53.650000","0.000000","top"
"R2084","47k eFuse default-off pulldown","R_0603_1608Metric","303.020000","-38.650000","0.000000","top"
"R2085","10k path-enable series","R_0603_1608Metric","81.600000","-30.300000","0.000000","top"
"R2086","10k eFuse FLT pull-up","R_0603_1608Metric","322.700000","-117.020000","180.000000","top"
"R209","10k lid pull-up","R_0603_1608Metric","307.200000","-121.000000","90.000000","top"
"R2090","887k 0.1% 15V eFuse UV/OV top","R_0603_1608Metric","318.000000","-134.100000","0.000000","top"
"R2091","27.4k 0.1% 15V eFuse UV/OV middle","R_0603_1608Metric","321.000000","-133.100000","0.000000","top"
"R2092","68.1k 0.1% 15V eFuse UV/OV bottom","R_0603_1608Metric","321.600000","-134.600000","0.000000","top"
"R2093","6.04k 1% eFuse 2.98A ILIM","R_0603_1608Metric","322.670000","-125.420000","0.000000","top"
"R2094","47k eFuse default-off pulldown","R_0603_1608Metric","295.500000","-53.500000","0.000000","top"
"R2095","10k path-enable series","R_0603_1608Metric","326.300000","-124.600000","0.000000","top"
"R2096","10k eFuse FLT pull-up","R_0603_1608Metric","345.800000","-29.500000","0.000000","top"
"R210","10k thermal divider pull-up","R_0603_1608Metric","301.200000","-120.970000","90.000000","top"
"R211","5.1k USB-C CC2 Rd (UFP)","R_0603_1608Metric","310.500000","-181.500000","90.000000","top"
"R212","1k DFU select series","R_0603_1608Metric","242.000000","-169.000000","0.000000","top"
"R2140","1.00M 0.1% 15V UV top","R_0603_1608Metric","33.200000","-46.800000","270.000000","top"
"R2141","19.6k 0.1% 15V window middle","R_0603_1608Metric","31.700000","-46.980000","270.000000","top"
"R2142","63.4k 0.1% 15V OV bottom","R_0603_1608Metric","99.000000","-71.500000","0.000000","top"
"R2143","1.00M 0.1% 15V UV top","R_0603_1608Metric","31.900000","-49.300000","0.000000","top"
"R2144","19.6k 0.1% 15V window middle","R_0603_1608Metric","34.200000","-50.520000","90.000000","top"
"R2145","63.4k 0.1% 15V OV bottom","R_0603_1608Metric","99.000000","-68.500000","0.000000","top"
"R2146","10k PD1 VALID pull-up","R_0603_1608Metric","38.400000","-52.900000","90.000000","top"
"R2147","10k PD2 VALID pull-up","R_0603_1608Metric","39.900000","-52.900000","90.000000","top"
"R215","10k Mu thermal pull-up","R_0603_1608Metric","305.700000","-128.620000","90.000000","top"
"R2300","100k radio eFuse enable pulldown","R_0603_1608Metric","228.500000","-148.050000","0.000000","top"
"R2301","1.65k 0.1% radio eFuse ILM about 2.0A","R_0603_1608Metric","231.500000","-148.050000","0.000000","top"
"R2302","2.2k supervisor pull-up to switched 5V","R_0603_1608Metric","210.500000","-160.050000","0.000000","top"
"R2303","10k radio PG level-divider top","R_0603_1608Metric","201.500000","-151.050000","0.000000","top"
"R2304","20k radio PG level-divider bottom","R_0603_1608Metric","204.500000","-151.050000","0.000000","top"
"R2305","10k radio eFuse/shared fault pull-up","R_0603_1608Metric","207.500000","-151.050000","0.000000","top"
"R2306","10k daughterboard-present pull-up; absent=high","R_0603_1608Metric","339.020000","-112.800000","180.000000","top"
"R2307","100k USB switch disable pull-up","R_0603_1608Metric","336.040000","-109.720000","270.000000","top"
"R2308","133k 1% TPS2553 current limit about 0.20A","R_0603_1608Metric","326.500000","-127.400000","0.000000","top"
"R2310","10k VHF PTT inactive","R_0603_1608Metric","213.500000","-160.050000","0.000000","top"
"R2311","10k UHF PTT inactive","R_0603_1608Metric","216.500000","-160.050000","0.000000","top"
"R2312","10k VHF asleep","R_0603_1608Metric","243.000000","-65.500000","0.000000","top"
"R2313","10k UHF asleep","R_0603_1608Metric","219.500000","-160.050000","0.000000","top"
"R2314","100k VHF internal antenna","R_0603_1608Metric","222.500000","-160.050000","0.000000","top"
"R2315","100k UHF internal antenna","R_0603_1608Metric","225.500000","-160.050000","0.000000","top"
"R2316","100k VHF UART idle-high while absent","R_0603_1608Metric","219.500000","-155.300000","0.000000","top"
"R2317","100k UHF UART idle-high while absent","R_0603_1608Metric","235.500000","-67.000000","0.000000","top"
"R2318","100k GNSS RX idle-high while absent","R_0603_1608Metric","247.500000","-65.500000","0.000000","top"
"R2319","100k GNSS reset released while absent","R_0603_1608Metric","220.500000","-46.000000","0.000000","top"
"R2320","100k VHF RX default low while daughterboard absent","R_0603_1608Metric","220.500000","-52.000000","0.000000","top"
"R2321","100k UHF RX default low while daughterboard absent","R_0603_1608Metric","231.500000","-160.050000","0.000000","top"
"R2322","100k VHF SQL default low while daughterboard absent","R_0603_1608Metric","201.500000","-163.050000","0.000000","top"
"R2323","100k UHF SQL default low while daughterboard absent","R_0603_1608Metric","220.500000","-43.000000","0.000000","top"
"R2324","100k GNSS TX default low while daughterboard absent","R_0603_1608Metric","204.500000","-163.050000","0.000000","top"
"R2325","100k GNSS PPS default low while daughterboard absent","R_0603_1608Metric","231.000000","-67.000000","0.000000","top"
"R2326","100k GNSS EXTINT default low while daughterboard absent","R_0603_1608Metric","329.320000","-113.700000","0.000000","top"
"R2340","4.7k J2300 pin 11 signal isolation","R_0603_1608Metric","321.500000","-106.100000","270.000000","top"
"R2341","4.7k J2300 pin 12 signal isolation","R_0603_1608Metric","322.960000","-113.300000","90.000000","top"
"R2342","4.7k J2300 pin 13 signal isolation","R_0603_1608Metric","312.380000","-113.720000","270.000000","top"
"R2343","4.7k J2300 pin 14 signal isolation","R_0603_1608Metric","326.320000","-110.520000","0.000000","top"
"R2344","4.7k J2300 pin 15 signal isolation","R_0603_1608Metric","331.400000","-123.450000","0.000000","top"
"R2345","4.7k J2300 pin 16 signal isolation","R_0603_1608Metric","319.000000","-110.000000","270.000000","top"
"R2346","4.7k J2300 pin 17 signal isolation","R_0603_1608Metric","333.920000","-126.220000","0.000000","top"
"R2347","4.7k J2300 pin 18 signal isolation","R_0603_1608Metric","317.500000","-111.580000","90.000000","top"
"R2348","4.7k J2300 pin 20 signal isolation","R_0603_1608Metric","319.730000","-112.700000","0.000000","top"
"R2349","4.7k J2300 pin 21 signal isolation","R_0603_1608Metric","333.920000","-127.720000","0.000000","top"
"R2350","4.7k J2300 pin 22 signal isolation","R_0603_1608Metric","312.745000","-100.900000","180.000000","top"
"R2351","4.7k J2300 pin 23 signal isolation","R_0603_1608Metric","331.380000","-121.600000","0.000000","top"
"R2352","4.7k J2300 pin 24 signal isolation","R_0603_1608Metric","326.300000","-123.100000","0.000000","top"
"R2353","4.7k J2300 pin 25 signal isolation","R_0603_1608Metric","312.245000","-108.520000","180.000000","top"
"R2354","4.7k J2300 pin 27 signal isolation","R_0603_1608Metric","326.320000","-115.800000","180.000000","top"
"R2355","4.7k J2300 pin 28 signal isolation","R_0603_1608Metric","338.340000","-110.000000","180.000000","top"
"R2356","4.7k J2300 pin 29 signal isolation","R_0603_1608Metric","323.780000","-109.220000","180.000000","top"
"R250","22R trackpad DP series","R_0603_1608Metric","180.300000","-88.700000","0.000000","top"
"R251","22R trackpad DM series","R_0603_1608Metric","180.300000","-90.300000","0.000000","top"
"R252","43.2k 1% TPS2553 trackpad ILIM 0.61A nominal","R_0603_1608Metric","255.500000","-96.000000","0.000000","top"
"R256","10k trackpad fault pull-up","R_0603_1608Metric","304.200000","-120.970000","90.000000","top"
"R30","4.7k I2C SCL pull-up to 3V3","R_0603_1608Metric","73.500000","-110.500000","0.000000","top"
"R31","4.7k I2C SDA pull-up to 3V3","R_0603_1608Metric","312.300000","-127.900000","90.000000","top"
"R32","10k","R_0603_1608Metric","283.500000","-95.500000","0.000000","top"
"R33","10k","R_0603_1608Metric","322.325000","-110.790000","0.000000","top"
"R34","0R VTref sense link","R_0603_1608Metric","322.325000","-107.650000","0.000000","top"
"R35","100k 1% (3.3V FB hi)","R_0603_1608Metric","295.500000","-91.000000","0.000000","top"
"R36","22.1k 1% (3.3V FB lo)","R_0603_1608Metric","291.000000","-91.000000","0.000000","top"
"R360","1k keyboard matrix series","R_0603_1608Metric","333.500000","-61.750000","90.000000","top"
"R361","1k keyboard matrix series","R_0603_1608Metric","335.000000","-61.750000","90.000000","top"
"R362","1k keyboard matrix series","R_0603_1608Metric","336.500000","-61.750000","90.000000","top"
"R363","1k keyboard matrix series","R_0603_1608Metric","338.000000","-61.670000","90.000000","top"
"R364","1k keyboard matrix series","R_0603_1608Metric","338.000000","-56.500000","270.000000","top"
"R365","1k keyboard matrix series","R_0603_1608Metric","336.500000","-56.500000","270.000000","top"
"R366","1k keyboard matrix series","R_0603_1608Metric","335.000000","-56.500000","270.000000","top"
"R367","1k keyboard matrix series","R_0603_1608Metric","333.500000","-56.500000","270.000000","top"
"R368","1k keyboard matrix series","R_0603_1608Metric","332.000000","-56.500000","270.000000","top"
"R369","1k keyboard matrix series","R_0603_1608Metric","327.960000","-58.290000","270.000000","top"
"R37","0R HSE drive/tuning position","R_0603_1608Metric","291.300000","-108.600000","0.000000","top"
"R370","1k keyboard matrix series","R_0603_1608Metric","326.460000","-60.410000","270.000000","top"
"R371","1k keyboard matrix series","R_0603_1608Metric","332.580000","-49.920000","270.000000","top"
"R372","1k keyboard matrix series","R_0603_1608Metric","331.000000","-52.500000","270.000000","top"
"R373","1k keyboard matrix series","R_0603_1608Metric","324.500000","-54.750000","270.000000","top"
"R374","1k keyboard matrix series","R_0603_1608Metric","315.500000","-50.800000","270.000000","top"
"R375","100R keyboard RGB data series","R_0603_1608Metric","315.500000","-48.500000","180.000000","top"
"R376","1k keyboard matrix series","R_0603_1608Metric","326.570000","-64.500000","180.000000","top"
"R377","1k keyboard matrix series","R_0603_1608Metric","329.000000","-64.670000","90.000000","top"
"R378","1k keyboard matrix series","R_0603_1608Metric","326.750000","-63.000000","180.000000","top"
"R379","1k keyboard matrix series","R_0603_1608Metric","323.570000","-62.500000","180.000000","top"
"R380","1k keyboard matrix series","R_0603_1608Metric","324.210000","-58.960000","180.000000","top"
"R381","1k keyboard matrix series","R_0603_1608Metric","329.000000","-61.670000","90.000000","top"
"R382","1k keyboard matrix series","R_0603_1608Metric","330.500000","-56.750000","90.000000","top"
"R383","1k keyboard matrix series","R_0603_1608Metric","332.000000","-61.750000","90.000000","top"
"R384","100R keyboard I2C SCL series","R_0603_1608Metric","325.750000","-66.750000","90.000000","top"
"R385","100R keyboard I2C SDA series","R_0603_1608Metric","323.500000","-65.000000","180.000000","top"
"R388","66.5k 1% keyboard RGB 0.40A ILIM","R_0603_1608Metric","332.500000","-43.500000","90.000000","top"
"R389","100k keyboard RGB enable default-off","R_0603_1608Metric","301.040000","-80.500000","0.000000","top"
"R390","10k keyboard RGB fault pull-up","R_0603_1608Metric","333.900000","-45.900000","270.000000","top"
"R391","100k keyboard RGB data default-low","R_0603_1608Metric","326.900000","-42.500000","90.000000","top"
"R40","76.8k 0.1% TPS56637 FB high","R_0603_1608Metric","150.000000","-86.500000","0.000000","top"
"R400","12.0k 1% USB transceiver RBIAS","R_0603_1608Metric","104.430000","-168.030000","0.000000","top"
"R401","10k reset open-drain pull-up","R_0603_1608Metric","120.700000","-56.240000","0.000000","top"
"R402","100k NON_REM1 strap low","R_0603_1608Metric","69.000000","-101.500000","0.000000","top"
"R403","10k NON_REM0 strap high","R_0603_1608Metric","96.000000","-97.000000","0.000000","top"
"R404","100k CFG_SEL0 strap low","R_0603_1608Metric","87.000000","-97.000000","0.000000","top"
"R405","100k CFG_SEL1 strap low","R_0603_1608Metric","100.500000","-97.000000","0.000000","top"
"R408","10k port 1 OC_N noise-margin pull-up","R_0603_1608Metric","113.600000","-60.800000","0.000000","top"
"R409","10k port 2 OC_N noise-margin pull-up","R_0603_1608Metric","43.500000","-119.500000","0.000000","top"
"R41","10k 0.1% TPS56637 FB low","R_0603_1608Metric","272.680000","-67.750000","0.000000","top"
"R410","22R system DAC USB D- series","R_0603_1608Metric","39.500000","-104.700000","0.000000","top"
"R411","22R system DAC USB D+ series","R_0603_1608Metric","73.500000","-98.500000","0.000000","top"
"R412","1.5k USB D+ pull-up per TI Figure 38","R_0603_1608Metric","55.500000","-107.500000","0.000000","top"
"R413","2.2R PCM2900C VBUS filter","R_0603_1608Metric","60.000000","-104.500000","0.000000","top"
"R414","1M PCM2900 crystal feedback","R_0603_1608Metric","50.300000","-113.500000","0.000000","top"
"R415","100k EC enable fail-safe pull-down","R_0603_1608Metric","78.000000","-97.000000","0.000000","top"
"R416","100k SSPND fail-safe pull-down","R_0603_1608Metric","51.000000","-110.500000","0.000000","top"
"R417","0R physical internal-host VBUS-valid link","R_0603_1608Metric","120.500000","-52.900000","0.000000","top"
"R42","100k 1% TPS56637 EN high (host-active gate)","R_0603_1608Metric","162.000000","-89.500000","0.000000","top"
"R420","100R L DAC out-of-band filter","R_0603_1608Metric","64.500000","-101.500000","0.000000","top"
"R421","100R R DAC out-of-band filter","R_0603_1608Metric","109.500000","-97.000000","0.000000","top"
"R43","45.3k 1% TPS56637 FB high","R_0603_1608Metric","129.000000","-27.000000","0.000000","top"
"R432","4.99k 1% microphone feedback","R_0603_1608Metric","43.960000","-113.500000","0.000000","top"
"R433","1.00k 1% microphone gain leg","R_0603_1608Metric","69.000000","-98.500000","0.000000","top"
"R434","100k microphone enable fail-off pull-down","R_0603_1608Metric","39.000000","-122.500000","0.000000","top"
"R435","2.2k microphone-active indicator","R_0603_1608Metric","43.500000","-116.500000","0.000000","top"
"R44","10k 1% TPS56637 FB low","R_0603_1608Metric","129.000000","-30.000000","0.000000","top"
"R45","100k 1% TPS56637 EN low","R_0603_1608Metric","278.020000","-73.350000","0.000000","top"
"R46","100k SYS_5V PG pull-up","R_0603_1608Metric","141.600000","-91.700000","0.000000","top"
"R47","0R / PERST isolation","R_0603_1608Metric","206.500000","-132.320000","90.000000","top"
"R48","0R / REFCLK+ isolation","R_0603_1608Metric","190.000000","-111.000000","0.000000","top"
"R49","0R / REFCLK- isolation","R_0603_1608Metric","190.000000","-112.500000","0.000000","top"
"R50","1k NVMe CLKREQ# low: request REFCLK","R_0603_1608Metric","208.000000","-132.250000","270.000000","top"
"R500","1M 1% crystal feedback","R_0402_1005Metric","319.180000","-99.670000","0.000000","top"
"R501","2.49k 1% RTL8111H RSET","R_0402_1005Metric","327.460000","-108.920000","0.000000","top"
"R502","10k 1% ISOLATEB pull-up","R_0402_1005Metric","320.500000","-97.990000","90.000000","top"
"R503","10k 1% PCIe WAKE# pull-up","R_0402_1005Metric","321.500000","-98.000000","90.000000","top"
"R504","470R 1% yellow activity LED","R_0402_1005Metric","356.500000","-85.000000","0.000000","top"
"R505","470R 1% green 1000M indicator LED","R_0402_1005Metric","344.600000","-110.600000","0.000000","top"
"R570","75R 1% unused TPD13S523 channel termination","R_0402_1005Metric","330.510000","-84.250000","0.000000","top"
"R571","75R 1% unused TPD13S523 channel termination","R_0402_1005Metric","332.500000","-85.990000","270.000000","top"
"R572","75R 1% unused TPD13S523 channel termination","R_0402_1005Metric","338.010000","-83.500000","0.000000","top"
"R573","75R 1% unused TPD13S523 channel termination","R_0402_1005Metric","338.000000","-82.500000","0.000000","top"
"R574","75R 1% unused TPD13S523 channel termination","R_0402_1005Metric","339.500000","-81.990000","90.000000","top"
"R575","75R 1% unused TPD13S523 channel termination","R_0402_1005Metric","338.000000","-81.250000","0.000000","top"
"R576","75R 1% unused TPD13S523 channel termination","R_0402_1005Metric","339.500000","-80.000000","90.000000","top"
"R577","75R 1% unused TPD13S523 channel termination","R_0402_1005Metric","338.000000","-80.000000","0.000000","top"
"R578","75R 1% unused TPD13S523 channel termination","R_0402_1005Metric","339.770000","-76.500000","90.000000","top"
"R579","75R 1% unused TPD13S523 channel termination","R_0402_1005Metric","337.500000","-78.250000","90.000000","top"
"R700","3.09M 1% BAT UV/OV top","R_0603_1608Metric","54.100000","-143.400000","0.000000","top"
"R701","73.2k 1% BAT UV/OV middle","R_0603_1608Metric","54.000000","-145.400000","0.000000","top"
"R702","121k 1% BAT UV/OV bottom","R_0603_1608Metric","69.000000","-107.500000","0.000000","top"
"R703","22k LTC4368 CGATE series","R_0603_1608Metric","60.000000","-110.500000","0.000000","top"
"R704","100R BATP Kelvin filter","R_0603_1608Metric","48.000000","-119.500000","0.000000","top"
"R705","7.50k 1% fixed-valid TS bottom","R_0603_1608Metric","78.000000","-106.000000","0.000000","top"
"R706","2R VBUS hot-plug damper","R_0603_1608Metric","82.500000","-106.000000","0.000000","top"
"R707","100k pack protector SHDN pull-up","R_0603_1608Metric","318.100000","-115.400000","270.000000","top"
"R708","10k pack FAULT pull-up","R_0603_1608Metric","307.460000","-112.980000","180.000000","top"
"R709","100k pack retry gate pulldown","R_0603_1608Metric","272.130000","-60.550000","0.000000","top"
"R710","6.04k 1% AUX 3A current limit","R_0603_1608Metric","27.750000","-95.920000","90.000000","top"
"R711","300k 0.1% AUX UV/OV top","R_0603_1608Metric","33.750000","-98.250000","90.000000","top"
"R712","63.2k 0.1% AUX UV/OV middle","R_0603_1608Metric","32.250000","-97.250000","90.000000","top"
"R713","20.0k 0.1% AUX UV/OV bottom","R_0603_1608Metric","30.750000","-95.920000","90.000000","top"
"R714","31R AUX reverse-FET pulldown gate","R_0603_1608Metric","35.250000","-98.750000","90.000000","top"
"R715","10k AUX eFuse FLT pull-up","R_0603_1608Metric","320.000000","-115.500000","270.000000","top"
"R716","10k AUX eFuse PGOOD pull-up","R_0603_1608Metric","310.160000","-117.200000","270.000000","top"
"R717","10k main USB VALID pull-up","R_0603_1608Metric","311.200000","-119.500000","0.000000","top"
"R718","10k main AUX VALID pull-up","R_0603_1608Metric","311.200000","-123.540000","0.000000","top"
"R719","100k charger-enable gate pulldown","R_0603_1608Metric","207.500000","-163.050000","0.000000","top"
"R730","1.00M 0.1% USB UV top","R_0603_1608Metric","84.280000","-144.300000","0.000000","top"
"R731","19.6k 0.1% USB window middle","R_0603_1608Metric","91.700000","-140.000000","0.000000","top"
"R732","63.4k 0.1% USB OV bottom","R_0603_1608Metric","55.500000","-110.500000","0.000000","top"
"R733","383k 0.1% AUX UV top","R_0603_1608Metric","91.600000","-151.500000","0.000000","top"
"R734","63.4k 0.1% AUX window middle","R_0603_1608Metric","91.700000","-147.600000","0.000000","top"
"R735","20.0k 0.1% AUX OV bottom","R_0603_1608Metric","91.500000","-106.000000","0.000000","top"
"R739","332k 0.1% AUX PGOOD threshold top","R_0603_1608Metric","22.000000","-99.000000","90.000000","top"
"R740","97.6k 0.1% AUX PGOOD threshold bottom","R_0603_1608Metric","23.500000","-99.000000","90.000000","top"
"R750","10R ISP Kelvin filter","R_0603_1608Metric","163.340000","-78.460000","0.000000","top"
"R751","10R ISN Kelvin filter","R_0603_1608Metric","163.440000","-87.040000","0.000000","top"
"R752","49.9R FB isolation","R_0603_1608Metric","115.500000","-98.500000","0.000000","top"
"R753","102k 0.1% 12V FB high","R_0603_1608Metric","163.940000","-81.260000","0.000000","top"
"R754","11.3k 0.1% 12V FB low","R_0603_1608Metric","124.500000","-91.000000","0.000000","top"
"R755","15k COMP series","R_0603_1608Metric","247.500000","-69.750000","0.000000","top"
"R756","49.9k 1% FSW = 400kHz","R_0603_1608Metric","285.300000","-67.850000","0.000000","top"
"R757","0R MODE forced-PWM","R_0603_1608Metric","141.000000","-85.000000","0.000000","top"
"R758","0R EXTVCC selects internal LDO","R_0603_1608Metric","145.820000","-78.250000","0.000000","top"
"R759","150k 1% UVLO high; 9.0V rising","R_0603_1608Metric","159.900000","-84.100000","0.000000","top"
"R760","23.7k 1% UVLO low","R_0603_1608Metric","159.000000","-86.500000","0.000000","top"
"R761","100k fail-off gate divider low","R_0603_1608Metric","282.050000","-63.100000","0.000000","top"
"R762","100k PG pull-up","R_0603_1608Metric","166.500000","-89.500000","0.000000","top"
"R763","100k CC pull-up","R_0603_1608Metric","136.500000","-85.000000","0.000000","top"
"R766","100k fail-off gate divider high","R_0603_1608Metric","127.500000","-88.000000","0.000000","top"
"R767","100k MU_12V_ENABLE reset pulldown","R_0603_1608Metric","255.430000","-87.000000","0.000000","top"
"R768","10k LattePanda PSON required pull-up","R_0603_1608Metric","140.300000","-148.200000","0.000000","top"
"R769","100k MU_HOST_ACTIVE fail-low","R_0603_1608Metric","188.500000","-96.000000","0.000000","top"
"R770","100k 1% TPS56637 EN high (host-active gate)","R_0603_1608Metric","125.500000","-27.000000","0.000000","top"
"R771","100k 1% TPS56637 EN low","R_0603_1608Metric","125.500000","-30.000000","0.000000","top"
"R772","100k SYS_3V3 PG pull-up","R_0603_1608Metric","125.500000","-33.000000","0.000000","top"
"R773","43.2k 1% internal host VBUS 0.61A ILIM","R_0603_1608Metric","202.000000","-88.000000","0.000000","top"
"R774","10k internal host VBUS fault pull-up","R_0603_1608Metric","200.500000","-94.000000","0.000000","top"
"R775","10k internal host VBUS valid pull-up","R_0603_1608Metric","210.500000","-88.000000","0.000000","top"
"R776","100k PCIe endpoint rail fail-low","R_0603_1608Metric","221.000000","-88.000000","0.000000","top"
"R777","78.7k 1% VBUS sense top divider","R_0603_1608Metric","204.000000","-92.000000","0.000000","top"
"R778","10.0k 1% VBUS sense bottom divider","R_0603_1608Metric","205.500000","-97.000000","0.000000","top"
"R779","100k MU_SIO_UART_TX idle pull-up","R_0603_1608Metric","214.000000","-174.000000","0.000000","top"
"R780","10k source-manager INT pull-up","R_0603_1608Metric","291.400000","-104.800000","0.000000","top"
"R781","10k aggregate AON fault pull-up","R_0603_1608Metric","210.500000","-163.050000","0.000000","top"
"R782","100k HP_DETECT pull-up","R_0603_1608Metric","323.300000","-123.600000","0.000000","top"
"R783","100k SLS_S3 default-low pull-down","R_0603_1608Metric","314.620000","-110.080000","0.000000","top"
"R784","100k MU_SIO_UART_RX idle pull-up","R_0603_1608Metric","222.000000","-174.000000","0.000000","top"
"R785","45.3k 1% TPS56637 FB high","R_0603_1608Metric","244.000000","-87.500000","0.000000","top"
"R786","10k 1% TPS56637 FB low","R_0603_1608Metric","248.000000","-87.500000","0.000000","top"
"R787","100k 1% TPS56637 EN high (host-active gate)","R_0603_1608Metric","240.000000","-87.500000","0.000000","top"
"R788","100k 1% TPS56637 EN low","R_0603_1608Metric","236.000000","-87.500000","0.000000","top"
"R789","100k PCIE_3V3_PG pull-up","R_0603_1608Metric","263.000000","-110.000000","0.000000","top"
"R795","301k 0.1% AON UV/OV top","R_0603_1608Metric","213.500000","-163.050000","0.000000","top"
"R796","52.3k 0.1% AON UV/OV middle","R_0603_1608Metric","216.500000","-163.050000","0.000000","top"
"R797","20.0k 0.1% AON UV/OV bottom","R_0603_1608Metric","219.500000","-163.050000","0.000000","top"
"R798","2.21k 0.1% AON ILM 1.51A typ","R_0603_1608Metric","222.500000","-163.050000","0.000000","top"
"R840","1k 1% BQ77915 VDD filter","R_0603_1608Metric","24.000000","-74.500000","0.000000","top"
"R841","75R 1% BQ77915 cell/balance filter","R_0603_1608Metric","36.000000","-74.500000","0.000000","top"
"R842","75R 1% BQ77915 cell/balance filter","R_0603_1608Metric","32.700000","-82.400000","180.000000","top"
"R843","75R 1% BQ77915 cell/balance filter","R_0603_1608Metric","32.800000","-81.200000","0.000000","top"
"R844","75R 1% BQ77915 cell/balance filter","R_0603_1608Metric","48.000000","-74.500000","0.000000","top"
"R845","100R BQ77915 SRP filter","R_0603_1608Metric","24.000000","-79.000000","0.000000","top"
"R846","100R BQ77915 SRN filter","R_0603_1608Metric","28.000000","-79.000000","0.000000","top"
"R847","4.53k 1% DSG gate resistor","R_0603_1608Metric","43.670000","-86.250000","0.000000","top"
"R848","1k 1% CHG gate resistor","R_0603_1608Metric","47.670000","-86.250000","0.000000","top"
"R849","1M 5% DSG gate-source","R_0603_1608Metric","51.670000","-86.250000","0.000000","top"
"R850","3.3M 5% CHG gate-source","R_0603_1608Metric","46.000000","-88.500000","0.000000","top"
"R851","453k 1% load-detect resistor","R_0603_1608Metric","54.000000","-79.000000","0.000000","top"
"R852","10k 5% PRES normal-mode pull-up","R_0603_1608Metric","58.000000","-79.000000","0.000000","top"
"R853","10k 1% unused TS to VSS","R_0603_1608Metric","62.000000","-79.000000","0.000000","top"
"R854","604k 1% OCD delay program","R_0603_1608Metric","66.000000","-79.000000","0.000000","top"
"R855","10k unused external TS pulldown","R_0603_1608Metric","80.000000","-87.500000","0.000000","top"
"R900","27R USB DP termination","R_0402_1005Metric","283.200000","-26.300000","0.000000","top"
"R901","27R USB DM termination","R_0402_1005Metric","288.750000","-53.250000","0.000000","top"
"R902","450k 1% TPS62821 feedback high","R_0603_1608Metric","276.000000","-76.000000","0.000000","top"
"R903","100k RP2350 SMPS power-save pull-down","R_0402_1005Metric","293.500000","-68.000000","180.000000","top"
"R905","1k BOOTSEL isolation","R_0402_1005Metric","314.000000","-22.600000","0.000000","top"
"R906","1k crystal damping","R_0402_1005Metric","288.000000","-67.250000","90.000000","top"
"R907","33R VREG_AVDD filter","R_0402_1005Metric","293.000000","-55.500000","270.000000","top"
"R908","200R ADC reference filter","R_0402_1005Metric","294.500000","-55.750000","270.000000","top"
"R909","1R ADC input isolator","R_0402_1005Metric","290.000000","-28.100000","180.000000","top"
"R910","1k active-low host-connected sense series","R_0402_1005Metric","294.000000","-66.000000","90.000000","top"
"R911","100k maker host-disconnected pull-up","R_0402_1005Metric","293.000000","-66.500000","270.000000","top"
"R916","1k reset switch series","R_0402_1005Metric","326.600000","-27.500000","270.000000","top"
"R917","0R VTref sense link","R_0402_1005Metric","257.500000","-17.800000","0.000000","top"
"R918","100R SWDIO series","R_0402_1005Metric","263.700000","-16.700000","0.000000","top"
"R919","100R SWCLK series","R_0402_1005Metric","263.600000","-19.500000","180.000000","top"
"R920","100k 1% TPS62821 feedback low","R_0603_1608Metric","270.000000","-53.500000","0.000000","top"
"R921","88.7k 1% (262-342mA 5V header limit)","R_0603_1608Metric","293.000000","-34.700000","0.000000","top"
"R922","226k 1% (101-142mA 3V3 header limit)","R_0603_1608Metric","293.000000","-39.700000","0.000000","top"
"R923","100k maker header rails default-off","R_0603_1608Metric","290.000000","-29.300000","0.000000","top"
"R924","10k maker header shared fault pull-up","R_0603_1608Metric","283.130000","-72.550000","0.000000","top"
"R925","10k maker USB default-disconnect pull-up","R_0402_1005Metric","298.500000","-65.500000","0.000000","top"
"R930","47k maker header isolation default-off","R_0402_1005Metric","225.500000","-163.050000","0.000000","top"
"R931","10k maker header supervisor pull-up","R_0402_1005Metric","262.100000","-14.100000","90.000000","top"
"R932","330R maker header fault limit","R_0402_1005Metric","272.900000","-10.300000","90.000000","top"
"R933","330R maker header fault limit","R_0402_1005Metric","272.500000","-11.700000","0.000000","top"
"R934","330R maker header fault limit","R_0402_1005Metric","271.500000","-13.090000","90.000000","top"
"R935","330R maker header fault limit","R_0402_1005Metric","276.410000","-15.100000","0.000000","top"
"R936","330R maker header fault limit","R_0402_1005Metric","276.900000","-10.300000","90.000000","top"
"R937","330R maker header fault limit","R_0402_1005Metric","276.900000","-12.200000","90.000000","top"
"R938","330R maker header fault limit","R_0402_1005Metric","273.810000","-22.100000","90.000000","top"
"R939","330R maker header fault limit","R_0402_1005Metric","278.300000","-13.100000","0.000000","top"
"R940","330R maker header fault limit","R_0402_1005Metric","280.900000","-10.300000","90.000000","top"
"R941","330R maker header fault limit","R_0402_1005Metric","280.900000","-12.190000","90.000000","top"
"R942","330R maker header fault limit","R_0402_1005Metric","278.900000","-15.100000","0.000000","top"
"R943","330R maker header fault limit","R_0402_1005Metric","282.400000","-13.100000","0.000000","top"
"R944","330R maker header fault limit","R_0402_1005Metric","284.900000","-10.300000","90.000000","top"
"R945","330R maker header fault limit","R_0402_1005Metric","284.900000","-12.200000","90.000000","top"
"R946","330R maker header fault limit","R_0402_1005Metric","283.000000","-23.300000","0.000000","top"
"R947","330R maker header fault limit","R_0402_1005Metric","282.600000","-21.810000","90.000000","top"
"R948","330R maker header fault limit","R_0402_1005Metric","288.900000","-10.300000","90.000000","top"
"R949","330R maker header fault limit","R_0402_1005Metric","288.900000","-12.200000","90.000000","top"
"R950","330R maker header fault limit","R_0402_1005Metric","290.800000","-13.500000","90.000000","top"
"R951","330R maker header fault limit","R_0402_1005Metric","289.500000","-14.490000","90.000000","top"
"R952","330R maker header fault limit","R_0402_1005Metric","292.900000","-10.300000","90.000000","top"
"R953","330R maker header fault limit","R_0402_1005Metric","292.900000","-12.200000","90.000000","top"
"R954","330R maker header fault limit","R_0402_1005Metric","291.200000","-24.200000","0.000000","top"
"R955","330R maker header fault limit","R_0402_1005Metric","290.490000","-23.200000","0.000000","top"
"R956","330R maker header fault limit","R_0402_1005Metric","297.400000","-10.100000","0.000000","top"
"R957","330R maker header fault limit","R_0402_1005Metric","298.300000","-11.100000","0.000000","top"
"R958","330R maker header fault limit","R_0402_1005Metric","301.200000","-16.600000","90.000000","top"
"R959","330R maker header fault limit","R_0402_1005Metric","302.200000","-16.590000","90.000000","top"
"R960","330R maker header fault limit","R_0402_1005Metric","304.100000","-10.300000","90.000000","top"
"R961","330R maker header fault limit","R_0402_1005Metric","303.600000","-11.800000","0.000000","top"
"RS1","5mOhm 1% 2W BQ34Z100 Kelvin shunt","R_2512_6332Metric","62.150000","-174.380000","0.000000","top"
"RS10","11mOhm 1% 2W LTC4368 bounded pack-current shunt","R_2512_6332Metric","61.730000","-147.600000","0.000000","top"
"RS11","8mOhm 1% 2W BQ77915 current shunt","R_2512_6332Metric","76.660000","-170.670000","90.000000","top"
"RS750","15mOhm 1% 1W; 3.33A output current limit","R_1206_3216Metric","157.500000","-89.500000","0.000000","top"
"SW1","Reset","SW_SPST_B3S-1000","289.680000","-140.320000","0.000000","top"
"SW2","Mu Power","SW_SPST_B3S-1000","145.500000","-98.500000","0.000000","top"
"SW3","Mu Reset","SW_SPST_B3S-1000","157.500000","-98.500000","0.000000","top"
"SW4","BOOT0 (DFU)","SW_SPST_B3S-1000","249.000000","-171.000000","0.000000","top"
"SW900","Maker reset/RUN","SW_SPST_B3S-1000","332.070000","-25.050000","0.000000","top"
"SW901","Maker BOOTSEL","SW_SPST_B3S-1000","320.000000","-25.100000","0.000000","top"
"TP1","GND test","TestPoint_Pad_D1.0mm","118.000000","-15.000000","0.000000","top"
"TP10","PACK_FAULT_N test","TestPoint_Pad_D1.0mm","154.000000","-10.000000","0.000000","top"
"TP11","AON_FAULT_N test","TestPoint_Pad_D1.0mm","160.000000","-10.000000","0.000000","top"
"TP12","MU_12V_PG test","TestPoint_Pad_D1.0mm","228.300000","-90.000000","0.000000","top"
"TP13","Internal USB VBUS test","TestPoint_Pad_D1.0mm","166.000000","-10.000000","0.000000","top"
"TP14","Internal USB VBUS valid test","TestPoint_Pad_D1.0mm","172.000000","-10.000000","0.000000","top"
"TP15","Internal USB VBUS fault test","TestPoint_Pad_D1.0mm","166.000000","-16.000000","0.000000","top"
"TP16","Mu SIO UART TX probe pad","TestPoint_Pad_D1.0mm","214.000000","-180.000000","0.000000","top"
"TP17","Mu SIO UART RX probe pad","TestPoint_Pad_D1.0mm","222.000000","-180.000000","0.000000","top"
"TP2","PACK_POS_FUSED test","TestPoint_Pad_D1.0mm","124.000000","-10.000000","0.000000","top"
"TP3","VSYS test","TestPoint_Pad_D1.0mm","130.000000","-10.000000","0.000000","top"
"TP4","EC_AON_IN test","TestPoint_Pad_D1.0mm","136.000000","-10.000000","0.000000","top"
"TP5","SYS_5V test","TestPoint_Pad_D1.0mm","204.300000","-90.000000","0.000000","top"
"TP6","SYS_3V3 test","TestPoint_Pad_D1.0mm","212.300000","-90.000000","0.000000","top"
"TP7","MCU_3V3 test","TestPoint_Pad_D1.0mm","142.000000","-10.000000","0.000000","top"
"TP8","MU_12V test","TestPoint_Pad_D1.0mm","220.300000","-90.000000","0.000000","top"
"TP9","CHG_INT_N test","TestPoint_Pad_D1.0mm","148.000000","-10.000000","0.000000","top"
"U10","BQ34Z100-G1 protected-pack gauge","TSSOP-14_4.4x5mm_P0.65mm","78.000000","-130.000000","0.000000","top"
"U11","LTC4368IMS-1 bidirectional pack protector","MSOP-10_3x3mm_P0.5mm","58.500000","-146.500000","0.000000","top"
"U12","TPS26630RGER 3A AUX eFuse / surge cutoff","Texas_RGE0024H_VQFN-24-1EP_4x4mm_P0.5mm_EP2.7x2.7mm_ThermalVias","28.400000","-100.100000","180.000000","top"
"U14","LTC4418IUF#PBF dual-input PD selector","ADI_UF20_QFN20_4x4_P0.5_EP2.45","38.200000","-48.400000","0.000000","top"
"U15","LTC4418IUF#PBF dual-input selector","ADI_UF20_QFN20_4x4_P0.5_EP2.45","96.000000","-146.500000","0.000000","top"
"U170","SN74LVC3G34DCUR E-key control isolation","VSSOP-8_2.3x2mm_P0.5mm","243.000000","-165.000000","180.000000","top"
"U1700","USB7206C-I/KDX six-port USB 3.2 Gen 2 hub","VQFN-100-1EP_12x12mm_P0.4mm_EP8x8mm_ThermalVias","261.180000","-38.380000","0.000000","top"
"U1701","TPS62823DLC 3A USB7206C 1.146V core buck","Texas_VSON-HR-8_1.5x2mm_P0.5mm","156.000000","-56.500000","0.000000","top"
"U1702","TLV803EA29 USB hub reset supervisor","SOT-23-3","154.500000","-52.000000","0.000000","top"
"U1703","TPS56637RPAR VSYS to USB_PORT_5V 5.06V nominal","Texas_RPA0010A_VQFN-HR-10_3x3mm","171.000000","-28.000000","0.000000","top"
"U1704","SN74LVC1G08 hub 3V3/core-PG reset gate","SOT-23-5","154.500000","-47.500000","0.000000","top"
"U1740","TPS2553DDBVR 1.3A USB branch","SOT-23-6","16.700000","-75.200000","90.000000","top"
"U1741","TPS25810RVCR Type-C DFP controller","Texas_RVC0020A_WQFN-20-1EP_3x4mm_P0.5mm_EP1.6x2.6mm","11.570000","-73.490000","270.000000","top"
"U1742","HD3SS6126RUAR USB3 orientation mux","WQFN-42-1EP_3.5x9mm_P0.5mm_EP2.05x7.55mm_ThermalVias","14.880000","-65.900000","180.000000","top"
"U1743","TPD1S514-1YZR 5.9V VBUS OVP","Texas_TPD1S514_YZ_WCSP-12_1.99x1.29mm_P0.5mm","36.000000","-77.500000","0.000000","top"
"U1745","TPD4E05U06 USB2/CC ESD","USON-10_2.5x1.0mm_P0.5mm","10.380000","-65.700000","0.000000","top"
"U1760","TPS2553DDBVR 1.3A USB branch","SOT-23-6","304.500000","-47.500000","0.000000","top"
"U1761","TPS25810RVCR Type-C DFP controller","Texas_RVC0020A_WQFN-20-1EP_3x4mm_P0.5mm_EP1.6x2.6mm","335.350000","-49.900000","0.000000","top"
"U1762","HD3SS6126RUAR USB3 orientation mux","WQFN-42-1EP_3.5x9mm_P0.5mm_EP2.05x7.55mm_ThermalVias","343.210000","-47.420000","0.000000","top"
"U1763","TPD1S514-1YZR 5.9V VBUS OVP","Texas_TPD1S514_YZ_WCSP-12_1.99x1.29mm_P0.5mm","306.000000","-56.500000","0.000000","top"
"U1765","TPD4E05U06 USB2/CC ESD","USON-10_2.5x1.0mm_P0.5mm","346.420000","-53.900000","180.000000","top"
"U1780","TPS2553DDBVR 1.3A USB branch","SOT-23-6","17.250000","-57.060000","90.000000","top"
"U1781","TPS25810RVCR Type-C DFP controller","Texas_RVC0020A_WQFN-20-1EP_3x4mm_P0.5mm_EP1.6x2.6mm","11.200000","-55.650000","270.000000","top"
"U1782","HD3SS6126RUAR USB3 orientation mux","WQFN-42-1EP_3.5x9mm_P0.5mm_EP2.05x7.55mm_ThermalVias","15.690000","-48.160000","180.000000","top"
"U1783","TPD1S514-1YZR 5.9V VBUS OVP","Texas_TPD1S514_YZ_WCSP-12_1.99x1.29mm_P0.5mm","20.150000","-43.300000","0.000000","top"
"U1785","TPD4E05U06 USB2/CC ESD","USON-10_2.5x1.0mm_P0.5mm","10.590000","-48.400000","0.000000","top"
"U1800","TPS2553DDBVR USB3-A VBUS branch 1.3A","SOT-23-6","19.000000","-120.000000","0.000000","top"
"U1801","USBLC6-2P6 USB3-A D+/D- ESD","SOT-666","18.000000","-113.000000","0.000000","top"
"U1802","TPD4E05U06 USB3-A SuperSpeed ESD","USON-10_2.5x1.0mm_P0.5mm","22.000000","-128.000000","0.000000","top"
"U1803","TPS2553DDBVR USB2-A VBUS branch 1.3A","SOT-23-6","20.500000","-141.000000","0.000000","top"
"U1804","USBLC6-2P6 USB2-A D+/D- ESD","SOT-666","19.000000","-148.000000","0.000000","top"
"U2","BQ25798RQMR","Texas_RQM0029A_VQFN-29_4x4mm_P0.4mm","68.100000","-135.900000","0.000000","top"
"U2000","TUSB1142 USB 3.2 Gen 2 orientation redriver","Texas_RNQ0040A_WQFN-40-1EP_6x4mm_P0.4mm_EP4.7x2.7mm_ThermalVias","13.800000","-32.460000","90.000000","top"
"U2001","TPD4S201 CC and USB2 short-to-VBUS protector","Texas_RUK0020B_WQFN-20-1EP_3x3mm_P0.4mm_EP1.7x1.7mm_ThermalVias","15.000000","-23.200000","0.000000","top"
"U2002","CAT24C256 32KB private TPS25751A EEPROM","SOIC-8_3.9x4.9mm_P1.27mm","57.000000","-34.000000","0.000000","top"
"U2003","TS3USB30E DFP-qualified USB2 disconnect","TSSOP-10_3x3mm_P0.5mm","21.100000","-21.800000","0.000000","top"
"U2004","SN74LVC2G07 partial-power-down mux controls","SOT-363_SC-70-6","20.140000","-35.450000","0.000000","top"
"U2005","TVS2200 22V USB VBUS surge clamp","WSON-6-1EP_2x2mm_P0.65mm_EP1x1.6mm","55.500000","-53.500000","0.000000","top"
"U2006","SN74LVC1G08 DFP and attached qualifier","SOT-23-5","28.960000","-34.350000","180.000000","top"
"U2010","TUSB1142 USB 3.2 Gen 2 orientation redriver","Texas_RNQ0040A_WQFN-40-1EP_6x4mm_P0.4mm_EP4.7x2.7mm_ThermalVias","57.700000","-41.670000","0.000000","top"
"U2011","TPD4S201 CC and USB2 short-to-VBUS protector","Texas_RUK0020B_WQFN-20-1EP_3x3mm_P0.4mm_EP1.7x1.7mm_ThermalVias","63.000000","-57.400000","0.000000","top"
"U2012","CAT24C256 32KB private TPS25751A EEPROM","SOIC-8_3.9x4.9mm_P1.27mm","69.000000","-63.400000","0.000000","top"
"U2013","TS3USB30E DFP-qualified USB2 disconnect","TSSOP-10_3x3mm_P0.5mm","88.500000","-55.900000","0.000000","top"
"U2014","SN74LVC2G07 partial-power-down mux controls","SOT-363_SC-70-6","201.190000","-67.050000","0.000000","top"
"U2015","TVS2200 22V USB VBUS surge clamp","WSON-6-1EP_2x2mm_P0.65mm_EP1x1.6mm","24.700000","-26.700000","0.000000","top"
"U2016","SN74LVC1G08 DFP and attached qualifier","SOT-23-5","21.080000","-40.080000","0.000000","top"
"U2300","TPS259470ARPW 2A reverse-blocking radio eFuse","Texas_RPW0010A_VQFN-HR-10_2x2mm","210.500000","-151.050000","0.000000","top"
"U2301","TLV803EA43 4.3V radio rail supervisor","SOT-23-3","223.660000","-140.890000","0.000000","top"
"U2302","SN74LVC1G17DBVR radio PG level restore","SOT-23-5","216.500000","-151.050000","0.000000","top"
"U2303","TS3USB30E default-disconnected radio codec USB switch","TSSOP-10_3x3mm_P0.5mm","325.500000","-102.000000","0.000000","top"
"U2304","TPS2553D radio codec VBUS gate 0.20A","SOT-23-6","324.700000","-130.200000","90.000000","top"
"U2305","USBLC6-2P6 radio codec USB ESD","SOT-666","323.800000","-106.400000","0.000000","top"
"U310","TPS2553D keyboard RGB 5V switch 0.40A nominal","SOT-23-6","331.100000","-46.600000","0.000000","top"
"U311","SN74AHCT1G126 keyboard RGB 3V3-to-5V buffer","SOT-23-5","327.300000","-46.100000","270.000000","top"
"U4","STM32F407VGTx","LQFP-100_14x14mm_P0.5mm","303.000000","-108.500000","0.000000","top"
"U400","USB2512B-AEZG-TR two-port HS multi-TT hub","QFN-36-1EP_6x6mm_P0.5mm_EP3.7x3.7mm_ThermalVias","115.370000","-55.500000","0.000000","top"
"U401","TLV803EA29RDBZR 2.93V reset supervisor","SOT-23-3","93.000000","-128.500000","0.000000","top"
"U402","TPS2052BDR dual 500mA USB power switch","SOIC-8_3.9x4.9mm_P1.27mm","24.480000","-119.860000","0.000000","top"
"U41","TPS25751AD USB-PD DRP controller","Texas_REF0038A_WQFN-38-2EP_6x4mm_P0.4","37.870000","-28.690000","0.000000","top"
"U410","PCM2900CDBR USB Audio Class stereo codec","SSOP-28_5.3x10.2mm_P0.65mm","53.470000","-101.940000","0.000000","top"
"U42","TPS25751AD USB-PD DRP controller","Texas_REF0038A_WQFN-38-2EP_6x4mm_P0.4","49.500000","-49.000000","0.000000","top"
"U420","TPA2012D2RTJR stereo BTL class-D amplifier","WQFN-20-1EP_4x4mm_P0.5mm_EP2.7x2.7mm_ThermalVias","96.000000","-158.500000","0.000000","top"
"U421","SN74LVC1G08DBVR SSPND AND EC audio enable","SOT-23-5","148.000000","-158.000000","0.000000","top"
"U425","TPA6130A2RTJR DirectPath stereo headphone amp","WQFN-20-1EP_4x4mm_P0.5mm_EP2.7x2.7mm_ThermalVias","140.000000","-158.000000","0.000000","top"
"U430","LP5907MFX-2.8/NOPB low-noise microphone LDO","SOT-23-5","27.250000","-109.000000","0.000000","top"
"U431","TLV9061IDBVR microphone preamplifier","SOT-23-5","31.750000","-118.000000","0.000000","top"
"U44","TCA9539PWR resettable source manager @0x74","TSSOP-24_4.4x7.8mm_P0.65mm","310.950000","-128.950000","180.000000","top"
"U45","TCA9548A service I2C mux @0x70","TSSOP-24_4.4x7.8mm_P0.65mm","334.160000","-128.820000","180.000000","top"
"U46","SN74LVC1G08DBVR EC-reset-qualified service mux reset","SOT-23-5","233.000000","-144.000000","0.000000","top"
"U5","TPS54202DDC","SOT-23-6","277.500000","-91.700000","0.000000","top"
"U50","TPD13S523PWR HDMI control ESD / 5V switch","TSSOP-16_4.4x5mm_P0.65mm","333.000000","-81.000000","0.000000","top"
"U500","RTL8111H-CG-RH PCIe Gigabit Ethernet","QFN-32-1EP_4x4mm_P0.4mm_EP2.65x2.65mm","325.900000","-97.300000","180.000000","top"
"U501","D3V3XA4B10LP-7 four-channel 0.3pF Ethernet ESD","Diodes_UDFN-10_1x2.5mm_P0.5mm","327.000000","-104.300000","270.000000","top"
"U502","D3V3XA4B10LP-7 four-channel 0.3pF Ethernet ESD","Diodes_UDFN-10_1x2.5mm_P0.5mm","327.000000","-92.000000","0.000000","top"
"U51","PCA9306DCTR HDMI DDC level translator","SSOP-8_2.95x2.8mm_P0.65mm","353.000000","-83.400000","90.000000","top"
"U53","SN74LVC1G17DBVR HDMI HPD buffer","SOT-23-5","343.000000","-84.500000","180.000000","top"
"U54","TPS22975NDSGR host-active SYS_5V switch","Texas_DSG0008A_WSON-8-1EP_2x2mm_P0.5mm_EP0.9x1.6mm","326.600000","-85.750000","270.000000","top"
"U55","TPS22975NDSGR host-active SYS_3V3 switch","Texas_DSG0008A_WSON-8-1EP_2x2mm_P0.5mm_EP0.9x1.6mm","324.000000","-85.800000","270.000000","top"
"U6","TPS56637RPAR VSYS -> SYS_5V (5.10V, 6A class)","Texas_RPA0010A_VQFN-HR-10_3x3mm","145.500000","-91.000000","0.000000","top"
"U60","USBLC6-2P6 EC USB ESD","SOT-666","280.500000","-96.000000","0.000000","top"
"U61","TS3USB30EDGSR EC USB host-state isolation","TSSOP-10_3x3mm_P0.5mm","277.050000","-82.100000","0.000000","top"
"U62","TPD4E05U06 wired trackpad USB2 ESD","USON-10_2.5x1.0mm_P0.5mm","180.000000","-138.000000","0.000000","top"
"U63","USBLC6-2P6 EC DFU USB ESD","SOT-666","288.000000","-177.000000","0.000000","top"
"U64","TPS2553DDBVR trackpad 0.61A branch switch","SOT-23-6","260.000000","-94.500000","0.000000","top"
"U7","TPS56637RPAR VSYS -> SYS_3V3 (3.32V, 6A class)","Texas_RPA0010A_VQFN-HR-10_3x3mm","135.000000","-30.000000","0.000000","top"
"U718","TPS259470ARPW aggregate EC AON eFuse","Texas_RPW0010A_VQFN-HR-10_2x2mm","201.500000","-166.050000","0.000000","top"
"U719","BQ7791500PWR autonomous 3S primary protector","TSSOP-24_4.4x7.8mm_P0.65mm","38.000000","-83.000000","90.000000","top"
"U720","TPS26630RGER PD1 default-off 3A sink eFuse","Texas_RGE0024H_VQFN-24-1EP_4x4mm_P0.5mm_EP2.7x2.7mm_ThermalVias","49.900000","-28.000000","0.000000","top"
"U721","TPS26630RGER PD2 default-off 3A sink eFuse","Texas_RGE0024H_VQFN-24-1EP_4x4mm_P0.5mm_EP2.7x2.7mm_ThermalVias","317.200000","-130.700000","90.000000","top"
"U750","TPS552892RYQR 12V buck-boost","Texas_RYQ0021A_VQFN-HR-21_3x5mm","157.250000","-81.000000","0.000000","top"
"U769","SN74LVC1G08DBVR qualified host-active AND","SOT-23-5","270.230000","-72.850000","0.000000","top"
"U770","TPS2553DDBVR internal host VBUS 0.61A","SOT-23-6","198.000000","-90.000000","0.000000","top"
"U771","TPS3897ADRYR internal VBUS supervisor (always-powered)","Texas_USON-6_1x1.45mm_P0.5mm_SMD","207.000000","-90.000000","0.000000","top"
"U772","TPS22975NDSGR switched PCIe endpoint 3V3","Texas_DSG0008A_WSON-8-1EP_2x2mm_P0.5mm_EP0.9x1.6mm","217.000000","-93.000000","0.000000","top"
"U773","TPS56637RPAR VSYS -> PCIE_3V3_IN (3.32V, 6A class, dedicated endpoint rail)","Texas_RPA0010A_VQFN-HR-10_3x3mm","238.000000","-104.000000","0.000000","top"
"U900","USBLC6-2P6 maker USB ESD","SOT-666","302.000000","-25.800000","0.000000","top"
"U901","RP2350A","QFN-60-1EP_7x7mm_P0.4mm_EP3.4x3.4mm_ThermalVias","282.950000","-31.200000","0.000000","top"
"U902","W25Q32RVXHJQ 32Mbit (4MiB)","Winbond_USON-8-1EP_3x2mm_P0.5mm_EP0.2x1.6mm","295.800000","-30.900000","180.000000","top"
"U903","TPS62821DLC 1A adjustable buck","Texas_VSON-HR-8_1.5x2mm_P0.5mm","276.000000","-70.000000","0.000000","top"
"U904","TPS2553DDBVR 5V header, 300mA nominal","SOT-23-6","289.460000","-35.850000","0.000000","top"
"U905","TPS2553DDBVR 3V3 header, 120mA nominal","SOT-23-6","289.440000","-39.250000","0.000000","top"
"U906","TS3USB30EDGSR maker USB host-state isolation","TSSOP-10_3x3mm_P0.5mm","295.300000","-25.400000","0.000000","top"
"U910","SN74CB3T3245PWR maker header isolation bank 1","TSSOP-20_4.4x6.5mm_P0.65mm","269.000000","-19.100000","0.000000","top"
"U911","SN74CB3T3245PWR maker header isolation bank 2","TSSOP-20_4.4x6.5mm_P0.65mm","278.200000","-19.100000","0.000000","top"
"U912","SN74CB3T3245PWR maker header isolation bank 3","TSSOP-20_4.4x6.5mm_P0.65mm","287.540000","-19.120000","0.000000","top"
"U913","SN74CB3T3245PWR maker header isolation bank 4","TSSOP-20_4.4x6.5mm_P0.65mm","296.440000","-19.120000","0.000000","top"
"U914","TPD4E05U06DQAR maker header ESD bank 1","USON-10_2.5x1.0mm_P0.5mm","274.490000","-10.800000","0.000000","top"
"U915","TPD4E05U06DQAR maker header ESD bank 2","USON-10_2.5x1.0mm_P0.5mm","278.600000","-10.800000","0.000000","top"
"U916","TPD4E05U06DQAR maker header ESD bank 3","USON-10_2.5x1.0mm_P0.5mm","282.620000","-10.800000","0.000000","top"
"U917","TPD4E05U06DQAR maker header ESD bank 4","USON-10_2.5x1.0mm_P0.5mm","286.620000","-10.800000","0.000000","top"
"U918","TPD4E05U06DQAR maker header ESD bank 5","USON-10_2.5x1.0mm_P0.5mm","290.580000","-10.800000","0.000000","top"
"U919","TPD4E05U06DQAR maker header ESD bank 6","USON-10_2.5x1.0mm_P0.5mm","294.510000","-10.800000","0.000000","top"
"U920","TPD4E05U06DQAR maker header ESD bank 7","USON-10_2.5x1.0mm_P0.5mm","300.510000","-10.800000","0.000000","top"
"U921","TPD4E05U06DQAR maker header ESD bank 8","USON-10_2.5x1.0mm_P0.5mm","305.510000","-10.800000","0.000000","top"
"U922","TLV803EA29RDBZR maker header rail supervisor","SOT-23-3","264.640000","-13.500000","0.000000","top"
"Y1","J32SMX-K-F-G-I-8M0 8MHz CL8pF","Crystal_SMD_3225-4Pin_3.2x2.5mm","287.600000","-107.200000","90.000000","top"
"Y1700","25.000MHz 3.3V USB hub oscillator","Oscillator_SMD_Abracon_ASDMB-4Pin_2.5x2.0mm","156.000000","-43.000000","0.000000","top"
"Y2","X1A000141000612 32.768kHz CL6pF","Crystal_SMD_3215-2Pin_3.2x1.5mm","286.500000","-89.250000","180.000000","top"
"Y400","ABM8-24.000MHZ-10-1-U-T 24MHz 10pF CL","Crystal_SMD_3225-4Pin_3.2x2.5mm","93.000000","-133.000000","0.000000","top"
"Y410","ABM8G-106-12.000MHZ-T 12MHz 10pF CL","Crystal_SMD_3225-4Pin_3.2x2.5mm","33.250000","-113.500000","0.000000","top"
"Y500","ECS-250-8-33-AGN-TR 25MHz 8pF crystal","Crystal_SMD_3225-4Pin_3.2x2.5mm","342.130000","-127.900000","0.000000","top"
"Y900","Abracon ABM8-272-T3 12MHz","Crystal_SMD_3225-4Pin_3.2x2.5mm","287.850000","-71.350000","270.000000","top"
