board,group,reference,value,mpn,footprint,dnp,side,layer,native_x_mm,native_y_mm,native_rotation_deg,installed_x_mm,installed_y_mm,installed_rotation_deg,board_thickness_mm,local_solder_plane_z_mm,height_status,height_kind,height_mm,height_source_url,local_body_max_outer_z_mm,local_body_nominal_outer_z_mm,planning_allowance_mm,local_planning_outer_z_mm,study_solder_plane_z_mm,study_body_max_outer_z_mm,study_body_nominal_outer_z_mm,study_planning_outer_z_mm,source_board_sha256
center,other,A1,TE 2309411-1 Mu Ultra host socket/interface,2309411-1,Module_LattePanda:LattePanda_Module_H8.0mm_Horizontal,False,front,F.Cu,211.850001,81.55,90.0,181.3,45.0,90.0,1.6,0.0,unverified,,,,,,,,8.0,,,,d4f10273215db5e6d2a23fbbb6d47d9f501da9e0ff759512a6f8be15966a65b5
center,charger,C7,470n 25V X7R bootstrap,C1608X7R1E474K080AE,Capacitor_SMD:C_0603_1608Metric,False,back,B.Cu,209.728157,159.755169,135.0,179.178156,123.205169,135.0,1.6,-1.6,verified_maximum,maximum,0.95,https://product.tdk.com/system/files/dam/doc/product/capacitor/ceramic/mlcc/charasheet/c1608x7r1e474k080ae_200111.pdf,-2.55,,0.3,-2.85,6.4,5.45,,5.15,d4f10273215db5e6d2a23fbbb6d47d9f501da9e0ff759512a6f8be15966a65b5
center,charger,C8,470n 25V X7R bootstrap,C1608X7R1E474K080AE,Capacitor_SMD:C_0603_1608Metric,False,back,B.Cu,205.255169,160.271843,45.0,174.705168,123.721843,45.0,1.6,-1.6,verified_maximum,maximum,0.95,https://product.tdk.com/system/files/dam/doc/product/capacitor/ceramic/mlcc/charasheet/c1608x7r1e474k080ae_200111.pdf,-2.55,,0.3,-2.85,6.4,5.45,,5.15,d4f10273215db5e6d2a23fbbb6d47d9f501da9e0ff759512a6f8be15966a65b5
center,charger,C9,4.7u 10V X7R VDD,GRM21BR71A475KA73L,Capacitor_SMD:C_0805_2012Metric,False,back,B.Cu,211.725206,163.507117,45.0,181.175205,126.957117,45.0,1.6,-1.6,verified_maximum,maximum,1.4,https://search.murata.co.jp/Ceramy/image/img/A01X/G101/ENG/GRM21BR71A475KA73-01.pdf,-3.0,,0.3,-3.3,6.4,5.0,,4.7,d4f10273215db5e6d2a23fbbb6d47d9f501da9e0ff759512a6f8be15966a65b5
center,charger,C10,1u 50V input local,GRT188R61H105ME13D,Capacitor_SMD:C_0603_1608Metric,False,front,F.Cu,219.0,161.75,270.0,188.449999,125.2,270.0,1.6,0.0,verified_maximum,maximum,0.9,https://www.mouser.com/datasheet/2/281/product-837155.pdf,0.9,,,,8.0,8.9,,,d4f10273215db5e6d2a23fbbb6d47d9f501da9e0ff759512a6f8be15966a65b5
center,charger,C11,1u 50V system local,GRT188R61H105ME13D,Capacitor_SMD:C_0603_1608Metric,False,front,F.Cu,196.95,157.5,270.0,166.399999,120.95,270.0,1.6,0.0,verified_maximum,maximum,0.9,https://www.mouser.com/datasheet/2/281/product-837155.pdf,0.9,,,,8.0,8.9,,,d4f10273215db5e6d2a23fbbb6d47d9f501da9e0ff759512a6f8be15966a65b5
center,other,C12,100n 50V X7R VBUS local,GRM188R71H104KA93D,Capacitor_SMD:C_0603_1608Metric,False,front,F.Cu,203.525001,158.5625,270.0,172.975,122.0125,270.0,1.6,0.0,verified_maximum,maximum,0.9,https://www.murata.com/-/media/webrenewal/tool/library/common-pdf/dynamic-model/component-list-d-mlcc-2506.ashx?cvid=20250805040419000000&la=ja-jp,0.9,,,,8.0,8.9,,,d4f10273215db5e6d2a23fbbb6d47d9f501da9e0ff759512a6f8be15966a65b5
center,other,C20,100n,GRM188R71H104KA93D,Capacitor_SMD:C_0603_1608Metric,False,back,B.Cu,143.45,63.5,180.0,112.899999,26.95,180.0,1.6,-1.6,verified_maximum,maximum,0.9,https://www.murata.com/-/media/webrenewal/tool/library/common-pdf/dynamic-model/component-list-d-mlcc-2506.ashx?cvid=20250805040419000000&la=ja-jp,-2.5,,0.3,-2.8,6.4,5.5,,5.2,d4f10273215db5e6d2a23fbbb6d47d9f501da9e0ff759512a6f8be15966a65b5
center,other,C21,100n,GRM188R71H104KA93D,Capacitor_SMD:C_0603_1608Metric,False,back,B.Cu,143.45,67.6,180.0,112.899999,31.05,180.0,1.6,-1.6,verified_maximum,maximum,0.9,https://www.murata.com/-/media/webrenewal/tool/library/common-pdf/dynamic-model/component-list-d-mlcc-2506.ashx?cvid=20250805040419000000&la=ja-jp,-2.5,,0.3,-2.8,6.4,5.5,,5.2,d4f10273215db5e6d2a23fbbb6d47d9f501da9e0ff759512a6f8be15966a65b5
center,other,C22,100n,GRM188R71H104KA93D,Capacitor_SMD:C_0603_1608Metric,False,back,B.Cu,146.45,72.65,270.0,115.899999,36.1,270.0,1.6,-1.6,verified_maximum,maximum,0.9,https://www.murata.com/-/media/webrenewal/tool/library/common-pdf/dynamic-model/component-list-d-mlcc-2506.ashx?cvid=20250805040419000000&la=ja-jp,-2.5,,0.3,-2.8,6.4,5.5,,5.2,d4f10273215db5e6d2a23fbbb6d47d9f501da9e0ff759512a6f8be15966a65b5
center,other,C23,100n,GRM188R71H104KA93D,Capacitor_SMD:C_0603_1608Metric,False,back,B.Cu,157.9,72.4,0.0,127.349999,35.85,0.0,1.6,-1.6,verified_maximum,maximum,0.9,https://www.murata.com/-/media/webrenewal/tool/library/common-pdf/dynamic-model/component-list-d-mlcc-2506.ashx?cvid=20250805040419000000&la=ja-jp,-2.5,,0.3,-2.8,6.4,5.5,,5.2,d4f10273215db5e6d2a23fbbb6d47d9f501da9e0ff759512a6f8be15966a65b5
center,other,C24,100n,GRM188R71H104KA93D,Capacitor_SMD:C_0603_1608Metric,False,back,B.Cu,159.4,58.2,90.0,128.849999,21.65,90.0,1.6,-1.6,verified_maximum,maximum,0.9,https://www.murata.com/-/media/webrenewal/tool/library/common-pdf/dynamic-model/component-list-d-mlcc-2506.ashx?cvid=20250805040419000000&la=ja-jp,-2.5,,0.3,-2.8,6.4,5.5,,5.2,d4f10273215db5e6d2a23fbbb6d47d9f501da9e0ff759512a6f8be15966a65b5
center,other,C25,100n,GRM188R71H104KA93D,Capacitor_SMD:C_0603_1608Metric,False,back,B.Cu,145.2,56.45,180.0,114.649999,19.9,180.0,1.6,-1.6,verified_maximum,maximum,0.9,https://www.murata.com/-/media/webrenewal/tool/library/common-pdf/dynamic-model/component-list-d-mlcc-2506.ashx?cvid=20250805040419000000&la=ja-jp,-2.5,,0.3,-2.8,6.4,5.5,,5.2,d4f10273215db5e6d2a23fbbb6d47d9f501da9e0ff759512a6f8be15966a65b5
center,other,C26,4.7u (bulk),GRM21BR71A475KA73L,Capacitor_SMD:C_0805_2012Metric,False,front,F.Cu,140.9,70.3,180.0,110.349999,33.75,180.0,1.6,0.0,verified_maximum,maximum,1.4,https://search.murata.co.jp/Ceramy/image/img/A01X/G101/ENG/GRM21BR71A475KA73-01.pdf,1.4,,,,8.0,9.4,,,d4f10273215db5e6d2a23fbbb6d47d9f501da9e0ff759512a6f8be15966a65b5
center,other,C27,100n (VBAT),GRM188R71H104KA93D,Capacitor_SMD:C_0603_1608Metric,False,back,B.Cu,143.7,60.7,90.0,113.149999,24.15,90.0,1.6,-1.6,verified_maximum,maximum,0.9,https://www.murata.com/-/media/webrenewal/tool/library/common-pdf/dynamic-model/component-list-d-mlcc-2506.ashx?cvid=20250805040419000000&la=ja-jp,-2.5,,0.3,-2.8,6.4,5.5,,5.2,d4f10273215db5e6d2a23fbbb6d47d9f501da9e0ff759512a6f8be15966a65b5
center,other,C28,1u (VDDA),GRM21BR71A105KA01L,Capacitor_SMD:C_0805_2012Metric,False,back,B.Cu,143.45,69.4,180.0,112.899999,32.85,180.0,1.6,-1.6,verified_maximum,maximum,1.35,https://www.mouser.com/catalog/specsheets/grm21br71a105ka01.pdf,-2.95,,0.3,-3.25,6.4,5.05,,4.75,d4f10273215db5e6d2a23fbbb6d47d9f501da9e0ff759512a6f8be15966a65b5
center,other,C29,"2.2u (VCAP_1, mandatory)",GRM21BR71C225KA12L,Capacitor_SMD:C_0805_2012Metric,False,back,B.Cu,156.9,69.9,90.0,126.349999,33.35,90.0,1.6,-1.6,verified_maximum,maximum,1.35,https://www.farnell.com/datasheets/4088041.pdf,-2.95,,0.3,-3.25,6.4,5.05,,4.75,d4f10273215db5e6d2a23fbbb6d47d9f501da9e0ff759512a6f8be15966a65b5
center,other,C30,"2.2u (VCAP_2, mandatory)",GRM21BR71C225KA12L,Capacitor_SMD:C_0805_2012Metric,False,back,B.Cu,160.15,60.7,0.0,129.599999,24.15,0.0,1.6,-1.6,verified_maximum,maximum,1.35,https://www.farnell.com/datasheets/4088041.pdf,-2.95,,0.3,-3.25,6.4,5.05,,4.75,d4f10273215db5e6d2a23fbbb6d47d9f501da9e0ff759512a6f8be15966a65b5
center,other,C31,100n,GRM188R71H104KA93D,Capacitor_SMD:C_0603_1608Metric,False,back,B.Cu,143.2,65.1,180.0,112.649999,28.55,180.0,1.6,-1.6,verified_maximum,maximum,0.9,https://www.murata.com/-/media/webrenewal/tool/library/common-pdf/dynamic-model/component-list-d-mlcc-2506.ashx?cvid=20250805040419000000&la=ja-jp,-2.5,,0.3,-2.8,6.4,5.5,,5.2,d4f10273215db5e6d2a23fbbb6d47d9f501da9e0ff759512a6f8be15966a65b5
center,other,C32,10p C0G 0.25pF HSE load,C0603C100C5GACTU,Capacitor_SMD:C_0603_1608Metric,False,front,F.Cu,136.95,62.8,180.0,106.399999,26.25,180.0,1.6,0.0,unverified,,,,,,,,8.0,,,,d4f10273215db5e6d2a23fbbb6d47d9f501da9e0ff759512a6f8be15966a65b5
center,other,C33,10p C0G 0.25pF HSE load,C0603C100C5GACTU,Capacitor_SMD:C_0603_1608Metric,False,front,F.Cu,139.1,68.55,180.0,108.549999,32.0,180.0,1.6,0.0,unverified,,,,,,,,8.0,,,,d4f10273215db5e6d2a23fbbb6d47d9f501da9e0ff759512a6f8be15966a65b5
center,other,C34,6.8p C0G 0.25pF LSE load,C0603C689C5GACTU,Capacitor_SMD:C_0603_1608Metric,False,front,F.Cu,140.3,56.95,0.0,109.749999,20.4,0.0,1.6,0.0,unverified,,,,,,,,8.0,,,,d4f10273215db5e6d2a23fbbb6d47d9f501da9e0ff759512a6f8be15966a65b5
center,other,C35,6.8p C0G 0.25pF LSE load,C0603C689C5GACTU,Capacitor_SMD:C_0603_1608Metric,False,front,F.Cu,137.3,61.2,180.0,106.749999,24.65,180.0,1.6,0.0,unverified,,,,,,,,8.0,,,,d4f10273215db5e6d2a23fbbb6d47d9f501da9e0ff759512a6f8be15966a65b5
center,other,C36,10u 50V X7R VIN,CGA5L1X7R1H106K160AC,Capacitor_SMD:C_1206_3216Metric,False,front,F.Cu,171.3,72.05,0.0,140.749999,35.5,0.0,1.6,0.0,verified_maximum,maximum,1.9,https://product.tdk.com/en/search/capacitor/ceramic/mlcc/info?part_no=CGA5L1X7R1H106K160AC,1.9,,,,8.0,9.9,,,d4f10273215db5e6d2a23fbbb6d47d9f501da9e0ff759512a6f8be15966a65b5
center,other,C37,100n 50V X7R VIN HF,GRM188R71H104KA93D,Capacitor_SMD:C_0603_1608Metric,False,front,F.Cu,167.4,71.4,0.0,136.849999,34.85,0.0,1.6,0.0,verified_maximum,maximum,0.9,https://www.murata.com/-/media/webrenewal/tool/library/common-pdf/dynamic-model/component-list-d-mlcc-2506.ashx?cvid=20250805040419000000&la=ja-jp,0.9,,,,8.0,8.9,,,d4f10273215db5e6d2a23fbbb6d47d9f501da9e0ff759512a6f8be15966a65b5
center,other,C38,100n (BOOT cap),GRM188R71H104KA93D,Capacitor_SMD:C_0603_1608Metric,False,front,F.Cu,168.65,69.05,270.0,138.099999,32.5,270.0,1.6,0.0,verified_maximum,maximum,0.9,https://www.murata.com/-/media/webrenewal/tool/library/common-pdf/dynamic-model/component-list-d-mlcc-2506.ashx?cvid=20250805040419000000&la=ja-jp,0.9,,,,8.0,8.9,,,d4f10273215db5e6d2a23fbbb6d47d9f501da9e0ff759512a6f8be15966a65b5
center,other,C39,22u 25V X7R MCU_3V3 output; TI characterized part,GRM32ER71E226KE15L,Capacitor_SMD:C_1210_3225Metric,False,front,F.Cu,167.5,57.7,90.0,136.949999,21.15,90.0,1.6,0.0,verified_maximum,maximum,2.7,https://www.murata.com/en-global/api/pdfdownloadapi?cate=luCeramicCapacitorsSMD&partno=GRM32ER71E226KE15%23,2.7,,,,8.0,10.7,,,d4f10273215db5e6d2a23fbbb6d47d9f501da9e0ff759512a6f8be15966a65b5
center,other,C40,10u 50V SYS5 input,CGA5L1X7R1H106K160AC,Capacitor_SMD:C_1206_3216Metric,False,front,F.Cu,135.250001,145.45,0.0,104.7,108.9,0.0,1.6,0.0,verified_maximum,maximum,1.9,https://product.tdk.com/en/search/capacitor/ceramic/mlcc/info?part_no=CGA5L1X7R1H106K160AC,1.9,,,,8.0,9.9,,,d4f10273215db5e6d2a23fbbb6d47d9f501da9e0ff759512a6f8be15966a65b5
center,other,C41,10u 50V SYS5 input,CGA5L1X7R1H106K160AC,Capacitor_SMD:C_1206_3216Metric,False,front,F.Cu,127.550001,151.05,270.0,97.0,114.5,270.0,1.6,0.0,verified_maximum,maximum,1.9,https://product.tdk.com/en/search/capacitor/ceramic/mlcc/info?part_no=CGA5L1X7R1H106K160AC,1.9,,,,8.0,9.9,,,d4f10273215db5e6d2a23fbbb6d47d9f501da9e0ff759512a6f8be15966a65b5
center,other,C42,100n 50V SYS5 input HF,GRM188R71H104KA93D,Capacitor_SMD:C_0603_1608Metric,False,front,F.Cu,135.250001,147.95,0.0,104.7,111.4,0.0,1.6,0.0,verified_maximum,maximum,0.9,https://www.murata.com/-/media/webrenewal/tool/library/common-pdf/dynamic-model/component-list-d-mlcc-2506.ashx?cvid=20250805040419000000&la=ja-jp,0.9,,,,8.0,8.9,,,d4f10273215db5e6d2a23fbbb6d47d9f501da9e0ff759512a6f8be15966a65b5
center,other,C43,47n 25V SYS5 bootstrap,GRM155R71E473KA88D,Capacitor_SMD:C_0402_1005Metric,False,front,F.Cu,130.350001,153.7,180.0,99.8,117.15,180.0,1.6,0.0,unverified,,,,,,,,8.0,,,,d4f10273215db5e6d2a23fbbb6d47d9f501da9e0ff759512a6f8be15966a65b5
center,other,C44,22u 25V SYS5 output; TI characterized part,GRM32ER71E226KE15L,Capacitor_SMD:C_1210_3225Metric,False,front,F.Cu,158.550001,154.05,0.0,128.0,117.5,0.0,1.6,0.0,verified_maximum,maximum,2.7,https://www.murata.com/en-global/api/pdfdownloadapi?cate=luCeramicCapacitorsSMD&partno=GRM32ER71E226KE15%23,2.7,,,,8.0,10.7,,,d4f10273215db5e6d2a23fbbb6d47d9f501da9e0ff759512a6f8be15966a65b5
center,other,C45,22u 25V SYS5 output; TI characterized part,GRM32ER71E226KE15L,Capacitor_SMD:C_1210_3225Metric,False,front,F.Cu,163.550001,154.05,0.0,133.0,117.5,0.0,1.6,0.0,verified_maximum,maximum,2.7,https://www.murata.com/en-global/api/pdfdownloadapi?cate=luCeramicCapacitorsSMD&partno=GRM32ER71E226KE15%23,2.7,,,,8.0,10.7,,,d4f10273215db5e6d2a23fbbb6d47d9f501da9e0ff759512a6f8be15966a65b5
center,other,C46,10u 50V X7R TPS56637 VIN,CGA5L1X7R1H106K160AC,Capacitor_SMD:C_1206_3216Metric,False,front,F.Cu,132.875001,63.35,90.0,102.325,26.8,90.0,1.6,0.0,verified_maximum,maximum,1.9,https://product.tdk.com/en/search/capacitor/ceramic/mlcc/info?part_no=CGA5L1X7R1H106K160AC,1.9,,,,8.0,9.9,,,d4f10273215db5e6d2a23fbbb6d47d9f501da9e0ff759512a6f8be15966a65b5
center,other,C47,100n 16V X7R TPS56637 BOOT,C1608X7R1C104K080AA,Capacitor_SMD:C_0603_1608Metric,False,front,F.Cu,132.495001,67.325,90.0,101.945,30.775,90.0,1.6,0.0,unverified,,,,,,,,8.0,,,,d4f10273215db5e6d2a23fbbb6d47d9f501da9e0ff759512a6f8be15966a65b5
center,other,C48,22u 25V X7R TPS56637 OUT; TI example part,GRM32ER71E226KE15L,Capacitor_SMD:C_1210_3225Metric,False,front,F.Cu,126.495001,79.71,270.0,95.945,43.16,270.0,1.6,0.0,verified_maximum,maximum,2.7,https://www.murata.com/en-global/api/pdfdownloadapi?cate=luCeramicCapacitorsSMD&partno=GRM32ER71E226KE15%23,2.7,,,,8.0,10.7,,,d4f10273215db5e6d2a23fbbb6d47d9f501da9e0ff759512a6f8be15966a65b5
center,other,C66,100n 10V X7R Mu USB3 TX AC,GRM155R71A104KA01D,Capacitor_SMD:C_0402_1005Metric,False,front,F.Cu,204.6,50.8,180.0,174.049999,14.25,180.0,1.6,0.0,verified_maximum,maximum,0.55,https://www.farnell.com/datasheets/4087771.pdf,0.55,,,,8.0,8.55,,,d4f10273215db5e6d2a23fbbb6d47d9f501da9e0ff759512a6f8be15966a65b5
center,other,C67,100n 10V X7R Mu USB3 TX AC,GRM155R71A104KA01D,Capacitor_SMD:C_0402_1005Metric,False,front,F.Cu,204.6,52.05,180.0,174.049999,15.5,180.0,1.6,0.0,verified_maximum,maximum,0.55,https://www.farnell.com/datasheets/4087771.pdf,0.55,,,,8.0,8.55,,,d4f10273215db5e6d2a23fbbb6d47d9f501da9e0ff759512a6f8be15966a65b5
center,other,C68,220n 10V X7R NVMe TX AC,GRM155R71A224KE01D,Capacitor_SMD:C_0402_1005Metric,False,back,B.Cu,220.25,130.875,0.0,189.699999,94.325,0.0,1.6,-1.6,verified_maximum,maximum,0.55,https://search.murata.co.jp/Ceramy/image/img/A01X/G101/ENG/GRM155R71A224KE01-01.pdf,-2.15,,0.3,-2.45,6.4,5.85,,5.55,d4f10273215db5e6d2a23fbbb6d47d9f501da9e0ff759512a6f8be15966a65b5
center,other,C69,220n 10V X7R NVMe TX AC,GRM155R71A224KE01D,Capacitor_SMD:C_0402_1005Metric,False,back,B.Cu,220.25,131.925,0.0,189.699999,95.375,0.0,1.6,-1.6,verified_maximum,maximum,0.55,https://search.murata.co.jp/Ceramy/image/img/A01X/G101/ENG/GRM155R71A224KE01-01.pdf,-2.15,,0.3,-2.45,6.4,5.85,,5.55,d4f10273215db5e6d2a23fbbb6d47d9f501da9e0ff759512a6f8be15966a65b5
center,other,C170,22u 25V X7R E-key bulk; TI characterized part,GRM32ER71E226KE15L,Capacitor_SMD:C_1210_3225Metric,False,front,F.Cu,189.300001,148.05,180.0,158.75,111.5,180.0,1.6,0.0,verified_maximum,maximum,2.7,https://www.murata.com/en-global/api/pdfdownloadapi?cate=luCeramicCapacitorsSMD&partno=GRM32ER71E226KE15%23,2.7,,,,8.0,10.7,,,d4f10273215db5e6d2a23fbbb6d47d9f501da9e0ff759512a6f8be15966a65b5
center,other,C171,100n radio bypass,GRM188R71H104KA93D,Capacitor_SMD:C_0603_1608Metric,False,back,B.Cu,219.3,150.6,0.0,188.749999,114.05,0.0,1.6,-1.6,verified_maximum,maximum,0.9,https://www.murata.com/-/media/webrenewal/tool/library/common-pdf/dynamic-model/component-list-d-mlcc-2506.ashx?cvid=20250805040419000000&la=ja-jp,-2.5,,0.3,-2.8,6.4,5.5,,5.2,d4f10273215db5e6d2a23fbbb6d47d9f501da9e0ff759512a6f8be15966a65b5
center,other,C174,1u OLED A local,GRM21BR71A105KA01L,Capacitor_SMD:C_0805_2012Metric,False,front,F.Cu,304.700001,60.925001,90.0,274.15,24.375001,90.0,1.6,0.0,verified_maximum,maximum,1.35,https://www.mouser.com/catalog/specsheets/grm21br71a105ka01.pdf,1.35,,,,8.0,9.35,,,d4f10273215db5e6d2a23fbbb6d47d9f501da9e0ff759512a6f8be15966a65b5
center,other,C175,100n OLED A local,GRM188R71H104KA93D,Capacitor_SMD:C_0603_1608Metric,False,front,F.Cu,305.200001,63.425001,0.0,274.65,26.875001,0.0,1.6,0.0,verified_maximum,maximum,0.9,https://www.murata.com/-/media/webrenewal/tool/library/common-pdf/dynamic-model/component-list-d-mlcc-2506.ashx?cvid=20250805040419000000&la=ja-jp,0.9,,,,8.0,8.9,,,d4f10273215db5e6d2a23fbbb6d47d9f501da9e0ff759512a6f8be15966a65b5
center,other,C178,1u OLED B local,GRM21BR71A105KA01L,Capacitor_SMD:C_0805_2012Metric,False,front,F.Cu,305.450001,190.425,0.0,274.9,153.875,0.0,1.6,0.0,verified_maximum,maximum,1.35,https://www.mouser.com/catalog/specsheets/grm21br71a105ka01.pdf,1.35,,,,8.0,9.35,,,d4f10273215db5e6d2a23fbbb6d47d9f501da9e0ff759512a6f8be15966a65b5
center,other,C179,100n OLED B local,GRM188R71H104KA93D,Capacitor_SMD:C_0603_1608Metric,False,front,F.Cu,305.700001,192.175,180.0,275.15,155.625,180.0,1.6,0.0,verified_maximum,maximum,0.9,https://www.murata.com/-/media/webrenewal/tool/library/common-pdf/dynamic-model/component-list-d-mlcc-2506.ashx?cvid=20250805040419000000&la=ja-jp,0.9,,,,8.0,8.9,,,d4f10273215db5e6d2a23fbbb6d47d9f501da9e0ff759512a6f8be15966a65b5
center,other,C180,100n BAT filter,GRM188R71H104KA93D,Capacitor_SMD:C_0603_1608Metric,False,front,F.Cu,193.548751,181.275,0.0,162.99875,144.725,0.0,1.6,0.0,verified_maximum,maximum,0.9,https://www.murata.com/-/media/webrenewal/tool/library/common-pdf/dynamic-model/component-list-d-mlcc-2506.ashx?cvid=20250805040419000000&la=ja-jp,0.9,,,,8.0,8.9,,,d4f10273215db5e6d2a23fbbb6d47d9f501da9e0ff759512a6f8be15966a65b5
center,other,C181,100n sense filter,GRM188R71H104KA93D,Capacitor_SMD:C_0603_1608Metric,False,front,F.Cu,201.160001,177.025,90.0,170.61,140.475,90.0,1.6,0.0,verified_maximum,maximum,0.9,https://www.murata.com/-/media/webrenewal/tool/library/common-pdf/dynamic-model/component-list-d-mlcc-2506.ashx?cvid=20250805040419000000&la=ja-jp,0.9,,,,8.0,8.9,,,d4f10273215db5e6d2a23fbbb6d47d9f501da9e0ff759512a6f8be15966a65b5
center,other,C182,100n REGIN/VCC,GRM188R71H104KA93D,Capacitor_SMD:C_0603_1608Metric,False,front,F.Cu,196.548751,181.175,0.0,165.99875,144.625,0.0,1.6,0.0,verified_maximum,maximum,0.9,https://www.murata.com/-/media/webrenewal/tool/library/common-pdf/dynamic-model/component-list-d-mlcc-2506.ashx?cvid=20250805040419000000&la=ja-jp,0.9,,,,8.0,8.9,,,d4f10273215db5e6d2a23fbbb6d47d9f501da9e0ff759512a6f8be15966a65b5
center,other,C183,1u REG25,GRM21BR71A105KA01L,Capacitor_SMD:C_0805_2012Metric,False,front,F.Cu,196.798751,183.0,0.0,166.24875,146.45,0.0,1.6,0.0,verified_maximum,maximum,1.35,https://www.mouser.com/catalog/specsheets/grm21br71a105ka01.pdf,1.35,,,,8.0,9.35,,,d4f10273215db5e6d2a23fbbb6d47d9f501da9e0ff759512a6f8be15966a65b5
center,other,C185,100n OLED mux local,GRM188R71H104KA93D,Capacitor_SMD:C_0603_1608Metric,False,front,F.Cu,130.187501,53.125,270.0,99.6375,16.575,270.0,1.6,0.0,verified_maximum,maximum,0.9,https://www.murata.com/-/media/webrenewal/tool/library/common-pdf/dynamic-model/component-list-d-mlcc-2506.ashx?cvid=20250805040419000000&la=ja-jp,0.9,,,,8.0,8.9,,,d4f10273215db5e6d2a23fbbb6d47d9f501da9e0ff759512a6f8be15966a65b5
center,other,C187,100n E-key control-isolator local,GRM188R71H104KA93D,Capacitor_SMD:C_0603_1608Metric,False,front,F.Cu,197.050001,147.3,180.0,166.5,110.75,180.0,1.6,0.0,verified_maximum,maximum,0.9,https://www.murata.com/-/media/webrenewal/tool/library/common-pdf/dynamic-model/component-list-d-mlcc-2506.ashx?cvid=20250805040419000000&la=ja-jp,0.9,,,,8.0,8.9,,,d4f10273215db5e6d2a23fbbb6d47d9f501da9e0ff759512a6f8be15966a65b5
center,other,C192,100n AUX ADC filter,GRM188R71H104KA93D,Capacitor_SMD:C_0603_1608Metric,False,front,F.Cu,209.010001,148.01,0.0,178.46,111.46,0.0,1.6,0.0,verified_maximum,maximum,0.9,https://www.murata.com/-/media/webrenewal/tool/library/common-pdf/dynamic-model/component-list-d-mlcc-2506.ashx?cvid=20250805040419000000&la=ja-jp,0.9,,,,8.0,8.9,,,d4f10273215db5e6d2a23fbbb6d47d9f501da9e0ff759512a6f8be15966a65b5
center,other,C202,100n thermal ADC filter,GRM188R71H104KA93D,Capacitor_SMD:C_0603_1608Metric,False,back,B.Cu,148.3,73.3,270.0,117.749999,36.75,270.0,1.6,-1.6,verified_maximum,maximum,0.9,https://www.murata.com/-/media/webrenewal/tool/library/common-pdf/dynamic-model/component-list-d-mlcc-2506.ashx?cvid=20250805040419000000&la=ja-jp,-2.5,,0.3,-2.8,6.4,5.5,,5.2,d4f10273215db5e6d2a23fbbb6d47d9f501da9e0ff759512a6f8be15966a65b5
center,other,C205,10u 25V X7R fan local bulk,GRM31CR71E106KA12L,Capacitor_SMD:C_1206_3216Metric,False,back,B.Cu,195.0,116.8,180.0,164.449999,80.25,180.0,1.6,-1.6,verified_maximum,maximum,1.8,https://docs.rs-online.com/aab4/0900766b813d2ca8.pdf,-3.4,,0.3,-3.7,6.4,4.6,,4.3,d4f10273215db5e6d2a23fbbb6d47d9f501da9e0ff759512a6f8be15966a65b5
center,other,C206,100n 25V X7R fan local,GRM188R71E104KA01D,Capacitor_SMD:C_0603_1608Metric,False,front,F.Cu,198.75,119.65,180.0,168.199999,83.1,180.0,1.6,0.0,unverified,,,,,,,,8.0,,,,d4f10273215db5e6d2a23fbbb6d47d9f501da9e0ff759512a6f8be15966a65b5
center,other,C207,100n Mu thermal ADC filter,GRM188R71H104KA93D,Capacitor_SMD:C_0603_1608Metric,False,back,B.Cu,150.05,73.35,270.0,119.499999,36.8,270.0,1.6,-1.6,verified_maximum,maximum,0.9,https://www.murata.com/-/media/webrenewal/tool/library/common-pdf/dynamic-model/component-list-d-mlcc-2506.ashx?cvid=20250805040419000000&la=ja-jp,-2.5,,0.3,-2.8,6.4,5.5,,5.2,d4f10273215db5e6d2a23fbbb6d47d9f501da9e0ff759512a6f8be15966a65b5
center,other,C208,100n EC USB switch local,GRM188R71H104KA93D,Capacitor_SMD:C_0603_1608Metric,False,back,B.Cu,170.1,56.35,90.0,139.549999,19.8,90.0,1.6,-1.6,verified_maximum,maximum,0.9,https://www.murata.com/-/media/webrenewal/tool/library/common-pdf/dynamic-model/component-list-d-mlcc-2506.ashx?cvid=20250805040419000000&la=ja-jp,-2.5,,0.3,-2.8,6.4,5.5,,5.2,d4f10273215db5e6d2a23fbbb6d47d9f501da9e0ff759512a6f8be15966a65b5
center,other,C209,3.9n fan FG filter,GRM1555C1H392JA01D,Capacitor_SMD:C_0402_1005Metric,False,front,F.Cu,149.2,73.85,180.0,118.649999,37.3,180.0,1.6,0.0,unverified,,,,,,,,8.0,,,,d4f10273215db5e6d2a23fbbb6d47d9f501da9e0ff759512a6f8be15966a65b5
center,other,C280,100n TPS2553 input bypass,GRM188R71E104KA01D,Capacitor_SMD:C_0603_1608Metric,False,front,F.Cu,165.912501,187.35,90.0,135.3625,150.8,90.0,1.6,0.0,unverified,,,,,,,,8.0,,,,d4f10273215db5e6d2a23fbbb6d47d9f501da9e0ff759512a6f8be15966a65b5
center,other,C283,10u trackpad cable VBUS,GRM31CR71E106KA12L,Capacitor_SMD:C_1206_3216Metric,False,front,F.Cu,171.437501,187.6,0.0,140.8875,151.05,0.0,1.6,0.0,verified_maximum,maximum,1.8,https://docs.rs-online.com/aab4/0900766b813d2ca8.pdf,1.8,,,,8.0,9.8,,,d4f10273215db5e6d2a23fbbb6d47d9f501da9e0ff759512a6f8be15966a65b5
center,other,C290,10n (VDDA high-frequency),GRM188R71H103KA01,Capacitor_SMD:C_0603_1608Metric,False,back,B.Cu,143.45,71.15,180.0,112.899999,34.6,180.0,1.6,-1.6,verified_maximum,maximum,0.9,https://www.farnell.com/datasheets/1747461.pdf,-2.5,,0.3,-2.8,6.4,5.5,,5.2,d4f10273215db5e6d2a23fbbb6d47d9f501da9e0ff759512a6f8be15966a65b5
center,other,C291,22u 25V X7R MCU_3V3 output; TI characterized part,GRM32ER71E226KE15L,Capacitor_SMD:C_1210_3225Metric,False,front,F.Cu,163.3,57.9,180.0,132.749999,21.35,180.0,1.6,0.0,verified_maximum,maximum,2.7,https://www.murata.com/en-global/api/pdfdownloadapi?cate=luCeramicCapacitorsSMD&partno=GRM32ER71E226KE15%23,2.7,,,,8.0,10.7,,,d4f10273215db5e6d2a23fbbb6d47d9f501da9e0ff759512a6f8be15966a65b5
center,other,C318,100n DNP keyboard 3V3 reserve,,Capacitor_SMD:C_0603_1608Metric,True,front,F.Cu,177.400001,97.8,270.0,146.85,61.25,270.0,1.6,0.0,unverified,,,,,,,,8.0,,,,d4f10273215db5e6d2a23fbbb6d47d9f501da9e0ff759512a6f8be15966a65b5
center,other,C319,10u keyboard RGB switched-output bulk,GRM31CR71E106KA12L,Capacitor_SMD:C_1206_3216Metric,False,front,F.Cu,189.0,86.3,270.0,158.449999,49.75,270.0,1.6,0.0,verified_maximum,maximum,1.8,https://docs.rs-online.com/aab4/0900766b813d2ca8.pdf,1.8,,,,8.0,9.8,,,d4f10273215db5e6d2a23fbbb6d47d9f501da9e0ff759512a6f8be15966a65b5
center,other,C322,100n keyboard RGB switch input,GRM188R71H104KA93D,Capacitor_SMD:C_0603_1608Metric,False,back,B.Cu,184.65,82.95,180.0,154.099999,46.4,180.0,1.6,-1.6,verified_maximum,maximum,0.9,https://www.murata.com/-/media/webrenewal/tool/library/common-pdf/dynamic-model/component-list-d-mlcc-2506.ashx?cvid=20250805040419000000&la=ja-jp,-2.5,,0.3,-2.8,6.4,5.5,,5.2,d4f10273215db5e6d2a23fbbb6d47d9f501da9e0ff759512a6f8be15966a65b5
center,other,C323,100n keyboard RGB switch output,GRM188R71H104KA93D,Capacitor_SMD:C_0603_1608Metric,False,back,B.Cu,184.9,79.55,90.0,154.349999,43.0,90.0,1.6,-1.6,verified_maximum,maximum,0.9,https://www.murata.com/-/media/webrenewal/tool/library/common-pdf/dynamic-model/component-list-d-mlcc-2506.ashx?cvid=20250805040419000000&la=ja-jp,-2.5,,0.3,-2.8,6.4,5.5,,5.2,d4f10273215db5e6d2a23fbbb6d47d9f501da9e0ff759512a6f8be15966a65b5
center,other,C324,100n keyboard RGB buffer local,GRM188R71H104KA93D,Capacitor_SMD:C_0603_1608Metric,False,back,B.Cu,185.3,77.1,180.0,154.749999,40.55,180.0,1.6,-1.6,verified_maximum,maximum,0.9,https://www.murata.com/-/media/webrenewal/tool/library/common-pdf/dynamic-model/component-list-d-mlcc-2506.ashx?cvid=20250805040419000000&la=ja-jp,-2.5,,0.3,-2.8,6.4,5.5,,5.2,d4f10273215db5e6d2a23fbbb6d47d9f501da9e0ff759512a6f8be15966a65b5
center,other,C400,100n AUDIO_5V high-frequency bypass,GRM188R71H104KA93D,Capacitor_SMD:C_0603_1608Metric,False,front,F.Cu,181.45,175.5,90.0,150.899999,138.95,90.0,1.6,0.0,verified_maximum,maximum,0.9,https://www.murata.com/-/media/webrenewal/tool/library/common-pdf/dynamic-model/component-list-d-mlcc-2506.ashx?cvid=20250805040419000000&la=ja-jp,0.9,,,,8.0,8.9,,,d4f10273215db5e6d2a23fbbb6d47d9f501da9e0ff759512a6f8be15966a65b5
center,other,C401,10u AUDIO_5V local bulk,GRM31CR71E106KA12L,Capacitor_SMD:C_1206_3216Metric,False,front,F.Cu,180.45,180.0,0.0,149.899999,143.45,0.0,1.6,0.0,verified_maximum,maximum,1.8,https://docs.rs-online.com/aab4/0900766b813d2ca8.pdf,1.8,,,,8.0,9.8,,,d4f10273215db5e6d2a23fbbb6d47d9f501da9e0ff759512a6f8be15966a65b5
center,other,C402,1u TPS2052B input,GRM21BR71A105KA01L,Capacitor_SMD:C_0805_2012Metric,False,back,B.Cu,134.5,102.35,180.0,103.949999,65.8,180.0,1.6,-1.6,verified_maximum,maximum,1.35,https://www.mouser.com/catalog/specsheets/grm21br71a105ka01.pdf,-2.95,,0.3,-3.25,6.4,5.05,,4.75,d4f10273215db5e6d2a23fbbb6d47d9f501da9e0ff759512a6f8be15966a65b5
center,other,C403,10u radio-codec host VBUS,GRM31CR71E106KA12L,Capacitor_SMD:C_1206_3216Metric,False,back,B.Cu,136.5,95.9,90.0,105.949999,59.35,90.0,1.6,-1.6,verified_maximum,maximum,1.8,https://docs.rs-online.com/aab4/0900766b813d2ca8.pdf,-3.4,,0.3,-3.7,6.4,4.6,,4.3,d4f10273215db5e6d2a23fbbb6d47d9f501da9e0ff759512a6f8be15966a65b5
center,other,C404,10u system-DAC VBUS,GRM31CR71E106KA12L,Capacitor_SMD:C_1206_3216Metric,False,back,B.Cu,134.0,95.9,90.0,103.449999,59.35,90.0,1.6,-1.6,verified_maximum,maximum,1.8,https://docs.rs-online.com/aab4/0900766b813d2ca8.pdf,-3.4,,0.3,-3.7,6.4,4.6,,4.3,d4f10273215db5e6d2a23fbbb6d47d9f501da9e0ff759512a6f8be15966a65b5
center,other,C405,100n VDDA33 pin 5,GRM188R71H104KA93D,Capacitor_SMD:C_0603_1608Metric,False,front,F.Cu,140.732501,92.05,180.0,110.1825,55.5,180.0,1.6,0.0,verified_maximum,maximum,0.9,https://www.murata.com/-/media/webrenewal/tool/library/common-pdf/dynamic-model/component-list-d-mlcc-2506.ashx?cvid=20250805040419000000&la=ja-jp,0.9,,,,8.0,8.9,,,d4f10273215db5e6d2a23fbbb6d47d9f501da9e0ff759512a6f8be15966a65b5
center,other,C406,100n VDDA33 pin 10,GRM188R71H104KA93D,Capacitor_SMD:C_0603_1608Metric,False,front,F.Cu,143.920001,97.2375,270.0,113.37,60.6875,270.0,1.6,0.0,verified_maximum,maximum,0.9,https://www.murata.com/-/media/webrenewal/tool/library/common-pdf/dynamic-model/component-list-d-mlcc-2506.ashx?cvid=20250805040419000000&la=ja-jp,0.9,,,,8.0,8.9,,,d4f10273215db5e6d2a23fbbb6d47d9f501da9e0ff759512a6f8be15966a65b5
center,other,C407,100n VDDA33 pin 29,GRM188R71H104KA93D,Capacitor_SMD:C_0603_1608Metric,False,front,F.Cu,148.670001,86.8625,90.0,118.12,50.3125,90.0,1.6,0.0,verified_maximum,maximum,0.9,https://www.murata.com/-/media/webrenewal/tool/library/common-pdf/dynamic-model/component-list-d-mlcc-2506.ashx?cvid=20250805040419000000&la=ja-jp,0.9,,,,8.0,8.9,,,d4f10273215db5e6d2a23fbbb6d47d9f501da9e0ff759512a6f8be15966a65b5
center,other,C408,100n VDDA33 pin 36,GRM188R71H104KA93D,Capacitor_SMD:C_0603_1608Metric,False,front,F.Cu,142.670001,87.1125,90.0,112.12,50.5625,90.0,1.6,0.0,verified_maximum,maximum,0.9,https://www.murata.com/-/media/webrenewal/tool/library/common-pdf/dynamic-model/component-list-d-mlcc-2506.ashx?cvid=20250805040419000000&la=ja-jp,0.9,,,,8.0,8.9,,,d4f10273215db5e6d2a23fbbb6d47d9f501da9e0ff759512a6f8be15966a65b5
center,other,C409,100n VDD33 pin 15,GRM188R71H104KA93D,Capacitor_SMD:C_0603_1608Metric,False,front,F.Cu,147.420001,97.24,270.0,116.87,60.69,270.0,1.6,0.0,verified_maximum,maximum,0.9,https://www.murata.com/-/media/webrenewal/tool/library/common-pdf/dynamic-model/component-list-d-mlcc-2506.ashx?cvid=20250805040419000000&la=ja-jp,0.9,,,,8.0,8.9,,,d4f10273215db5e6d2a23fbbb6d47d9f501da9e0ff759512a6f8be15966a65b5
center,other,C410,100n VDD33 pin 23,GRM188R71H104KA93D,Capacitor_SMD:C_0603_1608Metric,False,front,F.Cu,151.110001,92.05,0.0,120.56,55.5,0.0,1.6,0.0,verified_maximum,maximum,0.9,https://www.murata.com/-/media/webrenewal/tool/library/common-pdf/dynamic-model/component-list-d-mlcc-2506.ashx?cvid=20250805040419000000&la=ja-jp,0.9,,,,8.0,8.9,,,d4f10273215db5e6d2a23fbbb6d47d9f501da9e0ff759512a6f8be15966a65b5
center,other,C411,1u shared hub 3V3 bulk,GRM21BR71A105KA01L,Capacitor_SMD:C_0805_2012Metric,False,front,F.Cu,141.337084,96.300417,180.0,110.787083,59.750417,180.0,1.6,0.0,verified_maximum,maximum,1.35,https://www.mouser.com/catalog/specsheets/grm21br71a105ka01.pdf,1.35,,,,8.0,9.35,,,d4f10273215db5e6d2a23fbbb6d47d9f501da9e0ff759512a6f8be15966a65b5
center,other,C412,100n CRFILT low-ESR,GRM188R71H104KA93D,Capacitor_SMD:C_0603_1608Metric,False,front,F.Cu,145.920001,97.24,270.0,115.37,60.69,270.0,1.6,0.0,verified_maximum,maximum,0.9,https://www.murata.com/-/media/webrenewal/tool/library/common-pdf/dynamic-model/component-list-d-mlcc-2506.ashx?cvid=20250805040419000000&la=ja-jp,0.9,,,,8.0,8.9,,,d4f10273215db5e6d2a23fbbb6d47d9f501da9e0ff759512a6f8be15966a65b5
center,other,C413,100n PLLFILT low-ESR,GRM188R71H104KA93D,Capacitor_SMD:C_0603_1608Metric,False,front,F.Cu,140.670001,89.3625,180.0,110.12,52.8125,180.0,1.6,0.0,verified_maximum,maximum,0.9,https://www.murata.com/-/media/webrenewal/tool/library/common-pdf/dynamic-model/component-list-d-mlcc-2506.ashx?cvid=20250805040419000000&la=ja-jp,0.9,,,,8.0,8.9,,,d4f10273215db5e6d2a23fbbb6d47d9f501da9e0ff759512a6f8be15966a65b5
center,other,C414,18p C0G 5% hub crystal load,GRM1885C1H180JA01,Capacitor_SMD:C_0603_1608Metric,False,front,F.Cu,142.820001,83.9625,90.0,112.27,47.4125,90.0,1.6,0.0,verified_maximum,maximum,0.9,https://search.murata.co.jp/Ceramy/image/img/A01X/G101/ENG/GRM1885C1H180JA01-01A.pdf,0.9,,,,8.0,8.9,,,d4f10273215db5e6d2a23fbbb6d47d9f501da9e0ff759512a6f8be15966a65b5
center,other,C415,18p C0G 5% hub crystal load,GRM1885C1H180JA01,Capacitor_SMD:C_0603_1608Metric,False,front,F.Cu,146.770001,83.2625,90.0,116.22,46.7125,90.0,1.6,0.0,verified_maximum,maximum,0.9,https://search.murata.co.jp/Ceramy/image/img/A01X/G101/ENG/GRM1885C1H180JA01-01A.pdf,0.9,,,,8.0,8.9,,,d4f10273215db5e6d2a23fbbb6d47d9f501da9e0ff759512a6f8be15966a65b5
center,other,C416,100n reset supervisor local,GRM188R71H104KA93D,Capacitor_SMD:C_0603_1608Metric,False,back,B.Cu,149.9,86.35,180.0,119.349999,49.8,180.0,1.6,-1.6,verified_maximum,maximum,0.9,https://www.murata.com/-/media/webrenewal/tool/library/common-pdf/dynamic-model/component-list-d-mlcc-2506.ashx?cvid=20250805040419000000&la=ja-jp,-2.5,,0.3,-2.8,6.4,5.5,,5.2,d4f10273215db5e6d2a23fbbb6d47d9f501da9e0ff759512a6f8be15966a65b5
center,other,C420,18p C0G 5% codec crystal load,GRM1885C1H180JA01,Capacitor_SMD:C_0603_1608Metric,False,front,F.Cu,159.85,168.8,180.0,129.299999,132.25,180.0,1.6,0.0,verified_maximum,maximum,0.9,https://search.murata.co.jp/Ceramy/image/img/A01X/G101/ENG/GRM1885C1H180JA01-01A.pdf,0.9,,,,8.0,8.9,,,d4f10273215db5e6d2a23fbbb6d47d9f501da9e0ff759512a6f8be15966a65b5
center,other,C421,18p C0G 5% codec crystal load,GRM1885C1H180JA01,Capacitor_SMD:C_0603_1608Metric,False,front,F.Cu,164.15,172.35,90.0,133.599999,135.8,90.0,1.6,0.0,verified_maximum,maximum,0.9,https://search.murata.co.jp/Ceramy/image/img/A01X/G101/ENG/GRM1885C1H180JA01-01A.pdf,0.9,,,,8.0,8.9,,,d4f10273215db5e6d2a23fbbb6d47d9f501da9e0ff759512a6f8be15966a65b5
center,other,C422,1u PCM2900 VBUS after 2.2R,GRM21BR71A105KA01L,Capacitor_SMD:C_0805_2012Metric,False,back,B.Cu,157.95,182.55,270.0,127.399999,146.0,270.0,1.6,-1.6,verified_maximum,maximum,1.35,https://www.mouser.com/catalog/specsheets/grm21br71a105ka01.pdf,-2.95,,0.3,-3.25,6.4,5.05,,4.75,d4f10273215db5e6d2a23fbbb6d47d9f501da9e0ff759512a6f8be15966a65b5
center,other,C423,10u PCM2900 VCCCI,GRM31CR71E106KA12L,Capacitor_SMD:C_1206_3216Metric,False,back,B.Cu,162.7,182.6,270.0,132.149999,146.05,270.0,1.6,-1.6,verified_maximum,maximum,1.8,https://docs.rs-online.com/aab4/0900766b813d2ca8.pdf,-3.4,,0.3,-3.7,6.4,4.6,,4.3,d4f10273215db5e6d2a23fbbb6d47d9f501da9e0ff759512a6f8be15966a65b5
center,other,C424,1u PCM2900 VCCP1I less than 2u,GRM21BR71A105KA01L,Capacitor_SMD:C_0805_2012Metric,False,back,B.Cu,164.3,175.0,0.0,133.749999,138.45,0.0,1.6,-1.6,verified_maximum,maximum,1.35,https://www.mouser.com/catalog/specsheets/grm21br71a105ka01.pdf,-2.95,,0.3,-3.25,6.4,5.05,,4.75,d4f10273215db5e6d2a23fbbb6d47d9f501da9e0ff759512a6f8be15966a65b5
center,other,C425,1u PCM2900 VCCP2I less than 2u,GRM21BR71A105KA01L,Capacitor_SMD:C_0805_2012Metric,False,back,B.Cu,161.45,174.7,90.0,130.899999,138.15,90.0,1.6,-1.6,verified_maximum,maximum,1.35,https://www.mouser.com/catalog/specsheets/grm21br71a105ka01.pdf,-2.95,,0.3,-3.25,6.4,5.05,,4.75,d4f10273215db5e6d2a23fbbb6d47d9f501da9e0ff759512a6f8be15966a65b5
center,other,C426,1u PCM2900 VCCXI less than 2u,GRM21BR71A105KA01L,Capacitor_SMD:C_0805_2012Metric,False,back,B.Cu,159.2,174.7,90.0,128.649999,138.15,90.0,1.6,-1.6,verified_maximum,maximum,1.35,https://www.mouser.com/catalog/specsheets/grm21br71a105ka01.pdf,-2.95,,0.3,-3.25,6.4,5.05,,4.75,d4f10273215db5e6d2a23fbbb6d47d9f501da9e0ff759512a6f8be15966a65b5
center,other,C427,1u PCM2900 VDDI less than 2u,GRM21BR71A105KA01L,Capacitor_SMD:C_0805_2012Metric,False,back,B.Cu,157.05,175.05,90.0,126.499999,138.5,90.0,1.6,-1.6,verified_maximum,maximum,1.35,https://www.mouser.com/catalog/specsheets/grm21br71a105ka01.pdf,-2.95,,0.3,-3.25,6.4,5.05,,4.75,d4f10273215db5e6d2a23fbbb6d47d9f501da9e0ff759512a6f8be15966a65b5
center,other,C428,100n AND-gate local,GRM188R71H104KA93D,Capacitor_SMD:C_0603_1608Metric,False,back,B.Cu,175.2,182.85,180.0,144.649999,146.3,180.0,1.6,-1.6,verified_maximum,maximum,0.9,https://www.murata.com/-/media/webrenewal/tool/library/common-pdf/dynamic-model/component-list-d-mlcc-2506.ashx?cvid=20250805040419000000&la=ja-jp,-2.5,,0.3,-2.8,6.4,5.5,,5.2,d4f10273215db5e6d2a23fbbb6d47d9f501da9e0ff759512a6f8be15966a65b5
center,other,C429,10u PCM2900 VCOM,GRM31CR71E106KA12L,Capacitor_SMD:C_1206_3216Metric,False,back,B.Cu,165.4,182.8,270.0,134.849999,146.25,270.0,1.6,-1.6,verified_maximum,maximum,1.8,https://docs.rs-online.com/aab4/0900766b813d2ca8.pdf,-3.4,,0.3,-3.7,6.4,4.6,,4.3,d4f10273215db5e6d2a23fbbb6d47d9f501da9e0ff759512a6f8be15966a65b5
center,other,C430,47n L DAC out-of-band shunt,GRM188R71H473KA01,Capacitor_SMD:C_0603_1608Metric,False,front,F.Cu,166.85,171.7,0.0,136.299999,135.15,0.0,1.6,0.0,unverified,,,,,,,,8.0,,,,d4f10273215db5e6d2a23fbbb6d47d9f501da9e0ff759512a6f8be15966a65b5
center,other,C431,47n R DAC out-of-band shunt,GRM188R71H473KA01,Capacitor_SMD:C_0603_1608Metric,False,front,F.Cu,169.3,171.05,90.0,138.749999,134.5,90.0,1.6,0.0,unverified,,,,,,,,8.0,,,,d4f10273215db5e6d2a23fbbb6d47d9f501da9e0ff759512a6f8be15966a65b5
center,other,C432,1u L positive-input AC coupling,GRM21BR71H105KA01,Capacitor_SMD:C_0805_2012Metric,False,front,F.Cu,176.4,169.7,0.0,145.849999,133.15,0.0,1.6,0.0,unverified,,,,,,,,8.0,,,,d4f10273215db5e6d2a23fbbb6d47d9f501da9e0ff759512a6f8be15966a65b5
center,other,C433,1u R positive-input AC coupling,GRM21BR71H105KA01,Capacitor_SMD:C_0805_2012Metric,False,front,F.Cu,179.15,171.05,270.0,148.599999,134.5,270.0,1.6,0.0,unverified,,,,,,,,8.0,,,,d4f10273215db5e6d2a23fbbb6d47d9f501da9e0ff759512a6f8be15966a65b5
center,other,C434,1u L negative-input AC reference,GRM21BR71H105KA01,Capacitor_SMD:C_0805_2012Metric,False,front,F.Cu,172.65,171.6,180.0,142.099999,135.05,180.0,1.6,0.0,unverified,,,,,,,,8.0,,,,d4f10273215db5e6d2a23fbbb6d47d9f501da9e0ff759512a6f8be15966a65b5
center,other,C435,1u R negative-input AC reference,GRM21BR71H105KA01,Capacitor_SMD:C_0805_2012Metric,False,front,F.Cu,176.35,171.8,0.0,145.799999,135.25,0.0,1.6,0.0,unverified,,,,,,,,8.0,,,,d4f10273215db5e6d2a23fbbb6d47d9f501da9e0ff759512a6f8be15966a65b5
center,other,C440,100n amplifier supply at AVDD/PVDD,GRM188R71H104KA93D,Capacitor_SMD:C_0603_1608Metric,False,front,F.Cu,173.8,175.25,180.0,143.249999,138.7,180.0,1.6,0.0,verified_maximum,maximum,0.9,https://www.murata.com/-/media/webrenewal/tool/library/common-pdf/dynamic-model/component-list-d-mlcc-2506.ashx?cvid=20250805040419000000&la=ja-jp,0.9,,,,8.0,8.9,,,d4f10273215db5e6d2a23fbbb6d47d9f501da9e0ff759512a6f8be15966a65b5
center,other,C441,10u amplifier local bulk,GRM31CR71E106KA12L,Capacitor_SMD:C_1206_3216Metric,False,front,F.Cu,171.75,180.5,180.0,141.199999,143.95,180.0,1.6,0.0,verified_maximum,maximum,1.8,https://docs.rs-online.com/aab4/0900766b813d2ca8.pdf,1.8,,,,8.0,9.8,,,d4f10273215db5e6d2a23fbbb6d47d9f501da9e0ff759512a6f8be15966a65b5
center,other,C442,1n speaker EMI shunt per TI Figure 36,GRM155R71H102KA01,Capacitor_SMD:C_0402_1005Metric,False,front,F.Cu,171.25,173.7,180.0,140.699999,137.15,180.0,1.6,0.0,verified_maximum,maximum,0.55,https://www.murata.com/-/media/webrenewal/tool/library/common-pdf/static-model/component-list-s-mlcc-2506.ashx?cvid=20250805040438000000&la=ko-kr,0.55,,,,8.0,8.55,,,d4f10273215db5e6d2a23fbbb6d47d9f501da9e0ff759512a6f8be15966a65b5
center,other,C443,1n speaker EMI shunt per TI Figure 36,GRM155R71H102KA01,Capacitor_SMD:C_0402_1005Metric,False,front,F.Cu,176.0,181.85,0.0,145.449999,145.3,0.0,1.6,0.0,verified_maximum,maximum,0.55,https://www.murata.com/-/media/webrenewal/tool/library/common-pdf/static-model/component-list-s-mlcc-2506.ashx?cvid=20250805040438000000&la=ko-kr,0.55,,,,8.0,8.55,,,d4f10273215db5e6d2a23fbbb6d47d9f501da9e0ff759512a6f8be15966a65b5
center,other,C444,1n speaker EMI shunt per TI Figure 36,GRM155R71H102KA01,Capacitor_SMD:C_0402_1005Metric,False,front,F.Cu,184.2,178.2,270.0,153.649999,141.65,270.0,1.6,0.0,verified_maximum,maximum,0.55,https://www.murata.com/-/media/webrenewal/tool/library/common-pdf/static-model/component-list-s-mlcc-2506.ashx?cvid=20250805040438000000&la=ko-kr,0.55,,,,8.0,8.55,,,d4f10273215db5e6d2a23fbbb6d47d9f501da9e0ff759512a6f8be15966a65b5
center,other,C445,1n speaker EMI shunt per TI Figure 36,GRM155R71H102KA01,Capacitor_SMD:C_0402_1005Metric,False,front,F.Cu,183.8,179.8,0.0,153.249999,143.25,0.0,1.6,0.0,verified_maximum,maximum,0.55,https://www.murata.com/-/media/webrenewal/tool/library/common-pdf/static-model/component-list-s-mlcc-2506.ashx?cvid=20250805040438000000&la=ko-kr,0.55,,,,8.0,8.55,,,d4f10273215db5e6d2a23fbbb6d47d9f501da9e0ff759512a6f8be15966a65b5
center,other,C446,100u 10V polymer downstream VBUS bulk,T520B107M010ATE070,Capacitor_Tantalum_SMD:CP_EIA-3528-21_Kemet-B,False,front,F.Cu,169.030001,136.44,270.0,138.48,99.89,270.0,1.6,0.0,unverified,,,,,,,,8.0,,,,d4f10273215db5e6d2a23fbbb6d47d9f501da9e0ff759512a6f8be15966a65b5
center,other,C447,100u 10V polymer downstream VBUS bulk,T520B107M010ATE070,Capacitor_Tantalum_SMD:CP_EIA-3528-21_Kemet-B,False,front,F.Cu,169.025001,131.15,90.0,138.475,94.6,90.0,1.6,0.0,unverified,,,,,,,,8.0,,,,d4f10273215db5e6d2a23fbbb6d47d9f501da9e0ff759512a6f8be15966a65b5
center,other,C448,1u LP5907 input,GRM21BR71A105KA01L,Capacitor_SMD:C_0805_2012Metric,False,front,F.Cu,144.7,201.35,0.0,114.149999,164.8,0.0,1.6,0.0,verified_maximum,maximum,1.35,https://www.mouser.com/catalog/specsheets/grm21br71a105ka01.pdf,1.35,,,,8.0,9.35,,,d4f10273215db5e6d2a23fbbb6d47d9f501da9e0ff759512a6f8be15966a65b5
center,other,C449,1u LP5907 output,GRM21BR71A105KA01L,Capacitor_SMD:C_0805_2012Metric,False,front,F.Cu,140.3,201.35,180.0,109.749999,164.8,180.0,1.6,0.0,verified_maximum,maximum,1.35,https://www.mouser.com/catalog/specsheets/grm21br71a105ka01.pdf,1.35,,,,8.0,9.35,,,d4f10273215db5e6d2a23fbbb6d47d9f501da9e0ff759512a6f8be15966a65b5
center,other,C450,100n microphone VDD at pin 3,GRM188R71H104KA93D,Capacitor_SMD:C_0603_1608Metric,False,front,F.Cu,152.75,202.1,90.0,122.199999,165.55,90.0,1.6,0.0,verified_maximum,maximum,0.9,https://www.murata.com/-/media/webrenewal/tool/library/common-pdf/dynamic-model/component-list-d-mlcc-2506.ashx?cvid=20250805040419000000&la=ja-jp,0.9,,,,8.0,8.9,,,d4f10273215db5e6d2a23fbbb6d47d9f501da9e0ff759512a6f8be15966a65b5
center,other,C451,100n trackpad logic bypass,GRM188R71H104KA93D,Capacitor_SMD:C_0603_1608Metric,False,front,F.Cu,158.55,184.3,0.0,127.999999,147.75,0.0,1.6,0.0,verified_maximum,maximum,0.9,https://www.murata.com/-/media/webrenewal/tool/library/common-pdf/dynamic-model/component-list-d-mlcc-2506.ashx?cvid=20250805040419000000&la=ja-jp,0.9,,,,8.0,8.9,,,d4f10273215db5e6d2a23fbbb6d47d9f501da9e0ff759512a6f8be15966a65b5
center,other,C452,100n TLV9061 local bypass,GRM188R71H104KA93D,Capacitor_SMD:C_0603_1608Metric,False,back,B.Cu,147.3,195.05,90.0,116.749999,158.5,90.0,1.6,-1.6,verified_maximum,maximum,0.9,https://www.murata.com/-/media/webrenewal/tool/library/common-pdf/dynamic-model/component-list-d-mlcc-2506.ashx?cvid=20250805040419000000&la=ja-jp,-2.5,,0.3,-2.8,6.4,5.5,,5.2,d4f10273215db5e6d2a23fbbb6d47d9f501da9e0ff759512a6f8be15966a65b5
center,other,C453,1.2n C0G feedback low-pass,GRM1885C1H122JA01,Capacitor_SMD:C_0603_1608Metric,False,front,F.Cu,151.15,195.85,90.0,120.599999,159.3,90.0,1.6,0.0,unverified,,,,,,,,8.0,,,,d4f10273215db5e6d2a23fbbb6d47d9f501da9e0ff759512a6f8be15966a65b5
center,other,C454,4.7u microphone gain-leg AC coupling,GRM31CR61C475KA01,Capacitor_SMD:C_1206_3216Metric,False,front,F.Cu,154.6,193.1,90.0,124.049999,156.55,90.0,1.6,0.0,verified_maximum,maximum,1.8,https://cms.nacsemi.com/content/AuthDatasheets/MURE-S-A0003031232-1.pdf,1.8,,,,8.0,9.8,,,d4f10273215db5e6d2a23fbbb6d47d9f501da9e0ff759512a6f8be15966a65b5
center,other,C455,4.7u microphone to PCM2900 VINL per TI analog front-end,GRM31CR61C475KA01,Capacitor_SMD:C_1206_3216Metric,False,back,B.Cu,166.3,179.2,180.0,135.749999,142.65,180.0,1.6,-1.6,verified_maximum,maximum,1.8,https://cms.nacsemi.com/content/AuthDatasheets/MURE-S-A0003031232-1.pdf,-3.4,,0.3,-3.7,6.4,4.6,,4.3,d4f10273215db5e6d2a23fbbb6d47d9f501da9e0ff759512a6f8be15966a65b5
center,other,C456,4.7u microphone to PCM2900 VINR per TI analog front-end,GRM31CR61C475KA01,Capacitor_SMD:C_1206_3216Metric,False,back,B.Cu,167.85,183.4,90.0,137.299999,146.85,90.0,1.6,-1.6,verified_maximum,maximum,1.8,https://cms.nacsemi.com/content/AuthDatasheets/MURE-S-A0003031232-1.pdf,-3.4,,0.3,-3.7,6.4,4.6,,4.3,d4f10273215db5e6d2a23fbbb6d47d9f501da9e0ff759512a6f8be15966a65b5
center,other,C457,0.47u L input coupling to LEFTINM,GRM21BR71H474KA01,Capacitor_SMD:C_0805_2012Metric,False,front,F.Cu,275.05,59.3,0.0,244.499999,22.75,0.0,1.6,0.0,unverified,,,,,,,,8.0,,,,d4f10273215db5e6d2a23fbbb6d47d9f501da9e0ff759512a6f8be15966a65b5
center,other,C458,0.47u L INP AC-ground reference,GRM21BR71H474KA01,Capacitor_SMD:C_0805_2012Metric,False,front,F.Cu,274.7,54.85,90.0,244.149999,18.3,90.0,1.6,0.0,unverified,,,,,,,,8.0,,,,d4f10273215db5e6d2a23fbbb6d47d9f501da9e0ff759512a6f8be15966a65b5
center,other,C459,0.47u R input coupling to RIGHTINM,GRM21BR71H474KA01,Capacitor_SMD:C_0805_2012Metric,False,front,F.Cu,275.3,61.35,0.0,244.749999,24.8,0.0,1.6,0.0,unverified,,,,,,,,8.0,,,,d4f10273215db5e6d2a23fbbb6d47d9f501da9e0ff759512a6f8be15966a65b5
center,other,C460,0.47u R INP AC-ground reference,GRM21BR71H474KA01,Capacitor_SMD:C_0805_2012Metric,False,front,F.Cu,278.95,62.55,0.0,248.399999,26.0,0.0,1.6,0.0,unverified,,,,,,,,8.0,,,,d4f10273215db5e6d2a23fbbb6d47d9f501da9e0ff759512a6f8be15966a65b5
center,other,C461,1u charge-pump flying CPP-CPN,GRM21BR71H105KA01,Capacitor_SMD:C_0805_2012Metric,False,front,F.Cu,279.75,55.05,0.0,249.199999,18.5,0.0,1.6,0.0,unverified,,,,,,,,8.0,,,,d4f10273215db5e6d2a23fbbb6d47d9f501da9e0ff759512a6f8be15966a65b5
center,other,C462,1u CPVSS negative-rail decoupling,GRM21BR71H105KA01,Capacitor_SMD:C_0805_2012Metric,False,front,F.Cu,282.8,55.4,90.0,252.249999,18.85,90.0,1.6,0.0,unverified,,,,,,,,8.0,,,,d4f10273215db5e6d2a23fbbb6d47d9f501da9e0ff759512a6f8be15966a65b5
center,other,C463,1u VDD pin 12 analog bypass,GRM21BR71H105KA01,Capacitor_SMD:C_0805_2012Metric,False,front,F.Cu,283.15,59.8,270.0,252.599999,23.25,270.0,1.6,0.0,unverified,,,,,,,,8.0,,,,d4f10273215db5e6d2a23fbbb6d47d9f501da9e0ff759512a6f8be15966a65b5
center,other,C464,1u VDD pin 20 charge-pump supply bypass,GRM21BR71H105KA01,Capacitor_SMD:C_0805_2012Metric,False,front,F.Cu,276.8,54.65,90.0,246.249999,18.1,90.0,1.6,0.0,unverified,,,,,,,,8.0,,,,d4f10273215db5e6d2a23fbbb6d47d9f501da9e0ff759512a6f8be15966a65b5
center,other,C465,100n VDD high-frequency bypass,GRM188R71H104KA93D,Capacitor_SMD:C_0603_1608Metric,False,front,F.Cu,275.25,57.35,180.0,244.699999,20.8,180.0,1.6,0.0,verified_maximum,maximum,0.9,https://www.murata.com/-/media/webrenewal/tool/library/common-pdf/dynamic-model/component-list-d-mlcc-2506.ashx?cvid=20250805040419000000&la=ja-jp,0.9,,,,8.0,8.9,,,d4f10273215db5e6d2a23fbbb6d47d9f501da9e0ff759512a6f8be15966a65b5
center,other,C586,100n 10V X7R Mu USB3 TX AC,GRM155R71A104KA01D,Capacitor_SMD:C_0402_1005Metric,False,front,F.Cu,200.469999,52.75,90.0,169.919998,16.2,90.0,1.6,0.0,verified_maximum,maximum,0.55,https://www.farnell.com/datasheets/4087771.pdf,0.55,,,,8.0,8.55,,,d4f10273215db5e6d2a23fbbb6d47d9f501da9e0ff759512a6f8be15966a65b5
center,other,C587,100n 10V X7R Mu USB3 TX AC,GRM155R71A104KA01D,Capacitor_SMD:C_0402_1005Metric,False,front,F.Cu,199.3,53.05,270.0,168.749999,16.5,270.0,1.6,0.0,verified_maximum,maximum,0.55,https://www.farnell.com/datasheets/4087771.pdf,0.55,,,,8.0,8.55,,,d4f10273215db5e6d2a23fbbb6d47d9f501da9e0ff759512a6f8be15966a65b5
center,other,C590,220n 10V X7R Wi-Fi TX AC,GRM155R71A224KE01D,Capacitor_SMD:C_0402_1005Metric,False,back,B.Cu,205.0,130.5,270.0,174.449999,93.95,270.0,1.6,-1.6,verified_maximum,maximum,0.55,https://search.murata.co.jp/Ceramy/image/img/A01X/G101/ENG/GRM155R71A224KE01-01.pdf,-2.15,,0.3,-2.45,6.4,5.85,,5.55,d4f10273215db5e6d2a23fbbb6d47d9f501da9e0ff759512a6f8be15966a65b5
center,other,C591,220n 10V X7R Wi-Fi TX AC,GRM155R71A224KE01D,Capacitor_SMD:C_0402_1005Metric,False,back,B.Cu,206.4,130.5,270.0,175.849999,93.95,270.0,1.6,-1.6,verified_maximum,maximum,0.55,https://search.murata.co.jp/Ceramy/image/img/A01X/G101/ENG/GRM155R71A224KE01-01.pdf,-2.15,,0.3,-2.45,6.4,5.85,,5.55,d4f10273215db5e6d2a23fbbb6d47d9f501da9e0ff759512a6f8be15966a65b5
center,other,C592,220n 10V X7R NVMe TX AC,GRM155R71A224KE01D,Capacitor_SMD:C_0402_1005Metric,False,back,B.Cu,220.25,133.875,0.0,189.699999,97.325,0.0,1.6,-1.6,verified_maximum,maximum,0.55,https://search.murata.co.jp/Ceramy/image/img/A01X/G101/ENG/GRM155R71A224KE01-01.pdf,-2.15,,0.3,-2.45,6.4,5.85,,5.55,d4f10273215db5e6d2a23fbbb6d47d9f501da9e0ff759512a6f8be15966a65b5
center,other,C593,220n 10V X7R NVMe TX AC,GRM155R71A224KE01D,Capacitor_SMD:C_0402_1005Metric,False,back,B.Cu,220.25,134.925,0.0,189.699999,98.375,0.0,1.6,-1.6,verified_maximum,maximum,0.55,https://search.murata.co.jp/Ceramy/image/img/A01X/G101/ENG/GRM155R71A224KE01-01.pdf,-2.15,,0.3,-2.45,6.4,5.85,,5.55,d4f10273215db5e6d2a23fbbb6d47d9f501da9e0ff759512a6f8be15966a65b5
center,other,C594,220n 10V X7R NVMe TX AC,GRM155R71A224KE01D,Capacitor_SMD:C_0402_1005Metric,False,back,B.Cu,220.25,136.875,0.0,189.699999,100.325,0.0,1.6,-1.6,verified_maximum,maximum,0.55,https://search.murata.co.jp/Ceramy/image/img/A01X/G101/ENG/GRM155R71A224KE01-01.pdf,-2.15,,0.3,-2.45,6.4,5.85,,5.55,d4f10273215db5e6d2a23fbbb6d47d9f501da9e0ff759512a6f8be15966a65b5
center,other,C595,220n 10V X7R NVMe TX AC,GRM155R71A224KE01D,Capacitor_SMD:C_0402_1005Metric,False,back,B.Cu,220.25,137.925,0.0,189.699999,101.375,0.0,1.6,-1.6,verified_maximum,maximum,0.55,https://search.murata.co.jp/Ceramy/image/img/A01X/G101/ENG/GRM155R71A224KE01-01.pdf,-2.15,,0.3,-2.45,6.4,5.85,,5.55,d4f10273215db5e6d2a23fbbb6d47d9f501da9e0ff759512a6f8be15966a65b5
center,other,C596,220n 10V X7R NVMe TX AC,GRM155R71A224KE01D,Capacitor_SMD:C_0402_1005Metric,False,back,B.Cu,220.5,140.0,0.0,189.949999,103.45,0.0,1.6,-1.6,verified_maximum,maximum,0.55,https://search.murata.co.jp/Ceramy/image/img/A01X/G101/ENG/GRM155R71A224KE01-01.pdf,-2.15,,0.3,-2.45,6.4,5.85,,5.55,d4f10273215db5e6d2a23fbbb6d47d9f501da9e0ff759512a6f8be15966a65b5
center,other,C597,220n 10V X7R NVMe TX AC,GRM155R71A224KE01D,Capacitor_SMD:C_0402_1005Metric,False,back,B.Cu,220.5,141.3,0.0,189.949999,104.75,0.0,1.6,-1.6,verified_maximum,maximum,0.55,https://search.murata.co.jp/Ceramy/image/img/A01X/G101/ENG/GRM155R71A224KE01-01.pdf,-2.15,,0.3,-2.45,6.4,5.85,,5.55,d4f10273215db5e6d2a23fbbb6d47d9f501da9e0ff759512a6f8be15966a65b5
center,charger,C701,10u 50V X7R input,CGA5L1X7R1H106K160AC,Capacitor_SMD:C_1206_3216Metric,False,front,F.Cu,222.0,161.0,270.0,191.449999,124.45,270.0,1.6,0.0,verified_maximum,maximum,1.9,https://product.tdk.com/en/search/capacitor/ceramic/mlcc/info?part_no=CGA5L1X7R1H106K160AC,1.9,,,,8.0,9.9,,,d4f10273215db5e6d2a23fbbb6d47d9f501da9e0ff759512a6f8be15966a65b5
center,charger,C702,10u 50V X7R input,CGA5L1X7R1H106K160AC,Capacitor_SMD:C_1206_3216Metric,False,front,F.Cu,224.65,161.0,270.0,194.099999,124.45,270.0,1.6,0.0,verified_maximum,maximum,1.9,https://product.tdk.com/en/search/capacitor/ceramic/mlcc/info?part_no=CGA5L1X7R1H106K160AC,1.9,,,,8.0,9.9,,,d4f10273215db5e6d2a23fbbb6d47d9f501da9e0ff759512a6f8be15966a65b5
center,charger,C703,10u 50V X7R input,CGA5L1X7R1H106K160AC,Capacitor_SMD:C_1206_3216Metric,False,front,F.Cu,227.3,161.0,270.0,196.749999,124.45,270.0,1.6,0.0,verified_maximum,maximum,1.9,https://product.tdk.com/en/search/capacitor/ceramic/mlcc/info?part_no=CGA5L1X7R1H106K160AC,1.9,,,,8.0,9.9,,,d4f10273215db5e6d2a23fbbb6d47d9f501da9e0ff759512a6f8be15966a65b5
center,charger,C704,10u 50V X7R input,CGA5L1X7R1H106K160AC,Capacitor_SMD:C_1206_3216Metric,False,front,F.Cu,229.95,161.0,270.0,199.399999,124.45,270.0,1.6,0.0,verified_maximum,maximum,1.9,https://product.tdk.com/en/search/capacitor/ceramic/mlcc/info?part_no=CGA5L1X7R1H106K160AC,1.9,,,,8.0,9.9,,,d4f10273215db5e6d2a23fbbb6d47d9f501da9e0ff759512a6f8be15966a65b5
center,charger,C705,10u 50V X7R input,CGA5L1X7R1H106K160AC,Capacitor_SMD:C_1206_3216Metric,False,front,F.Cu,232.6,161.0,270.0,202.049999,124.45,270.0,1.6,0.0,verified_maximum,maximum,1.9,https://product.tdk.com/en/search/capacitor/ceramic/mlcc/info?part_no=CGA5L1X7R1H106K160AC,1.9,,,,8.0,9.9,,,d4f10273215db5e6d2a23fbbb6d47d9f501da9e0ff759512a6f8be15966a65b5
center,charger,C706,10u 25V X7R system,GRM31CR71E106KA12L,Capacitor_SMD:C_1206_3216Metric,False,front,F.Cu,194.25,154.5,270.0,163.699999,117.95,270.0,1.6,0.0,verified_maximum,maximum,1.8,https://docs.rs-online.com/aab4/0900766b813d2ca8.pdf,1.8,,,,8.0,9.8,,,d4f10273215db5e6d2a23fbbb6d47d9f501da9e0ff759512a6f8be15966a65b5
center,charger,C707,10u 25V X7R system,GRM31CR71E106KA12L,Capacitor_SMD:C_1206_3216Metric,False,front,F.Cu,197.6,150.85,270.0,167.049999,114.3,270.0,1.6,0.0,verified_maximum,maximum,1.8,https://docs.rs-online.com/aab4/0900766b813d2ca8.pdf,1.8,,,,8.0,9.8,,,d4f10273215db5e6d2a23fbbb6d47d9f501da9e0ff759512a6f8be15966a65b5
center,charger,C708,10u 25V X7R system,GRM31CR71E106KA12L,Capacitor_SMD:C_1206_3216Metric,False,front,F.Cu,201.1,150.85,270.0,170.549999,114.3,270.0,1.6,0.0,verified_maximum,maximum,1.8,https://docs.rs-online.com/aab4/0900766b813d2ca8.pdf,1.8,,,,8.0,9.8,,,d4f10273215db5e6d2a23fbbb6d47d9f501da9e0ff759512a6f8be15966a65b5
center,charger,C709,10u 25V X7R system,GRM31CR71E106KA12L,Capacitor_SMD:C_1206_3216Metric,False,front,F.Cu,204.6,150.85,270.0,174.049999,114.3,270.0,1.6,0.0,verified_maximum,maximum,1.8,https://docs.rs-online.com/aab4/0900766b813d2ca8.pdf,1.8,,,,8.0,9.8,,,d4f10273215db5e6d2a23fbbb6d47d9f501da9e0ff759512a6f8be15966a65b5
center,charger,C710,10u 25V X7R system,GRM31CR71E106KA12L,Capacitor_SMD:C_1206_3216Metric,False,front,F.Cu,208.1,151.35,270.0,177.549999,114.8,270.0,1.6,0.0,verified_maximum,maximum,1.8,https://docs.rs-online.com/aab4/0900766b813d2ca8.pdf,1.8,,,,8.0,9.8,,,d4f10273215db5e6d2a23fbbb6d47d9f501da9e0ff759512a6f8be15966a65b5
center,charger,C711,100n 50V battery voltage filter,GRM155R71H104ME14D,Capacitor_SMD:C_0402_1005Metric,False,back,B.Cu,204.156178,163.886508,180.0,173.606177,127.336508,180.0,1.6,-1.6,verified_maximum,maximum,0.55,https://datasheet.octopart.com/GRM155R71H104ME14D-Murata-datasheet-138740983.pdf,-2.15,,0.3,-2.45,6.4,5.85,,5.55,d4f10273215db5e6d2a23fbbb6d47d9f501da9e0ff759512a6f8be15966a65b5
center,charger,C712,10u 25V X7R battery,GRM31CR71E106KA12L,Capacitor_SMD:C_1206_3216Metric,False,front,F.Cu,226.7,175.0,90.0,196.149999,138.45,90.0,1.6,0.0,verified_maximum,maximum,1.8,https://docs.rs-online.com/aab4/0900766b813d2ca8.pdf,1.8,,,,8.0,9.8,,,d4f10273215db5e6d2a23fbbb6d47d9f501da9e0ff759512a6f8be15966a65b5
center,charger,C713,10u 25V X7R battery,GRM31CR71E106KA12L,Capacitor_SMD:C_1206_3216Metric,False,front,F.Cu,229.35,175.25,90.0,198.799999,138.7,90.0,1.6,0.0,verified_maximum,maximum,1.8,https://docs.rs-online.com/aab4/0900766b813d2ca8.pdf,1.8,,,,8.0,9.8,,,d4f10273215db5e6d2a23fbbb6d47d9f501da9e0ff759512a6f8be15966a65b5
center,charger,C714,2.2u 50V X7R input damper,MSASU21GBB7225KTNA01,Capacitor_SMD:C_0805_2012Metric,False,front,F.Cu,235.2125,152.425,180.0,204.662499,115.875,180.0,1.6,0.0,unverified,,,,,,,,8.0,,,,d4f10273215db5e6d2a23fbbb6d47d9f501da9e0ff759512a6f8be15966a65b5
center,other,C715,1n 50V C0G stage2 validation,GRM1555C1H102JA01D,Capacitor_SMD:C_0402_1005Metric,False,front,F.Cu,185.200001,161.4135,0.0,154.65,124.8635,0.0,1.6,0.0,verified_maximum,maximum,0.55,https://datasheet.octopart.com/GRM1555C1H102JA01D-Murata-datasheet-7625556.pdf,0.55,,,,8.0,8.55,,,d4f10273215db5e6d2a23fbbb6d47d9f501da9e0ff759512a6f8be15966a65b5
center,other,C720,1u 50V X7R AUX input,GRM21BR71H105KA01,Capacitor_SMD:C_0805_2012Metric,False,front,F.Cu,197.9875,63.925,270.0,167.437499,27.375,270.0,1.6,0.0,unverified,,,,,,,,8.0,,,,d4f10273215db5e6d2a23fbbb6d47d9f501da9e0ff759512a6f8be15966a65b5
center,other,C721,100n 50V X7R AUX eFuse local,GRM188R71H104KA93D,Capacitor_SMD:C_0603_1608Metric,False,front,F.Cu,196.9875,59.425,0.0,166.437499,22.875,0.0,1.6,0.0,verified_maximum,maximum,0.9,https://www.murata.com/-/media/webrenewal/tool/library/common-pdf/dynamic-model/component-list-d-mlcc-2506.ashx?cvid=20250805040419000000&la=ja-jp,0.9,,,,8.0,8.9,,,d4f10273215db5e6d2a23fbbb6d47d9f501da9e0ff759512a6f8be15966a65b5
center,other,C722,10u 50V X7R AUX output,CGA5L1X7R1H106K160AC,Capacitor_SMD:C_1206_3216Metric,False,front,F.Cu,187.25,61.85,180.0,156.699999,25.3,180.0,1.6,0.0,verified_maximum,maximum,1.9,https://product.tdk.com/en/search/capacitor/ceramic/mlcc/info?part_no=CGA5L1X7R1H106K160AC,1.9,,,,8.0,9.9,,,d4f10273215db5e6d2a23fbbb6d47d9f501da9e0ff759512a6f8be15966a65b5
center,other,C723,100n AUX eFuse dVdT approx 50ms at 24V,GRM188R71H104KA93D,Capacitor_SMD:C_0603_1608Metric,False,front,F.Cu,193.025,55.9625,90.0,162.474999,19.4125,90.0,1.6,0.0,verified_maximum,maximum,0.9,https://www.murata.com/-/media/webrenewal/tool/library/common-pdf/dynamic-model/component-list-d-mlcc-2506.ashx?cvid=20250805040419000000&la=ja-jp,0.9,,,,8.0,8.9,,,d4f10273215db5e6d2a23fbbb6d47d9f501da9e0ff759512a6f8be15966a65b5
center,other,C740,100n 50V INTVCC,GRM188R71H104KA93D,Capacitor_SMD:C_0603_1608Metric,False,back,B.Cu,127.4,185.15,180.0,96.849999,148.6,180.0,1.6,-1.6,verified_maximum,maximum,0.9,https://www.murata.com/-/media/webrenewal/tool/library/common-pdf/dynamic-model/component-list-d-mlcc-2506.ashx?cvid=20250805040419000000&la=ja-jp,-2.5,,0.3,-2.8,6.4,5.5,,5.2,d4f10273215db5e6d2a23fbbb6d47d9f501da9e0ff759512a6f8be15966a65b5
center,other,C741,1n 50V C0G selector validation,GRM1555C1H102JA01D,Capacitor_SMD:C_0402_1005Metric,False,front,F.Cu,121.900001,181.55,90.0,91.35,145.0,90.0,1.6,0.0,verified_maximum,maximum,0.55,https://datasheet.octopart.com/GRM1555C1H102JA01D-Murata-datasheet-7625556.pdf,0.55,,,,8.0,8.55,,,d4f10273215db5e6d2a23fbbb6d47d9f501da9e0ff759512a6f8be15966a65b5
center,other,C742,100n 50V USB V1 local,GRM188R71H104KA93D,Capacitor_SMD:C_0603_1608Metric,False,front,F.Cu,126.600001,178.9,90.0,96.05,142.35,90.0,1.6,0.0,verified_maximum,maximum,0.9,https://www.murata.com/-/media/webrenewal/tool/library/common-pdf/dynamic-model/component-list-d-mlcc-2506.ashx?cvid=20250805040419000000&la=ja-jp,0.9,,,,8.0,8.9,,,d4f10273215db5e6d2a23fbbb6d47d9f501da9e0ff759512a6f8be15966a65b5
center,other,C743,100n 50V USB VS1 local,GRM188R71H104KA93D,Capacitor_SMD:C_0603_1608Metric,False,front,F.Cu,130.700001,182.05,0.0,100.15,145.5,0.0,1.6,0.0,verified_maximum,maximum,0.9,https://www.murata.com/-/media/webrenewal/tool/library/common-pdf/dynamic-model/component-list-d-mlcc-2506.ashx?cvid=20250805040419000000&la=ja-jp,0.9,,,,8.0,8.9,,,d4f10273215db5e6d2a23fbbb6d47d9f501da9e0ff759512a6f8be15966a65b5
center,other,C744,100n 50V stage2 V2 local,GRM188R71H104KA93D,Capacitor_SMD:C_0603_1608Metric,False,front,F.Cu,182.300001,158.7635,270.0,151.75,122.2135,270.0,1.6,0.0,verified_maximum,maximum,0.9,https://www.murata.com/-/media/webrenewal/tool/library/common-pdf/dynamic-model/component-list-d-mlcc-2506.ashx?cvid=20250805040419000000&la=ja-jp,0.9,,,,8.0,8.9,,,d4f10273215db5e6d2a23fbbb6d47d9f501da9e0ff759512a6f8be15966a65b5
center,other,C745,100n 50V AUX VS2 local,GRM188R71H104KA93D,Capacitor_SMD:C_0603_1608Metric,False,front,F.Cu,184.700001,149.05,0.0,154.15,112.5,0.0,1.6,0.0,verified_maximum,maximum,0.9,https://www.murata.com/-/media/webrenewal/tool/library/common-pdf/dynamic-model/component-list-d-mlcc-2506.ashx?cvid=20250805040419000000&la=ja-jp,0.9,,,,8.0,8.9,,,d4f10273215db5e6d2a23fbbb6d47d9f501da9e0ff759512a6f8be15966a65b5
center,other,C746,100u 35V hybrid selector output hold-up,EEHZK1V101XP,Capacitor_SMD:CP_Elec_6.3x7.7,False,front,F.Cu,129.950001,173.8,90.0,99.4,137.25,90.0,1.6,0.0,verified_maximum,maximum,8.0,https://util01.industrial.panasonic.com/ea/utilities/ds/chr-vw/EEHZK1V101XP,8.0,,,,8.0,16.0,,,d4f10273215db5e6d2a23fbbb6d47d9f501da9e0ff759512a6f8be15966a65b5
center,other,C747,100n 50V stage2 VS1 local,GRM188R71H104KA93D,Capacitor_SMD:C_0603_1608Metric,False,front,F.Cu,130.700001,183.55,0.0,100.15,147.0,0.0,1.6,0.0,verified_maximum,maximum,0.9,https://www.murata.com/-/media/webrenewal/tool/library/common-pdf/dynamic-model/component-list-d-mlcc-2506.ashx?cvid=20250805040419000000&la=ja-jp,0.9,,,,8.0,8.9,,,d4f10273215db5e6d2a23fbbb6d47d9f501da9e0ff759512a6f8be15966a65b5
center,other,C748,100n 50V stage2 out local,GRM188R71H104KA93D,Capacitor_SMD:C_0603_1608Metric,False,back,B.Cu,184.6,154.95,270.0,154.049999,118.4,270.0,1.6,-1.6,verified_maximum,maximum,0.9,https://www.murata.com/-/media/webrenewal/tool/library/common-pdf/dynamic-model/component-list-d-mlcc-2506.ashx?cvid=20250805040419000000&la=ja-jp,-2.5,,0.3,-2.8,6.4,5.5,,5.2,d4f10273215db5e6d2a23fbbb6d47d9f501da9e0ff759512a6f8be15966a65b5
center,other,C749,100n 50V stage2 INTVCC,GRM188R71H104KA93D,Capacitor_SMD:C_0603_1608Metric,False,back,B.Cu,187.8,155.9,270.0,157.249999,119.35,270.0,1.6,-1.6,verified_maximum,maximum,0.9,https://www.murata.com/-/media/webrenewal/tool/library/common-pdf/dynamic-model/component-list-d-mlcc-2506.ashx?cvid=20250805040419000000&la=ja-jp,-2.5,,0.3,-2.8,6.4,5.5,,5.2,d4f10273215db5e6d2a23fbbb6d47d9f501da9e0ff759512a6f8be15966a65b5
center,mu_supply,C750,68u 50V hybrid input bulk,EEHZA1H680P,Capacitor_SMD:CP_Elec_8x10,False,front,F.Cu,137.25,123.9,0.0,106.699999,87.35,0.0,1.6,0.0,verified_maximum,maximum,10.5,https://industrial.panasonic.com/cdbs/www-data/pdf/RDD0000/ABA0000C1221.pdf,10.5,,,,8.0,18.5,,,d4f10273215db5e6d2a23fbbb6d47d9f501da9e0ff759512a6f8be15966a65b5
center,mu_supply,C751,10u 50V X7R input,CGA5L1X7R1H106K160AC,Capacitor_SMD:C_1206_3216Metric,False,front,F.Cu,139.5,114.25,270.0,108.949999,77.7,270.0,1.6,0.0,verified_maximum,maximum,1.9,https://product.tdk.com/en/search/capacitor/ceramic/mlcc/info?part_no=CGA5L1X7R1H106K160AC,1.9,,,,8.0,9.9,,,d4f10273215db5e6d2a23fbbb6d47d9f501da9e0ff759512a6f8be15966a65b5
center,mu_supply,C752,10u 50V X7R input,CGA5L1X7R1H106K160AC,Capacitor_SMD:C_1206_3216Metric,False,front,F.Cu,137.15,114.5,270.0,106.599999,77.95,270.0,1.6,0.0,verified_maximum,maximum,1.9,https://product.tdk.com/en/search/capacitor/ceramic/mlcc/info?part_no=CGA5L1X7R1H106K160AC,1.9,,,,8.0,9.9,,,d4f10273215db5e6d2a23fbbb6d47d9f501da9e0ff759512a6f8be15966a65b5
center,mu_supply,C753,1u 50V X5R input,GRT188R61H105ME13D,Capacitor_SMD:C_0603_1608Metric,False,front,F.Cu,144.0,108.722501,0.0,113.449999,72.172501,0.0,1.6,0.0,verified_maximum,maximum,0.9,https://www.mouser.com/datasheet/2/281/product-837155.pdf,0.9,,,,8.0,8.9,,,d4f10273215db5e6d2a23fbbb6d47d9f501da9e0ff759512a6f8be15966a65b5
center,mu_supply,C754,100n 50V X7R input HF,GRM155R71H104ME14D,Capacitor_SMD:C_0402_1005Metric,False,front,F.Cu,141.35,114.45,270.0,110.799999,77.9,270.0,1.6,0.0,verified_maximum,maximum,0.55,https://datasheet.octopart.com/GRM155R71H104ME14D-Murata-datasheet-138740983.pdf,0.55,,,,8.0,8.55,,,d4f10273215db5e6d2a23fbbb6d47d9f501da9e0ff759512a6f8be15966a65b5
center,mu_supply,C755,100n 50V X7R input HF,GRM155R71H104ME14D,Capacitor_SMD:C_0402_1005Metric,False,front,F.Cu,147.976093,116.211182,180.0,117.426092,79.661182,180.0,1.6,0.0,verified_maximum,maximum,0.55,https://datasheet.octopart.com/GRM155R71H104ME14D-Murata-datasheet-138740983.pdf,0.55,,,,8.0,8.55,,,d4f10273215db5e6d2a23fbbb6d47d9f501da9e0ff759512a6f8be15966a65b5
center,mu_supply,C756,100n 50V X7R output HF,GRM155R71H104ME14D,Capacitor_SMD:C_0402_1005Metric,False,front,F.Cu,153.177906,120.258614,180.0,122.627905,83.708614,180.0,1.6,0.0,verified_maximum,maximum,0.55,https://datasheet.octopart.com/GRM155R71H104ME14D-Murata-datasheet-138740983.pdf,0.55,,,,8.0,8.55,,,d4f10273215db5e6d2a23fbbb6d47d9f501da9e0ff759512a6f8be15966a65b5
center,mu_supply,C757,100n 50V X7R output HF,GRM155R71H104ME14D,Capacitor_SMD:C_0402_1005Metric,False,front,F.Cu,155.825,123.75,90.0,125.274999,87.2,90.0,1.6,0.0,verified_maximum,maximum,0.55,https://datasheet.octopart.com/GRM155R71H104ME14D-Murata-datasheet-138740983.pdf,0.55,,,,8.0,8.55,,,d4f10273215db5e6d2a23fbbb6d47d9f501da9e0ff759512a6f8be15966a65b5
center,mu_supply,C758,1u 50V X5R output,GRT188R61H105ME13D,Capacitor_SMD:C_0603_1608Metric,False,front,F.Cu,155.244766,121.190285,90.0,124.694765,84.640285,90.0,1.6,0.0,verified_maximum,maximum,0.9,https://www.mouser.com/datasheet/2/281/product-837155.pdf,0.9,,,,8.0,8.9,,,d4f10273215db5e6d2a23fbbb6d47d9f501da9e0ff759512a6f8be15966a65b5
center,mu_supply,C759,10u 50V X7R output,CGA5L1X7R1H106K160AC,Capacitor_SMD:C_1206_3216Metric,False,front,F.Cu,152.069765,121.940285,180.0,121.519764,85.390285,180.0,1.6,0.0,verified_maximum,maximum,1.9,https://product.tdk.com/en/search/capacitor/ceramic/mlcc/info?part_no=CGA5L1X7R1H106K160AC,1.9,,,,8.0,9.9,,,d4f10273215db5e6d2a23fbbb6d47d9f501da9e0ff759512a6f8be15966a65b5
center,mu_supply,C760,10u 50V X7R output,CGA5L1X7R1H106K160AC,Capacitor_SMD:C_1206_3216Metric,False,front,F.Cu,151.25,125.75,180.0,120.699999,89.2,180.0,1.6,0.0,verified_maximum,maximum,1.9,https://product.tdk.com/en/search/capacitor/ceramic/mlcc/info?part_no=CGA5L1X7R1H106K160AC,1.9,,,,8.0,9.9,,,d4f10273215db5e6d2a23fbbb6d47d9f501da9e0ff759512a6f8be15966a65b5
center,mu_supply,C761,10u 50V X7R output,CGA5L1X7R1H106K160AC,Capacitor_SMD:C_1206_3216Metric,False,front,F.Cu,146.25,125.75,180.0,115.699999,89.2,180.0,1.6,0.0,verified_maximum,maximum,1.9,https://product.tdk.com/en/search/capacitor/ceramic/mlcc/info?part_no=CGA5L1X7R1H106K160AC,1.9,,,,8.0,9.9,,,d4f10273215db5e6d2a23fbbb6d47d9f501da9e0ff759512a6f8be15966a65b5
center,mu_supply,C762,100u 35V hybrid output bulk,EEHZK1V101XP,Capacitor_SMD:CP_Elec_6.3x7.7,False,front,F.Cu,163.75,118.5,0.0,133.199999,81.95,0.0,1.6,0.0,verified_maximum,maximum,8.0,https://util01.industrial.panasonic.com/ea/utilities/ds/chr-vw/EEHZK1V101XP,8.0,,,,8.0,16.0,,,d4f10273215db5e6d2a23fbbb6d47d9f501da9e0ff759512a6f8be15966a65b5
center,mu_supply,C763,1u 50V post-sense load-side bypass,GRT188R61H105ME13D,Capacitor_SMD:C_0603_1608Metric,False,front,F.Cu,162.425,123.75,90.0,131.874999,87.2,90.0,1.6,0.0,verified_maximum,maximum,0.9,https://www.mouser.com/datasheet/2/281/product-837155.pdf,0.9,,,,8.0,8.9,,,d4f10273215db5e6d2a23fbbb6d47d9f501da9e0ff759512a6f8be15966a65b5
center,mu_supply,C764,22u 16V X7R VCC mandatory; effective >4.7u,GRM31CZ71C226ME15L,Capacitor_SMD:C_1206_3216Metric,False,front,F.Cu,156.528913,117.634726,0.0,125.978912,81.084726,0.0,1.6,0.0,unverified,,,,,,,,8.0,,,,d4f10273215db5e6d2a23fbbb6d47d9f501da9e0ff759512a6f8be15966a65b5
center,mu_supply,C765,100n 50V X8L bootstrap,GCM188L81H104KA57D,Capacitor_SMD:C_0603_1608Metric,False,front,F.Cu,150.25,114.5,180.0,119.699999,77.95,180.0,1.6,0.0,unverified,,,,,,,,8.0,,,,d4f10273215db5e6d2a23fbbb6d47d9f501da9e0ff759512a6f8be15966a65b5
center,mu_supply,C766,100n 50V X8L bootstrap,GCM188L81H104KA57D,Capacitor_SMD:C_0603_1608Metric,False,front,F.Cu,153.3,114.5,180.0,122.749999,77.95,180.0,1.6,0.0,unverified,,,,,,,,8.0,,,,d4f10273215db5e6d2a23fbbb6d47d9f501da9e0ff759512a6f8be15966a65b5
center,mu_supply,C767,10n DITH/SYNC spreading,GRM188R71H103KA01,Capacitor_SMD:C_0603_1608Metric,False,back,B.Cu,148.0,121.3,180.0,117.449999,84.75,180.0,1.6,-1.6,verified_maximum,maximum,0.9,https://www.farnell.com/datasheets/1747461.pdf,-2.5,,0.3,-2.8,6.4,5.5,,5.2,d4f10273215db5e6d2a23fbbb6d47d9f501da9e0ff759512a6f8be15966a65b5
center,mu_supply,C768,DNP 2.2n 250V X7R switch-node snubber,GRM21AR72E222KW01D,Capacitor_SMD:C_0805_2012Metric,True,front,F.Cu,135.4375,117.972501,180.0,104.887499,81.422501,180.0,1.6,0.0,unverified,,,,,,,,8.0,,,,d4f10273215db5e6d2a23fbbb6d47d9f501da9e0ff759512a6f8be15966a65b5
center,mu_supply,C769,DNP 2.2n 250V X7R switch-node snubber,GRM21AR72E222KW01D,Capacitor_SMD:C_0805_2012Metric,True,front,F.Cu,161.237111,113.872569,0.0,130.68711,77.322569,0.0,1.6,0.0,unverified,,,,,,,,8.0,,,,d4f10273215db5e6d2a23fbbb6d47d9f501da9e0ff759512a6f8be15966a65b5
center,mu_supply,C770,100n differential current-sense filter,GRM155R71H104ME14D,Capacitor_SMD:C_0402_1005Metric,False,back,B.Cu,153.95,118.85,0.0,123.399999,82.3,0.0,1.6,-1.6,verified_maximum,maximum,0.55,https://datasheet.octopart.com/GRM155R71H104ME14D-Murata-datasheet-138740983.pdf,-2.15,,0.3,-2.45,6.4,5.85,,5.55,d4f10273215db5e6d2a23fbbb6d47d9f501da9e0ff759512a6f8be15966a65b5
center,mu_supply,C771,10n 50V C0G COMP,GRM1885C1H103JA01D,Capacitor_SMD:C_0603_1608Metric,False,back,B.Cu,157.5,114.5,0.0,126.949999,77.95,0.0,1.6,-1.6,verified_maximum,maximum,0.9,https://www.farnell.com/datasheets/2048016.pdf,-2.5,,0.3,-2.8,6.4,5.5,,5.2,d4f10273215db5e6d2a23fbbb6d47d9f501da9e0ff759512a6f8be15966a65b5
center,mu_supply,C772,100p 50V C0G COMP HF,GRM1555C1H101JA01D,Capacitor_SMD:C_0402_1005Metric,False,back,B.Cu,154.4,116.5,0.0,123.849999,79.95,0.0,1.6,-1.6,verified_maximum,maximum,0.55,https://datasheet.ciiva.com/18184/getdatasheetpartid-199957-18184175.pdf,-2.15,,0.3,-2.45,6.4,5.85,,5.55,d4f10273215db5e6d2a23fbbb6d47d9f501da9e0ff759512a6f8be15966a65b5
center,mu_supply,C773,100n UVLO noise filter,GRM188R71H104KA93D,Capacitor_SMD:C_0603_1608Metric,False,back,B.Cu,147.0,116.4,180.0,116.449999,79.85,180.0,1.6,-1.6,verified_maximum,maximum,0.9,https://www.murata.com/-/media/webrenewal/tool/library/common-pdf/dynamic-model/component-list-d-mlcc-2506.ashx?cvid=20250805040419000000&la=ja-jp,-2.5,,0.3,-2.8,6.4,5.5,,5.2,d4f10273215db5e6d2a23fbbb6d47d9f501da9e0ff759512a6f8be15966a65b5
center,mu_supply,C774,10n PG deglitch,GRM188R71H103KA01,Capacitor_SMD:C_0603_1608Metric,False,back,B.Cu,150.104602,113.815074,0.0,119.554601,77.265074,0.0,1.6,-1.6,verified_maximum,maximum,0.9,https://www.farnell.com/datasheets/1747461.pdf,-2.5,,0.3,-2.8,6.4,5.5,,5.2,d4f10273215db5e6d2a23fbbb6d47d9f501da9e0ff759512a6f8be15966a65b5
center,mu_supply,C775,10n CC deglitch,GRM188R71H103KA01,Capacitor_SMD:C_0603_1608Metric,False,front,F.Cu,147.4,122.85,270.0,116.849999,86.3,270.0,1.6,0.0,verified_maximum,maximum,0.9,https://www.farnell.com/datasheets/1747461.pdf,0.9,,,,8.0,8.9,,,d4f10273215db5e6d2a23fbbb6d47d9f501da9e0ff759512a6f8be15966a65b5
center,other,C776,10u 50V endpoint input,CGA5L1X7R1H106K160AC,Capacitor_SMD:C_1206_3216Metric,False,front,F.Cu,248.250001,151.45,0.0,217.7,114.9,0.0,1.6,0.0,verified_maximum,maximum,1.9,https://product.tdk.com/en/search/capacitor/ceramic/mlcc/info?part_no=CGA5L1X7R1H106K160AC,1.9,,,,8.0,9.9,,,d4f10273215db5e6d2a23fbbb6d47d9f501da9e0ff759512a6f8be15966a65b5
center,other,C777,10u 50V endpoint input,CGA5L1X7R1H106K160AC,Capacitor_SMD:C_1206_3216Metric,False,front,F.Cu,240.550001,157.05,270.0,210.0,120.5,270.0,1.6,0.0,verified_maximum,maximum,1.9,https://product.tdk.com/en/search/capacitor/ceramic/mlcc/info?part_no=CGA5L1X7R1H106K160AC,1.9,,,,8.0,9.9,,,d4f10273215db5e6d2a23fbbb6d47d9f501da9e0ff759512a6f8be15966a65b5
center,other,C778,100n 50V endpoint input HF,GRM188R71H104KA93D,Capacitor_SMD:C_0603_1608Metric,False,front,F.Cu,248.250001,153.95,0.0,217.7,117.4,0.0,1.6,0.0,verified_maximum,maximum,0.9,https://www.murata.com/-/media/webrenewal/tool/library/common-pdf/dynamic-model/component-list-d-mlcc-2506.ashx?cvid=20250805040419000000&la=ja-jp,0.9,,,,8.0,8.9,,,d4f10273215db5e6d2a23fbbb6d47d9f501da9e0ff759512a6f8be15966a65b5
center,other,C779,47n 25V endpoint bootstrap,GRM155R71E473KA88D,Capacitor_SMD:C_0402_1005Metric,False,front,F.Cu,243.350001,159.7,0.0,212.8,123.15,0.0,1.6,0.0,unverified,,,,,,,,8.0,,,,d4f10273215db5e6d2a23fbbb6d47d9f501da9e0ff759512a6f8be15966a65b5
center,other,C780,100n source-manager local,GRM188R71H104KA93D,Capacitor_SMD:C_0603_1608Metric,False,front,F.Cu,172.437501,59.625,0.0,141.8875,23.075,0.0,1.6,0.0,verified_maximum,maximum,0.9,https://www.murata.com/-/media/webrenewal/tool/library/common-pdf/dynamic-model/component-list-d-mlcc-2506.ashx?cvid=20250805040419000000&la=ja-jp,0.9,,,,8.0,8.9,,,d4f10273215db5e6d2a23fbbb6d47d9f501da9e0ff759512a6f8be15966a65b5
center,other,C781,100n service-mux reset gate local,GRM188R71H104KA93D,Capacitor_SMD:C_0603_1608Metric,False,back,B.Cu,134.8,46.65,180.0,104.249999,10.1,180.0,1.6,-1.6,verified_maximum,maximum,0.9,https://www.murata.com/-/media/webrenewal/tool/library/common-pdf/dynamic-model/component-list-d-mlcc-2506.ashx?cvid=20250805040419000000&la=ja-jp,-2.5,,0.3,-2.8,6.4,5.5,,5.2,d4f10273215db5e6d2a23fbbb6d47d9f501da9e0ff759512a6f8be15966a65b5
center,other,C782,22u 25V endpoint output; TI characterized part,GRM32ER71E226KE15L,Capacitor_SMD:C_1210_3225Metric,False,front,F.Cu,271.550001,160.05,0.0,241.0,123.5,0.0,1.6,0.0,verified_maximum,maximum,2.7,https://www.murata.com/en-global/api/pdfdownloadapi?cate=luCeramicCapacitorsSMD&partno=GRM32ER71E226KE15%23,2.7,,,,8.0,10.7,,,d4f10273215db5e6d2a23fbbb6d47d9f501da9e0ff759512a6f8be15966a65b5
center,other,C783,1u RTC_BAT hold,GRM188R60J105KA01D,Capacitor_SMD:C_0603_1608Metric,False,front,F.Cu,205.15,77.2,180.0,174.599999,40.65,180.0,1.6,0.0,unverified,,,,,,,,8.0,,,,d4f10273215db5e6d2a23fbbb6d47d9f501da9e0ff759512a6f8be15966a65b5
center,other,C790,10u 50V X7R TPS56637 VIN,CGA5L1X7R1H106K160AC,Capacitor_SMD:C_1206_3216Metric,False,front,F.Cu,128.625001,62.6,90.0,98.075,26.05,90.0,1.6,0.0,verified_maximum,maximum,1.9,https://product.tdk.com/en/search/capacitor/ceramic/mlcc/info?part_no=CGA5L1X7R1H106K160AC,1.9,,,,8.0,9.9,,,d4f10273215db5e6d2a23fbbb6d47d9f501da9e0ff759512a6f8be15966a65b5
center,other,C791,100n 50V X7R TPS56637 VIN HF,GRM188R71H104KA93D,Capacitor_SMD:C_0603_1608Metric,False,front,F.Cu,130.625001,63.35,90.0,100.075,26.8,90.0,1.6,0.0,verified_maximum,maximum,0.9,https://www.murata.com/-/media/webrenewal/tool/library/common-pdf/dynamic-model/component-list-d-mlcc-2506.ashx?cvid=20250805040419000000&la=ja-jp,0.9,,,,8.0,8.9,,,d4f10273215db5e6d2a23fbbb6d47d9f501da9e0ff759512a6f8be15966a65b5
center,other,C792,22u 25V X7R TPS56637 OUT; TI example part,GRM32ER71E226KE15L,Capacitor_SMD:C_1210_3225Metric,False,front,F.Cu,129.745001,79.71,270.0,99.195,43.16,270.0,1.6,0.0,verified_maximum,maximum,2.7,https://www.murata.com/en-global/api/pdfdownloadapi?cate=luCeramicCapacitorsSMD&partno=GRM32ER71E226KE15%23,2.7,,,,8.0,10.7,,,d4f10273215db5e6d2a23fbbb6d47d9f501da9e0ff759512a6f8be15966a65b5
center,other,C793,100n qualified host-active gate local,GRM188R71H104KA93D,Capacitor_SMD:C_0603_1608Metric,False,back,B.Cu,288.95,76.35,0.0,258.399999,39.8,0.0,1.6,-1.6,verified_maximum,maximum,0.9,https://www.murata.com/-/media/webrenewal/tool/library/common-pdf/dynamic-model/component-list-d-mlcc-2506.ashx?cvid=20250805040419000000&la=ja-jp,-2.5,,0.3,-2.8,6.4,5.5,,5.2,d4f10273215db5e6d2a23fbbb6d47d9f501da9e0ff759512a6f8be15966a65b5
center,other,C794,1u internal host VBUS switch input,GRM188R71A105KA61D,Capacitor_SMD:C_0603_1608Metric,False,front,F.Cu,290.412501,176.1,90.0,259.8625,139.55,90.0,1.6,0.0,verified_maximum,maximum,0.9,https://www.murata.com/-/media/webrenewal/tool/library/common-pdf/static-model/component-list-s-mlcc-2506.ashx?cvid=20250805040438000000&la=ko-kr,0.9,,,,8.0,8.9,,,d4f10273215db5e6d2a23fbbb6d47d9f501da9e0ff759512a6f8be15966a65b5
center,standby,C795,1u 50V AON input,GRT188R61H105ME13D,Capacitor_SMD:C_0603_1608Metric,False,back,B.Cu,154.747139,169.179934,180.0,124.197138,132.629934,180.0,1.6,-1.6,verified_maximum,maximum,0.9,https://www.mouser.com/datasheet/2/281/product-837155.pdf,-2.5,,0.3,-2.8,6.4,5.5,,5.2,d4f10273215db5e6d2a23fbbb6d47d9f501da9e0ff759512a6f8be15966a65b5
center,standby,C796,100n 50V AON input local,GRM188R71H104KA93D,Capacitor_SMD:C_0603_1608Metric,False,back,B.Cu,157.247139,170.179934,270.0,126.697138,133.629934,270.0,1.6,-1.6,verified_maximum,maximum,0.9,https://www.murata.com/-/media/webrenewal/tool/library/common-pdf/dynamic-model/component-list-d-mlcc-2506.ashx?cvid=20250805040419000000&la=ja-jp,-2.5,,0.3,-2.8,6.4,5.5,,5.2,d4f10273215db5e6d2a23fbbb6d47d9f501da9e0ff759512a6f8be15966a65b5
center,standby,C797,100u 35V hybrid AON hold-up,EEHZK1V101XP,Capacitor_SMD:CP_Elec_6.3x7.7,False,front,F.Cu,185.0,170.5,0.0,154.449999,133.95,0.0,1.6,0.0,verified_maximum,maximum,8.0,https://util01.industrial.panasonic.com/ea/utilities/ds/chr-vw/EEHZK1V101XP,8.0,,,,8.0,16.0,,,d4f10273215db5e6d2a23fbbb6d47d9f501da9e0ff759512a6f8be15966a65b5
center,standby,C798,100n 50V AON output local,GRM188R71H104KA93D,Capacitor_SMD:C_0603_1608Metric,False,front,F.Cu,180.889804,163.031666,90.0,150.339803,126.481666,90.0,1.6,0.0,verified_maximum,maximum,0.9,https://www.murata.com/-/media/webrenewal/tool/library/common-pdf/dynamic-model/component-list-d-mlcc-2506.ashx?cvid=20250805040419000000&la=ja-jp,0.9,,,,8.0,8.9,,,d4f10273215db5e6d2a23fbbb6d47d9f501da9e0ff759512a6f8be15966a65b5
center,standby,C799,22n 50V C0G gate ramp,C0805C223J5GACTU,Capacitor_SMD:C_0805_2012Metric,False,back,B.Cu,164.258433,168.76592,90.0,133.708432,132.21592,90.0,1.6,-1.6,verified_maximum,maximum,1.2,https://docs.rs-online.com/6448/0900766b817074ee.pdf,-2.8,,0.3,-3.1,6.4,5.2,,4.9,d4f10273215db5e6d2a23fbbb6d47d9f501da9e0ff759512a6f8be15966a65b5
center,other,C830,10u internal host VBUS output,GRM21BR61A106KE19L,Capacitor_SMD:C_0805_2012Metric,False,front,F.Cu,292.687501,175.35,90.0,262.1375,138.8,90.0,1.6,0.0,unverified,,,,,,,,8.0,,,,d4f10273215db5e6d2a23fbbb6d47d9f501da9e0ff759512a6f8be15966a65b5
center,other,C831,100n TPS3897 VCC bypass,GRM188R71A104KA01D,Capacitor_SMD:C_0603_1608Metric,False,front,F.Cu,301.812501,179.05,0.0,271.2625,142.5,0.0,1.6,0.0,unverified,,,,,,,,8.0,,,,d4f10273215db5e6d2a23fbbb6d47d9f501da9e0ff759512a6f8be15966a65b5
center,other,C832,1u endpoint switch input,GRM188R60J105KA01D,Capacitor_SMD:C_0603_1608Metric,False,front,F.Cu,282.987501,160.35,0.0,252.4375,123.8,0.0,1.6,0.0,unverified,,,,,,,,8.0,,,,d4f10273215db5e6d2a23fbbb6d47d9f501da9e0ff759512a6f8be15966a65b5
center,other,C833,22n 50V C0G 5% endpoint slew; parallel pair,C0805C223J5GACTU,Capacitor_SMD:C_0805_2012Metric,False,front,F.Cu,281.400001,162.15,0.0,250.85,125.6,0.0,1.6,0.0,verified_maximum,maximum,1.2,https://docs.rs-online.com/6448/0900766b817074ee.pdf,1.2,,,,8.0,9.2,,,d4f10273215db5e6d2a23fbbb6d47d9f501da9e0ff759512a6f8be15966a65b5
center,other,C834,22u 25V NVMe local bulk; TI characterized part,GRM32ER71E226KE15L,Capacitor_SMD:C_1210_3225Metric,False,front,F.Cu,227.800001,148.8,270.0,197.25,112.25,270.0,1.6,0.0,verified_maximum,maximum,2.7,https://www.murata.com/en-global/api/pdfdownloadapi?cate=luCeramicCapacitorsSMD&partno=GRM32ER71E226KE15%23,2.7,,,,8.0,10.7,,,d4f10273215db5e6d2a23fbbb6d47d9f501da9e0ff759512a6f8be15966a65b5
center,other,C835,100n NVMe rail HF,GRM188R71A104KA01D,Capacitor_SMD:C_0603_1608Metric,False,front,F.Cu,233.050001,147.3,0.0,202.5,110.75,0.0,1.6,0.0,unverified,,,,,,,,8.0,,,,d4f10273215db5e6d2a23fbbb6d47d9f501da9e0ff759512a6f8be15966a65b5
center,other,C836,10u 6.3V NVMe socket local bulk,GRM21BR60J106ME19L,Capacitor_SMD:C_0805_2012Metric,False,front,F.Cu,230.550001,148.3,270.0,200.0,111.75,270.0,1.6,0.0,unverified,,,,,,,,8.0,,,,d4f10273215db5e6d2a23fbbb6d47d9f501da9e0ff759512a6f8be15966a65b5
center,other,C837,100n NVMe socket local HF,GRM188R71A104KA01D,Capacitor_SMD:C_0603_1608Metric,False,front,F.Cu,221.900001,146.066667,180.0,191.35,109.516667,180.0,1.6,0.0,unverified,,,,,,,,8.0,,,,d4f10273215db5e6d2a23fbbb6d47d9f501da9e0ff759512a6f8be15966a65b5
center,other,C900,4.7u 6.3V X7R TPS62821 input,JMK107BB7475MA-T,Capacitor_SMD:C_0603_1608Metric,False,front,F.Cu,292.688993,84.161007,90.0,262.138992,47.611007,90.0,1.6,0.0,unverified,,,,,,,,8.0,,,,d4f10273215db5e6d2a23fbbb6d47d9f501da9e0ff759512a6f8be15966a65b5
center,other,C901,10u 10V X7R TPS62821 output A,GRM188Z71A106MA73D,Capacitor_SMD:C_0603_1608Metric,False,front,F.Cu,299.713993,87.161007,0.0,269.163992,50.611007,0.0,1.6,0.0,unverified,,,,,,,,8.0,,,,d4f10273215db5e6d2a23fbbb6d47d9f501da9e0ff759512a6f8be15966a65b5
center,other,C902,4.7u flash bulk,GRM155R61A475KE15,Capacitor_SMD:C_0402_1005Metric,False,front,F.Cu,309.5,62.45,90.0,278.949999,25.9,90.0,1.6,0.0,unverified,,,,,,,,8.0,,,,d4f10273215db5e6d2a23fbbb6d47d9f501da9e0ff759512a6f8be15966a65b5
center,other,C903,100n flash local,GRM155R71A104KA01D,Capacitor_SMD:C_0402_1005Metric,False,back,B.Cu,309.4,66.4,270.0,278.849999,29.85,270.0,1.6,-1.6,verified_maximum,maximum,0.55,https://www.farnell.com/datasheets/4087771.pdf,-2.15,,0.3,-2.45,6.4,5.85,,5.55,d4f10273215db5e6d2a23fbbb6d47d9f501da9e0ff759512a6f8be15966a65b5
center,other,C904,100n RP2350 3V3 local,GRM155R71A104KA01D,Capacitor_SMD:C_0402_1005Metric,False,back,B.Cu,307.75,65.9,180.0,277.199999,29.35,180.0,1.6,-1.6,verified_maximum,maximum,0.55,https://www.farnell.com/datasheets/4087771.pdf,-2.15,,0.3,-2.45,6.4,5.85,,5.55,d4f10273215db5e6d2a23fbbb6d47d9f501da9e0ff759512a6f8be15966a65b5
center,other,C905,100n RP2350 3V3 local,GRM155R71A104KA01D,Capacitor_SMD:C_0402_1005Metric,False,back,B.Cu,308.5,69.0,0.0,277.949999,32.45,0.0,1.6,-1.6,verified_maximum,maximum,0.55,https://www.farnell.com/datasheets/4087771.pdf,-2.15,,0.3,-2.45,6.4,5.85,,5.55,d4f10273215db5e6d2a23fbbb6d47d9f501da9e0ff759512a6f8be15966a65b5
center,other,C906,100n RP2350 3V3 local,GRM155R71A104KA01D,Capacitor_SMD:C_0402_1005Metric,False,back,B.Cu,310.8,71.3,0.0,280.249999,34.75,0.0,1.6,-1.6,verified_maximum,maximum,0.55,https://www.farnell.com/datasheets/4087771.pdf,-2.15,,0.3,-2.45,6.4,5.85,,5.55,d4f10273215db5e6d2a23fbbb6d47d9f501da9e0ff759512a6f8be15966a65b5
center,other,C907,100n RP2350 3V3 local,GRM155R71A104KA01D,Capacitor_SMD:C_0402_1005Metric,False,back,B.Cu,313.65,70.55,180.0,283.099999,34.0,180.0,1.6,-1.6,verified_maximum,maximum,0.55,https://www.farnell.com/datasheets/4087771.pdf,-2.15,,0.3,-2.45,6.4,5.85,,5.55,d4f10273215db5e6d2a23fbbb6d47d9f501da9e0ff759512a6f8be15966a65b5
center,other,C908,100n RP2350 3V3 local,GRM155R71A104KA01D,Capacitor_SMD:C_0402_1005Metric,False,back,B.Cu,316.1,69.5,270.0,285.549999,32.95,270.0,1.6,-1.6,verified_maximum,maximum,0.55,https://www.farnell.com/datasheets/4087771.pdf,-2.15,,0.3,-2.45,6.4,5.85,,5.55,d4f10273215db5e6d2a23fbbb6d47d9f501da9e0ff759512a6f8be15966a65b5
center,other,C909,100n RP2350 3V3 local,GRM155R71A104KA01D,Capacitor_SMD:C_0402_1005Metric,False,back,B.Cu,316.1,63.9,90.0,285.549999,27.35,90.0,1.6,-1.6,verified_maximum,maximum,0.55,https://www.farnell.com/datasheets/4087771.pdf,-2.15,,0.3,-2.45,6.4,5.85,,5.55,d4f10273215db5e6d2a23fbbb6d47d9f501da9e0ff759512a6f8be15966a65b5
center,other,C910,100n RP2350 3V3 local,GRM155R71A104KA01D,Capacitor_SMD:C_0402_1005Metric,False,back,B.Cu,313.05,63.7,90.0,282.499999,27.15,90.0,1.6,-1.6,verified_maximum,maximum,0.55,https://www.farnell.com/datasheets/4087771.pdf,-2.15,,0.3,-2.45,6.4,5.85,,5.55,d4f10273215db5e6d2a23fbbb6d47d9f501da9e0ff759512a6f8be15966a65b5
center,other,C911,4.7u VREG input,GRM155R61A475KE15,ducktop2:C_0402_RP2350_Regulator,False,front,F.Cu,313.800001,63.14,0.0,283.25,26.59,0.0,1.6,0.0,unverified,,,,,,,,8.0,,,,d4f10273215db5e6d2a23fbbb6d47d9f501da9e0ff759512a6f8be15966a65b5
center,other,C912,4.7u 1V1 output,GRM155R61A475KE15,ducktop2:C_0402_RP2350_Regulator,False,front,F.Cu,313.800001,62.2,0.0,283.25,25.65,0.0,1.6,0.0,unverified,,,,,,,,8.0,,,,d4f10273215db5e6d2a23fbbb6d47d9f501da9e0ff759512a6f8be15966a65b5
center,other,C913,4.7u VREG_AVDD,GRM155R61A475KE15,Capacitor_SMD:C_0402_1005Metric,False,front,F.Cu,316.000001,62.7,270.0,285.45,26.15,270.0,1.6,0.0,unverified,,,,,,,,8.0,,,,d4f10273215db5e6d2a23fbbb6d47d9f501da9e0ff759512a6f8be15966a65b5
center,other,C914,100n DVDD A,GRM155R71A104KA01D,Capacitor_SMD:C_0402_1005Metric,False,back,B.Cu,308.75,67.95,0.0,278.199999,31.4,0.0,1.6,-1.6,verified_maximum,maximum,0.55,https://www.farnell.com/datasheets/4087771.pdf,-2.15,,0.3,-2.45,6.4,5.85,,5.55,d4f10273215db5e6d2a23fbbb6d47d9f501da9e0ff759512a6f8be15966a65b5
center,other,C915,100n DVDD B,GRM155R71A104KA01D,Capacitor_SMD:C_0402_1005Metric,False,back,B.Cu,311.55,70.3,180.0,280.999999,33.75,180.0,1.6,-1.6,verified_maximum,maximum,0.55,https://www.farnell.com/datasheets/4087771.pdf,-2.15,,0.3,-2.45,6.4,5.85,,5.55,d4f10273215db5e6d2a23fbbb6d47d9f501da9e0ff759512a6f8be15966a65b5
center,other,C916,100n DVDD C,GRM155R71A104KA01D,Capacitor_SMD:C_0402_1005Metric,False,front,F.Cu,318.6,68.1,0.0,288.049999,31.55,0.0,1.6,0.0,verified_maximum,maximum,0.55,https://www.farnell.com/datasheets/4087771.pdf,0.55,,,,8.0,8.55,,,d4f10273215db5e6d2a23fbbb6d47d9f501da9e0ff759512a6f8be15966a65b5
center,other,C917,4.7u ADC_AVDD filter,GRM155R61A475KE15,Capacitor_SMD:C_0402_1005Metric,False,front,F.Cu,317.1,63.8,90.0,286.549999,27.25,90.0,1.6,0.0,unverified,,,,,,,,8.0,,,,d4f10273215db5e6d2a23fbbb6d47d9f501da9e0ff759512a6f8be15966a65b5
center,other,C918,15p XIN load,GRM1555C1H150JA01,Capacitor_SMD:C_0402_1005Metric,False,front,F.Cu,308.85,75.35,90.0,278.299999,38.8,90.0,1.6,0.0,verified_maximum,maximum,0.55,https://search.murata.co.jp/Ceramy/image/img/A01X/G101/ENG/GRM1555C1H150JA01-01A.pdf,0.55,,,,8.0,8.55,,,d4f10273215db5e6d2a23fbbb6d47d9f501da9e0ff759512a6f8be15966a65b5
center,other,C919,15p XOUT load,GRM1555C1H150JA01,Capacitor_SMD:C_0402_1005Metric,False,front,F.Cu,315.35,76.05,270.0,284.799999,39.5,270.0,1.6,0.0,verified_maximum,maximum,0.55,https://search.murata.co.jp/Ceramy/image/img/A01X/G101/ENG/GRM1555C1H150JA01-01A.pdf,0.55,,,,8.0,8.55,,,d4f10273215db5e6d2a23fbbb6d47d9f501da9e0ff759512a6f8be15966a65b5
center,other,C921,10u 10V X7R TPS62821 output B,GRM188Z71A106MA73D,Capacitor_SMD:C_0603_1608Metric,False,front,F.Cu,297.463993,85.411007,0.0,266.913992,48.861007,0.0,1.6,0.0,unverified,,,,,,,,8.0,,,,d4f10273215db5e6d2a23fbbb6d47d9f501da9e0ff759512a6f8be15966a65b5
center,other,C922,100n ADC_VREF filter,GRM155R71A104KA01D,Capacitor_SMD:C_0402_1005Metric,False,back,B.Cu,317.25,61.8,90.0,286.699999,25.25,90.0,1.6,-1.6,verified_maximum,maximum,0.55,https://www.farnell.com/datasheets/4087771.pdf,-2.15,,0.3,-2.45,6.4,5.85,,5.55,d4f10273215db5e6d2a23fbbb6d47d9f501da9e0ff759512a6f8be15966a65b5
center,other,C923,120p 50V C0G TPS62821 feed-forward,GRM1885C1H121JA01D,Capacitor_SMD:C_0603_1608Metric,False,front,F.Cu,290.963993,88.161007,0.0,260.413992,51.611007,0.0,1.6,0.0,unverified,,,,,,,,8.0,,,,d4f10273215db5e6d2a23fbbb6d47d9f501da9e0ff759512a6f8be15966a65b5
center,other,C924,100n 16V X7R 5V switch input,C1608X7R1C104K080AA,Capacitor_SMD:C_0603_1608Metric,False,front,F.Cu,325.923501,69.95,0.0,295.3735,33.4,0.0,1.6,0.0,unverified,,,,,,,,8.0,,,,d4f10273215db5e6d2a23fbbb6d47d9f501da9e0ff759512a6f8be15966a65b5
center,other,C925,100n 16V X7R 5V header output,C1608X7R1C104K080AA,Capacitor_SMD:C_0603_1608Metric,False,front,F.Cu,326.698501,74.95,180.0,296.1485,38.4,180.0,1.6,0.0,unverified,,,,,,,,8.0,,,,d4f10273215db5e6d2a23fbbb6d47d9f501da9e0ff759512a6f8be15966a65b5
center,other,C926,100n 16V X7R 3V3 switch input,C1608X7R1C104K080AA,Capacitor_SMD:C_0603_1608Metric,False,front,F.Cu,298.150001,54.7875,270.0,267.6,18.2375,270.0,1.6,0.0,unverified,,,,,,,,8.0,,,,d4f10273215db5e6d2a23fbbb6d47d9f501da9e0ff759512a6f8be15966a65b5
center,other,C927,100n 16V X7R 3V3 header output,C1608X7R1C104K080AA,Capacitor_SMD:C_0603_1608Metric,False,front,F.Cu,295.8,50.1,180.0,265.249999,13.55,180.0,1.6,0.0,unverified,,,,,,,,8.0,,,,d4f10273215db5e6d2a23fbbb6d47d9f501da9e0ff759512a6f8be15966a65b5
center,other,C928,100n maker USB switch local,GRM188R71H104KA93D,Capacitor_SMD:C_0603_1608Metric,False,back,B.Cu,304.6,59.9,180.0,274.049999,23.35,180.0,1.6,-1.6,verified_maximum,maximum,0.9,https://www.murata.com/-/media/webrenewal/tool/library/common-pdf/dynamic-model/component-list-d-mlcc-2506.ashx?cvid=20250805040419000000&la=ja-jp,-2.5,,0.3,-2.8,6.4,5.5,,5.2,d4f10273215db5e6d2a23fbbb6d47d9f501da9e0ff759512a6f8be15966a65b5
center,other,C930,100n maker header isolator local,GRM188R71H104KA93D,Capacitor_SMD:C_0603_1608Metric,False,front,F.Cu,295.487501,69.846429,90.0,264.9375,33.296429,90.0,1.6,0.0,verified_maximum,maximum,0.9,https://www.murata.com/-/media/webrenewal/tool/library/common-pdf/dynamic-model/component-list-d-mlcc-2506.ashx?cvid=20250805040419000000&la=ja-jp,0.9,,,,8.0,8.9,,,d4f10273215db5e6d2a23fbbb6d47d9f501da9e0ff759512a6f8be15966a65b5
center,other,C931,100n maker header isolator local,GRM188R71H104KA93D,Capacitor_SMD:C_0603_1608Metric,False,front,F.Cu,311.162501,51.475,0.0,280.6125,14.925,0.0,1.6,0.0,verified_maximum,maximum,0.9,https://www.murata.com/-/media/webrenewal/tool/library/common-pdf/dynamic-model/component-list-d-mlcc-2506.ashx?cvid=20250805040419000000&la=ja-jp,0.9,,,,8.0,8.9,,,d4f10273215db5e6d2a23fbbb6d47d9f501da9e0ff759512a6f8be15966a65b5
center,other,C932,100n maker header isolator local,GRM188R71H104KA93D,Capacitor_SMD:C_0603_1608Metric,False,front,F.Cu,317.502501,51.245,180.0,286.9525,14.695,180.0,1.6,0.0,verified_maximum,maximum,0.9,https://www.murata.com/-/media/webrenewal/tool/library/common-pdf/dynamic-model/component-list-d-mlcc-2506.ashx?cvid=20250805040419000000&la=ja-jp,0.9,,,,8.0,8.9,,,d4f10273215db5e6d2a23fbbb6d47d9f501da9e0ff759512a6f8be15966a65b5
center,other,C933,100n maker header isolator local,GRM188R71H104KA93D,Capacitor_SMD:C_0603_1608Metric,False,front,F.Cu,323.612501,51.245,180.0,293.0625,14.695,180.0,1.6,0.0,verified_maximum,maximum,0.9,https://www.murata.com/-/media/webrenewal/tool/library/common-pdf/dynamic-model/component-list-d-mlcc-2506.ashx?cvid=20250805040419000000&la=ja-jp,0.9,,,,8.0,8.9,,,d4f10273215db5e6d2a23fbbb6d47d9f501da9e0ff759512a6f8be15966a65b5
center,other,C934,100n maker header supervisor local,GRM188R71H104KA93D,Capacitor_SMD:C_0603_1608Metric,False,back,B.Cu,297.55,54.25,90.0,266.999999,17.7,90.0,1.6,-1.6,verified_maximum,maximum,0.9,https://www.murata.com/-/media/webrenewal/tool/library/common-pdf/dynamic-model/component-list-d-mlcc-2506.ashx?cvid=20250805040419000000&la=ja-jp,-2.5,,0.3,-2.8,6.4,5.5,,5.2,d4f10273215db5e6d2a23fbbb6d47d9f501da9e0ff759512a6f8be15966a65b5
center,other,C935,4.7u DVDD far-side bulk,GRM155R60J475ME47D,Capacitor_SMD:C_0402_1005Metric,False,back,B.Cu,309.55,70.3,180.0,278.999999,33.75,180.0,1.6,-1.6,verified_maximum,maximum,0.6,https://media.distrelec.com/Web/Downloads/_t/ds/Murata_GRM155R60J475ME47_eng_tds.pdf,-2.2,,0.3,-2.5,6.4,5.8,,5.5,d4f10273215db5e6d2a23fbbb6d47d9f501da9e0ff759512a6f8be15966a65b5
center,other,C2070,100n 50V DFU clamp bypass,GRM188R71H104KA93D,Capacitor_SMD:C_0603_1608Metric,False,front,F.Cu,319.7,210.45,90.0,289.149999,173.9,90.0,1.6,0.0,verified_maximum,maximum,0.9,https://www.murata.com/-/media/webrenewal/tool/library/common-pdf/dynamic-model/component-list-d-mlcc-2506.ashx?cvid=20250805040419000000&la=ja-jp,0.9,,,,8.0,8.9,,,d4f10273215db5e6d2a23fbbb6d47d9f501da9e0ff759512a6f8be15966a65b5
center,other,C2091,100n trackpad logic bypass,GRM188R71H104KA93D,Capacitor_SMD:C_0603_1608Metric,False,front,F.Cu,158.55,192.3,0.0,127.999999,155.75,0.0,1.6,0.0,verified_maximum,maximum,0.9,https://www.murata.com/-/media/webrenewal/tool/library/common-pdf/dynamic-model/component-list-d-mlcc-2506.ashx?cvid=20250805040419000000&la=ja-jp,0.9,,,,8.0,8.9,,,d4f10273215db5e6d2a23fbbb6d47d9f501da9e0ff759512a6f8be15966a65b5
center,charger,C2260,100n 50V AND bypass,GRM188R71H104KA93D,Capacitor_SMD:C_0603_1608Metric,False,back,B.Cu,212.90503,155.591012,0.0,182.355029,119.041012,0.0,1.6,-1.6,verified_maximum,maximum,0.9,https://www.murata.com/-/media/webrenewal/tool/library/common-pdf/dynamic-model/component-list-d-mlcc-2506.ashx?cvid=20250805040419000000&la=ja-jp,-2.5,,0.3,-2.8,6.4,5.5,,5.2,d4f10273215db5e6d2a23fbbb6d47d9f501da9e0ff759512a6f8be15966a65b5
center,other,C2280,22u 25V endpoint VCC; effective minimum 4.7u,GRM32ER71E226KE15L,Capacitor_SMD:C_1210_3225Metric,False,front,F.Cu,254.600001,160.9,0.0,224.05,124.35,0.0,1.6,0.0,verified_maximum,maximum,2.7,https://www.murata.com/en-global/api/pdfdownloadapi?cate=luCeramicCapacitorsSMD&partno=GRM32ER71E226KE15%23,2.7,,,,8.0,10.7,,,d4f10273215db5e6d2a23fbbb6d47d9f501da9e0ff759512a6f8be15966a65b5
center,other,C2281,100n 50V endpoint VDDA,GRM188R71H104KA93D,Capacitor_SMD:C_0603_1608Metric,False,front,F.Cu,253.100001,164.15,270.0,222.55,127.6,270.0,1.6,0.0,verified_maximum,maximum,0.9,https://www.murata.com/-/media/webrenewal/tool/library/common-pdf/dynamic-model/component-list-d-mlcc-2506.ashx?cvid=20250805040419000000&la=ja-jp,0.9,,,,8.0,8.9,,,d4f10273215db5e6d2a23fbbb6d47d9f501da9e0ff759512a6f8be15966a65b5
center,other,C2282,220n 50V X7R endpoint COMP,C0603C224K5RACTU,Capacitor_SMD:C_0603_1608Metric,False,front,F.Cu,253.800001,166.525,0.0,223.25,129.975,0.0,1.6,0.0,verified_maximum,maximum,0.95,https://search.kemet.com/download/specsheet/C0603C224K5RACTU,0.95,,,,8.0,8.95,,,d4f10273215db5e6d2a23fbbb6d47d9f501da9e0ff759512a6f8be15966a65b5
center,other,C2283,2.2n 50V C0G endpoint COMP HF,C0603C222J5GACTU,Capacitor_SMD:C_0603_1608Metric,False,front,F.Cu,247.800001,162.95,180.0,217.25,126.4,180.0,1.6,0.0,verified_maximum,maximum,0.87,https://static.chipdip.ru/lib/165/DOC028165738.pdf,0.87,,,,8.0,8.87,,,d4f10273215db5e6d2a23fbbb6d47d9f501da9e0ff759512a6f8be15966a65b5
center,other,C2284,330u 10V endpoint local reservoir,T520X337M010ATE010,Capacitor_Tantalum_SMD:CP_EIA-7343-43_Kemet-X,False,front,F.Cu,275.050001,153.25,0.0,244.5,116.7,0.0,1.6,0.0,unverified,,,,,,,,8.0,,,,d4f10273215db5e6d2a23fbbb6d47d9f501da9e0ff759512a6f8be15966a65b5
center,other,C2285,330u 10V endpoint local reservoir,T520X337M010ATE010,Capacitor_Tantalum_SMD:CP_EIA-7343-43_Kemet-X,False,front,F.Cu,249.800001,170.45,270.0,219.25,133.9,270.0,1.6,0.0,unverified,,,,,,,,8.0,,,,d4f10273215db5e6d2a23fbbb6d47d9f501da9e0ff759512a6f8be15966a65b5
center,other,C2286,100n 50V endpoint input HF,GRM188R71H104KA93D,Capacitor_SMD:C_0603_1608Metric,False,front,F.Cu,243.950001,154.05,0.0,213.4,117.5,0.0,1.6,0.0,verified_maximum,maximum,0.9,https://www.murata.com/-/media/webrenewal/tool/library/common-pdf/dynamic-model/component-list-d-mlcc-2506.ashx?cvid=20250805040419000000&la=ja-jp,0.9,,,,8.0,8.9,,,d4f10273215db5e6d2a23fbbb6d47d9f501da9e0ff759512a6f8be15966a65b5
center,other,C2287,22u 25V endpoint output; TI characterized part,GRM32ER71E226KE15L,Capacitor_SMD:C_1210_3225Metric,False,front,F.Cu,276.550001,158.8,0.0,246.0,122.25,0.0,1.6,0.0,verified_maximum,maximum,2.7,https://www.murata.com/en-global/api/pdfdownloadapi?cate=luCeramicCapacitorsSMD&partno=GRM32ER71E226KE15%23,2.7,,,,8.0,10.7,,,d4f10273215db5e6d2a23fbbb6d47d9f501da9e0ff759512a6f8be15966a65b5
center,other,C2288,100n 50V endpoint enable gate supply,GRM188R71H104KA93D,Capacitor_SMD:C_0603_1608Metric,False,front,F.Cu,243.937501,166.35,90.0,213.3875,129.8,90.0,1.6,0.0,verified_maximum,maximum,0.9,https://www.murata.com/-/media/webrenewal/tool/library/common-pdf/dynamic-model/component-list-d-mlcc-2506.ashx?cvid=20250805040419000000&la=ja-jp,0.9,,,,8.0,8.9,,,d4f10273215db5e6d2a23fbbb6d47d9f501da9e0ff759512a6f8be15966a65b5
center,other,C2289,22n 50V C0G 5% endpoint slew; parallel pair,C0805C223J5GACTU,Capacitor_SMD:C_0805_2012Metric,False,front,F.Cu,278.400001,164.4,270.0,247.85,127.85,270.0,1.6,0.0,verified_maximum,maximum,1.2,https://docs.rs-online.com/6448/0900766b817074ee.pdf,1.2,,,,8.0,9.2,,,d4f10273215db5e6d2a23fbbb6d47d9f501da9e0ff759512a6f8be15966a65b5
center,other,C2300,4.7n radio eFuse controlled rise,GRM155R71H472KA01,Capacitor_SMD:C_0402_1005Metric,False,back,B.Cu,120.35,145.1,180.0,89.799999,108.55,180.0,1.6,-1.6,verified_maximum,maximum,0.55,https://search.murata.co.jp/Ceramy/image/img/A01X/G101/ENG/GRM155R71H472KA01-01A.pdf,-2.15,,0.3,-2.45,6.4,5.85,,5.55,d4f10273215db5e6d2a23fbbb6d47d9f501da9e0ff759512a6f8be15966a65b5
center,other,C2301,10u SYS_5V radio eFuse input,GRM31CR71E106KA12L,Capacitor_SMD:C_1206_3216Metric,False,front,F.Cu,123.15,143.0,0.0,92.599999,106.45,0.0,1.6,0.0,verified_maximum,maximum,1.8,https://docs.rs-online.com/aab4/0900766b813d2ca8.pdf,1.8,,,,8.0,9.8,,,d4f10273215db5e6d2a23fbbb6d47d9f501da9e0ff759512a6f8be15966a65b5
center,other,C2302,100n SYS_5V radio eFuse input HF,GRM188R71H104KA93D,Capacitor_SMD:C_0603_1608Metric,False,front,F.Cu,123.9,145.75,90.0,93.349999,109.2,90.0,1.6,0.0,verified_maximum,maximum,0.9,https://www.murata.com/-/media/webrenewal/tool/library/common-pdf/dynamic-model/component-list-d-mlcc-2506.ashx?cvid=20250805040419000000&la=ja-jp,0.9,,,,8.0,8.9,,,d4f10273215db5e6d2a23fbbb6d47d9f501da9e0ff759512a6f8be15966a65b5
center,other,C2303,22u 25V RADIO_DB_5V bulk; TI characterized part,GRM32ER71E226KE15L,Capacitor_SMD:C_1210_3225Metric,False,front,F.Cu,118.35,143.0,180.0,87.799999,106.45,180.0,1.6,0.0,verified_maximum,maximum,2.7,https://www.murata.com/en-global/api/pdfdownloadapi?cate=luCeramicCapacitorsSMD&partno=GRM32ER71E226KE15%23,2.7,,,,8.0,10.7,,,d4f10273215db5e6d2a23fbbb6d47d9f501da9e0ff759512a6f8be15966a65b5
center,other,C2304,100n RADIO_DB_5V output HF,GRM188R71H104KA93D,Capacitor_SMD:C_0603_1608Metric,False,back,B.Cu,120.1,146.5,180.0,89.549999,109.95,180.0,1.6,-1.6,verified_maximum,maximum,0.9,https://www.murata.com/-/media/webrenewal/tool/library/common-pdf/dynamic-model/component-list-d-mlcc-2506.ashx?cvid=20250805040419000000&la=ja-jp,-2.5,,0.3,-2.8,6.4,5.5,,5.2,d4f10273215db5e6d2a23fbbb6d47d9f501da9e0ff759512a6f8be15966a65b5
center,other,C2305,100n radio PG buffer local,GRM188R71H104KA93D,Capacitor_SMD:C_0603_1608Metric,False,back,B.Cu,128.15,153.95,270.0,97.599999,117.4,270.0,1.6,-1.6,verified_maximum,maximum,0.9,https://www.murata.com/-/media/webrenewal/tool/library/common-pdf/dynamic-model/component-list-d-mlcc-2506.ashx?cvid=20250805040419000000&la=ja-jp,-2.5,,0.3,-2.8,6.4,5.5,,5.2,d4f10273215db5e6d2a23fbbb6d47d9f501da9e0ff759512a6f8be15966a65b5
center,other,C2306,100n USB switch local,GRM188R71H104KA93D,Capacitor_SMD:C_0603_1608Metric,False,back,B.Cu,109.1,143.65,180.0,78.549999,107.1,180.0,1.6,-1.6,verified_maximum,maximum,0.9,https://www.murata.com/-/media/webrenewal/tool/library/common-pdf/dynamic-model/component-list-d-mlcc-2506.ashx?cvid=20250805040419000000&la=ja-jp,-2.5,,0.3,-2.8,6.4,5.5,,5.2,d4f10273215db5e6d2a23fbbb6d47d9f501da9e0ff759512a6f8be15966a65b5
center,other,C2307,1u radio codec VBUS gate input,GRM21BR71E105KA12L,Capacitor_SMD:C_0805_2012Metric,False,front,F.Cu,109.3,138.15,180.0,78.749999,101.6,180.0,1.6,0.0,unverified,,,,,,,,8.0,,,,d4f10273215db5e6d2a23fbbb6d47d9f501da9e0ff759512a6f8be15966a65b5
center,other,C2308,10u radio codec VBUS gate output,GRM31CR71E106KA12L,Capacitor_SMD:C_1206_3216Metric,False,front,F.Cu,113.95,137.9,0.0,83.399999,101.35,0.0,1.6,0.0,verified_maximum,maximum,1.8,https://docs.rs-online.com/aab4/0900766b813d2ca8.pdf,1.8,,,,8.0,9.8,,,d4f10273215db5e6d2a23fbbb6d47d9f501da9e0ff759512a6f8be15966a65b5
center,other,C2360,22u 25V SYS5 VCC; effective minimum 4.7u,GRM32ER71E226KE15L,Capacitor_SMD:C_1210_3225Metric,False,front,F.Cu,141.600001,154.4,0.0,111.05,117.85,0.0,1.6,0.0,verified_maximum,maximum,2.7,https://www.murata.com/en-global/api/pdfdownloadapi?cate=luCeramicCapacitorsSMD&partno=GRM32ER71E226KE15%23,2.7,,,,8.0,10.7,,,d4f10273215db5e6d2a23fbbb6d47d9f501da9e0ff759512a6f8be15966a65b5
center,other,C2361,100n 50V SYS5 VDDA,GRM188R71H104KA93D,Capacitor_SMD:C_0603_1608Metric,False,front,F.Cu,140.100001,157.65,270.0,109.55,121.1,270.0,1.6,0.0,verified_maximum,maximum,0.9,https://www.murata.com/-/media/webrenewal/tool/library/common-pdf/dynamic-model/component-list-d-mlcc-2506.ashx?cvid=20250805040419000000&la=ja-jp,0.9,,,,8.0,8.9,,,d4f10273215db5e6d2a23fbbb6d47d9f501da9e0ff759512a6f8be15966a65b5
center,other,C2362,220n 50V X7R SYS5 COMP,C0603C224K5RACTU,Capacitor_SMD:C_0603_1608Metric,False,front,F.Cu,137.050001,160.775,270.0,106.5,124.225,270.0,1.6,0.0,verified_maximum,maximum,0.95,https://search.kemet.com/download/specsheet/C0603C224K5RACTU,0.95,,,,8.0,8.95,,,d4f10273215db5e6d2a23fbbb6d47d9f501da9e0ff759512a6f8be15966a65b5
center,other,C2363,2.2n 50V C0G SYS5 COMP HF,C0603C222J5GACTU,Capacitor_SMD:C_0603_1608Metric,False,front,F.Cu,134.800001,156.95,180.0,104.25,120.4,180.0,1.6,0.0,verified_maximum,maximum,0.87,https://static.chipdip.ru/lib/165/DOC028165738.pdf,0.87,,,,8.0,8.87,,,d4f10273215db5e6d2a23fbbb6d47d9f501da9e0ff759512a6f8be15966a65b5
center,other,C2364,220u 10V SYS5 local reservoir; 6mOhm,T530D227M010ATE006,Capacitor_Tantalum_SMD:CP_EIA-7343-31_Kemet-D,False,front,F.Cu,162.050001,147.25,0.0,131.5,110.7,0.0,1.6,0.0,unverified,,,,,,,,8.0,,,,d4f10273215db5e6d2a23fbbb6d47d9f501da9e0ff759512a6f8be15966a65b5
center,other,C2365,100n 50V SYS5 input HF,GRM188R71H104KA93D,Capacitor_SMD:C_0603_1608Metric,False,front,F.Cu,130.950001,148.05,0.0,100.4,111.5,0.0,1.6,0.0,verified_maximum,maximum,0.9,https://www.murata.com/-/media/webrenewal/tool/library/common-pdf/dynamic-model/component-list-d-mlcc-2506.ashx?cvid=20250805040419000000&la=ja-jp,0.9,,,,8.0,8.9,,,d4f10273215db5e6d2a23fbbb6d47d9f501da9e0ff759512a6f8be15966a65b5
center,other,C2412,100n,GRM188R71H104KA93D,Capacitor_SMD:C_0603_1608Metric,False,front,F.Cu,305.300001,179.45,0.0,274.75,142.9,0.0,1.6,0.0,verified_maximum,maximum,0.9,https://www.murata.com/-/media/webrenewal/tool/library/common-pdf/dynamic-model/component-list-d-mlcc-2506.ashx?cvid=20250805040419000000&la=ja-jp,0.9,,,,8.0,8.9,,,d4f10273215db5e6d2a23fbbb6d47d9f501da9e0ff759512a6f8be15966a65b5
center,charger,C2600,4.7u 50V X7R DCIN,GRM31CR71H475KA12L,Capacitor_SMD:C_1206_3216Metric,False,back,B.Cu,214.064419,164.339119,45.0,183.514418,127.789119,45.0,1.6,-1.6,verified_maximum,maximum,1.8,https://search.murata.co.jp/Ceramy/image/img/A01X/G101/ENG/GRM31CR71H475KA12-01A.pdf,-3.4,,0.3,-3.7,6.4,4.6,,4.3,d4f10273215db5e6d2a23fbbb6d47d9f501da9e0ff759512a6f8be15966a65b5
center,charger,C2601,4.7u 10V X7R VDDP,GRM21BR71A475KA73L,Capacitor_SMD:C_0805_2012Metric,False,back,B.Cu,206.566844,157.673344,135.0,176.016843,121.123344,135.0,1.6,-1.6,verified_maximum,maximum,1.4,https://search.murata.co.jp/Ceramy/image/img/A01X/G101/ENG/GRM21BR71A475KA73-01.pdf,-3.0,,0.3,-3.3,6.4,5.0,,4.7,d4f10273215db5e6d2a23fbbb6d47d9f501da9e0ff759512a6f8be15966a65b5
center,charger,C2602,1n 50V C0G PROG filter,GRM1555C1H102JA01D,Capacitor_SMD:C_0402_1005Metric,False,back,B.Cu,207.134495,166.112644,135.0,176.584494,129.562644,135.0,1.6,-1.6,verified_maximum,maximum,0.55,https://datasheet.octopart.com/GRM1555C1H102JA01D-Murata-datasheet-7625556.pdf,-2.15,,0.3,-2.45,6.4,5.85,,5.55,d4f10273215db5e6d2a23fbbb6d47d9f501da9e0ff759512a6f8be15966a65b5
center,charger,C2603,100n 50V input sense filter,GRM155R71H104ME14D,Capacitor_SMD:C_0402_1005Metric,False,back,B.Cu,210.843822,159.113492,135.0,180.293821,122.563492,135.0,1.6,-1.6,verified_maximum,maximum,0.55,https://datasheet.octopart.com/GRM155R71H104ME14D-Murata-datasheet-138740983.pdf,-2.15,,0.3,-2.45,6.4,5.85,,5.55,d4f10273215db5e6d2a23fbbb6d47d9f501da9e0ff759512a6f8be15966a65b5
center,charger,C2604,100n 50V battery sense filter,GRM155R71H104ME14D,Capacitor_SMD:C_0402_1005Metric,False,back,B.Cu,203.818449,162.379229,270.0,173.268448,125.829229,270.0,1.6,-1.6,verified_maximum,maximum,0.55,https://datasheet.octopart.com/GRM155R71H104ME14D-Murata-datasheet-138740983.pdf,-2.15,,0.3,-2.45,6.4,5.85,,5.55,d4f10273215db5e6d2a23fbbb6d47d9f501da9e0ff759512a6f8be15966a65b5
center,charger,C2605,22n 50V C0G forward compensation,C0805C223J5GACTU,Capacitor_SMD:C_0805_2012Metric,False,back,B.Cu,202.861844,166.244831,270.0,172.311843,129.694831,270.0,1.6,-1.6,verified_maximum,maximum,1.2,https://docs.rs-online.com/6448/0900766b817074ee.pdf,-2.8,,0.3,-3.1,6.4,5.2,,4.9,d4f10273215db5e6d2a23fbbb6d47d9f501da9e0ff759512a6f8be15966a65b5
center,charger,C2606,47n 50V X7R reverse compensation,GRM188R71H473KA61D,Capacitor_SMD:C_0603_1608Metric,False,back,B.Cu,205.219052,168.8028,315.0,174.669051,132.2528,315.0,1.6,-1.6,verified_maximum,maximum,0.9,https://www.mouser.com/datasheet/2/281/murata_mured00583-1-1740351.pdf,-2.5,,0.3,-2.8,6.4,5.5,,5.2,d4f10273215db5e6d2a23fbbb6d47d9f501da9e0ff759512a6f8be15966a65b5
center,charger,C2607,220n 50V X7R current monitor,GRM188R71H224KAC4D,Capacitor_SMD:C_0603_1608Metric,False,back,B.Cu,200.34517,163.728157,90.0,169.795169,127.178157,90.0,1.6,-1.6,verified_maximum,maximum,0.9,https://www.farnell.com/datasheets/2189130.pdf,-2.5,,0.3,-2.8,6.4,5.5,,5.2,d4f10273215db5e6d2a23fbbb6d47d9f501da9e0ff759512a6f8be15966a65b5
center,charger,C2608,100u 35V hybrid system bulk,EEHZK1V101XP,Capacitor_SMD:CP_Elec_6.3x7.7,False,front,F.Cu,230.05,168.5,0.0,199.499999,131.95,0.0,1.6,0.0,verified_maximum,maximum,8.0,https://util01.industrial.panasonic.com/ea/utilities/ds/chr-vw/EEHZK1V101XP,8.0,,,,8.0,16.0,,,d4f10273215db5e6d2a23fbbb6d47d9f501da9e0ff759512a6f8be15966a65b5
center,charger,C2609,100u 35V hybrid system bulk,EEHZK1V101XP,Capacitor_SMD:CP_Elec_6.3x7.7,False,front,F.Cu,221.7,168.3,90.0,191.149999,131.75,90.0,1.6,0.0,verified_maximum,maximum,8.0,https://util01.industrial.panasonic.com/ea/utilities/ds/chr-vw/EEHZK1V101XP,8.0,,,,8.0,16.0,,,d4f10273215db5e6d2a23fbbb6d47d9f501da9e0ff759512a6f8be15966a65b5
center,mu_supply,C2610,100u 35V hybrid output bulk,EEHZK1V101XP,Capacitor_SMD:CP_Elec_6.3x7.7,False,front,F.Cu,163.0,104.0,0.0,132.449999,67.45,0.0,1.6,0.0,verified_maximum,maximum,8.0,https://util01.industrial.panasonic.com/ea/utilities/ds/chr-vw/EEHZK1V101XP,8.0,,,,8.0,16.0,,,d4f10273215db5e6d2a23fbbb6d47d9f501da9e0ff759512a6f8be15966a65b5
center,standby,C2620,100n 50V charge pump,GRM188R71H104KA93D,Capacitor_SMD:C_0603_1608Metric,False,back,B.Cu,146.058536,159.780785,0.0,115.508535,123.230785,0.0,1.6,-1.6,verified_maximum,maximum,0.9,https://www.murata.com/-/media/webrenewal/tool/library/common-pdf/dynamic-model/component-list-d-mlcc-2506.ashx?cvid=20250805040419000000&la=ja-jp,-2.5,,0.3,-2.8,6.4,5.5,,5.2,d4f10273215db5e6d2a23fbbb6d47d9f501da9e0ff759512a6f8be15966a65b5
center,standby,C2621,100n 50V charge pump,GRM188R71H104KA93D,Capacitor_SMD:C_0603_1608Metric,False,back,B.Cu,146.058536,165.780785,0.0,115.508535,129.230785,0.0,1.6,-1.6,verified_maximum,maximum,0.9,https://www.murata.com/-/media/webrenewal/tool/library/common-pdf/dynamic-model/component-list-d-mlcc-2506.ashx?cvid=20250805040419000000&la=ja-jp,-2.5,,0.3,-2.8,6.4,5.5,,5.2,d4f10273215db5e6d2a23fbbb6d47d9f501da9e0ff759512a6f8be15966a65b5
center,standby,C2622,22n 50V C0G retry timer,C0805C223J5GACTU,Capacitor_SMD:C_0805_2012Metric,False,back,B.Cu,154.09351,165.629407,90.0,123.543509,129.079407,90.0,1.6,-1.6,verified_maximum,maximum,1.2,https://docs.rs-online.com/6448/0900766b817074ee.pdf,-2.8,,0.3,-3.1,6.4,5.2,,4.9,d4f10273215db5e6d2a23fbbb6d47d9f501da9e0ff759512a6f8be15966a65b5
center,ec_soft_start,C2640,1u 50V soft start; about 145ms nominal,GRT188R61H105ME13D,Capacitor_SMD:C_0603_1608Metric,False,back,B.Cu,167.7,67.8,90.0,137.149999,31.25,90.0,1.6,-1.6,verified_maximum,maximum,0.9,https://www.mouser.com/datasheet/2/281/product-837155.pdf,-2.5,,0.3,-2.8,6.4,5.5,,5.2,d4f10273215db5e6d2a23fbbb6d47d9f501da9e0ff759512a6f8be15966a65b5
center,source_control,C2641,100n 50V bypass,GRM188R71H104KA93D,Capacitor_SMD:C_0603_1608Metric,False,back,B.Cu,204.05,178.75,90.0,173.499999,142.2,90.0,1.6,-1.6,verified_maximum,maximum,0.9,https://www.murata.com/-/media/webrenewal/tool/library/common-pdf/dynamic-model/component-list-d-mlcc-2506.ashx?cvid=20250805040419000000&la=ja-jp,-2.5,,0.3,-2.8,6.4,5.5,,5.2,d4f10273215db5e6d2a23fbbb6d47d9f501da9e0ff759512a6f8be15966a65b5
center,source_control,C2642,100n 50V bypass,GRM188R71H104KA93D,Capacitor_SMD:C_0603_1608Metric,False,back,B.Cu,204.4,182.1,270.0,173.849999,145.55,270.0,1.6,-1.6,verified_maximum,maximum,0.9,https://www.murata.com/-/media/webrenewal/tool/library/common-pdf/dynamic-model/component-list-d-mlcc-2506.ashx?cvid=20250805040419000000&la=ja-jp,-2.5,,0.3,-2.8,6.4,5.5,,5.2,d4f10273215db5e6d2a23fbbb6d47d9f501da9e0ff759512a6f8be15966a65b5
center,source_control,C2643,100n 50V bypass,GRM188R71H104KA93D,Capacitor_SMD:C_0603_1608Metric,False,back,B.Cu,193.981783,68.655114,0.0,163.431782,32.105114,0.0,1.6,-1.6,verified_maximum,maximum,0.9,https://www.murata.com/-/media/webrenewal/tool/library/common-pdf/dynamic-model/component-list-d-mlcc-2506.ashx?cvid=20250805040419000000&la=ja-jp,-2.5,,0.3,-2.8,6.4,5.5,,5.2,d4f10273215db5e6d2a23fbbb6d47d9f501da9e0ff759512a6f8be15966a65b5
center,standby,C2650,100n 50V charge pump,GRM188R71H104KA93D,Capacitor_SMD:C_0603_1608Metric,False,back,B.Cu,146.058536,171.780785,0.0,115.508535,135.230785,0.0,1.6,-1.6,verified_maximum,maximum,0.9,https://www.murata.com/-/media/webrenewal/tool/library/common-pdf/dynamic-model/component-list-d-mlcc-2506.ashx?cvid=20250805040419000000&la=ja-jp,-2.5,,0.3,-2.8,6.4,5.5,,5.2,d4f10273215db5e6d2a23fbbb6d47d9f501da9e0ff759512a6f8be15966a65b5
center,standby,C2651,1u 50V protected input bypass,GRT188R61H105ME13D,Capacitor_SMD:C_0603_1608Metric,False,back,B.Cu,168.007126,169.470607,270.0,137.457125,132.920607,270.0,1.6,-1.6,verified_maximum,maximum,0.9,https://www.mouser.com/datasheet/2/281/product-837155.pdf,-2.5,,0.3,-2.8,6.4,5.5,,5.2,d4f10273215db5e6d2a23fbbb6d47d9f501da9e0ff759512a6f8be15966a65b5
center,standby,C2660,22n 50V C0G gate ramp,C0805C223J5GACTU,Capacitor_SMD:C_0805_2012Metric,False,back,B.Cu,178.432322,171.348557,0.0,147.882321,134.798557,0.0,1.6,-1.6,verified_maximum,maximum,1.2,https://docs.rs-online.com/6448/0900766b817074ee.pdf,-2.8,,0.3,-3.1,6.4,5.2,,4.9,d4f10273215db5e6d2a23fbbb6d47d9f501da9e0ff759512a6f8be15966a65b5
center,standby,C2661,1u 50V fault timer,GRT188R61H105ME13D,Capacitor_SMD:C_0603_1608Metric,False,back,B.Cu,176.08652,168.754358,270.0,145.536519,132.204358,270.0,1.6,-1.6,verified_maximum,maximum,0.9,https://www.mouser.com/datasheet/2/281/product-837155.pdf,-2.5,,0.3,-2.8,6.4,5.5,,5.2,d4f10273215db5e6d2a23fbbb6d47d9f501da9e0ff759512a6f8be15966a65b5
center,standby,C2662,1u 50V fault timer,GRT188R61H105ME13D,Capacitor_SMD:C_0603_1608Metric,False,back,B.Cu,176.83652,166.279358,0.0,146.286519,129.729358,0.0,1.6,-1.6,verified_maximum,maximum,0.9,https://www.mouser.com/datasheet/2/281/product-837155.pdf,-2.5,,0.3,-2.8,6.4,5.5,,5.2,d4f10273215db5e6d2a23fbbb6d47d9f501da9e0ff759512a6f8be15966a65b5
center,mu_supply,C2670,100n 50V local VCC bypass,GRM155R71H104ME14D,Capacitor_SMD:C_0402_1005Metric,False,front,F.Cu,155.208913,115.884726,0.0,124.658912,79.334726,0.0,1.6,0.0,verified_maximum,maximum,0.55,https://datasheet.octopart.com/GRM155R71H104ME14D-Murata-datasheet-138740983.pdf,0.55,,,,8.0,8.55,,,d4f10273215db5e6d2a23fbbb6d47d9f501da9e0ff759512a6f8be15966a65b5
center,other,C2685,100n 50V U15 V2 local,GRM188R71H104KA93D,Capacitor_SMD:C_0603_1608Metric,False,back,B.Cu,127.4,181.2,270.0,96.849999,144.65,270.0,1.6,-1.6,verified_maximum,maximum,0.9,https://www.murata.com/-/media/webrenewal/tool/library/common-pdf/dynamic-model/component-list-d-mlcc-2506.ashx?cvid=20250805040419000000&la=ja-jp,-2.5,,0.3,-2.8,6.4,5.5,,5.2,d4f10273215db5e6d2a23fbbb6d47d9f501da9e0ff759512a6f8be15966a65b5
center,other,D190,SMCJ24CA bidirectional AUX surge clamp,SMCJ24CA-E3/57T,Diode_SMD:D_SMC,False,front,F.Cu,170.050001,111.3,180.0,139.5,74.75,180.0,1.6,0.0,unverified,,,,,,,,8.0,,,,d4f10273215db5e6d2a23fbbb6d47d9f501da9e0ff759512a6f8be15966a65b5
center,standby,D711,SS310 3A 100V AUX standby feed,SS310-13-F,Diode_SMD:D_SMA,False,front,F.Cu,151.0,173.5,0.0,120.449999,136.95,0.0,1.6,0.0,unverified,,,,,,,,8.0,,,,d4f10273215db5e6d2a23fbbb6d47d9f501da9e0ff759512a6f8be15966a65b5
center,other,D716,BAT54WS case button to Mu,BAT54WS-7-F,Diode_SMD:D_SOD-323,False,front,F.Cu,135.550001,179.55,0.0,105.0,143.0,0.0,1.6,0.0,verified_maximum,maximum,1.1,https://datasheet.octopart.com/BAT54WS-7-F-Diodes-Inc.-datasheet-14053335.pdf,1.1,,,,8.0,9.1,,,d4f10273215db5e6d2a23fbbb6d47d9f501da9e0ff759512a6f8be15966a65b5
center,other,D1824,1N5819HW RTC supply from MCU_3V3,1N5819HW-7-F,Diode_SMD:D_SOD-123,False,front,F.Cu,185.75,70.8,180.0,155.199999,34.25,180.0,1.6,0.0,unverified,,,,,,,,8.0,,,,d4f10273215db5e6d2a23fbbb6d47d9f501da9e0ff759512a6f8be15966a65b5
center,charger,D2600,BAT54WS bias OR,BAT54WS-7-F,Diode_SMD:D_SOD-323,False,back,B.Cu,212.325574,168.014794,315.0,181.775573,131.464794,315.0,1.6,-1.6,verified_maximum,maximum,1.1,https://datasheet.octopart.com/BAT54WS-7-F-Diodes-Inc.-datasheet-14053335.pdf,-2.7,,0.3,-3.0,6.4,5.3,,5.0,d4f10273215db5e6d2a23fbbb6d47d9f501da9e0ff759512a6f8be15966a65b5
center,charger,D2601,BAT54WS bias OR,BAT54WS-7-F,Diode_SMD:D_SOD-323,False,back,B.Cu,210.272452,168.711672,315.0,179.722451,132.161672,315.0,1.6,-1.6,verified_maximum,maximum,1.1,https://datasheet.octopart.com/BAT54WS-7-F-Diodes-Inc.-datasheet-14053335.pdf,-2.7,,0.3,-3.0,6.4,5.3,,5.0,d4f10273215db5e6d2a23fbbb6d47d9f501da9e0ff759512a6f8be15966a65b5
center,standby,D2620,BAT54WS fast gate discharge,BAT54WS-7-F,Diode_SMD:D_SOD-323,False,back,B.Cu,160.658433,170.76592,0.0,130.108432,134.21592,0.0,1.6,-1.6,verified_maximum,maximum,1.1,https://datasheet.octopart.com/BAT54WS-7-F-Diodes-Inc.-datasheet-14053335.pdf,-2.7,,0.3,-3.0,6.4,5.3,,5.0,d4f10273215db5e6d2a23fbbb6d47d9f501da9e0ff759512a6f8be15966a65b5
center,source_control,D2640,BAT54S AUX ADC rail clamps,"BAT54S,215",Package_TO_SOT_SMD:SOT-23,False,back,B.Cu,184.25,71.0,0.0,153.699999,34.45,0.0,1.6,-1.6,verified_maximum,maximum,1.1,https://assets.nexperia.com/documents/outline-drawing/SOT23.pdf,-2.7,,0.3,-3.0,6.4,5.3,,5.0,d4f10273215db5e6d2a23fbbb6d47d9f501da9e0ff759512a6f8be15966a65b5
center,other,F10,2A E-key 3V3 fuse/polyfuse,1206L200PR,Fuse:Fuse_1206_3216Metric,False,front,F.Cu,195.300001,161.8,90.0,164.75,125.25,90.0,1.6,0.0,unverified,,,,,,,,8.0,,,,d4f10273215db5e6d2a23fbbb6d47d9f501da9e0ff759512a6f8be15966a65b5
center,other,F190,3A MINI AUX input fuse: Littelfuse 0297003.WXNV,0297003.WXNV + 3568,Fuse:Fuseholder_Blade_Mini_Keystone_3568,False,front,F.Cu,127.55,99.6,90.0,96.999999,63.05,90.0,1.6,0.0,unverified,,,,,,,,8.0,,,,d4f10273215db5e6d2a23fbbb6d47d9f501da9e0ff759512a6f8be15966a65b5
center,other,F200,750mA 16V fan polyfuse,1206L075/16WR,Fuse:Fuse_1206_3216Metric,False,front,F.Cu,193.25,111.0,0.0,162.699999,74.45,0.0,1.6,0.0,unverified,,,,,,,,8.0,,,,d4f10273215db5e6d2a23fbbb6d47d9f501da9e0ff759512a6f8be15966a65b5
center,other,F400,1.5A hold resettable PTC; Littelfuse 1812L150/16DR,1812L150/16DR,Fuse:Fuse_1812_4532Metric,False,front,F.Cu,152.0,156.5,0.0,121.449999,119.95,0.0,1.6,0.0,verified_maximum,maximum,1.25,https://www.littelfuse.com/~/media/electronics/datasheets/resettable_ptcs/littelfuse_ptc_1812l_datasheet.pdf.pdf,1.25,,,,8.0,9.25,,,d4f10273215db5e6d2a23fbbb6d47d9f501da9e0ff759512a6f8be15966a65b5
center,other,F900,1.1A hold PPTC Littelfuse 1206L110/16WR,1206L110/16WR,Fuse:Fuse_1206_3216Metric,False,front,F.Cu,301.1,82.75,90.0,270.549999,46.2,90.0,1.6,0.0,unverified,,,,,,,,8.0,,,,d4f10273215db5e6d2a23fbbb6d47d9f501da9e0ff759512a6f8be15966a65b5
center,other,FPC102,Molex5039084120 signal cable,5039084120,ducktop2:Molex_5039084120_1x41_P0.50mm_Horizontal,False,front,F.Cu,109.350001,71.05,270.0,78.8,34.5,270.0,1.6,0.0,unverified,,,,,,,,8.0,,,,d4f10273215db5e6d2a23fbbb6d47d9f501da9e0ff759512a6f8be15966a65b5
center,other,FPC103,Molex5039085120 signal cable,5039085120,ducktop2:Molex_5039085120_1x51_P0.50mm_Horizontal,False,front,F.Cu,321.750001,127.05,90.0,291.2,90.5,90.0,1.6,0.0,unverified,,,,,,,,8.0,,,,d4f10273215db5e6d2a23fbbb6d47d9f501da9e0ff759512a6f8be15966a65b5
center,other,H1,Wurth 9774055243R Mu M2 standoff 5.5mm A,9774055243R,ducktop2:Wurth_9774055243R_M2_H5.5,False,front,F.Cu,268.850001,113.35,0.0,238.3,76.8,0.0,1.6,0.0,unverified,,,,,,,,8.0,,,,d4f10273215db5e6d2a23fbbb6d47d9f501da9e0ff759512a6f8be15966a65b5
center,other,H2,Wurth 9774055243R Mu M2 standoff 5.5mm B,9774055243R,ducktop2:Wurth_9774055243R_M2_H5.5,False,front,F.Cu,268.850001,49.75,0.0,238.3,13.2,0.0,1.6,0.0,unverified,,,,,,,,8.0,,,,d4f10273215db5e6d2a23fbbb6d47d9f501da9e0ff759512a6f8be15966a65b5
center,other,H3,M.2 M-key 2280 M2 grounded standoff 2.5mm,M2XC4X2.5+C2.7X1.5,ducktop2:SMT_Standoff_M2_H2.5_C4_Tail2.7x1.5,False,front,F.Cu,303.650001,133.9,0.0,273.1,97.35,0.0,1.6,0.0,unverified,,,,,,,,8.0,,,,d4f10273215db5e6d2a23fbbb6d47d9f501da9e0ff759512a6f8be15966a65b5
center,other,H4,M.2 E-key 2230 M2 grounded standoff 2.5mm,M2XC4X2.5+C2.7X1.5,ducktop2:SMT_Standoff_M2_H2.5_C4_Tail2.7x1.5,False,front,F.Cu,174.800001,133.850001,0.0,144.25,97.300001,0.0,1.6,0.0,unverified,,,,,,,,8.0,,,,d4f10273215db5e6d2a23fbbb6d47d9f501da9e0ff759512a6f8be15966a65b5
center,other,H21,M2.5 isolated mainboard mounting hole,,MountingHole:MountingHole_2.7mm_M2.5,False,front,F.Cu,140.800001,42.6,0.0,110.25,6.05,0.0,1.6,0.0,unverified,,,,,,,,8.0,,,,d4f10273215db5e6d2a23fbbb6d47d9f501da9e0ff759512a6f8be15966a65b5
center,other,H22,M2.5 isolated mainboard mounting hole,,MountingHole:MountingHole_2.7mm_M2.5,False,front,F.Cu,135.550001,106.55,0.0,105.0,70.0,0.0,1.6,0.0,unverified,,,,,,,,8.0,,,,d4f10273215db5e6d2a23fbbb6d47d9f501da9e0ff759512a6f8be15966a65b5
center,other,H23,M2.5 isolated mainboard mounting hole,,MountingHole:MountingHole_2.7mm_M2.5,False,front,F.Cu,154.650001,216.95,0.0,124.1,180.4,0.0,1.6,0.0,unverified,,,,,,,,8.0,,,,d4f10273215db5e6d2a23fbbb6d47d9f501da9e0ff759512a6f8be15966a65b5
center,other,H24,M2.5 isolated mainboard mounting hole,,MountingHole:MountingHole_2.7mm_M2.5,False,front,F.Cu,179.550001,184.55,0.0,149.0,148.0,0.0,1.6,0.0,unverified,,,,,,,,8.0,,,,d4f10273215db5e6d2a23fbbb6d47d9f501da9e0ff759512a6f8be15966a65b5
center,other,H25,M2.5 isolated mainboard mounting hole,,MountingHole:MountingHole_2.7mm_M2.5,False,front,F.Cu,239.400001,41.5,0.0,208.85,4.95,0.0,1.6,0.0,unverified,,,,,,,,8.0,,,,d4f10273215db5e6d2a23fbbb6d47d9f501da9e0ff759512a6f8be15966a65b5
center,other,H26,M2.5 isolated mainboard mounting hole,,MountingHole:MountingHole_2.7mm_M2.5,False,front,F.Cu,283.700001,171.05,0.0,253.15,134.5,0.0,1.6,0.0,unverified,,,,,,,,8.0,,,,d4f10273215db5e6d2a23fbbb6d47d9f501da9e0ff759512a6f8be15966a65b5
center,other,J4,TC2030 Cortex SWD: VTref/SWDIO/NRST/SWCLK/GND/NC,TC2030-CTX-NL cable target,Connector:Tag-Connect_TC2030-IDC-NL_2x03_P1.27mm_Vertical,False,front,F.Cu,148.68,47.065,0.0,118.129999,10.515,0.0,1.6,0.0,unverified,,,,,,,,8.0,,,,d4f10273215db5e6d2a23fbbb6d47d9f501da9e0ff759512a6f8be15966a65b5
center,other,J10,Amphenol MDT420M01001 M-key NVMe socket (PCIe x4),MDT420M01001,ducktop2:Amphenol_MDT420M01001_H4.2,False,front,F.Cu,220.100001,143.15,90.0,189.55,106.6,90.0,1.6,0.0,unverified,,,,,,,,8.0,,,,d4f10273215db5e6d2a23fbbb6d47d9f501da9e0ff759512a6f8be15966a65b5
center,other,J16,Case power/reset button harness: GND/CASE_PWR/RESET,SM03B-SRSS-TB,Connector_JST:JST_SH_SM03B-SRSS-TB_1x03-1MP_P1.00mm_Horizontal,False,front,F.Cu,297.550001,110.05,180.0,267.0,73.5,180.0,1.6,0.0,unverified,,,,,,,,8.0,,,,d4f10273215db5e6d2a23fbbb6d47d9f501da9e0ff759512a6f8be15966a65b5
center,other,J40,Amphenol MDT420E01001 E-key Wi-Fi/Bluetooth socket,MDT420E01001,ducktop2:Amphenol_MDT420E01001_H4.2,False,front,F.Cu,208.350001,124.600001,270.0,177.8,88.050001,270.0,1.6,0.0,unverified,,,,,,,,8.0,,,,d4f10273215db5e6d2a23fbbb6d47d9f501da9e0ff759512a6f8be15966a65b5
center,other,J41,OLED A cable: GND/3V3/SCL/SDA,SM04B-GHS-TB,Connector_JST:JST_GH_SM04B-GHS-TB_1x04-1MP_P1.25mm_Horizontal,False,front,F.Cu,231.600001,181.55,180.0,201.05,145.0,180.0,1.6,0.0,unverified,,,,,,,,8.0,,,,d4f10273215db5e6d2a23fbbb6d47d9f501da9e0ff759512a6f8be15966a65b5
center,other,J45,OLED B cable: GND/3V3/SCL/SDA,SM04B-GHS-TB,Connector_JST:JST_GH_SM04B-GHS-TB_1x04-1MP_P1.25mm_Horizontal,False,front,F.Cu,241.125001,181.55,180.0,210.575,145.0,180.0,1.6,0.0,unverified,,,,,,,,8.0,,,,d4f10273215db5e6d2a23fbbb6d47d9f501da9e0ff759512a6f8be15966a65b5
center,other,J52,"Delta BFB04512HHA-CZ0T: GND, fused 12V, FG, PWM",SM04B-GHS-TB,Connector_JST:JST_GH_SM04B-GHS-TB_1x04-1MP_P1.25mm_Horizontal,False,front,F.Cu,198.550001,115.45,180.0,168.0,78.9,180.0,1.6,0.0,unverified,,,,,,,,8.0,,,,d4f10273215db5e6d2a23fbbb6d47d9f501da9e0ff759512a6f8be15966a65b5
center,other,J53,Lid/hall switch,SM02B-GHS-TB,Connector_JST:JST_GH_SM02B-GHS-TB_1x02-1MP_P1.25mm_Horizontal,False,front,F.Cu,114.550001,55.25,0.0,84.0,18.7,0.0,1.6,0.0,unverified,,,,,,,,8.0,,,,d4f10273215db5e6d2a23fbbb6d47d9f501da9e0ff759512a6f8be15966a65b5
center,other,J54,Skin/hinge NTC,SM02B-GHS-TB,Connector_JST:JST_GH_SM02B-GHS-TB_1x02-1MP_P1.25mm_Horizontal,False,front,F.Cu,304.550001,111.55,180.0,274.0,75.0,180.0,1.6,0.0,unverified,,,,,,,,8.0,,,,d4f10273215db5e6d2a23fbbb6d47d9f501da9e0ff759512a6f8be15966a65b5
center,other,J56,Mu heatsink/spreader NTC,SM02B-GHS-TB,Connector_JST:JST_GH_SM02B-GHS-TB_1x02-1MP_P1.25mm_Horizontal,False,front,F.Cu,188.725001,115.4,180.0,158.175,78.85,180.0,1.6,0.0,unverified,,,,,,,,8.0,,,,d4f10273215db5e6d2a23fbbb6d47d9f501da9e0ff759512a6f8be15966a65b5
center,other,J58,Field-soldered trackpad USB2 cable: GND/D-/D+/VBUS,,ducktop2:USB2_Trackpad_Cable_SolderPads_1x04_P2.54mm,False,front,F.Cu,171.550001,198.8,0.0,141.0,162.25,0.0,1.6,0.0,unverified,,,,,,,,8.0,,,,d4f10273215db5e6d2a23fbbb6d47d9f501da9e0ff759512a6f8be15966a65b5
center,other,J73,Rear USB-C EC firmware programming port (UFP/DFU),105450-0101,Connector_USB:USB_C_Receptacle_Molex_105450-0101,False,front,F.Cu,322.950001,216.45,0.0,292.4,179.9,0.0,1.6,0.0,unverified,,,,,,,,8.0,,,,d4f10273215db5e6d2a23fbbb6d47d9f501da9e0ff759512a6f8be15966a65b5
center,other,J310,Mainboard keyboard FFC to MX ULP daughterboard,FH12-30S-0.5SH(55),Connector_FFC-FPC:Hirose_FH12-30S-0.5SH_1x30-1MP_P0.50mm_Horizontal,False,front,F.Cu,175.550001,85.55,270.0,145.0,49.0,270.0,1.6,0.0,unverified,,,,,,,,8.0,,,,d4f10273215db5e6d2a23fbbb6d47d9f501da9e0ff759512a6f8be15966a65b5
center,other,J420,"Left 8-ohm BTL speaker; pin 1 +, pin 2 -",SM02B-GHS-TB,Connector_JST:JST_GH_SM02B-GHS-TB_1x02-1MP_P1.25mm_Horizontal,False,front,F.Cu,105.450001,216.7,270.0,74.9,180.15,270.0,1.6,0.0,unverified,,,,,,,,8.0,,,,d4f10273215db5e6d2a23fbbb6d47d9f501da9e0ff759512a6f8be15966a65b5
center,other,J421,"Right 8-ohm BTL speaker; pin 1 +, pin 2 -",SM02B-GHS-TB,Connector_JST:JST_GH_SM02B-GHS-TB_1x02-1MP_P1.25mm_Horizontal,False,front,F.Cu,325.050001,206.425,90.0,294.5,169.875,90.0,1.6,0.0,unverified,,,,,,,,8.0,,,,d4f10273215db5e6d2a23fbbb6d47d9f501da9e0ff759512a6f8be15966a65b5
center,other,J422,CUI SJ1-3535NG rear 3.5mm stereo headphone jack,SJ1-3535NG,Connector_Audio:Jack_3.5mm_CUI_SJ1-3535NG_Horizontal,False,front,F.Cu,280.850001,38.55,0.0,250.3,2.0,0.0,1.6,0.0,unverified,,,,,,,,8.0,,,,d4f10273215db5e6d2a23fbbb6d47d9f501da9e0ff759512a6f8be15966a65b5
center,other,J901,JST PUD 2x20 protected maker GPIO/power; NOT A PI HAT,B40B-PUDSS,Connector_JST:JST_PUD_B40B-PUDSS_2x20_P2.00mm_Vertical,False,front,F.Cu,326.850001,42.55,180.0,296.3,6.0,180.0,1.6,0.0,unverified,,,,,,,,8.0,,,,d4f10273215db5e6d2a23fbbb6d47d9f501da9e0ff759512a6f8be15966a65b5
center,other,J902,TC2030 Cortex SWD: VTref/SWDIO/RUN/SWCLK/GND/NC,TC2030-CTX-NL cable target,Connector:Tag-Connect_TC2030-IDC-NL_2x03_P1.27mm_Vertical,False,front,F.Cu,289.290001,55.65,270.0,258.74,19.1,270.0,1.6,0.0,unverified,,,,,,,,8.0,,,,d4f10273215db5e6d2a23fbbb6d47d9f501da9e0ff759512a6f8be15966a65b5
center,other,J2071,protected pack power,2060-452/998-404,ducktop2:WAGO_2060_452_SMD,False,front,F.Cu,142.000001,210.398,270.0,111.45,173.848,270.0,1.6,0.0,unverified,,,,,,,,8.0,,,,d4f10273215db5e6d2a23fbbb6d47d9f501da9e0ff759512a6f8be15966a65b5
center,other,J2073,isolated bms control,SM05B-SRSS-TB(LF)(SN),Connector_JST:JST_SH_SM05B-SRSS-TB_1x05-1MP_P1.00mm_Horizontal,False,front,F.Cu,207.050001,181.85,180.0,176.5,145.3,180.0,1.6,0.0,unverified,,,,,,,,8.0,,,,d4f10273215db5e6d2a23fbbb6d47d9f501da9e0ff759512a6f8be15966a65b5
center,other,J2300,FH12-30S 30-pin radio daughterboard FFC,FH12-30S-0.5SH(55),Connector_FFC-FPC:Hirose_FH12-30S-0.5SH_1x30-1MP_P0.50mm_Horizontal,False,front,F.Cu,112.800001,154.3,0.0,82.25,117.75,0.0,1.6,0.0,unverified,,,,,,,,8.0,,,,d4f10273215db5e6d2a23fbbb6d47d9f501da9e0ff759512a6f8be15966a65b5
center,other,J2430,left power rails,2060-453/998-404,ducktop2:WAGO_2060_453_SMD,False,front,F.Cu,116.500001,97.3,90.0,85.95,60.75,90.0,1.6,0.0,unverified,,,,,,,,8.0,,,,d4f10273215db5e6d2a23fbbb6d47d9f501da9e0ff759512a6f8be15966a65b5
center,other,J2432,right power rails,2060-453/998-404,ducktop2:WAGO_2060_453_SMD,False,front,F.Cu,315.000001,88.05,270.0,284.45,51.5,270.0,1.6,0.0,unverified,,,,,,,,8.0,,,,d4f10273215db5e6d2a23fbbb6d47d9f501da9e0ff759512a6f8be15966a65b5
center,other,J2441,main ground strap,,Connector_Wire:SolderWirePad_1x01_SMD_5x10mm,False,front,F.Cu,108.050001,49.25,90.0,77.5,12.7,90.0,1.6,0.0,unverified,,,,,,,,8.0,,,,d4f10273215db5e6d2a23fbbb6d47d9f501da9e0ff759512a6f8be15966a65b5
center,other,J2443,main ground strap,,Connector_Wire:SolderWirePad_1x01_SMD_5x10mm,False,front,F.Cu,108.050001,106.55,90.0,77.5,70.0,90.0,1.6,0.0,unverified,,,,,,,,8.0,,,,d4f10273215db5e6d2a23fbbb6d47d9f501da9e0ff759512a6f8be15966a65b5
center,other,J2444,main ground strap,,Connector_Wire:SolderWirePad_1x01_SMD_5x10mm,False,front,F.Cu,323.250001,79.05,90.0,292.7,42.5,90.0,1.6,0.0,unverified,,,,,,,,8.0,,,,d4f10273215db5e6d2a23fbbb6d47d9f501da9e0ff759512a6f8be15966a65b5
center,other,J2446,main ground strap,,Connector_Wire:SolderWirePad_1x01_SMD_5x10mm,False,front,F.Cu,323.250001,150.55,90.0,292.7,114.0,90.0,1.6,0.0,unverified,,,,,,,,8.0,,,,d4f10273215db5e6d2a23fbbb6d47d9f501da9e0ff759512a6f8be15966a65b5
center,other,J2450,left power rails,2060-453/998-404,ducktop2:WAGO_2060_453_SMD,False,front,F.Cu,116.100001,165.8,90.0,85.55,129.25,90.0,1.6,0.0,unverified,,,,,,,,8.0,,,,d4f10273215db5e6d2a23fbbb6d47d9f501da9e0ff759512a6f8be15966a65b5
center,other,J2452,right power rails,2060-453/998-404,ducktop2:WAGO_2060_453_SMD,False,front,F.Cu,313.000001,101.05,270.0,282.45,64.5,270.0,1.6,0.0,unverified,,,,,,,,8.0,,,,d4f10273215db5e6d2a23fbbb6d47d9f501da9e0ff759512a6f8be15966a65b5
center,other,J2460,left power return,2060-451/998-404,ducktop2:WAGO_2060_451_SMD,False,front,F.Cu,120.100001,111.05,90.0,89.55,74.5,90.0,1.6,0.0,unverified,,,,,,,,8.0,,,,d4f10273215db5e6d2a23fbbb6d47d9f501da9e0ff759512a6f8be15966a65b5
center,other,J2462,right power return,2060-451/998-404,ducktop2:WAGO_2060_451_SMD,False,front,F.Cu,312.000001,116.55,180.0,281.45,80.0,180.0,1.6,0.0,unverified,,,,,,,,8.0,,,,d4f10273215db5e6d2a23fbbb6d47d9f501da9e0ff759512a6f8be15966a65b5
center,charger,L1,2.2uH 20%; 31A Isat30,XGL1060-222MEC,ducktop2:Coilcraft_XGL1060_Center,False,front,F.Cu,207.9,166.5,0.0,177.349999,129.95,0.0,1.6,0.0,verified_maximum,maximum,6.0,https://www.coilcraft.com/pdfs/ShortFormCatalog.pdf,6.0,,,,8.0,14.0,,,d4f10273215db5e6d2a23fbbb6d47d9f501da9e0ff759512a6f8be15966a65b5
center,other,L3,10uH 20% 6.2A Isat30; 1.5A rail envelope,XGL6030-103MEC,ducktop2:Coilcraft_XGL6030,False,front,F.Cu,166.75,63.85,90.0,136.199999,27.3,90.0,1.6,0.0,unverified,,,,,,,,8.0,,,,d4f10273215db5e6d2a23fbbb6d47d9f501da9e0ff759512a6f8be15966a65b5
center,other,L4,6.8uH 18.4A Isat30; SYS_5V,XGL1060-682MEC,ducktop2:Coilcraft_XGL1060_Center,False,front,F.Cu,146.350001,146.45,180.0,115.8,109.9,180.0,1.6,0.0,verified_maximum,maximum,6.0,https://www.coilcraft.com/pdfs/ShortFormCatalog.pdf,6.0,,,,8.0,14.0,,,d4f10273215db5e6d2a23fbbb6d47d9f501da9e0ff759512a6f8be15966a65b5
center,other,L5,XAL7070-222MEC 2.2uH 19.6A Isat30%,XAL7070-222MEC,Inductor_SMD:L_Coilcraft_XAL7070-XXX,False,front,F.Cu,129.745001,73.05,270.0,99.195,36.5,270.0,1.6,0.0,unverified,,,,,,,,8.0,,,,d4f10273215db5e6d2a23fbbb6d47d9f501da9e0ff759512a6f8be15966a65b5
center,other,L420,MPZ1608S221A 220R@100MHz speaker EMI bead,MPZ1608S221A,Inductor_SMD:L_0603_1608Metric,False,front,F.Cu,173.8,173.7,180.0,143.249999,137.15,180.0,1.6,0.0,verified_maximum,maximum,0.95,https://product.tdk.com/en/system/files/dam/doc/product/emc/emc/beads/catalog/beads_commercial_power_mpz1608_en.pdf,0.95,,,,8.0,8.95,,,d4f10273215db5e6d2a23fbbb6d47d9f501da9e0ff759512a6f8be15966a65b5
center,other,L421,MPZ1608S221A 220R@100MHz speaker EMI bead,MPZ1608S221A,Inductor_SMD:L_0603_1608Metric,False,front,F.Cu,175.75,179.8,270.0,145.199999,143.25,270.0,1.6,0.0,verified_maximum,maximum,0.95,https://product.tdk.com/en/system/files/dam/doc/product/emc/emc/beads/catalog/beads_commercial_power_mpz1608_en.pdf,0.95,,,,8.0,8.95,,,d4f10273215db5e6d2a23fbbb6d47d9f501da9e0ff759512a6f8be15966a65b5
center,other,L422,MPZ1608S221A 220R@100MHz speaker EMI bead,MPZ1608S221A,Inductor_SMD:L_0603_1608Metric,False,front,F.Cu,183.2,175.7,270.0,152.649999,139.15,270.0,1.6,0.0,verified_maximum,maximum,0.95,https://product.tdk.com/en/system/files/dam/doc/product/emc/emc/beads/catalog/beads_commercial_power_mpz1608_en.pdf,0.95,,,,8.0,8.95,,,d4f10273215db5e6d2a23fbbb6d47d9f501da9e0ff759512a6f8be15966a65b5
center,other,L423,MPZ1608S221A 220R@100MHz speaker EMI bead,MPZ1608S221A,Inductor_SMD:L_0603_1608Metric,False,front,F.Cu,182.0,178.05,0.0,151.449999,141.5,0.0,1.6,0.0,verified_maximum,maximum,0.95,https://product.tdk.com/en/system/files/dam/doc/product/emc/emc/beads/catalog/beads_commercial_power_mpz1608_en.pdf,0.95,,,,8.0,8.95,,,d4f10273215db5e6d2a23fbbb6d47d9f501da9e0ff759512a6f8be15966a65b5
center,mu_supply,L750,6.8uH 18.4A Isat30 / 10.9A Irms20; 6mm max,XGL1060-682MEC,ducktop2:Coilcraft_XGL1060_Center,False,front,F.Cu,151.625,105.25,180.0,121.074999,68.7,180.0,1.6,0.0,verified_maximum,maximum,6.0,https://www.coilcraft.com/pdfs/ShortFormCatalog.pdf,6.0,,,,8.0,14.0,,,d4f10273215db5e6d2a23fbbb6d47d9f501da9e0ff759512a6f8be15966a65b5
center,other,L900,470nH TDK TFM201610ALM-R47MTAA,TFM201610ALM-R47MTAA,ducktop2:TDK_TFM201610,False,front,F.Cu,296.663993,87.161007,0.0,266.113992,50.611007,0.0,1.6,0.0,unverified,,,,,,,,8.0,,,,d4f10273215db5e6d2a23fbbb6d47d9f501da9e0ff759512a6f8be15966a65b5
center,other,L901,3.3u AOTA-B201610S3R3-101-T (orientation critical),AOTA-B201610S3R3-101-T,ducktop2:Abracon_AOTA-B201610S3R3-101-T_RP2350,False,front,F.Cu,313.800001,60.55,0.0,283.25,24.0,0.0,1.6,0.0,unverified,,,,,,,,8.0,,,,d4f10273215db5e6d2a23fbbb6d47d9f501da9e0ff759512a6f8be15966a65b5
center,other,L1702,8.2uH 16.9A Isat30; endpoint,XGL1060-822MEC,ducktop2:Coilcraft_XGL1060_Center,False,front,F.Cu,259.350001,152.95,180.0,228.8,116.4,180.0,1.6,0.0,unverified,,,,,,,,8.0,,,,d4f10273215db5e6d2a23fbbb6d47d9f501da9e0ff759512a6f8be15966a65b5
center,charger,LED1,Adapter absent,APT1608SGC,LED_SMD:LED_0603_1608Metric,False,front,F.Cu,216.392499,167.712333,180.0,185.842498,131.162333,180.0,1.6,0.0,unverified,,,,,,,,8.0,,,,d4f10273215db5e6d2a23fbbb6d47d9f501da9e0ff759512a6f8be15966a65b5
center,other,LED430,green microphone-active indicator,APT1608SGC,LED_SMD:LED_0603_1608Metric,False,front,F.Cu,155.550001,204.55,0.0,125.0,168.0,0.0,1.6,0.0,unverified,,,,,,,,8.0,,,,d4f10273215db5e6d2a23fbbb6d47d9f501da9e0ff759512a6f8be15966a65b5
center,other,MK430,IM68A130V01 bottom-port analog MEMS microphone,IM68A130V01XTMA1,ducktop2:Infineon_IM68A130V01,False,front,F.Cu,150.550001,204.55,270.0,120.0,168.0,270.0,1.6,0.0,unverified,,,,,,,,8.0,,,,d4f10273215db5e6d2a23fbbb6d47d9f501da9e0ff759512a6f8be15966a65b5
center,other,Q13,CSD19537Q3 100V AUX reverse FET,CSD19537Q3,ducktop2:CSD19537Q3_DQG,False,front,F.Cu,193.4875,64.925,270.0,162.937499,28.375,270.0,1.6,0.0,verified_maximum,maximum,1.1,https://www.ti.com/lit/ds/symlink/csd19537q3.pdf,1.1,,,,8.0,9.1,,,d4f10273215db5e6d2a23fbbb6d47d9f501da9e0ff759512a6f8be15966a65b5
center,other,Q14,BSS138 fast reverse-gate pulldown,BSS138LT1G,Package_TO_SOT_SMD:SOT-23,False,front,F.Cu,199.4,56.5,270.0,168.849999,19.95,270.0,1.6,0.0,verified_maximum,maximum,1.12,https://www.alldatasheet.com/html-pdf/115982/ONSEMI/BSS138LT1G/1119/5/BSS138LT1G.html,1.12,,,,8.0,9.12,,,d4f10273215db5e6d2a23fbbb6d47d9f501da9e0ff759512a6f8be15966a65b5
center,other,Q21,SiSS4409DN 40V reverse-blocking PMOS,SiSS4409DN-T1-GE3,Package_SO:Vishay_PowerPAK_1212-8_Single,False,front,F.Cu,134.420001,182.37,0.0,103.87,145.82,0.0,1.6,0.0,unverified,,,,,,,,8.0,,,,d4f10273215db5e6d2a23fbbb6d47d9f501da9e0ff759512a6f8be15966a65b5
center,other,Q22,SiSS4409DN 40V reverse-blocking PMOS,SiSS4409DN-T1-GE3,Package_SO:Vishay_PowerPAK_1212-8_Single,False,front,F.Cu,127.200001,187.8,270.0,96.65,151.25,270.0,1.6,0.0,unverified,,,,,,,,8.0,,,,d4f10273215db5e6d2a23fbbb6d47d9f501da9e0ff759512a6f8be15966a65b5
center,other,Q23,SiSS4409DN 40V reverse-blocking PMOS,SiSS4409DN-T1-GE3,Package_SO:Vishay_PowerPAK_1212-8_Single,False,front,F.Cu,190.015001,158.048,270.0,159.465,121.498,270.0,1.6,0.0,unverified,,,,,,,,8.0,,,,d4f10273215db5e6d2a23fbbb6d47d9f501da9e0ff759512a6f8be15966a65b5
center,other,Q24,SiSS4409DN 40V reverse-blocking PMOS,SiSS4409DN-T1-GE3,Package_SO:Vishay_PowerPAK_1212-8_Single,False,front,F.Cu,188.700001,151.6,0.0,158.15,115.05,0.0,1.6,0.0,unverified,,,,,,,,8.0,,,,d4f10273215db5e6d2a23fbbb6d47d9f501da9e0ff759512a6f8be15966a65b5
center,charger,Q25,CSD17575Q3 battery power-path FET,CSD17575Q3,ducktop2:CSD17575Q3_DQG,False,front,F.Cu,222.5,175.0,180.0,191.949999,138.45,180.0,1.6,0.0,verified_maximum,maximum,1.1,https://www.ti.com/lit/ds/symlink/csd17575q3.pdf,1.1,,,,8.0,9.1,,,d4f10273215db5e6d2a23fbbb6d47d9f501da9e0ff759512a6f8be15966a65b5
center,other,Q26,SiSS4409DN 40V reverse-blocking PMOS,SiSS4409DN-T1-GE3,Package_SO:Vishay_PowerPAK_1212-8_Single,False,front,F.Cu,180.920001,154.87,270.0,150.37,118.32,270.0,1.6,0.0,unverified,,,,,,,,8.0,,,,d4f10273215db5e6d2a23fbbb6d47d9f501da9e0ff759512a6f8be15966a65b5
center,other,Q27,SiSS4409DN 40V reverse-blocking PMOS,SiSS4409DN-T1-GE3,Package_SO:Vishay_PowerPAK_1212-8_Single,False,front,F.Cu,184.700001,152.05,270.0,154.15,115.5,270.0,1.6,0.0,unverified,,,,,,,,8.0,,,,d4f10273215db5e6d2a23fbbb6d47d9f501da9e0ff759512a6f8be15966a65b5
center,other,Q28,SiSS4409DN 40V reverse-blocking PMOS,SiSS4409DN-T1-GE3,Package_SO:Vishay_PowerPAK_1212-8_Single,False,front,F.Cu,133.515001,189.798,0.0,102.965,153.248,0.0,1.6,0.0,unverified,,,,,,,,8.0,,,,d4f10273215db5e6d2a23fbbb6d47d9f501da9e0ff759512a6f8be15966a65b5
center,other,Q29,SiSS4409DN 40V reverse-blocking PMOS,SiSS4409DN-T1-GE3,Package_SO:Vishay_PowerPAK_1212-8_Single,False,front,F.Cu,131.200001,186.1,0.0,100.65,149.55,0.0,1.6,0.0,unverified,,,,,,,,8.0,,,,d4f10273215db5e6d2a23fbbb6d47d9f501da9e0ff759512a6f8be15966a65b5
center,other,Q60,2N7002 physical host-VBUS USB connect gate,2N7002KT1G,Package_TO_SOT_SMD:SOT-23,False,front,F.Cu,300.588993,93.011007,90.0,270.038992,56.461007,90.0,1.6,0.0,verified_maximum,maximum,1.11,https://www.onsemi.com/download/package-drawing/pdf/318-08.pdf,1.11,,,,8.0,9.11,,,d4f10273215db5e6d2a23fbbb6d47d9f501da9e0ff759512a6f8be15966a65b5
center,other,Q62,2N7002 DFU-mode USB mux force-enable,2N7002KT1G,Package_TO_SOT_SMD:SOT-23,False,back,B.Cu,173.25,56.75,180.0,142.699999,20.2,180.0,1.6,-1.6,verified_maximum,maximum,1.11,https://www.onsemi.com/download/package-drawing/pdf/318-08.pdf,-2.71,,0.3,-3.01,6.4,5.29,,4.99,d4f10273215db5e6d2a23fbbb6d47d9f501da9e0ff759512a6f8be15966a65b5
center,other,Q200,2N7002KT1G fan PWM open-drain sink,2N7002KT1G,Package_TO_SOT_SMD:SOT-23,False,back,B.Cu,194.0,112.25,270.0,163.449999,75.7,270.0,1.6,-1.6,verified_maximum,maximum,1.11,https://www.onsemi.com/download/package-drawing/pdf/318-08.pdf,-2.71,,0.3,-3.01,6.4,5.29,,4.99,d4f10273215db5e6d2a23fbbb6d47d9f501da9e0ff759512a6f8be15966a65b5
center,charger,Q700,BSS138,BSS138LT1G,Package_TO_SOT_SMD:SOT-23,False,back,B.Cu,208.25,170.75,90.0,177.699999,134.2,90.0,1.6,-1.6,verified_maximum,maximum,1.12,https://www.alldatasheet.com/html-pdf/115982/ONSEMI/BSS138LT1G/1119/5/BSS138LT1G.html,-2.72,,0.3,-3.02,6.4,5.28,,4.98,d4f10273215db5e6d2a23fbbb6d47d9f501da9e0ff759512a6f8be15966a65b5
center,charger,Q702,BSS138,BSS138LT1G,Package_TO_SOT_SMD:SOT-23,False,back,B.Cu,212.0,172.75,180.0,181.449999,136.2,180.0,1.6,-1.6,verified_maximum,maximum,1.12,https://www.alldatasheet.com/html-pdf/115982/ONSEMI/BSS138LT1G/1119/5/BSS138LT1G.html,-2.72,,0.3,-3.02,6.4,5.28,,4.98,d4f10273215db5e6d2a23fbbb6d47d9f501da9e0ff759512a6f8be15966a65b5
center,mu_supply,Q750,BSS138 fail-off EN/UVLO clamp,BSS138LT1G,Package_TO_SOT_SMD:SOT-23,False,back,B.Cu,144.75,120.5,90.0,114.199999,83.95,90.0,1.6,-1.6,verified_maximum,maximum,1.12,https://www.alldatasheet.com/html-pdf/115982/ONSEMI/BSS138LT1G/1119/5/BSS138LT1G.html,-2.72,,0.3,-3.02,6.4,5.28,,4.98,d4f10273215db5e6d2a23fbbb6d47d9f501da9e0ff759512a6f8be15966a65b5
center,mu_supply,Q751,BSS138 active-high enable release,BSS138LT1G,Package_TO_SOT_SMD:SOT-23,False,back,B.Cu,143.0,124.25,0.0,112.449999,87.7,0.0,1.6,-1.6,verified_maximum,maximum,1.12,https://www.alldatasheet.com/html-pdf/115982/ONSEMI/BSS138LT1G/1119/5/BSS138LT1G.html,-2.72,,0.3,-3.02,6.4,5.28,,4.98,d4f10273215db5e6d2a23fbbb6d47d9f501da9e0ff759512a6f8be15966a65b5
center,other,Q901,2N7002 physical host-VBUS USB connect gate,2N7002KT1G,Package_TO_SOT_SMD:SOT-23,False,back,B.Cu,304.5,57.0,270.0,273.949999,20.45,270.0,1.6,-1.6,verified_maximum,maximum,1.11,https://www.onsemi.com/download/package-drawing/pdf/318-08.pdf,-2.71,,0.3,-3.01,6.4,5.29,,4.99,d4f10273215db5e6d2a23fbbb6d47d9f501da9e0ff759512a6f8be15966a65b5
center,other,Q903,2N7002 maker header isolation enable gate,2N7002KT1G,Package_TO_SOT_SMD:SOT-23,False,back,B.Cu,297.25,57.75,270.0,266.699999,21.2,270.0,1.6,-1.6,verified_maximum,maximum,1.11,https://www.onsemi.com/download/package-drawing/pdf/318-08.pdf,-2.71,,0.3,-3.01,6.4,5.29,,4.99,d4f10273215db5e6d2a23fbbb6d47d9f501da9e0ff759512a6f8be15966a65b5
center,other,Q2300,2N7002K radio-PG USB enable,2N7002KT1G,Package_TO_SOT_SMD:SOT-23,False,back,B.Cu,116.75,144.0,180.0,86.199999,107.45,180.0,1.6,-1.6,verified_maximum,maximum,1.11,https://www.onsemi.com/download/package-drawing/pdf/318-08.pdf,-2.71,,0.3,-3.01,6.4,5.29,,4.99,d4f10273215db5e6d2a23fbbb6d47d9f501da9e0ff759512a6f8be15966a65b5
center,charger,Q2600,CSD17577Q3A 30V switching FET,CSD17577Q3A,ducktop2:CSD17577Q3A_DNH,False,front,F.Cu,216.0,160.75,0.0,185.449999,124.2,0.0,1.6,0.0,verified_maximum,maximum,0.9,https://www.ti.com/lit/ds/symlink/csd17577q3a.pdf,0.9,,,,8.0,8.9,,,d4f10273215db5e6d2a23fbbb6d47d9f501da9e0ff759512a6f8be15966a65b5
center,charger,Q2601,CSD17577Q3A 30V switching FET,CSD17577Q3A,ducktop2:CSD17577Q3A_DNH,False,front,F.Cu,215.9,165.0,180.0,185.349999,128.45,180.0,1.6,0.0,verified_maximum,maximum,0.9,https://www.ti.com/lit/ds/symlink/csd17577q3a.pdf,0.9,,,,8.0,8.9,,,d4f10273215db5e6d2a23fbbb6d47d9f501da9e0ff759512a6f8be15966a65b5
center,charger,Q2602,CSD17577Q3A 30V switching FET,CSD17577Q3A,ducktop2:CSD17577Q3A_DNH,False,front,F.Cu,199.9,160.0,0.0,169.349999,123.45,0.0,1.6,0.0,verified_maximum,maximum,0.9,https://www.ti.com/lit/ds/symlink/csd17577q3a.pdf,0.9,,,,8.0,8.9,,,d4f10273215db5e6d2a23fbbb6d47d9f501da9e0ff759512a6f8be15966a65b5
center,charger,Q2603,CSD17577Q3A 30V switching FET,CSD17577Q3A,ducktop2:CSD17577Q3A_DNH,False,front,F.Cu,199.9,155.75,180.0,169.349999,119.2,180.0,1.6,0.0,verified_maximum,maximum,0.9,https://www.ti.com/lit/ds/symlink/csd17577q3a.pdf,0.9,,,,8.0,8.9,,,d4f10273215db5e6d2a23fbbb6d47d9f501da9e0ff759512a6f8be15966a65b5
center,charger,Q2604,BSS138,BSS138LT1G,Package_TO_SOT_SMD:SOT-23,False,back,B.Cu,215.0,170.5,180.0,184.449999,133.95,180.0,1.6,-1.6,verified_maximum,maximum,1.12,https://www.alldatasheet.com/html-pdf/115982/ONSEMI/BSS138LT1G/1119/5/BSS138LT1G.html,-2.72,,0.3,-3.02,6.4,5.28,,4.98,d4f10273215db5e6d2a23fbbb6d47d9f501da9e0ff759512a6f8be15966a65b5
center,charger,Q2605,BSS138,BSS138LT1G,Package_TO_SOT_SMD:SOT-23,False,back,B.Cu,219.0,170.5,180.0,188.449999,133.95,180.0,1.6,-1.6,verified_maximum,maximum,1.12,https://www.alldatasheet.com/html-pdf/115982/ONSEMI/BSS138LT1G/1119/5/BSS138LT1G.html,-2.72,,0.3,-3.02,6.4,5.28,,4.98,d4f10273215db5e6d2a23fbbb6d47d9f501da9e0ff759512a6f8be15966a65b5
center,mu_supply,Q2610,CSD17577Q3A buck FET,CSD17577Q3A,ducktop2:CSD17577Q3A_DNH,False,front,F.Cu,143.75,111.75,90.0,113.199999,75.2,90.0,1.6,0.0,verified_maximum,maximum,0.9,https://www.ti.com/lit/ds/symlink/csd17577q3a.pdf,0.9,,,,8.0,8.9,,,d4f10273215db5e6d2a23fbbb6d47d9f501da9e0ff759512a6f8be15966a65b5
center,mu_supply,Q2611,CSD17577Q3A buck FET,CSD17577Q3A,ducktop2:CSD17577Q3A_DNH,False,front,F.Cu,143.75,116.3,90.0,113.199999,79.75,90.0,1.6,0.0,verified_maximum,maximum,0.9,https://www.ti.com/lit/ds/symlink/csd17577q3a.pdf,0.9,,,,8.0,8.9,,,d4f10273215db5e6d2a23fbbb6d47d9f501da9e0ff759512a6f8be15966a65b5
center,standby,Q2620,CSD19537Q3 100V,CSD19537Q3,ducktop2:CSD19537Q3_DQG,False,front,F.Cu,143.5,162.0,0.0,112.949999,125.45,0.0,1.6,0.0,verified_maximum,maximum,1.1,https://www.ti.com/lit/ds/symlink/csd19537q3.pdf,1.1,,,,8.0,9.1,,,d4f10273215db5e6d2a23fbbb6d47d9f501da9e0ff759512a6f8be15966a65b5
center,standby,Q2621,CSD19537Q3 100V,CSD19537Q3,ducktop2:CSD19537Q3_DQG,False,front,F.Cu,143.5,168.0,0.0,112.949999,131.45,0.0,1.6,0.0,verified_maximum,maximum,1.1,https://www.ti.com/lit/ds/symlink/csd19537q3.pdf,1.1,,,,8.0,9.1,,,d4f10273215db5e6d2a23fbbb6d47d9f501da9e0ff759512a6f8be15966a65b5
center,standby,Q2622,CSD19537Q3 100V,CSD19537Q3,ducktop2:CSD19537Q3_DQG,False,front,F.Cu,151.0,164.5,180.0,120.449999,127.95,180.0,1.6,0.0,verified_maximum,maximum,1.1,https://www.ti.com/lit/ds/symlink/csd19537q3.pdf,1.1,,,,8.0,9.1,,,d4f10273215db5e6d2a23fbbb6d47d9f501da9e0ff759512a6f8be15966a65b5
center,standby,Q2623,CSD19537Q3 100V,CSD19537Q3,ducktop2:CSD19537Q3_DQG,False,front,F.Cu,155.25,164.5,0.0,124.699999,127.95,0.0,1.6,0.0,verified_maximum,maximum,1.1,https://www.ti.com/lit/ds/symlink/csd19537q3.pdf,1.1,,,,8.0,9.1,,,d4f10273215db5e6d2a23fbbb6d47d9f501da9e0ff759512a6f8be15966a65b5
center,source_control,Q2644,BSS138 AUX discharge,BSS138LT1G,Package_TO_SOT_SMD:SOT-23,False,back,B.Cu,188.0,65.25,90.0,157.449999,28.7,90.0,1.6,-1.6,verified_maximum,maximum,1.12,https://www.alldatasheet.com/html-pdf/115982/ONSEMI/BSS138LT1G/1119/5/BSS138LT1G.html,-2.72,,0.3,-3.02,6.4,5.28,,4.98,d4f10273215db5e6d2a23fbbb6d47d9f501da9e0ff759512a6f8be15966a65b5
center,standby,Q2650,CSD19537Q3 100V,CSD19537Q3,ducktop2:CSD19537Q3_DQG,False,front,F.Cu,143.5,174.0,0.0,112.949999,137.45,0.0,1.6,0.0,verified_maximum,maximum,1.1,https://www.ti.com/lit/ds/symlink/csd19537q3.pdf,1.1,,,,8.0,9.1,,,d4f10273215db5e6d2a23fbbb6d47d9f501da9e0ff759512a6f8be15966a65b5
center,standby,Q2660,CSD18540Q5B AON pass FET,CSD18540Q5B,ducktop2:CSD18540Q5B_DNK,False,front,F.Cu,176.0,165.5,0.0,145.449999,128.95,0.0,1.6,0.0,unverified,,,,,,,,8.0,,,,d4f10273215db5e6d2a23fbbb6d47d9f501da9e0ff759512a6f8be15966a65b5
center,charger,R12,2.2k adapter-status LED,RC0603FR-072K2L,Resistor_SMD:R_0603_1608Metric,False,back,B.Cu,214.748476,166.606356,45.0,184.198475,130.056356,45.0,1.6,-1.6,verified_maximum,maximum,0.55,https://www.mouser.com/catalog/specsheets/RC0603.pdf,-2.15,,0.3,-2.45,6.4,5.85,,5.55,d4f10273215db5e6d2a23fbbb6d47d9f501da9e0ff759512a6f8be15966a65b5
center,charger,R13,100k throttle-release default-low,RC0603FR-07100KL,Resistor_SMD:R_0603_1608Metric,False,back,B.Cu,220.639909,167.838226,0.0,190.089908,131.288226,0.0,1.6,-1.6,verified_maximum,maximum,0.55,https://www.mouser.com/catalog/specsheets/RC0603.pdf,-2.15,,0.3,-2.45,6.4,5.85,,5.55,d4f10273215db5e6d2a23fbbb6d47d9f501da9e0ff759512a6f8be15966a65b5
center,charger,R14,100k NTC-inhibit default-on,RC0603FR-07100KL,Resistor_SMD:R_0603_1608Metric,False,back,B.Cu,208.411774,173.639909,0.0,177.861773,137.089909,0.0,1.6,-1.6,verified_maximum,maximum,0.55,https://www.mouser.com/catalog/specsheets/RC0603.pdf,-2.15,,0.3,-2.45,6.4,5.85,,5.55,d4f10273215db5e6d2a23fbbb6d47d9f501da9e0ff759512a6f8be15966a65b5
center,other,R15,10k charger interrupt pull-up,RC0603FR-0710KL,Resistor_SMD:R_0603_1608Metric,False,front,F.Cu,113.050001,148.55,0.0,82.5,112.0,0.0,1.6,0.0,verified_maximum,maximum,0.55,https://www.mouser.com/catalog/specsheets/RC0603.pdf,0.55,,,,8.0,8.55,,,d4f10273215db5e6d2a23fbbb6d47d9f501da9e0ff759512a6f8be15966a65b5
center,charger,R16,10k fixed-valid NTC resistance,RC0603FR-0710KL,Resistor_SMD:R_0603_1608Metric,False,back,B.Cu,205.0,171.312499,180.0,174.449999,134.762499,180.0,1.6,-1.6,verified_maximum,maximum,0.55,https://www.mouser.com/catalog/specsheets/RC0603.pdf,-2.15,,0.3,-2.45,6.4,5.85,,5.55,d4f10273215db5e6d2a23fbbb6d47d9f501da9e0ff759512a6f8be15966a65b5
center,charger,R18,2.21k 0.1% 25ppm 3S / 724kHz / 200mA startup,TNPW04022K21BEED,Resistor_SMD:R_0402_1005Metric,False,back,B.Cu,208.952226,166.180375,315.0,178.402225,129.630375,315.0,1.6,-1.6,verified_maximum,maximum,0.4,https://www.vishay.com/doc?28758,-2.0,,0.3,-2.3,6.4,6.0,,5.7,d4f10273215db5e6d2a23fbbb6d47d9f501da9e0ff759512a6f8be15966a65b5
center,other,R30,4.7k SCL pull-up,RC0603FR-074K7L,Resistor_SMD:R_0603_1608Metric,False,front,F.Cu,111.550001,120.05,0.0,81.0,83.5,0.0,1.6,0.0,verified_maximum,maximum,0.55,https://www.mouser.com/catalog/specsheets/RC0603.pdf,0.55,,,,8.0,8.55,,,d4f10273215db5e6d2a23fbbb6d47d9f501da9e0ff759512a6f8be15966a65b5
center,other,R31,4.7k SDA pull-up,RC0603FR-074K7L,Resistor_SMD:R_0603_1608Metric,False,front,F.Cu,176.937501,61.3,0.0,146.3875,24.75,0.0,1.6,0.0,verified_maximum,maximum,0.55,https://www.mouser.com/catalog/specsheets/RC0603.pdf,0.55,,,,8.0,8.55,,,d4f10273215db5e6d2a23fbbb6d47d9f501da9e0ff759512a6f8be15966a65b5
center,other,R32,10k,RC0603FR-0710KL,Resistor_SMD:R_0603_1608Metric,False,back,B.Cu,145.7,65.9,90.0,115.149999,29.35,90.0,1.6,-1.6,verified_maximum,maximum,0.55,https://www.mouser.com/catalog/specsheets/RC0603.pdf,-2.15,,0.3,-2.45,6.4,5.85,,5.55,d4f10273215db5e6d2a23fbbb6d47d9f501da9e0ff759512a6f8be15966a65b5
center,other,R33,10k,RC0603FR-0710KL,Resistor_SMD:R_0603_1608Metric,False,front,F.Cu,148.550001,54.125,90.0,118.0,17.575,90.0,1.6,0.0,verified_maximum,maximum,0.55,https://www.mouser.com/catalog/specsheets/RC0603.pdf,0.55,,,,8.0,8.55,,,d4f10273215db5e6d2a23fbbb6d47d9f501da9e0ff759512a6f8be15966a65b5
center,other,R34,0R VTref sense link,RC0603FR-070RL,Resistor_SMD:R_0603_1608Metric,False,front,F.Cu,145.9,50.85,0.0,115.349999,14.3,0.0,1.6,0.0,verified_maximum,maximum,0.55,https://www.mouser.com/catalog/specsheets/RC0603.pdf,0.55,,,,8.0,8.55,,,d4f10273215db5e6d2a23fbbb6d47d9f501da9e0ff759512a6f8be15966a65b5
center,other,R35,62.4k 0.02% 5ppm MCU_3V3 FB hi,TNPU060362K4HZEN00,Resistor_SMD:R_0603_1608Metric,False,back,B.Cu,165.3,68.05,0.0,134.749999,31.5,0.0,1.6,-1.6,verified_maximum,maximum,0.55,https://www.vishay.com/docs/28779/tnpue3.pdf,-2.15,,0.3,-2.45,6.4,5.85,,5.55,d4f10273215db5e6d2a23fbbb6d47d9f501da9e0ff759512a6f8be15966a65b5
center,other,R36,20.0k 0.02% 5ppm MCU_3V3 FB lo,TNPU060320K0HZEN00,Resistor_SMD:R_0603_1608Metric,False,back,B.Cu,165.35,69.6,180.0,134.799999,33.05,180.0,1.6,-1.6,verified_maximum,maximum,0.55,https://www.vishay.com/docs/28779/tnpue3.pdf,-2.15,,0.3,-2.45,6.4,5.85,,5.55,d4f10273215db5e6d2a23fbbb6d47d9f501da9e0ff759512a6f8be15966a65b5
center,other,R37,0R HSE drive/tuning position,RC0603FR-070RL,Resistor_SMD:R_0603_1608Metric,False,front,F.Cu,142.0,67.3,90.0,111.449999,30.75,90.0,1.6,0.0,verified_maximum,maximum,0.55,https://www.mouser.com/catalog/specsheets/RC0603.pdf,0.55,,,,8.0,8.55,,,d4f10273215db5e6d2a23fbbb6d47d9f501da9e0ff759512a6f8be15966a65b5
center,other,R40,54.9k 0.02% 5ppm SYS5 FB high,TNPU060354K9HZEN00,Resistor_SMD:R_0603_1608Metric,False,front,F.Cu,134.716668,158.675,0.0,104.166667,122.125,0.0,1.6,0.0,verified_maximum,maximum,0.55,https://www.vishay.com/docs/28779/tnpue3.pdf,0.55,,,,8.0,8.55,,,d4f10273215db5e6d2a23fbbb6d47d9f501da9e0ff759512a6f8be15966a65b5
center,other,R41,10.2k 0.02% 5ppm SYS5 FB low,TNPU060310K2HZEN00,Resistor_SMD:R_0603_1608Metric,False,front,F.Cu,138.550001,157.7,270.0,108.0,121.15,270.0,1.6,0.0,verified_maximum,maximum,0.55,https://www.vishay.com/docs/28779/tnpue3.pdf,0.55,,,,8.0,8.55,,,d4f10273215db5e6d2a23fbbb6d47d9f501da9e0ff759512a6f8be15966a65b5
center,other,R42,100k 1% SYS5 EN high,RC0603FR-07100KL,Resistor_SMD:R_0603_1608Metric,False,front,F.Cu,130.300001,155.45,0.0,99.75,118.9,0.0,1.6,0.0,verified_maximum,maximum,0.55,https://www.mouser.com/catalog/specsheets/RC0603.pdf,0.55,,,,8.0,8.55,,,d4f10273215db5e6d2a23fbbb6d47d9f501da9e0ff759512a6f8be15966a65b5
center,other,R43,45.3k 0.02% 5ppm TPS56637 FB high,TNPU060345K3HZEN00,Resistor_SMD:R_0603_1608Metric,False,front,F.Cu,125.725001,66.7,0.0,95.175,30.15,0.0,1.6,0.0,verified_maximum,maximum,0.55,https://www.vishay.com/docs/28779/tnpue3.pdf,0.55,,,,8.0,8.55,,,d4f10273215db5e6d2a23fbbb6d47d9f501da9e0ff759512a6f8be15966a65b5
center,other,R44,10k 0.02% 5ppm TPS56637 FB low,TNPU060310K0HZEN00,Resistor_SMD:R_0603_1608Metric,False,front,F.Cu,126.475001,64.45,90.0,95.925,27.9,90.0,1.6,0.0,verified_maximum,maximum,0.55,https://www.vishay.com/docs/28779/tnpue3.pdf,0.55,,,,8.0,8.55,,,d4f10273215db5e6d2a23fbbb6d47d9f501da9e0ff759512a6f8be15966a65b5
center,other,R45,100k 1% SYS5 EN low,RC0603FR-07100KL,Resistor_SMD:R_0603_1608Metric,False,front,F.Cu,128.587501,156.95,180.0,98.0375,120.4,180.0,1.6,0.0,verified_maximum,maximum,0.55,https://www.mouser.com/catalog/specsheets/RC0603.pdf,0.55,,,,8.0,8.55,,,d4f10273215db5e6d2a23fbbb6d47d9f501da9e0ff759512a6f8be15966a65b5
center,other,R46,100k SYS_5V PG pull-up,RC0603FR-07100KL,Resistor_SMD:R_0603_1608Metric,False,front,F.Cu,130.400001,150.8,0.0,99.85,114.25,0.0,1.6,0.0,verified_maximum,maximum,0.55,https://www.mouser.com/catalog/specsheets/RC0603.pdf,0.55,,,,8.0,8.55,,,d4f10273215db5e6d2a23fbbb6d47d9f501da9e0ff759512a6f8be15966a65b5
center,other,R47,0R / PERST isolation,RC0603FR-070RL,Resistor_SMD:R_0603_1608Metric,False,front,F.Cu,204.35,74.45,180.0,173.799999,37.9,180.0,1.6,0.0,verified_maximum,maximum,0.55,https://www.mouser.com/catalog/specsheets/RC0603.pdf,0.55,,,,8.0,8.55,,,d4f10273215db5e6d2a23fbbb6d47d9f501da9e0ff759512a6f8be15966a65b5
center,other,R48,0R / REFCLK+ isolation,RC0603FR-070RL,Resistor_SMD:R_0603_1608Metric,False,front,F.Cu,204.35,71.45,180.0,173.799999,34.9,180.0,1.6,0.0,verified_maximum,maximum,0.55,https://www.mouser.com/catalog/specsheets/RC0603.pdf,0.55,,,,8.0,8.55,,,d4f10273215db5e6d2a23fbbb6d47d9f501da9e0ff759512a6f8be15966a65b5
center,other,R49,0R / REFCLK- isolation,RC0603FR-070RL,Resistor_SMD:R_0603_1608Metric,False,front,F.Cu,204.35,72.95,180.0,173.799999,36.4,180.0,1.6,0.0,verified_maximum,maximum,0.55,https://www.mouser.com/catalog/specsheets/RC0603.pdf,0.55,,,,8.0,8.55,,,d4f10273215db5e6d2a23fbbb6d47d9f501da9e0ff759512a6f8be15966a65b5
center,other,R170,10k W_DISABLE1 pull-up,RC0603FR-0710KL,Resistor_SMD:R_0603_1608Metric,False,front,F.Cu,194.025,147.3,0.0,163.474999,110.75,0.0,1.6,0.0,verified_maximum,maximum,0.55,https://www.mouser.com/catalog/specsheets/RC0603.pdf,0.55,,,,8.0,8.55,,,d4f10273215db5e6d2a23fbbb6d47d9f501da9e0ff759512a6f8be15966a65b5
center,other,R171,10k W_DISABLE2 pull-up,RC0603FR-0710KL,Resistor_SMD:R_0603_1608Metric,False,front,F.Cu,209.0,146.5,0.0,178.449999,109.95,0.0,1.6,0.0,verified_maximum,maximum,0.55,https://www.mouser.com/catalog/specsheets/RC0603.pdf,0.55,,,,8.0,8.55,,,d4f10273215db5e6d2a23fbbb6d47d9f501da9e0ff759512a6f8be15966a65b5
center,other,R172,100k service mux reset-request pull-up,RC0603FR-07100KL,Resistor_SMD:R_0603_1608Metric,False,back,B.Cu,140.55,48.75,270.0,109.999999,12.2,270.0,1.6,-1.6,verified_maximum,maximum,0.55,https://www.mouser.com/catalog/specsheets/RC0603.pdf,-2.15,,0.3,-2.45,6.4,5.85,,5.55,d4f10273215db5e6d2a23fbbb6d47d9f501da9e0ff759512a6f8be15966a65b5
center,other,R173,4.7k OLED A SCL pull-up,RC0603FR-074K7L,Resistor_SMD:R_0603_1608Metric,False,front,F.Cu,133.550001,53.975,0.0,103.0,17.425,0.0,1.6,0.0,verified_maximum,maximum,0.55,https://www.mouser.com/catalog/specsheets/RC0603.pdf,0.55,,,,8.0,8.55,,,d4f10273215db5e6d2a23fbbb6d47d9f501da9e0ff759512a6f8be15966a65b5
center,other,R176,0R / PERST isolation,RC0603FR-070RL,Resistor_SMD:R_0603_1608Metric,False,front,F.Cu,193.7,120.6,0.0,163.149999,84.05,0.0,1.6,0.0,verified_maximum,maximum,0.55,https://www.mouser.com/catalog/specsheets/RC0603.pdf,0.55,,,,8.0,8.55,,,d4f10273215db5e6d2a23fbbb6d47d9f501da9e0ff759512a6f8be15966a65b5
center,other,R177,0R / REFCLK+ isolation,RC0603FR-070RL,Resistor_SMD:R_0603_1608Metric,False,front,F.Cu,204.35,69.95,180.0,173.799999,33.4,180.0,1.6,0.0,verified_maximum,maximum,0.55,https://www.mouser.com/catalog/specsheets/RC0603.pdf,0.55,,,,8.0,8.55,,,d4f10273215db5e6d2a23fbbb6d47d9f501da9e0ff759512a6f8be15966a65b5
center,other,R178,0R / REFCLK- isolation,RC0603FR-070RL,Resistor_SMD:R_0603_1608Metric,False,front,F.Cu,204.35,68.45,180.0,173.799999,31.9,180.0,1.6,0.0,verified_maximum,maximum,0.55,https://www.mouser.com/catalog/specsheets/RC0603.pdf,0.55,,,,8.0,8.55,,,d4f10273215db5e6d2a23fbbb6d47d9f501da9e0ff759512a6f8be15966a65b5
center,other,R179,4.7k OLED A SDA pull-up,RC0603FR-074K7L,Resistor_SMD:R_0603_1608Metric,False,front,F.Cu,138.300001,50.15,90.0,107.75,13.6,90.0,1.6,0.0,verified_maximum,maximum,0.55,https://www.mouser.com/catalog/specsheets/RC0603.pdf,0.55,,,,8.0,8.55,,,d4f10273215db5e6d2a23fbbb6d47d9f501da9e0ff759512a6f8be15966a65b5
center,other,R180,220k 0.1% <=25ppm pack divider hi,RT0603BRD07220KL,Resistor_SMD:R_0603_1608Metric,False,front,F.Cu,122.050001,148.55,0.0,91.5,112.0,0.0,1.6,0.0,verified_maximum,maximum,0.55,https://www.datasheets.com/yageo/RT0603BRD0710RL/datasheet.pdf,0.55,,,,8.0,8.55,,,d4f10273215db5e6d2a23fbbb6d47d9f501da9e0ff759512a6f8be15966a65b5
center,other,R181,16.5k 0.1% pack divider lo,RT0603BRD0716K5L,Resistor_SMD:R_0603_1608Metric,False,front,F.Cu,221.85,148.75,90.0,191.299999,112.2,90.0,1.6,0.0,verified_maximum,maximum,0.55,https://www.datasheets.com/yageo/RT0603BRD0710RL/datasheet.pdf,0.55,,,,8.0,8.55,,,d4f10273215db5e6d2a23fbbb6d47d9f501da9e0ff759512a6f8be15966a65b5
center,other,R182,100R BAT filter,RC0603FR-07100RL,Resistor_SMD:R_0603_1608Metric,False,front,F.Cu,191.187501,177.55,0.0,160.6375,141.0,0.0,1.6,0.0,verified_maximum,maximum,0.55,https://www.mouser.com/catalog/specsheets/RC0603.pdf,0.55,,,,8.0,8.55,,,d4f10273215db5e6d2a23fbbb6d47d9f501da9e0ff759512a6f8be15966a65b5
center,other,R183,100R SRP filter,RC0603FR-07100RL,Resistor_SMD:R_0603_1608Metric,False,front,F.Cu,199.910001,181.675,90.0,169.36,145.125,90.0,1.6,0.0,verified_maximum,maximum,0.55,https://www.mouser.com/catalog/specsheets/RC0603.pdf,0.55,,,,8.0,8.55,,,d4f10273215db5e6d2a23fbbb6d47d9f501da9e0ff759512a6f8be15966a65b5
center,other,R184,100R SRN filter,RC0603FR-07100RL,Resistor_SMD:R_0603_1608Metric,False,front,F.Cu,201.160001,173.95,270.0,170.61,137.4,270.0,1.6,0.0,verified_maximum,maximum,0.55,https://www.mouser.com/catalog/specsheets/RC0603.pdf,0.55,,,,8.0,8.55,,,d4f10273215db5e6d2a23fbbb6d47d9f501da9e0ff759512a6f8be15966a65b5
center,other,R185,10k CE pull-up,RC0603FR-0710KL,Resistor_SMD:R_0603_1608Metric,False,front,F.Cu,191.187501,179.025,0.0,160.6375,142.475,0.0,1.6,0.0,verified_maximum,maximum,0.55,https://www.mouser.com/catalog/specsheets/RC0603.pdf,0.55,,,,8.0,8.55,,,d4f10273215db5e6d2a23fbbb6d47d9f501da9e0ff759512a6f8be15966a65b5
center,other,R186,10k gauge ALERT pull-up,RC0603FR-0710KL,Resistor_SMD:R_0603_1608Metric,False,front,F.Cu,191.687501,175.225,90.0,161.1375,138.675,90.0,1.6,0.0,verified_maximum,maximum,0.55,https://www.mouser.com/catalog/specsheets/RC0603.pdf,0.55,,,,8.0,8.55,,,d4f10273215db5e6d2a23fbbb6d47d9f501da9e0ff759512a6f8be15966a65b5
center,other,R189,0R P1 not-used tie to VSS,RC0603FR-070RL,Resistor_SMD:R_0603_1608Metric,False,front,F.Cu,117.550001,145.55,0.0,87.0,109.0,0.0,1.6,0.0,verified_maximum,maximum,0.55,https://www.mouser.com/catalog/specsheets/RC0603.pdf,0.55,,,,8.0,8.55,,,d4f10273215db5e6d2a23fbbb6d47d9f501da9e0ff759512a6f8be15966a65b5
center,other,R191,470k 1% AUX ADC top,RC0603FR-07470KL,Resistor_SMD:R_0603_1608Metric,False,front,F.Cu,114.550001,129.05,0.0,84.0,92.5,0.0,1.6,0.0,verified_maximum,maximum,0.55,https://www.mouser.com/catalog/specsheets/RC0603.pdf,0.55,,,,8.0,8.55,,,d4f10273215db5e6d2a23fbbb6d47d9f501da9e0ff759512a6f8be15966a65b5
center,other,R192,56k 1% AUX ADC bottom,RC0603FR-0756KL,Resistor_SMD:R_0603_1608Metric,False,front,F.Cu,131.770001,218.55,0.0,101.22,182.0,0.0,1.6,0.0,verified_maximum,maximum,0.55,https://www.mouser.com/catalog/specsheets/RC0603.pdf,0.55,,,,8.0,8.55,,,d4f10273215db5e6d2a23fbbb6d47d9f501da9e0ff759512a6f8be15966a65b5
center,other,R193,1k AUX ADC series,RC0603FR-071KL,Resistor_SMD:R_0603_1608Metric,False,front,F.Cu,145.050001,77.225,90.0,114.5,40.675,90.0,1.6,0.0,verified_maximum,maximum,0.55,https://www.mouser.com/catalog/specsheets/RC0603.pdf,0.55,,,,8.0,8.55,,,d4f10273215db5e6d2a23fbbb6d47d9f501da9e0ff759512a6f8be15966a65b5
center,other,R196,4.7k OLED B SCL pull-up,RC0603FR-074K7L,Resistor_SMD:R_0603_1608Metric,False,front,F.Cu,136.550001,52.675,0.0,106.0,16.125,0.0,1.6,0.0,verified_maximum,maximum,0.55,https://www.mouser.com/catalog/specsheets/RC0603.pdf,0.55,,,,8.0,8.55,,,d4f10273215db5e6d2a23fbbb6d47d9f501da9e0ff759512a6f8be15966a65b5
center,other,R197,4.7k OLED B SDA pull-up,RC0603FR-074K7L,Resistor_SMD:R_0603_1608Metric,False,front,F.Cu,133.550001,52.5,0.0,103.0,15.95,0.0,1.6,0.0,verified_maximum,maximum,0.55,https://www.mouser.com/catalog/specsheets/RC0603.pdf,0.55,,,,8.0,8.55,,,d4f10273215db5e6d2a23fbbb6d47d9f501da9e0ff759512a6f8be15966a65b5
center,other,R198,100k WLAN disable default asserted,RC0603FR-07100KL,Resistor_SMD:R_0603_1608Metric,False,front,F.Cu,225.325,155.55,0.0,194.774999,119.0,0.0,1.6,0.0,verified_maximum,maximum,0.55,https://www.mouser.com/catalog/specsheets/RC0603.pdf,0.55,,,,8.0,8.55,,,d4f10273215db5e6d2a23fbbb6d47d9f501da9e0ff759512a6f8be15966a65b5
center,other,R199,100k Bluetooth disable default asserted,RC0603FR-07100KL,Resistor_SMD:R_0603_1608Metric,False,front,F.Cu,222.325,155.55,0.0,191.774999,119.0,0.0,1.6,0.0,verified_maximum,maximum,0.55,https://www.mouser.com/catalog/specsheets/RC0603.pdf,0.55,,,,8.0,8.55,,,d4f10273215db5e6d2a23fbbb6d47d9f501da9e0ff759512a6f8be15966a65b5
center,other,R200,22R USB DP series,RC0603FR-0722RL,Resistor_SMD:R_0603_1608Metric,False,back,B.Cu,162.65,58.5,180.0,132.099999,21.95,180.0,1.6,-1.6,verified_maximum,maximum,0.55,https://www.mouser.com/catalog/specsheets/RC0603.pdf,-2.15,,0.3,-2.45,6.4,5.85,,5.55,d4f10273215db5e6d2a23fbbb6d47d9f501da9e0ff759512a6f8be15966a65b5
center,other,R201,22R USB DM series,RC0603FR-0722RL,Resistor_SMD:R_0603_1608Metric,False,back,B.Cu,163.4,60.2,180.0,132.849999,23.65,180.0,1.6,-1.6,verified_maximum,maximum,0.55,https://www.mouser.com/catalog/specsheets/RC0603.pdf,-2.15,,0.3,-2.45,6.4,5.85,,5.55,d4f10273215db5e6d2a23fbbb6d47d9f501da9e0ff759512a6f8be15966a65b5
center,other,R202,10k EC USB default-disconnect pull-up,RC0603FR-0710KL,Resistor_SMD:R_0603_1608Metric,False,back,B.Cu,171.15,59.25,0.0,140.599999,22.7,0.0,1.6,-1.6,verified_maximum,maximum,0.55,https://www.mouser.com/catalog/specsheets/RC0603.pdf,-2.15,,0.3,-2.45,6.4,5.85,,5.55,d4f10273215db5e6d2a23fbbb6d47d9f501da9e0ff759512a6f8be15966a65b5
center,other,R203,22R DFU USB DP series,RC0603FR-0722RL,Resistor_SMD:R_0603_1608Metric,False,back,B.Cu,168.0,63.8,0.0,137.449999,27.25,0.0,1.6,-1.6,verified_maximum,maximum,0.55,https://www.mouser.com/catalog/specsheets/RC0603.pdf,-2.15,,0.3,-2.45,6.4,5.85,,5.55,d4f10273215db5e6d2a23fbbb6d47d9f501da9e0ff759512a6f8be15966a65b5
center,other,R204,22R DFU USB DM series,RC0603FR-0722RL,Resistor_SMD:R_0603_1608Metric,False,back,B.Cu,166.7,55.75,180.0,136.149999,19.2,180.0,1.6,-1.6,verified_maximum,maximum,0.55,https://www.mouser.com/catalog/specsheets/RC0603.pdf,-2.15,,0.3,-2.45,6.4,5.85,,5.55,d4f10273215db5e6d2a23fbbb6d47d9f501da9e0ff759512a6f8be15966a65b5
center,other,R205,5.1k USB-C CC1 Rd (UFP),RC0603FR-075K1L,Resistor_SMD:R_0603_1608Metric,False,back,B.Cu,321.05,212.15,90.0,290.499999,175.6,90.0,1.6,-1.6,verified_maximum,maximum,0.55,https://www.mouser.com/catalog/specsheets/RC0603.pdf,-2.15,,0.3,-2.45,6.4,5.85,,5.55,d4f10273215db5e6d2a23fbbb6d47d9f501da9e0ff759512a6f8be15966a65b5
center,other,R206,8.2k fan FG pull-up,RC0603FR-078K2L,Resistor_SMD:R_0603_1608Metric,False,back,B.Cu,148.95,70.85,0.0,118.399999,34.3,0.0,1.6,-1.6,verified_maximum,maximum,0.55,https://www.mouser.com/catalog/specsheets/RC0603.pdf,-2.15,,0.3,-2.45,6.4,5.85,,5.55,d4f10273215db5e6d2a23fbbb6d47d9f501da9e0ff759512a6f8be15966a65b5
center,other,R207,100R fan PWM gate series,RC0603FR-07100RL,Resistor_SMD:R_0603_1608Metric,False,back,B.Cu,191.3,110.35,270.0,160.749999,73.8,270.0,1.6,-1.6,verified_maximum,maximum,0.55,https://www.mouser.com/catalog/specsheets/RC0603.pdf,-2.15,,0.3,-2.45,6.4,5.85,,5.55,d4f10273215db5e6d2a23fbbb6d47d9f501da9e0ff759512a6f8be15966a65b5
center,other,R208,100k gate pull-down; fan defaults full speed,RC0603FR-07100KL,Resistor_SMD:R_0603_1608Metric,False,back,B.Cu,193.05,108.6,90.0,162.499999,72.05,90.0,1.6,-1.6,verified_maximum,maximum,0.55,https://www.mouser.com/catalog/specsheets/RC0603.pdf,-2.15,,0.3,-2.45,6.4,5.85,,5.55,d4f10273215db5e6d2a23fbbb6d47d9f501da9e0ff759512a6f8be15966a65b5
center,other,R209,10k lid pull-up,RC0603FR-0710KL,Resistor_SMD:R_0603_1608Metric,False,front,F.Cu,156.880001,76.435,270.0,126.33,39.885,270.0,1.6,0.0,verified_maximum,maximum,0.55,https://www.mouser.com/catalog/specsheets/RC0603.pdf,0.55,,,,8.0,8.55,,,d4f10273215db5e6d2a23fbbb6d47d9f501da9e0ff759512a6f8be15966a65b5
center,other,R210,10k thermal divider pull-up,RC0603FR-0710KL,Resistor_SMD:R_0603_1608Metric,False,back,B.Cu,148.3,76.3,90.0,117.749999,39.75,90.0,1.6,-1.6,verified_maximum,maximum,0.55,https://www.mouser.com/catalog/specsheets/RC0603.pdf,-2.15,,0.3,-2.45,6.4,5.85,,5.55,d4f10273215db5e6d2a23fbbb6d47d9f501da9e0ff759512a6f8be15966a65b5
center,other,R211,5.1k USB-C CC2 Rd (UFP),RC0603FR-075K1L,Resistor_SMD:R_0603_1608Metric,False,back,B.Cu,323.95,213.25,90.0,293.399999,176.7,90.0,1.6,-1.6,verified_maximum,maximum,0.55,https://www.mouser.com/catalog/specsheets/RC0603.pdf,-2.15,,0.3,-2.45,6.4,5.85,,5.55,d4f10273215db5e6d2a23fbbb6d47d9f501da9e0ff759512a6f8be15966a65b5
center,other,R212,1k DFU select series,RC0603FR-071KL,Resistor_SMD:R_0603_1608Metric,False,back,B.Cu,148.2,56.7,180.0,117.649999,20.15,180.0,1.6,-1.6,verified_maximum,maximum,0.55,https://www.mouser.com/catalog/specsheets/RC0603.pdf,-2.15,,0.3,-2.45,6.4,5.85,,5.55,d4f10273215db5e6d2a23fbbb6d47d9f501da9e0ff759512a6f8be15966a65b5
center,other,R215,10k Mu thermal pull-up,RC0603FR-0710KL,Resistor_SMD:R_0603_1608Metric,False,front,F.Cu,144.080001,74.935,0.0,113.53,38.385,0.0,1.6,0.0,verified_maximum,maximum,0.55,https://www.mouser.com/catalog/specsheets/RC0603.pdf,0.55,,,,8.0,8.55,,,d4f10273215db5e6d2a23fbbb6d47d9f501da9e0ff759512a6f8be15966a65b5
center,other,R250,22R trackpad DP series,RC0603FR-0722RL,Resistor_SMD:R_0603_1608Metric,False,front,F.Cu,200.75,65.75,180.0,170.199999,29.2,180.0,1.6,0.0,verified_maximum,maximum,0.55,https://www.mouser.com/catalog/specsheets/RC0603.pdf,0.55,,,,8.0,8.55,,,d4f10273215db5e6d2a23fbbb6d47d9f501da9e0ff759512a6f8be15966a65b5
center,other,R251,22R trackpad DM series,RC0603FR-0722RL,Resistor_SMD:R_0603_1608Metric,False,front,F.Cu,200.75,67.3,180.0,170.199999,30.75,180.0,1.6,0.0,verified_maximum,maximum,0.55,https://www.mouser.com/catalog/specsheets/RC0603.pdf,0.55,,,,8.0,8.55,,,d4f10273215db5e6d2a23fbbb6d47d9f501da9e0ff759512a6f8be15966a65b5
center,other,R252,43.2k 1% TPS2553 trackpad ILIM 0.61A nominal,RC0603FR-0743K2L,Resistor_SMD:R_0603_1608Metric,False,front,F.Cu,168.190001,187.3,90.0,137.64,150.75,90.0,1.6,0.0,verified_maximum,maximum,0.55,https://www.mouser.com/catalog/specsheets/RC0603.pdf,0.55,,,,8.0,8.55,,,d4f10273215db5e6d2a23fbbb6d47d9f501da9e0ff759512a6f8be15966a65b5
center,other,R256,10k trackpad fault pull-up,RC0603FR-0710KL,Resistor_SMD:R_0603_1608Metric,False,front,F.Cu,142.630001,76.435,0.0,112.08,39.885,0.0,1.6,0.0,verified_maximum,maximum,0.55,https://www.mouser.com/catalog/specsheets/RC0603.pdf,0.55,,,,8.0,8.55,,,d4f10273215db5e6d2a23fbbb6d47d9f501da9e0ff759512a6f8be15966a65b5
center,other,R360,1k keyboard matrix series,RC0603FR-071KL,Resistor_SMD:R_0603_1608Metric,False,front,F.Cu,183.150001,84.8,180.0,152.6,48.25,180.0,1.6,0.0,verified_maximum,maximum,0.55,https://www.mouser.com/catalog/specsheets/RC0603.pdf,0.55,,,,8.0,8.55,,,d4f10273215db5e6d2a23fbbb6d47d9f501da9e0ff759512a6f8be15966a65b5
center,other,R361,1k keyboard matrix series,RC0603FR-071KL,Resistor_SMD:R_0603_1608Metric,False,front,F.Cu,180.150001,87.8,180.0,149.6,51.25,180.0,1.6,0.0,verified_maximum,maximum,0.55,https://www.mouser.com/catalog/specsheets/RC0603.pdf,0.55,,,,8.0,8.55,,,d4f10273215db5e6d2a23fbbb6d47d9f501da9e0ff759512a6f8be15966a65b5
center,other,R362,1k keyboard matrix series,RC0603FR-071KL,Resistor_SMD:R_0603_1608Metric,False,front,F.Cu,186.150001,86.3,180.0,155.6,49.75,180.0,1.6,0.0,verified_maximum,maximum,0.55,https://www.mouser.com/catalog/specsheets/RC0603.pdf,0.55,,,,8.0,8.55,,,d4f10273215db5e6d2a23fbbb6d47d9f501da9e0ff759512a6f8be15966a65b5
center,other,R363,1k keyboard matrix series,RC0603FR-071KL,Resistor_SMD:R_0603_1608Metric,False,front,F.Cu,180.150001,86.3,180.0,149.6,49.75,180.0,1.6,0.0,verified_maximum,maximum,0.55,https://www.mouser.com/catalog/specsheets/RC0603.pdf,0.55,,,,8.0,8.55,,,d4f10273215db5e6d2a23fbbb6d47d9f501da9e0ff759512a6f8be15966a65b5
center,other,R364,1k keyboard matrix series,RC0603FR-071KL,Resistor_SMD:R_0603_1608Metric,False,front,F.Cu,186.150001,84.8,180.0,155.6,48.25,180.0,1.6,0.0,verified_maximum,maximum,0.55,https://www.mouser.com/catalog/specsheets/RC0603.pdf,0.55,,,,8.0,8.55,,,d4f10273215db5e6d2a23fbbb6d47d9f501da9e0ff759512a6f8be15966a65b5
center,other,R365,1k keyboard matrix series,RC0603FR-071KL,Resistor_SMD:R_0603_1608Metric,False,front,F.Cu,180.150001,84.8,180.0,149.6,48.25,180.0,1.6,0.0,verified_maximum,maximum,0.55,https://www.mouser.com/catalog/specsheets/RC0603.pdf,0.55,,,,8.0,8.55,,,d4f10273215db5e6d2a23fbbb6d47d9f501da9e0ff759512a6f8be15966a65b5
center,other,R366,1k keyboard matrix series,RC0603FR-071KL,Resistor_SMD:R_0603_1608Metric,False,front,F.Cu,183.150001,79.3,180.0,152.6,42.75,180.0,1.6,0.0,verified_maximum,maximum,0.55,https://www.mouser.com/catalog/specsheets/RC0603.pdf,0.55,,,,8.0,8.55,,,d4f10273215db5e6d2a23fbbb6d47d9f501da9e0ff759512a6f8be15966a65b5
center,other,R367,1k keyboard matrix series,RC0603FR-071KL,Resistor_SMD:R_0603_1608Metric,False,front,F.Cu,180.150001,83.3,180.0,149.6,46.75,180.0,1.6,0.0,verified_maximum,maximum,0.55,https://www.mouser.com/catalog/specsheets/RC0603.pdf,0.55,,,,8.0,8.55,,,d4f10273215db5e6d2a23fbbb6d47d9f501da9e0ff759512a6f8be15966a65b5
center,other,R368,1k keyboard matrix series,RC0603FR-071KL,Resistor_SMD:R_0603_1608Metric,False,front,F.Cu,180.900001,75.05,270.0,150.35,38.5,270.0,1.6,0.0,verified_maximum,maximum,0.55,https://www.mouser.com/catalog/specsheets/RC0603.pdf,0.55,,,,8.0,8.55,,,d4f10273215db5e6d2a23fbbb6d47d9f501da9e0ff759512a6f8be15966a65b5
center,other,R369,1k keyboard matrix series,RC0603FR-071KL,Resistor_SMD:R_0603_1608Metric,False,front,F.Cu,183.150001,82.3,180.0,152.6,45.75,180.0,1.6,0.0,verified_maximum,maximum,0.55,https://www.mouser.com/catalog/specsheets/RC0603.pdf,0.55,,,,8.0,8.55,,,d4f10273215db5e6d2a23fbbb6d47d9f501da9e0ff759512a6f8be15966a65b5
center,other,R370,1k keyboard matrix series,RC0603FR-071KL,Resistor_SMD:R_0603_1608Metric,False,front,F.Cu,180.150001,81.8,180.0,149.6,45.25,180.0,1.6,0.0,verified_maximum,maximum,0.55,https://www.mouser.com/catalog/specsheets/RC0603.pdf,0.55,,,,8.0,8.55,,,d4f10273215db5e6d2a23fbbb6d47d9f501da9e0ff759512a6f8be15966a65b5
center,other,R371,1k keyboard matrix series,RC0603FR-071KL,Resistor_SMD:R_0603_1608Metric,False,front,F.Cu,180.150001,80.3,180.0,149.6,43.75,180.0,1.6,0.0,verified_maximum,maximum,0.55,https://www.mouser.com/catalog/specsheets/RC0603.pdf,0.55,,,,8.0,8.55,,,d4f10273215db5e6d2a23fbbb6d47d9f501da9e0ff759512a6f8be15966a65b5
center,other,R372,1k keyboard matrix series,RC0603FR-071KL,Resistor_SMD:R_0603_1608Metric,False,front,F.Cu,183.150001,80.8,180.0,152.6,44.25,180.0,1.6,0.0,verified_maximum,maximum,0.55,https://www.mouser.com/catalog/specsheets/RC0603.pdf,0.55,,,,8.0,8.55,,,d4f10273215db5e6d2a23fbbb6d47d9f501da9e0ff759512a6f8be15966a65b5
center,other,R373,1k keyboard matrix series,RC0603FR-071KL,Resistor_SMD:R_0603_1608Metric,False,front,F.Cu,183.150001,77.8,180.0,152.6,41.25,180.0,1.6,0.0,verified_maximum,maximum,0.55,https://www.mouser.com/catalog/specsheets/RC0603.pdf,0.55,,,,8.0,8.55,,,d4f10273215db5e6d2a23fbbb6d47d9f501da9e0ff759512a6f8be15966a65b5
center,other,R374,1k keyboard matrix series,RC0603FR-071KL,Resistor_SMD:R_0603_1608Metric,False,front,F.Cu,179.400001,75.05,270.0,148.85,38.5,270.0,1.6,0.0,verified_maximum,maximum,0.55,https://www.mouser.com/catalog/specsheets/RC0603.pdf,0.55,,,,8.0,8.55,,,d4f10273215db5e6d2a23fbbb6d47d9f501da9e0ff759512a6f8be15966a65b5
center,other,R375,100R keyboard RGB data series,RC0603FR-07100RL,Resistor_SMD:R_0603_1608Metric,False,front,F.Cu,180.150001,77.3,180.0,149.6,40.75,180.0,1.6,0.0,verified_maximum,maximum,0.55,https://www.mouser.com/catalog/specsheets/RC0603.pdf,0.55,,,,8.0,8.55,,,d4f10273215db5e6d2a23fbbb6d47d9f501da9e0ff759512a6f8be15966a65b5
center,other,R376,1k keyboard matrix series,RC0603FR-071KL,Resistor_SMD:R_0603_1608Metric,False,front,F.Cu,180.150001,90.8,180.0,149.6,54.25,180.0,1.6,0.0,verified_maximum,maximum,0.55,https://www.mouser.com/catalog/specsheets/RC0603.pdf,0.55,,,,8.0,8.55,,,d4f10273215db5e6d2a23fbbb6d47d9f501da9e0ff759512a6f8be15966a65b5
center,other,R377,1k keyboard matrix series,RC0603FR-071KL,Resistor_SMD:R_0603_1608Metric,False,front,F.Cu,183.150001,90.3,180.0,152.6,53.75,180.0,1.6,0.0,verified_maximum,maximum,0.55,https://www.mouser.com/catalog/specsheets/RC0603.pdf,0.55,,,,8.0,8.55,,,d4f10273215db5e6d2a23fbbb6d47d9f501da9e0ff759512a6f8be15966a65b5
center,other,R378,1k keyboard matrix series,RC0603FR-071KL,Resistor_SMD:R_0603_1608Metric,False,front,F.Cu,181.650001,92.3,180.0,151.1,55.75,180.0,1.6,0.0,verified_maximum,maximum,0.55,https://www.mouser.com/catalog/specsheets/RC0603.pdf,0.55,,,,8.0,8.55,,,d4f10273215db5e6d2a23fbbb6d47d9f501da9e0ff759512a6f8be15966a65b5
center,other,R379,1k keyboard matrix series,RC0603FR-071KL,Resistor_SMD:R_0603_1608Metric,False,front,F.Cu,179.400001,93.05,90.0,148.85,56.5,90.0,1.6,0.0,verified_maximum,maximum,0.55,https://www.mouser.com/catalog/specsheets/RC0603.pdf,0.55,,,,8.0,8.55,,,d4f10273215db5e6d2a23fbbb6d47d9f501da9e0ff759512a6f8be15966a65b5
center,other,R380,1k keyboard matrix series,RC0603FR-071KL,Resistor_SMD:R_0603_1608Metric,False,front,F.Cu,180.150001,89.3,180.0,149.6,52.75,180.0,1.6,0.0,verified_maximum,maximum,0.55,https://www.mouser.com/catalog/specsheets/RC0603.pdf,0.55,,,,8.0,8.55,,,d4f10273215db5e6d2a23fbbb6d47d9f501da9e0ff759512a6f8be15966a65b5
center,other,R381,1k keyboard matrix series,RC0603FR-071KL,Resistor_SMD:R_0603_1608Metric,False,front,F.Cu,184.650001,91.8,180.0,154.1,55.25,180.0,1.6,0.0,verified_maximum,maximum,0.55,https://www.mouser.com/catalog/specsheets/RC0603.pdf,0.55,,,,8.0,8.55,,,d4f10273215db5e6d2a23fbbb6d47d9f501da9e0ff759512a6f8be15966a65b5
center,other,R382,1k keyboard matrix series,RC0603FR-071KL,Resistor_SMD:R_0603_1608Metric,False,front,F.Cu,183.150001,87.8,180.0,152.6,51.25,180.0,1.6,0.0,verified_maximum,maximum,0.55,https://www.mouser.com/catalog/specsheets/RC0603.pdf,0.55,,,,8.0,8.55,,,d4f10273215db5e6d2a23fbbb6d47d9f501da9e0ff759512a6f8be15966a65b5
center,other,R383,1k keyboard matrix series,RC0603FR-071KL,Resistor_SMD:R_0603_1608Metric,False,front,F.Cu,183.150001,86.3,180.0,152.6,49.75,180.0,1.6,0.0,verified_maximum,maximum,0.55,https://www.mouser.com/catalog/specsheets/RC0603.pdf,0.55,,,,8.0,8.55,,,d4f10273215db5e6d2a23fbbb6d47d9f501da9e0ff759512a6f8be15966a65b5
center,other,R384,100R keyboard I2C SCL series,RC0603FR-07100RL,Resistor_SMD:R_0603_1608Metric,False,front,F.Cu,179.400001,96.05,90.0,148.85,59.5,90.0,1.6,0.0,verified_maximum,maximum,0.55,https://www.mouser.com/catalog/specsheets/RC0603.pdf,0.55,,,,8.0,8.55,,,d4f10273215db5e6d2a23fbbb6d47d9f501da9e0ff759512a6f8be15966a65b5
center,other,R385,100R keyboard I2C SDA series,RC0603FR-07100RL,Resistor_SMD:R_0603_1608Metric,False,front,F.Cu,181.650001,93.8,180.0,151.1,57.25,180.0,1.6,0.0,verified_maximum,maximum,0.55,https://www.mouser.com/catalog/specsheets/RC0603.pdf,0.55,,,,8.0,8.55,,,d4f10273215db5e6d2a23fbbb6d47d9f501da9e0ff759512a6f8be15966a65b5
center,other,R386,0R DNP DO-NOT-FIT keyboard 5V protection bypass,,Resistor_SMD:R_0603_1608Metric,True,front,F.Cu,180.150001,78.8,180.0,149.6,42.25,180.0,1.6,0.0,unverified,,,,,,,,8.0,,,,d4f10273215db5e6d2a23fbbb6d47d9f501da9e0ff759512a6f8be15966a65b5
center,other,R387,0R keyboard RGB bus-buffer supply,RC0603JR-070RL,Resistor_SMD:R_0603_1608Metric,False,front,F.Cu,181.650001,95.3,180.0,151.1,58.75,180.0,1.6,0.0,verified_maximum,maximum,0.55,https://www.mouser.com/catalog/specsheets/RC0603.pdf,0.55,,,,8.0,8.55,,,d4f10273215db5e6d2a23fbbb6d47d9f501da9e0ff759512a6f8be15966a65b5
center,other,R388,66.5k 1% keyboard RGB 0.40A ILIM,RC0603FR-0766K5L,Resistor_SMD:R_0603_1608Metric,False,back,B.Cu,186.5,79.45,90.0,155.949999,42.9,90.0,1.6,-1.6,verified_maximum,maximum,0.55,https://www.mouser.com/catalog/specsheets/RC0603.pdf,-2.15,,0.3,-2.45,6.4,5.85,,5.55,d4f10273215db5e6d2a23fbbb6d47d9f501da9e0ff759512a6f8be15966a65b5
center,other,R389,100k keyboard RGB enable default-off,RC0603FR-07100KL,Resistor_SMD:R_0603_1608Metric,False,back,B.Cu,188.95,79.1,0.0,158.399999,42.55,0.0,1.6,-1.6,verified_maximum,maximum,0.55,https://www.mouser.com/catalog/specsheets/RC0603.pdf,-2.15,,0.3,-2.45,6.4,5.85,,5.55,d4f10273215db5e6d2a23fbbb6d47d9f501da9e0ff759512a6f8be15966a65b5
center,other,R390,10k keyboard RGB fault pull-up,RC0603FR-0710KL,Resistor_SMD:R_0603_1608Metric,False,back,B.Cu,188.85,80.8,180.0,158.299999,44.25,180.0,1.6,-1.6,verified_maximum,maximum,0.55,https://www.mouser.com/catalog/specsheets/RC0603.pdf,-2.15,,0.3,-2.45,6.4,5.85,,5.55,d4f10273215db5e6d2a23fbbb6d47d9f501da9e0ff759512a6f8be15966a65b5
center,other,R391,100k keyboard RGB data default-low,RC0603FR-07100KL,Resistor_SMD:R_0603_1608Metric,False,back,B.Cu,189.05,77.5,0.0,158.499999,40.95,0.0,1.6,-1.6,verified_maximum,maximum,0.55,https://www.mouser.com/catalog/specsheets/RC0603.pdf,-2.15,,0.3,-2.45,6.4,5.85,,5.55,d4f10273215db5e6d2a23fbbb6d47d9f501da9e0ff759512a6f8be15966a65b5
center,other,R400,12.0k 1% USB transceiver RBIAS,RC0603FR-0712K0L,Resistor_SMD:R_0603_1608Metric,False,back,B.Cu,144.0,88.05,90.0,113.449999,51.5,90.0,1.6,-1.6,verified_maximum,maximum,0.55,https://www.mouser.com/catalog/specsheets/RC0603.pdf,-2.15,,0.3,-2.45,6.4,5.85,,5.55,d4f10273215db5e6d2a23fbbb6d47d9f501da9e0ff759512a6f8be15966a65b5
center,other,R401,10k reset open-drain pull-up,RC0603FR-0710KL,Resistor_SMD:R_0603_1608Metric,False,back,B.Cu,149.9,90.15,180.0,119.349999,53.6,180.0,1.6,-1.6,verified_maximum,maximum,0.55,https://www.mouser.com/catalog/specsheets/RC0603.pdf,-2.15,,0.3,-2.45,6.4,5.85,,5.55,d4f10273215db5e6d2a23fbbb6d47d9f501da9e0ff759512a6f8be15966a65b5
center,other,R402,100k NON_REM1 strap high,RC0603FR-07100KL,Resistor_SMD:R_0603_1608Metric,False,back,B.Cu,149.8,92.8,0.0,119.249999,56.25,0.0,1.6,-1.6,verified_maximum,maximum,0.55,https://www.mouser.com/catalog/specsheets/RC0603.pdf,-2.15,,0.3,-2.45,6.4,5.85,,5.55,d4f10273215db5e6d2a23fbbb6d47d9f501da9e0ff759512a6f8be15966a65b5
center,other,R403,100k NON_REM0 strap low,RC0603FR-07100KL,Resistor_SMD:R_0603_1608Metric,False,back,B.Cu,148.75,88.65,0.0,118.199999,52.1,0.0,1.6,-1.6,verified_maximum,maximum,0.55,https://www.mouser.com/catalog/specsheets/RC0603.pdf,-2.15,,0.3,-2.45,6.4,5.85,,5.55,d4f10273215db5e6d2a23fbbb6d47d9f501da9e0ff759512a6f8be15966a65b5
center,other,R404,100k CFG_SEL0 strap low,RC0603FR-07100KL,Resistor_SMD:R_0603_1608Metric,False,back,B.Cu,149.8,94.3,0.0,119.249999,57.75,0.0,1.6,-1.6,verified_maximum,maximum,0.55,https://www.mouser.com/catalog/specsheets/RC0603.pdf,-2.15,,0.3,-2.45,6.4,5.85,,5.55,d4f10273215db5e6d2a23fbbb6d47d9f501da9e0ff759512a6f8be15966a65b5
center,other,R405,100k CFG_SEL1 strap low,RC0603FR-07100KL,Resistor_SMD:R_0603_1608Metric,False,back,B.Cu,151.75,88.55,0.0,121.199999,52.0,0.0,1.6,-1.6,verified_maximum,maximum,0.55,https://www.mouser.com/catalog/specsheets/RC0603.pdf,-2.15,,0.3,-2.45,6.4,5.85,,5.55,d4f10273215db5e6d2a23fbbb6d47d9f501da9e0ff759512a6f8be15966a65b5
center,other,R408,10k port 1 OC_N noise-margin pull-up,RC0603FR-0710KL,Resistor_SMD:R_0603_1608Metric,False,back,B.Cu,145.15,95.95,90.0,114.599999,59.4,90.0,1.6,-1.6,verified_maximum,maximum,0.55,https://www.mouser.com/catalog/specsheets/RC0603.pdf,-2.15,,0.3,-2.45,6.4,5.85,,5.55,d4f10273215db5e6d2a23fbbb6d47d9f501da9e0ff759512a6f8be15966a65b5
center,other,R409,10k port 3 OC_N noise-margin pull-up,RC0603FR-0710KL,Resistor_SMD:R_0603_1608Metric,False,back,B.Cu,149.8,95.85,180.0,119.249999,59.3,180.0,1.6,-1.6,verified_maximum,maximum,0.55,https://www.mouser.com/catalog/specsheets/RC0603.pdf,-2.15,,0.3,-2.45,6.4,5.85,,5.55,d4f10273215db5e6d2a23fbbb6d47d9f501da9e0ff759512a6f8be15966a65b5
center,other,R410,22R system DAC USB D- series,RC0603FR-0722RL,Resistor_SMD:R_0603_1608Metric,False,back,B.Cu,156.15,183.1,90.0,125.599999,146.55,90.0,1.6,-1.6,verified_maximum,maximum,0.55,https://www.mouser.com/catalog/specsheets/RC0603.pdf,-2.15,,0.3,-2.45,6.4,5.85,,5.55,d4f10273215db5e6d2a23fbbb6d47d9f501da9e0ff759512a6f8be15966a65b5
center,other,R411,22R system DAC USB D+ series,RC0603FR-0722RL,Resistor_SMD:R_0603_1608Metric,False,back,B.Cu,154.45,183.1,90.0,123.899999,146.55,90.0,1.6,-1.6,verified_maximum,maximum,0.55,https://www.mouser.com/catalog/specsheets/RC0603.pdf,-2.15,,0.3,-2.45,6.4,5.85,,5.55,d4f10273215db5e6d2a23fbbb6d47d9f501da9e0ff759512a6f8be15966a65b5
center,other,R412,1.5k USB D+ pull-up per TI Figure 38,RC0603FR-071K5L,Resistor_SMD:R_0603_1608Metric,False,back,B.Cu,155.2,180.55,0.0,124.649999,144.0,0.0,1.6,-1.6,verified_maximum,maximum,0.55,https://www.mouser.com/catalog/specsheets/RC0603.pdf,-2.15,,0.3,-2.45,6.4,5.85,,5.55,d4f10273215db5e6d2a23fbbb6d47d9f501da9e0ff759512a6f8be15966a65b5
center,other,R413,2.2R PCM2900C VBUS filter,RC0603FR-072R2L,Resistor_SMD:R_0603_1608Metric,False,back,B.Cu,157.2,185.45,0.0,126.649999,148.9,0.0,1.6,-1.6,verified_maximum,maximum,0.55,https://www.mouser.com/catalog/specsheets/RC0603.pdf,-2.15,,0.3,-2.45,6.4,5.85,,5.55,d4f10273215db5e6d2a23fbbb6d47d9f501da9e0ff759512a6f8be15966a65b5
center,other,R414,1M PCM2900 crystal feedback,RC0603FR-071ML,Resistor_SMD:R_0603_1608Metric,False,front,F.Cu,158.95,171.7,270.0,128.399999,135.15,270.0,1.6,0.0,verified_maximum,maximum,0.55,https://www.mouser.com/catalog/specsheets/RC0603.pdf,0.55,,,,8.0,8.55,,,d4f10273215db5e6d2a23fbbb6d47d9f501da9e0ff759512a6f8be15966a65b5
center,other,R415,100k EC enable fail-safe pull-down,RC0603FR-07100KL,Resistor_SMD:R_0603_1608Metric,False,back,B.Cu,171.2,180.0,90.0,140.649999,143.45,90.0,1.6,-1.6,verified_maximum,maximum,0.55,https://www.mouser.com/catalog/specsheets/RC0603.pdf,-2.15,,0.3,-2.45,6.4,5.85,,5.55,d4f10273215db5e6d2a23fbbb6d47d9f501da9e0ff759512a6f8be15966a65b5
center,other,R416,100k SSPND fail-safe pull-down,RC0603FR-07100KL,Resistor_SMD:R_0603_1608Metric,False,back,B.Cu,171.55,182.6,180.0,140.999999,146.05,180.0,1.6,-1.6,verified_maximum,maximum,0.55,https://www.mouser.com/catalog/specsheets/RC0603.pdf,-2.15,,0.3,-2.45,6.4,5.85,,5.55,d4f10273215db5e6d2a23fbbb6d47d9f501da9e0ff759512a6f8be15966a65b5
center,other,R417,0R physical internal-host VBUS-valid link,RC0603JR-070RL,Resistor_SMD:R_0603_1608Metric,False,back,B.Cu,146.3,89.0,270.0,115.749999,52.45,270.0,1.6,-1.6,verified_maximum,maximum,0.55,https://www.mouser.com/catalog/specsheets/RC0603.pdf,-2.15,,0.3,-2.45,6.4,5.85,,5.55,d4f10273215db5e6d2a23fbbb6d47d9f501da9e0ff759512a6f8be15966a65b5
center,other,R420,100R L DAC out-of-band filter,RC0603FR-07100RL,Resistor_SMD:R_0603_1608Metric,False,front,F.Cu,166.6,174.2,90.0,136.049999,137.65,90.0,1.6,0.0,verified_maximum,maximum,0.55,https://www.mouser.com/catalog/specsheets/RC0603.pdf,0.55,,,,8.0,8.55,,,d4f10273215db5e6d2a23fbbb6d47d9f501da9e0ff759512a6f8be15966a65b5
center,other,R421,100R R DAC out-of-band filter,RC0603FR-07100RL,Resistor_SMD:R_0603_1608Metric,False,front,F.Cu,168.3,174.2,90.0,137.749999,137.65,90.0,1.6,0.0,verified_maximum,maximum,0.55,https://www.mouser.com/catalog/specsheets/RC0603.pdf,0.55,,,,8.0,8.55,,,d4f10273215db5e6d2a23fbbb6d47d9f501da9e0ff759512a6f8be15966a65b5
center,other,R432,4.99k 1% microphone feedback,RC0603FR-074K99L,Resistor_SMD:R_0603_1608Metric,False,front,F.Cu,148.65,193.85,0.0,118.099999,157.3,0.0,1.6,0.0,verified_maximum,maximum,0.55,https://www.mouser.com/catalog/specsheets/RC0603.pdf,0.55,,,,8.0,8.55,,,d4f10273215db5e6d2a23fbbb6d47d9f501da9e0ff759512a6f8be15966a65b5
center,other,R433,1.00k 1% microphone gain leg,RC0603FR-071KL,Resistor_SMD:R_0603_1608Metric,False,front,F.Cu,151.9,193.6,0.0,121.349999,157.05,0.0,1.6,0.0,verified_maximum,maximum,0.55,https://www.mouser.com/catalog/specsheets/RC0603.pdf,0.55,,,,8.0,8.55,,,d4f10273215db5e6d2a23fbbb6d47d9f501da9e0ff759512a6f8be15966a65b5
center,other,R434,100k microphone enable fail-off pull-down,RC0603FR-07100KL,Resistor_SMD:R_0603_1608Metric,False,back,B.Cu,144.25,197.25,0.0,113.699999,160.7,0.0,1.6,-1.6,verified_maximum,maximum,0.55,https://www.mouser.com/catalog/specsheets/RC0603.pdf,-2.15,,0.3,-2.45,6.4,5.85,,5.55,d4f10273215db5e6d2a23fbbb6d47d9f501da9e0ff759512a6f8be15966a65b5
center,other,R435,2.2k microphone-active indicator,RC0603FR-072K2L,Resistor_SMD:R_0603_1608Metric,False,front,F.Cu,158.0,204.3,270.0,127.449999,167.75,270.0,1.6,0.0,verified_maximum,maximum,0.55,https://www.mouser.com/catalog/specsheets/RC0603.pdf,0.55,,,,8.0,8.55,,,d4f10273215db5e6d2a23fbbb6d47d9f501da9e0ff759512a6f8be15966a65b5
center,other,R450,100k trackpad enable pull-down,,Resistor_SMD:R_0603_1608Metric,False,front,F.Cu,162.05,187.55,90.0,131.499999,151.0,90.0,1.6,0.0,unverified,,,,,,,,8.0,,,,d4f10273215db5e6d2a23fbbb6d47d9f501da9e0ff759512a6f8be15966a65b5
center,other,R451,10k hub trackpad fault pull-up,,Resistor_SMD:R_0603_1608Metric,False,front,F.Cu,162.05,195.55,90.0,131.499999,159.0,90.0,1.6,0.0,unverified,,,,,,,,8.0,,,,d4f10273215db5e6d2a23fbbb6d47d9f501da9e0ff759512a6f8be15966a65b5
center,charger,R704,100R battery voltage filter,RC0402FR-07100RL,Resistor_SMD:R_0402_1005Metric,False,back,B.Cu,205.136178,164.886508,180.0,174.586177,128.336508,180.0,1.6,-1.6,verified_maximum,maximum,0.4,https://yageogroup.com/content/datasheet/asset/file/PYU-RC_51_ROHS_P,-2.0,,0.3,-2.3,6.4,6.0,,5.7,d4f10273215db5e6d2a23fbbb6d47d9f501da9e0ff759512a6f8be15966a65b5
center,charger,R706,2.2R input damper,RC0603FR-072R2L,Resistor_SMD:R_0603_1608Metric,False,front,F.Cu,235.7125,155.25,90.0,205.162499,118.7,90.0,1.6,0.0,verified_maximum,maximum,0.55,https://www.mouser.com/catalog/specsheets/RC0603.pdf,0.55,,,,8.0,8.55,,,d4f10273215db5e6d2a23fbbb6d47d9f501da9e0ff759512a6f8be15966a65b5
center,other,R710,6.04k 1% AUX 3A current limit,RC0603FR-076K04L,Resistor_SMD:R_0603_1608Metric,False,front,F.Cu,191.525,55.965,90.0,160.974999,19.415,90.0,1.6,0.0,verified_maximum,maximum,0.55,https://www.mouser.com/catalog/specsheets/RC0603.pdf,0.55,,,,8.0,8.55,,,d4f10273215db5e6d2a23fbbb6d47d9f501da9e0ff759512a6f8be15966a65b5
center,other,R711,300k 0.1% 10ppm AUX UV/OV top,TNPW0603300KBYEA,Resistor_SMD:R_0603_1608Metric,False,front,F.Cu,196.2375,61.675,90.0,165.687499,25.125,90.0,1.6,0.0,unverified,,,,,,,,8.0,,,,d4f10273215db5e6d2a23fbbb6d47d9f501da9e0ff759512a6f8be15966a65b5
center,other,R712,63.4k 0.02% 5ppm AUX UV/OV middle,TNPU060363K4HZEN00,Resistor_SMD:R_0603_1608Metric,False,front,F.Cu,195.38125,56.56875,180.0,164.831249,20.01875,180.0,1.6,0.0,verified_maximum,maximum,0.55,https://www.vishay.com/docs/28779/tnpue3.pdf,0.55,,,,8.0,8.55,,,d4f10273215db5e6d2a23fbbb6d47d9f501da9e0ff759512a6f8be15966a65b5
center,other,R713,20.0k 0.02% 5ppm AUX UV/OV bottom,TNPU060320K0HZEN00,Resistor_SMD:R_0603_1608Metric,False,front,F.Cu,194.525,54.2125,90.0,163.974999,17.6625,90.0,1.6,0.0,verified_maximum,maximum,0.55,https://www.vishay.com/docs/28779/tnpue3.pdf,0.55,,,,8.0,8.55,,,d4f10273215db5e6d2a23fbbb6d47d9f501da9e0ff759512a6f8be15966a65b5
center,other,R714,31R AUX reverse-FET pulldown gate,RC0603FR-0731RL,Resistor_SMD:R_0603_1608Metric,False,front,F.Cu,196.2375,64.675,270.0,165.687499,28.125,270.0,1.6,0.0,verified_maximum,maximum,0.55,https://www.mouser.com/catalog/specsheets/RC0603.pdf,0.55,,,,8.0,8.55,,,d4f10273215db5e6d2a23fbbb6d47d9f501da9e0ff759512a6f8be15966a65b5
center,other,R715,10k AUX eFuse FLT pull-up,RC0603FR-0710KL,Resistor_SMD:R_0603_1608Metric,False,front,F.Cu,188.6,59.45,0.0,158.049999,22.9,0.0,1.6,0.0,verified_maximum,maximum,0.55,https://www.mouser.com/catalog/specsheets/RC0603.pdf,0.55,,,,8.0,8.55,,,d4f10273215db5e6d2a23fbbb6d47d9f501da9e0ff759512a6f8be15966a65b5
center,other,R716,10k AUX eFuse PGOOD pull-up,RC0603FR-0710KL,Resistor_SMD:R_0603_1608Metric,False,front,F.Cu,174.688751,49.6275,0.0,144.13875,13.0775,0.0,1.6,0.0,verified_maximum,maximum,0.55,https://www.mouser.com/catalog/specsheets/RC0603.pdf,0.55,,,,8.0,8.55,,,d4f10273215db5e6d2a23fbbb6d47d9f501da9e0ff759512a6f8be15966a65b5
center,other,R717,10k main USB VALID pull-up,RC0603FR-0710KL,Resistor_SMD:R_0603_1608Metric,False,front,F.Cu,168.688751,48.7025,0.0,138.13875,12.1525,0.0,1.6,0.0,verified_maximum,maximum,0.55,https://www.mouser.com/catalog/specsheets/RC0603.pdf,0.55,,,,8.0,8.55,,,d4f10273215db5e6d2a23fbbb6d47d9f501da9e0ff759512a6f8be15966a65b5
center,other,R718,10k main AUX VALID pull-up,RC0603FR-0710KL,Resistor_SMD:R_0603_1608Metric,False,front,F.Cu,171.688751,49.5275,0.0,141.13875,12.9775,0.0,1.6,0.0,verified_maximum,maximum,0.55,https://www.mouser.com/catalog/specsheets/RC0603.pdf,0.55,,,,8.0,8.55,,,d4f10273215db5e6d2a23fbbb6d47d9f501da9e0ff759512a6f8be15966a65b5
center,charger,R719,100k charge request default-low,RC0603FR-07100KL,Resistor_SMD:R_0603_1608Metric,False,back,B.Cu,209.84497,157.091012,0.0,179.294969,120.541012,0.0,1.6,-1.6,verified_maximum,maximum,0.55,https://www.mouser.com/catalog/specsheets/RC0603.pdf,-2.15,,0.3,-2.45,6.4,5.85,,5.55,d4f10273215db5e6d2a23fbbb6d47d9f501da9e0ff759512a6f8be15966a65b5
center,other,R730,75.0k 0.02% 5ppm UV top,TNPU060375K0HZEN00,Resistor_SMD:R_0603_1608Metric,False,front,F.Cu,124.100001,179.85,180.0,93.55,143.3,180.0,1.6,0.0,verified_maximum,maximum,0.55,https://www.vishay.com/docs/28779/tnpue3.pdf,0.55,,,,8.0,8.55,,,d4f10273215db5e6d2a23fbbb6d47d9f501da9e0ff759512a6f8be15966a65b5
center,other,R731,23.2k 0.02% 5ppm window middle,TNPU060323K2HZEN00,Resistor_SMD:R_0603_1608Metric,False,front,F.Cu,120.150001,182.8,270.0,89.6,146.25,270.0,1.6,0.0,verified_maximum,maximum,0.55,https://www.vishay.com/docs/28779/tnpue3.pdf,0.55,,,,8.0,8.55,,,d4f10273215db5e6d2a23fbbb6d47d9f501da9e0ff759512a6f8be15966a65b5
center,other,R732,4.53k 0.02% 5ppm OV bottom,TNPU06034K53HZEN00,Resistor_SMD:R_0603_1608Metric,False,front,F.Cu,123.150001,185.55,270.0,92.6,149.0,270.0,1.6,0.0,verified_maximum,maximum,0.55,https://www.vishay.com/docs/28779/tnpue3.pdf,0.55,,,,8.0,8.55,,,d4f10273215db5e6d2a23fbbb6d47d9f501da9e0ff759512a6f8be15966a65b5
center,other,R733,383k 0.1% AUX UV top,RT0603BRD07383KL,Resistor_SMD:R_0603_1608Metric,False,front,F.Cu,177.350001,150.35,270.0,146.8,113.8,270.0,1.6,0.0,verified_maximum,maximum,0.55,https://www.datasheets.com/yageo/RT0603BRD0710RL/datasheet.pdf,0.55,,,,8.0,8.55,,,d4f10273215db5e6d2a23fbbb6d47d9f501da9e0ff759512a6f8be15966a65b5
center,other,R734,63.4k 0.02% 5ppm AUX window middle,TNPU060363K4HZEN00,Resistor_SMD:R_0603_1608Metric,False,front,F.Cu,177.400001,152.8,0.0,146.85,116.25,0.0,1.6,0.0,verified_maximum,maximum,0.55,https://www.vishay.com/docs/28779/tnpue3.pdf,0.55,,,,8.0,8.55,,,d4f10273215db5e6d2a23fbbb6d47d9f501da9e0ff759512a6f8be15966a65b5
center,other,R735,20.0k 0.02% 5ppm AUX OV bottom,TNPU060320K0HZEN00,Resistor_SMD:R_0603_1608Metric,False,front,F.Cu,174.900001,150.05,180.0,144.35,113.5,180.0,1.6,0.0,verified_maximum,maximum,0.55,https://www.vishay.com/docs/28779/tnpue3.pdf,0.55,,,,8.0,8.55,,,d4f10273215db5e6d2a23fbbb6d47d9f501da9e0ff759512a6f8be15966a65b5
center,other,R739,332k 0.1% 10ppm AUX PGOOD threshold top,TNPW0603332KBYEA,Resistor_SMD:R_0603_1608Metric,False,front,F.Cu,190.313333,64.258333,90.0,159.763332,27.708333,90.0,1.6,0.0,unverified,,,,,,,,8.0,,,,d4f10273215db5e6d2a23fbbb6d47d9f501da9e0ff759512a6f8be15966a65b5
center,other,R740,97.6k 0.02% 5ppm AUX PGOOD threshold bottom,TNPU060397K6HZEN00,Resistor_SMD:R_0603_1608Metric,False,front,F.Cu,189.565,56.925,90.0,159.014999,20.375,90.0,1.6,0.0,verified_maximum,maximum,0.55,https://www.vishay.com/docs/28779/tnpue3.pdf,0.55,,,,8.0,8.55,,,d4f10273215db5e6d2a23fbbb6d47d9f501da9e0ff759512a6f8be15966a65b5
center,other,R741,75.0k 0.02% 5ppm UV top,TNPU060375K0HZEN00,Resistor_SMD:R_0603_1608Metric,False,front,F.Cu,184.750001,159.9635,0.0,154.2,123.4135,0.0,1.6,0.0,verified_maximum,maximum,0.55,https://www.vishay.com/docs/28779/tnpue3.pdf,0.55,,,,8.0,8.55,,,d4f10273215db5e6d2a23fbbb6d47d9f501da9e0ff759512a6f8be15966a65b5
center,other,R742,23.2k 0.02% 5ppm window middle,TNPU060323K2HZEN00,Resistor_SMD:R_0603_1608Metric,False,front,F.Cu,187.200001,160.9135,270.0,156.65,124.3635,270.0,1.6,0.0,verified_maximum,maximum,0.55,https://www.vishay.com/docs/28779/tnpue3.pdf,0.55,,,,8.0,8.55,,,d4f10273215db5e6d2a23fbbb6d47d9f501da9e0ff759512a6f8be15966a65b5
center,other,R743,4.53k 0.02% 5ppm OV bottom,TNPU06034K53HZEN00,Resistor_SMD:R_0603_1608Metric,False,front,F.Cu,174.900001,148.55,180.0,144.35,112.0,180.0,1.6,0.0,verified_maximum,maximum,0.55,https://www.vishay.com/docs/28779/tnpue3.pdf,0.55,,,,8.0,8.55,,,d4f10273215db5e6d2a23fbbb6d47d9f501da9e0ff759512a6f8be15966a65b5
center,other,R744,75.0k 0.02% 5ppm UV top,TNPU060375K0HZEN00,Resistor_SMD:R_0603_1608Metric,False,front,F.Cu,123.350001,182.35,270.0,92.8,145.8,270.0,1.6,0.0,verified_maximum,maximum,0.55,https://www.vishay.com/docs/28779/tnpue3.pdf,0.55,,,,8.0,8.55,,,d4f10273215db5e6d2a23fbbb6d47d9f501da9e0ff759512a6f8be15966a65b5
center,other,R745,23.2k 0.02% 5ppm window middle,TNPU060323K2HZEN00,Resistor_SMD:R_0603_1608Metric,False,front,F.Cu,121.650001,184.05,270.0,91.1,147.5,270.0,1.6,0.0,verified_maximum,maximum,0.55,https://www.vishay.com/docs/28779/tnpue3.pdf,0.55,,,,8.0,8.55,,,d4f10273215db5e6d2a23fbbb6d47d9f501da9e0ff759512a6f8be15966a65b5
center,other,R746,4.53k 0.02% 5ppm OV bottom,TNPU06034K53HZEN00,Resistor_SMD:R_0603_1608Metric,False,front,F.Cu,124.650001,187.05,270.0,94.1,150.5,270.0,1.6,0.0,verified_maximum,maximum,0.55,https://www.vishay.com/docs/28779/tnpue3.pdf,0.55,,,,8.0,8.55,,,d4f10273215db5e6d2a23fbbb6d47d9f501da9e0ff759512a6f8be15966a65b5
center,other,R747,10k PD2 VALID pull-up,RC0603FR-0710KL,Resistor_SMD:R_0603_1608Metric,False,front,F.Cu,193.050001,45.8,0.0,162.5,9.25,0.0,1.6,0.0,verified_maximum,maximum,0.55,https://www.mouser.com/catalog/specsheets/RC0603.pdf,0.55,,,,8.0,8.55,,,d4f10273215db5e6d2a23fbbb6d47d9f501da9e0ff759512a6f8be15966a65b5
center,mu_supply,R750,10R ISP Kelvin filter,RC0402FR-0710RL,Resistor_SMD:R_0402_1005Metric,False,back,B.Cu,152.8,120.5,90.0,122.249999,83.95,90.0,1.6,-1.6,verified_maximum,maximum,0.4,https://yageogroup.com/content/datasheet/asset/file/PYU-RC_51_ROHS_P,-2.0,,0.3,-2.3,6.4,6.0,,5.7,d4f10273215db5e6d2a23fbbb6d47d9f501da9e0ff759512a6f8be15966a65b5
center,mu_supply,R751,10R ISN Kelvin filter,RC0402FR-0710RL,Resistor_SMD:R_0402_1005Metric,False,back,B.Cu,154.4,120.5,90.0,123.849999,83.95,90.0,1.6,-1.6,verified_maximum,maximum,0.4,https://yageogroup.com/content/datasheet/asset/file/PYU-RC_51_ROHS_P,-2.0,,0.3,-2.3,6.4,6.0,,5.7,d4f10273215db5e6d2a23fbbb6d47d9f501da9e0ff759512a6f8be15966a65b5
center,mu_supply,R752,49.9R FB isolation,RC0603FR-0749R9L,Resistor_SMD:R_0603_1608Metric,False,back,B.Cu,159.65,117.9,180.0,129.099999,81.35,180.0,1.6,-1.6,verified_maximum,maximum,0.55,https://www.mouser.com/catalog/specsheets/RC0603.pdf,-2.15,,0.3,-2.45,6.4,5.85,,5.55,d4f10273215db5e6d2a23fbbb6d47d9f501da9e0ff759512a6f8be15966a65b5
center,mu_supply,R753,102k 0.1% 10ppm 12V FB high,TNPW0603102KBYEA,Resistor_SMD:R_0603_1608Metric,False,back,B.Cu,156.5,117.9,180.0,125.949999,81.35,180.0,1.6,-1.6,verified_maximum,maximum,0.55,https://www.vishay.com/doc?28758,-2.15,,0.3,-2.45,6.4,5.85,,5.55,d4f10273215db5e6d2a23fbbb6d47d9f501da9e0ff759512a6f8be15966a65b5
center,mu_supply,R754,11.3k 0.02% 5ppm 12V FB low,TNPU060311K3HZEN00,Resistor_SMD:R_0603_1608Metric,False,back,B.Cu,155.75,120.25,270.0,125.199999,83.7,270.0,1.6,-1.6,verified_maximum,maximum,0.55,https://www.vishay.com/docs/28779/tnpue3.pdf,-2.15,,0.3,-2.45,6.4,5.85,,5.55,d4f10273215db5e6d2a23fbbb6d47d9f501da9e0ff759512a6f8be15966a65b5
center,mu_supply,R755,15k 1% COMP series,RC0402FR-0715KL,Resistor_SMD:R_0402_1005Metric,False,back,B.Cu,155.0,114.9,0.0,124.449999,78.35,0.0,1.6,-1.6,verified_maximum,maximum,0.4,https://yageogroup.com/content/datasheet/asset/file/PYU-RC_51_ROHS_P,-2.0,,0.3,-2.3,6.4,6.0,,5.7,d4f10273215db5e6d2a23fbbb6d47d9f501da9e0ff759512a6f8be15966a65b5
center,mu_supply,R756,49.9k 0.02% 5ppm FSW = 400kHz,TNPU060349K9HZEN00,Resistor_SMD:R_0603_1608Metric,False,back,B.Cu,150.35,122.1,270.0,119.799999,85.55,270.0,1.6,-1.6,verified_maximum,maximum,0.55,https://www.vishay.com/docs/28779/tnpue3.pdf,-2.15,,0.3,-2.45,6.4,5.85,,5.55,d4f10273215db5e6d2a23fbbb6d47d9f501da9e0ff759512a6f8be15966a65b5
center,mu_supply,R757,0R MODE internal LDO / forced PWM,RC0603JR-070RL,Resistor_SMD:R_0603_1608Metric,False,back,B.Cu,149.95,119.75,180.0,119.399999,83.2,180.0,1.6,-1.6,verified_maximum,maximum,0.55,https://www.mouser.com/catalog/specsheets/RC0603.pdf,-2.15,,0.3,-2.45,6.4,5.85,,5.55,d4f10273215db5e6d2a23fbbb6d47d9f501da9e0ff759512a6f8be15966a65b5
center,mu_supply,R758,26.7k 1% inductor limit; about 12.4A nominal,RC0603FR-0726K7L,Resistor_SMD:R_0603_1608Metric,False,back,B.Cu,156.9,116.2,0.0,126.349999,79.65,0.0,1.6,-1.6,verified_maximum,maximum,0.55,https://www.mouser.com/catalog/specsheets/RC0603.pdf,-2.15,,0.3,-2.45,6.4,5.85,,5.55,d4f10273215db5e6d2a23fbbb6d47d9f501da9e0ff759512a6f8be15966a65b5
center,mu_supply,R759,150k 0.1% 10ppm UVLO high; 9.0V rising,TNPW0603150KBYEA,Resistor_SMD:R_0603_1608Metric,False,back,B.Cu,146.9,114.7,0.0,116.349999,78.15,0.0,1.6,-1.6,verified_maximum,maximum,0.55,https://www.vishay.com/doc?28758,-2.15,,0.3,-2.45,6.4,5.85,,5.55,d4f10273215db5e6d2a23fbbb6d47d9f501da9e0ff759512a6f8be15966a65b5
center,mu_supply,R760,23.7k 0.02% 5ppm UVLO low,TNPU060323K7HZEN00,Resistor_SMD:R_0603_1608Metric,False,back,B.Cu,146.9,118.15,180.0,116.349999,81.6,180.0,1.6,-1.6,verified_maximum,maximum,0.55,https://www.vishay.com/docs/28779/tnpue3.pdf,-2.15,,0.3,-2.45,6.4,5.85,,5.55,d4f10273215db5e6d2a23fbbb6d47d9f501da9e0ff759512a6f8be15966a65b5
center,mu_supply,R761,100k fail-off gate divider low,RC0603FR-07100KL,Resistor_SMD:R_0603_1608Metric,False,back,B.Cu,146.55413,123.280387,0.0,116.004129,86.730387,0.0,1.6,-1.6,verified_maximum,maximum,0.55,https://www.mouser.com/catalog/specsheets/RC0603.pdf,-2.15,,0.3,-2.45,6.4,5.85,,5.55,d4f10273215db5e6d2a23fbbb6d47d9f501da9e0ff759512a6f8be15966a65b5
center,mu_supply,R762,100k PG pull-up,RC0603FR-07100KL,Resistor_SMD:R_0603_1608Metric,False,back,B.Cu,150.129602,115.315074,180.0,119.579601,78.765074,180.0,1.6,-1.6,verified_maximum,maximum,0.55,https://www.mouser.com/catalog/specsheets/RC0603.pdf,-2.15,,0.3,-2.45,6.4,5.85,,5.55,d4f10273215db5e6d2a23fbbb6d47d9f501da9e0ff759512a6f8be15966a65b5
center,mu_supply,R763,100k CC pull-up,RC0603FR-07100KL,Resistor_SMD:R_0603_1608Metric,False,front,F.Cu,147.65,119.8,270.0,117.099999,83.25,270.0,1.6,0.0,verified_maximum,maximum,0.55,https://www.mouser.com/catalog/specsheets/RC0603.pdf,0.55,,,,8.0,8.55,,,d4f10273215db5e6d2a23fbbb6d47d9f501da9e0ff759512a6f8be15966a65b5
center,mu_supply,R764,DNP 2.2R 0.25W switch-node snubber,ERJ-8RQF2R2V,Resistor_SMD:R_1206_3216Metric,True,front,F.Cu,139.5,117.972501,180.0,108.949999,81.422501,180.0,1.6,0.0,unverified,,,,,,,,8.0,,,,d4f10273215db5e6d2a23fbbb6d47d9f501da9e0ff759512a6f8be15966a65b5
center,mu_supply,R765,DNP 2.2R 0.25W switch-node snubber,ERJ-8RQF2R2V,Resistor_SMD:R_1206_3216Metric,True,front,F.Cu,157.174611,114.122569,0.0,126.62461,77.572569,0.0,1.6,0.0,unverified,,,,,,,,8.0,,,,d4f10273215db5e6d2a23fbbb6d47d9f501da9e0ff759512a6f8be15966a65b5
center,mu_supply,R766,100k fail-off gate divider high,RC0603FR-07100KL,Resistor_SMD:R_0603_1608Metric,False,back,B.Cu,146.52913,124.780387,180.0,115.979129,88.230387,180.0,1.6,-1.6,verified_maximum,maximum,0.55,https://www.mouser.com/catalog/specsheets/RC0603.pdf,-2.15,,0.3,-2.45,6.4,5.85,,5.55,d4f10273215db5e6d2a23fbbb6d47d9f501da9e0ff759512a6f8be15966a65b5
center,other,R767,100k MU_12V_ENABLE reset pulldown,RC0603FR-07100KL,Resistor_SMD:R_0603_1608Metric,False,front,F.Cu,147.500001,79.037501,180.0,116.95,42.487501,180.0,1.6,0.0,verified_maximum,maximum,0.55,https://www.mouser.com/catalog/specsheets/RC0603.pdf,0.55,,,,8.0,8.55,,,d4f10273215db5e6d2a23fbbb6d47d9f501da9e0ff759512a6f8be15966a65b5
center,other,R768,10k LattePanda PSON required pull-up,RC0603FR-0710KL,Resistor_SMD:R_0603_1608Metric,False,front,F.Cu,170.850001,184.75,0.0,140.3,148.2,0.0,1.6,0.0,verified_maximum,maximum,0.55,https://www.mouser.com/catalog/specsheets/RC0603.pdf,0.55,,,,8.0,8.55,,,d4f10273215db5e6d2a23fbbb6d47d9f501da9e0ff759512a6f8be15966a65b5
center,other,R769,100k MU_HOST_ACTIVE fail-low,RC0603FR-07100KL,Resistor_SMD:R_0603_1608Metric,False,front,F.Cu,290.412501,182.75,270.0,259.8625,146.2,270.0,1.6,0.0,verified_maximum,maximum,0.55,https://www.mouser.com/catalog/specsheets/RC0603.pdf,0.55,,,,8.0,8.55,,,d4f10273215db5e6d2a23fbbb6d47d9f501da9e0ff759512a6f8be15966a65b5
center,other,R770,100k 1% TPS56637 EN high (host-active gate),RC0603FR-07100KL,Resistor_SMD:R_0603_1608Metric,False,front,F.Cu,124.225001,63.7,0.0,93.675,27.15,0.0,1.6,0.0,verified_maximum,maximum,0.55,https://www.mouser.com/catalog/specsheets/RC0603.pdf,0.55,,,,8.0,8.55,,,d4f10273215db5e6d2a23fbbb6d47d9f501da9e0ff759512a6f8be15966a65b5
center,other,R771,100k 1% TPS56637 EN low,RC0603FR-07100KL,Resistor_SMD:R_0603_1608Metric,False,front,F.Cu,124.225001,65.2,180.0,93.675,28.65,180.0,1.6,0.0,verified_maximum,maximum,0.55,https://www.mouser.com/catalog/specsheets/RC0603.pdf,0.55,,,,8.0,8.55,,,d4f10273215db5e6d2a23fbbb6d47d9f501da9e0ff759512a6f8be15966a65b5
center,other,R772,100k SYS_3V3 PG pull-up,RC0603FR-07100KL,Resistor_SMD:R_0603_1608Metric,False,front,F.Cu,125.725001,68.2,0.0,95.175,31.65,0.0,1.6,0.0,verified_maximum,maximum,0.55,https://www.mouser.com/catalog/specsheets/RC0603.pdf,0.55,,,,8.0,8.55,,,d4f10273215db5e6d2a23fbbb6d47d9f501da9e0ff759512a6f8be15966a65b5
center,other,R773,43.2k 1% internal host VBUS 0.61A ILIM,RC0603FR-0743K2L,Resistor_SMD:R_0603_1608Metric,False,front,F.Cu,295.190001,179.55,0.0,264.64,143.0,0.0,1.6,0.0,verified_maximum,maximum,0.55,https://www.mouser.com/catalog/specsheets/RC0603.pdf,0.55,,,,8.0,8.55,,,d4f10273215db5e6d2a23fbbb6d47d9f501da9e0ff759512a6f8be15966a65b5
center,other,R774,10k internal host VBUS fault pull-up,RC0603FR-0710KL,Resistor_SMD:R_0603_1608Metric,False,front,F.Cu,292.690001,182.75,90.0,262.14,146.2,90.0,1.6,0.0,verified_maximum,maximum,0.55,https://www.mouser.com/catalog/specsheets/RC0603.pdf,0.55,,,,8.0,8.55,,,d4f10273215db5e6d2a23fbbb6d47d9f501da9e0ff759512a6f8be15966a65b5
center,other,R775,10k internal host VBUS valid pull-up,RC0603FR-0710KL,Resistor_SMD:R_0603_1608Metric,False,front,F.Cu,300.408334,177.383333,0.0,269.858333,140.833333,0.0,1.6,0.0,verified_maximum,maximum,0.55,https://www.mouser.com/catalog/specsheets/RC0603.pdf,0.55,,,,8.0,8.55,,,d4f10273215db5e6d2a23fbbb6d47d9f501da9e0ff759512a6f8be15966a65b5
center,other,R776,10k endpoint switch fail-low,RC0603FR-0710KL,Resistor_SMD:R_0603_1608Metric,False,front,F.Cu,251.300001,154.05,0.0,220.75,117.5,0.0,1.6,0.0,verified_maximum,maximum,0.55,https://www.mouser.com/catalog/specsheets/RC0603.pdf,0.55,,,,8.0,8.55,,,d4f10273215db5e6d2a23fbbb6d47d9f501da9e0ff759512a6f8be15966a65b5
center,other,R777,78.7k 1% VBUS sense top divider,RC0603FR-0778K7L,Resistor_SMD:R_0603_1608Metric,False,front,F.Cu,299.250001,182.05,90.0,268.7,145.5,90.0,1.6,0.0,verified_maximum,maximum,0.55,https://www.mouser.com/catalog/specsheets/RC0603.pdf,0.55,,,,8.0,8.55,,,d4f10273215db5e6d2a23fbbb6d47d9f501da9e0ff759512a6f8be15966a65b5
center,other,R778,10.0k 1% VBUS sense bottom divider,RC0603FR-0710KL,Resistor_SMD:R_0603_1608Metric,False,front,F.Cu,298.000001,179.05,90.0,267.45,142.5,90.0,1.6,0.0,verified_maximum,maximum,0.55,https://www.mouser.com/catalog/specsheets/RC0603.pdf,0.55,,,,8.0,8.55,,,d4f10273215db5e6d2a23fbbb6d47d9f501da9e0ff759512a6f8be15966a65b5
center,other,R779,100k MU_SIO_UART_TX idle pull-up,RC0603FR-07100KL,Resistor_SMD:R_0603_1608Metric,False,front,F.Cu,249.050001,210.55,90.0,218.5,174.0,90.0,1.6,0.0,verified_maximum,maximum,0.55,https://www.mouser.com/catalog/specsheets/RC0603.pdf,0.55,,,,8.0,8.55,,,d4f10273215db5e6d2a23fbbb6d47d9f501da9e0ff759512a6f8be15966a65b5
center,other,R780,10k source-manager INT pull-up,RC0603FR-0710KL,Resistor_SMD:R_0603_1608Metric,False,front,F.Cu,178.550001,59.375,0.0,148.0,22.825,0.0,1.6,0.0,verified_maximum,maximum,0.55,https://www.mouser.com/catalog/specsheets/RC0603.pdf,0.55,,,,8.0,8.55,,,d4f10273215db5e6d2a23fbbb6d47d9f501da9e0ff759512a6f8be15966a65b5
center,standby,R781,10k aggregate AON fault pull-up,RC0603FR-0710KL,Resistor_SMD:R_0603_1608Metric,False,back,B.Cu,181.0,175.0,0.0,150.449999,138.45,0.0,1.6,-1.6,verified_maximum,maximum,0.55,https://www.mouser.com/catalog/specsheets/RC0603.pdf,-2.15,,0.3,-2.45,6.4,5.85,,5.55,d4f10273215db5e6d2a23fbbb6d47d9f501da9e0ff759512a6f8be15966a65b5
center,other,R782,100k HP_DETECT pull-up,RC0603FR-07100KL,Resistor_SMD:R_0603_1608Metric,False,front,F.Cu,274.850001,44.65,0.0,244.3,8.1,0.0,1.6,0.0,verified_maximum,maximum,0.55,https://www.mouser.com/catalog/specsheets/RC0603.pdf,0.55,,,,8.0,8.55,,,d4f10273215db5e6d2a23fbbb6d47d9f501da9e0ff759512a6f8be15966a65b5
center,other,R783,100k SLS_S3 default-low pull-down,RC0603FR-07100KL,Resistor_SMD:R_0603_1608Metric,False,front,F.Cu,179.912501,52.925,0.0,149.3625,16.375,0.0,1.6,0.0,verified_maximum,maximum,0.55,https://www.mouser.com/catalog/specsheets/RC0603.pdf,0.55,,,,8.0,8.55,,,d4f10273215db5e6d2a23fbbb6d47d9f501da9e0ff759512a6f8be15966a65b5
center,other,R784,100k MU_SIO_UART_RX idle pull-up,RC0603FR-07100KL,Resistor_SMD:R_0603_1608Metric,False,front,F.Cu,215.950001,41.18,270.0,185.4,4.63,270.0,1.6,0.0,verified_maximum,maximum,0.55,https://www.mouser.com/catalog/specsheets/RC0603.pdf,0.55,,,,8.0,8.55,,,d4f10273215db5e6d2a23fbbb6d47d9f501da9e0ff759512a6f8be15966a65b5
center,other,R785,32.4k 0.02% 5ppm endpoint FB high,TNPU060332K4HZEN00,Resistor_SMD:R_0603_1608Metric,False,front,F.Cu,247.716668,164.675,0.0,217.166667,128.125,0.0,1.6,0.0,verified_maximum,maximum,0.55,https://www.vishay.com/docs/28779/tnpue3.pdf,0.55,,,,8.0,8.55,,,d4f10273215db5e6d2a23fbbb6d47d9f501da9e0ff759512a6f8be15966a65b5
center,other,R786,10k 0.02% 5ppm endpoint FB low,TNPU060310K0HZEN00,Resistor_SMD:R_0603_1608Metric,False,front,F.Cu,251.550001,163.7,270.0,221.0,127.15,270.0,1.6,0.0,verified_maximum,maximum,0.55,https://www.vishay.com/docs/28779/tnpue3.pdf,0.55,,,,8.0,8.55,,,d4f10273215db5e6d2a23fbbb6d47d9f501da9e0ff759512a6f8be15966a65b5
center,other,R787,100k endpoint EN top,RC0603FR-07100KL,Resistor_SMD:R_0603_1608Metric,False,front,F.Cu,241.800001,162.95,0.0,211.25,126.4,0.0,1.6,0.0,verified_maximum,maximum,0.55,https://www.mouser.com/catalog/specsheets/RC0603.pdf,0.55,,,,8.0,8.55,,,d4f10273215db5e6d2a23fbbb6d47d9f501da9e0ff759512a6f8be15966a65b5
center,other,R788,100k endpoint EN bottom,RC0603FR-07100KL,Resistor_SMD:R_0603_1608Metric,False,front,F.Cu,242.337501,165.2,270.0,211.7875,128.65,270.0,1.6,0.0,verified_maximum,maximum,0.55,https://www.mouser.com/catalog/specsheets/RC0603.pdf,0.55,,,,8.0,8.55,,,d4f10273215db5e6d2a23fbbb6d47d9f501da9e0ff759512a6f8be15966a65b5
center,other,R789,10k endpoint converter PG pull-up,RC0603FR-0710KL,Resistor_SMD:R_0603_1608Metric,False,front,F.Cu,243.400001,156.8,0.0,212.85,120.25,0.0,1.6,0.0,verified_maximum,maximum,0.55,https://www.mouser.com/catalog/specsheets/RC0603.pdf,0.55,,,,8.0,8.55,,,d4f10273215db5e6d2a23fbbb6d47d9f501da9e0ff759512a6f8be15966a65b5
center,standby,R795,56.2k 0.02% 5ppm AON UV top,TNPU060356K2HZEN00,Resistor_SMD:R_0603_1608Metric,False,front,F.Cu,153.5,167.5,0.0,122.949999,130.95,0.0,1.6,0.0,verified_maximum,maximum,0.55,https://www.vishay.com/docs/28779/tnpue3.pdf,0.55,,,,8.0,8.55,,,d4f10273215db5e6d2a23fbbb6d47d9f501da9e0ff759512a6f8be15966a65b5
center,standby,R796,8.25k 0.02% 5ppm AON UV bottom,TNPU06038K25HZEN00,Resistor_SMD:R_0603_1608Metric,False,front,F.Cu,153.5,169.1,180.0,122.949999,132.55,180.0,1.6,0.0,verified_maximum,maximum,0.55,https://www.vishay.com/docs/28779/tnpue3.pdf,0.55,,,,8.0,8.55,,,d4f10273215db5e6d2a23fbbb6d47d9f501da9e0ff759512a6f8be15966a65b5
center,standby,R797,100k 0.02% 5ppm AON OV top,TNPU0603100KHZEN00,Resistor_SMD:R_0603_1608Metric,False,front,F.Cu,156.7,167.5,0.0,126.149999,130.95,0.0,1.6,0.0,verified_maximum,maximum,0.55,https://www.vishay.com/docs/28779/tnpue3.pdf,0.55,,,,8.0,8.55,,,d4f10273215db5e6d2a23fbbb6d47d9f501da9e0ff759512a6f8be15966a65b5
center,standby,R798,2.15k 0.02% 5ppm AON OV bottom,TNPU06032K15HZEN00,Resistor_SMD:R_0603_1608Metric,False,front,F.Cu,156.7,169.1,180.0,126.149999,132.55,180.0,1.6,0.0,verified_maximum,maximum,0.55,https://www.vishay.com/docs/28779/tnpue3.pdf,0.55,,,,8.0,8.55,,,d4f10273215db5e6d2a23fbbb6d47d9f501da9e0ff759512a6f8be15966a65b5
center,standby,R799,100k standby enable pull-up,RC0603FR-07100KL,Resistor_SMD:R_0603_1608Metric,False,back,B.Cu,161.683433,164.48408,180.0,131.133432,127.93408,180.0,1.6,-1.6,verified_maximum,maximum,0.55,https://www.mouser.com/catalog/specsheets/RC0603.pdf,-2.15,,0.3,-2.45,6.4,5.85,,5.55,d4f10273215db5e6d2a23fbbb6d47d9f501da9e0ff759512a6f8be15966a65b5
center,other,R855,10k unused external TS pulldown,RC0603FR-0710KL,Resistor_SMD:R_0603_1608Metric,False,front,F.Cu,202.660001,175.45,270.0,172.11,138.9,270.0,1.6,0.0,verified_maximum,maximum,0.55,https://www.mouser.com/catalog/specsheets/RC0603.pdf,0.55,,,,8.0,8.55,,,d4f10273215db5e6d2a23fbbb6d47d9f501da9e0ff759512a6f8be15966a65b5
center,other,R900,27R USB DP termination,RC0402FR-0727RL,Resistor_SMD:R_0402_1005Metric,False,back,B.Cu,311.95,63.5,270.0,281.399999,26.95,270.0,1.6,-1.6,verified_maximum,maximum,0.4,https://yageogroup.com/content/datasheet/asset/file/PYU-RC_51_ROHS_P,-2.0,,0.3,-2.3,6.4,6.0,,5.7,d4f10273215db5e6d2a23fbbb6d47d9f501da9e0ff759512a6f8be15966a65b5
center,other,R901,27R USB DM termination,RC0402FR-0727RL,Resistor_SMD:R_0402_1005Metric,False,back,B.Cu,310.85,63.8,270.0,280.299999,27.25,270.0,1.6,-1.6,verified_maximum,maximum,0.4,https://yageogroup.com/content/datasheet/asset/file/PYU-RC_51_ROHS_P,-2.0,,0.3,-2.3,6.4,6.0,,5.7,d4f10273215db5e6d2a23fbbb6d47d9f501da9e0ff759512a6f8be15966a65b5
center,other,R902,450k 1% TPS62821 feedback high,RC0603FR-07450KL,Resistor_SMD:R_0603_1608Metric,False,front,F.Cu,290.463993,85.161007,0.0,259.913992,48.611007,0.0,1.6,0.0,verified_maximum,maximum,0.55,https://www.mouser.com/catalog/specsheets/RC0603.pdf,0.55,,,,8.0,8.55,,,d4f10273215db5e6d2a23fbbb6d47d9f501da9e0ff759512a6f8be15966a65b5
center,other,R903,100k RP2350 SMPS power-save pull-down,RC0402FR-07100KL,Resistor_SMD:R_0402_1005Metric,False,back,B.Cu,315.8,72.3,0.0,285.249999,35.75,0.0,1.6,-1.6,verified_maximum,maximum,0.4,https://yageogroup.com/content/datasheet/asset/file/PYU-RC_51_ROHS_P,-2.0,,0.3,-2.3,6.4,6.0,,5.7,d4f10273215db5e6d2a23fbbb6d47d9f501da9e0ff759512a6f8be15966a65b5
center,other,R904,DNP 10k QSPI CS pull-up,,Resistor_SMD:R_0402_1005Metric,True,front,F.Cu,326.850001,91.8,0.0,296.3,55.25,0.0,1.6,0.0,unverified,,,,,,,,8.0,,,,d4f10273215db5e6d2a23fbbb6d47d9f501da9e0ff759512a6f8be15966a65b5
center,other,R905,1k BOOTSEL isolation,RC0402FR-071KL,Resistor_SMD:R_0402_1005Metric,False,back,B.Cu,305.35,65.4,270.0,274.799999,28.85,270.0,1.6,-1.6,verified_maximum,maximum,0.4,https://yageogroup.com/content/datasheet/asset/file/PYU-RC_51_ROHS_P,-2.0,,0.3,-2.3,6.4,6.0,,5.7,d4f10273215db5e6d2a23fbbb6d47d9f501da9e0ff759512a6f8be15966a65b5
center,other,R906,1k crystal damping,RC0402FR-071KL,Resistor_SMD:R_0402_1005Metric,False,front,F.Cu,313.0,72.5,180.0,282.449999,35.95,180.0,1.6,0.0,verified_maximum,maximum,0.4,https://yageogroup.com/content/datasheet/asset/file/PYU-RC_51_ROHS_P,0.4,,,,8.0,8.4,,,d4f10273215db5e6d2a23fbbb6d47d9f501da9e0ff759512a6f8be15966a65b5
center,other,R907,33R VREG_AVDD filter,RC0402FR-0733RL,Resistor_SMD:R_0402_1005Metric,False,front,F.Cu,316.000001,60.85,270.0,285.45,24.3,270.0,1.6,0.0,verified_maximum,maximum,0.4,https://yageogroup.com/content/datasheet/asset/file/PYU-RC_51_ROHS_P,0.4,,,,8.0,8.4,,,d4f10273215db5e6d2a23fbbb6d47d9f501da9e0ff759512a6f8be15966a65b5
center,other,R908,200R ADC reference filter,RC0402FR-07200RL,Resistor_SMD:R_0402_1005Metric,False,back,B.Cu,318.25,63.45,90.0,287.699999,26.9,90.0,1.6,-1.6,verified_maximum,maximum,0.4,https://yageogroup.com/content/datasheet/asset/file/PYU-RC_51_ROHS_P,-2.0,,0.3,-2.3,6.4,6.0,,5.7,d4f10273215db5e6d2a23fbbb6d47d9f501da9e0ff759512a6f8be15966a65b5
center,other,R909,1R ADC input isolator,RC0402FR-071RL,Resistor_SMD:R_0402_1005Metric,False,back,B.Cu,317.25,63.7,270.0,286.699999,27.15,270.0,1.6,-1.6,verified_maximum,maximum,0.4,https://yageogroup.com/content/datasheet/asset/file/PYU-RC_51_ROHS_P,-2.0,,0.3,-2.3,6.4,6.0,,5.7,d4f10273215db5e6d2a23fbbb6d47d9f501da9e0ff759512a6f8be15966a65b5
center,other,R910,1k active-low host-connected sense series,RC0402FR-071KL,Resistor_SMD:R_0402_1005Metric,False,front,F.Cu,323.56,64.85,180.0,293.009999,28.3,180.0,1.6,0.0,verified_maximum,maximum,0.4,https://yageogroup.com/content/datasheet/asset/file/PYU-RC_51_ROHS_P,0.4,,,,8.0,8.4,,,d4f10273215db5e6d2a23fbbb6d47d9f501da9e0ff759512a6f8be15966a65b5
center,other,R911,100k maker host-disconnected pull-up,RC0402FR-07100KL,Resistor_SMD:R_0402_1005Metric,False,front,F.Cu,321.850001,103.05,270.0,291.3,66.5,270.0,1.6,0.0,verified_maximum,maximum,0.4,https://yageogroup.com/content/datasheet/asset/file/PYU-RC_51_ROHS_P,0.4,,,,8.0,8.4,,,d4f10273215db5e6d2a23fbbb6d47d9f501da9e0ff759512a6f8be15966a65b5
center,other,R916,1k reset switch series,RC0402FR-071KL,Resistor_SMD:R_0402_1005Metric,False,back,B.Cu,292.9,78.65,180.0,262.349999,42.1,180.0,1.6,-1.6,verified_maximum,maximum,0.4,https://yageogroup.com/content/datasheet/asset/file/PYU-RC_51_ROHS_P,-2.0,,0.3,-2.3,6.4,6.0,,5.7,d4f10273215db5e6d2a23fbbb6d47d9f501da9e0ff759512a6f8be15966a65b5
center,other,R917,0R VTref sense link,RC0402FR-070RL,Resistor_SMD:R_0402_1005Metric,False,front,F.Cu,286.155001,54.38,0.0,255.605,17.83,0.0,1.6,0.0,verified_maximum,maximum,0.4,https://yageogroup.com/content/datasheet/asset/file/PYU-RC_51_ROHS_P,0.4,,,,8.0,8.4,,,d4f10273215db5e6d2a23fbbb6d47d9f501da9e0ff759512a6f8be15966a65b5
center,other,R918,100R SWDIO series,RC0402FR-07100RL,Resistor_SMD:R_0402_1005Metric,False,front,F.Cu,313.9,73.5,0.0,283.349999,36.95,0.0,1.6,0.0,verified_maximum,maximum,0.4,https://yageogroup.com/content/datasheet/asset/file/PYU-RC_51_ROHS_P,0.4,,,,8.0,8.4,,,d4f10273215db5e6d2a23fbbb6d47d9f501da9e0ff759512a6f8be15966a65b5
center,other,R919,100R SWCLK series,RC0402FR-07100RL,Resistor_SMD:R_0402_1005Metric,False,front,F.Cu,315.0,72.5,0.0,284.449999,35.95,0.0,1.6,0.0,verified_maximum,maximum,0.4,https://yageogroup.com/content/datasheet/asset/file/PYU-RC_51_ROHS_P,0.4,,,,8.0,8.4,,,d4f10273215db5e6d2a23fbbb6d47d9f501da9e0ff759512a6f8be15966a65b5
center,other,R920,100k 1% TPS62821 feedback low,RC0603FR-07100KL,Resistor_SMD:R_0603_1608Metric,False,front,F.Cu,290.963993,86.661007,180.0,260.413992,50.111007,180.0,1.6,0.0,verified_maximum,maximum,0.55,https://www.mouser.com/catalog/specsheets/RC0603.pdf,0.55,,,,8.0,8.55,,,d4f10273215db5e6d2a23fbbb6d47d9f501da9e0ff759512a6f8be15966a65b5
center,other,R921,88.7k 1% (262-342mA 5V header limit),RC0603FR-0788K7L,Resistor_SMD:R_0603_1608Metric,False,front,F.Cu,323.701001,74.65,180.0,293.151,38.1,180.0,1.6,0.0,verified_maximum,maximum,0.55,https://www.mouser.com/catalog/specsheets/RC0603.pdf,0.55,,,,8.0,8.55,,,d4f10273215db5e6d2a23fbbb6d47d9f501da9e0ff759512a6f8be15966a65b5
center,other,R922,226k 1% (101-142mA 3V3 header limit),RC0603FR-07226KL,Resistor_SMD:R_0603_1608Metric,False,front,F.Cu,302.350001,50.01,0.0,271.8,13.46,0.0,1.6,0.0,verified_maximum,maximum,0.55,https://www.mouser.com/catalog/specsheets/RC0603.pdf,0.55,,,,8.0,8.55,,,d4f10273215db5e6d2a23fbbb6d47d9f501da9e0ff759512a6f8be15966a65b5
center,other,R923,100k maker header rails default-off,RC0603FR-07100KL,Resistor_SMD:R_0603_1608Metric,False,front,F.Cu,318.6,66.75,0.0,288.049999,30.2,0.0,1.6,0.0,verified_maximum,maximum,0.55,https://www.mouser.com/catalog/specsheets/RC0603.pdf,0.55,,,,8.0,8.55,,,d4f10273215db5e6d2a23fbbb6d47d9f501da9e0ff759512a6f8be15966a65b5
center,other,R924,10k maker header shared fault pull-up,RC0603FR-0710KL,Resistor_SMD:R_0603_1608Metric,False,front,F.Cu,301.600001,52.39875,90.0,271.05,15.84875,90.0,1.6,0.0,verified_maximum,maximum,0.55,https://www.mouser.com/catalog/specsheets/RC0603.pdf,0.55,,,,8.0,8.55,,,d4f10273215db5e6d2a23fbbb6d47d9f501da9e0ff759512a6f8be15966a65b5
center,other,R925,10k maker USB default-disconnect pull-up,RC0402FR-0710KL,Resistor_SMD:R_0402_1005Metric,False,back,B.Cu,308.75,56.45,270.0,278.199999,19.9,270.0,1.6,-1.6,verified_maximum,maximum,0.4,https://yageogroup.com/content/datasheet/asset/file/PYU-RC_51_ROHS_P,-2.0,,0.3,-2.3,6.4,6.0,,5.7,d4f10273215db5e6d2a23fbbb6d47d9f501da9e0ff759512a6f8be15966a65b5
center,other,R930,47k maker header isolation default-off,RC0402FR-0747KL,Resistor_SMD:R_0402_1005Metric,False,back,B.Cu,297.0,60.35,0.0,266.449999,23.8,0.0,1.6,-1.6,verified_maximum,maximum,0.4,https://yageogroup.com/content/datasheet/asset/file/PYU-RC_51_ROHS_P,-2.0,,0.3,-2.3,6.4,6.0,,5.7,d4f10273215db5e6d2a23fbbb6d47d9f501da9e0ff759512a6f8be15966a65b5
center,other,R931,10k maker header supervisor pull-up,RC0402FR-0710KL,Resistor_SMD:R_0402_1005Metric,False,back,B.Cu,292.3,56.6,0.0,261.749999,20.05,0.0,1.6,-1.6,verified_maximum,maximum,0.4,https://yageogroup.com/content/datasheet/asset/file/PYU-RC_51_ROHS_P,-2.0,,0.3,-2.3,6.4,6.0,,5.7,d4f10273215db5e6d2a23fbbb6d47d9f501da9e0ff759512a6f8be15966a65b5
center,other,R932,330R maker header fault limit,RC0402FR-07330RL,Resistor_SMD:R_0402_1005Metric,False,front,F.Cu,297.237501,69.796429,180.0,266.6875,33.246429,180.0,1.6,0.0,verified_maximum,maximum,0.4,https://yageogroup.com/content/datasheet/asset/file/PYU-RC_51_ROHS_P,0.4,,,,8.0,8.4,,,d4f10273215db5e6d2a23fbbb6d47d9f501da9e0ff759512a6f8be15966a65b5
center,other,R933,330R maker header fault limit,RC0402FR-07330RL,Resistor_SMD:R_0402_1005Metric,False,front,F.Cu,297.237501,68.646429,180.0,266.6875,32.096429,180.0,1.6,0.0,verified_maximum,maximum,0.4,https://yageogroup.com/content/datasheet/asset/file/PYU-RC_51_ROHS_P,0.4,,,,8.0,8.4,,,d4f10273215db5e6d2a23fbbb6d47d9f501da9e0ff759512a6f8be15966a65b5
center,other,R934,330R maker header fault limit,RC0402FR-07330RL,Resistor_SMD:R_0402_1005Metric,False,front,F.Cu,297.237501,70.996429,180.0,266.6875,34.446429,180.0,1.6,0.0,verified_maximum,maximum,0.4,https://yageogroup.com/content/datasheet/asset/file/PYU-RC_51_ROHS_P,0.4,,,,8.0,8.4,,,d4f10273215db5e6d2a23fbbb6d47d9f501da9e0ff759512a6f8be15966a65b5
center,other,R935,330R maker header fault limit,RC0402FR-07330RL,Resistor_SMD:R_0402_1005Metric,False,front,F.Cu,302.460001,56.48,270.0,271.91,19.93,270.0,1.6,0.0,verified_maximum,maximum,0.4,https://yageogroup.com/content/datasheet/asset/file/PYU-RC_51_ROHS_P,0.4,,,,8.0,8.4,,,d4f10273215db5e6d2a23fbbb6d47d9f501da9e0ff759512a6f8be15966a65b5
center,other,R936,330R maker header fault limit,RC0402FR-07330RL,Resistor_SMD:R_0402_1005Metric,False,front,F.Cu,297.240001,66.701429,180.0,266.69,30.151429,180.0,1.6,0.0,verified_maximum,maximum,0.4,https://yageogroup.com/content/datasheet/asset/file/PYU-RC_51_ROHS_P,0.4,,,,8.0,8.4,,,d4f10273215db5e6d2a23fbbb6d47d9f501da9e0ff759512a6f8be15966a65b5
center,other,R937,330R maker header fault limit,RC0402FR-07330RL,Resistor_SMD:R_0402_1005Metric,False,front,F.Cu,297.240001,65.551429,180.0,266.69,29.001429,180.0,1.6,0.0,verified_maximum,maximum,0.4,https://yageogroup.com/content/datasheet/asset/file/PYU-RC_51_ROHS_P,0.4,,,,8.0,8.4,,,d4f10273215db5e6d2a23fbbb6d47d9f501da9e0ff759512a6f8be15966a65b5
center,other,R938,330R maker header fault limit,RC0402FR-07330RL,Resistor_SMD:R_0402_1005Metric,False,front,F.Cu,292.660001,58.65,90.0,262.11,22.1,90.0,1.6,0.0,verified_maximum,maximum,0.4,https://yageogroup.com/content/datasheet/asset/file/PYU-RC_51_ROHS_P,0.4,,,,8.0,8.4,,,d4f10273215db5e6d2a23fbbb6d47d9f501da9e0ff759512a6f8be15966a65b5
center,other,R939,330R maker header fault limit,RC0402FR-07330RL,Resistor_SMD:R_0402_1005Metric,False,front,F.Cu,298.990001,63.251429,90.0,268.44,26.701429,90.0,1.6,0.0,verified_maximum,maximum,0.4,https://yageogroup.com/content/datasheet/asset/file/PYU-RC_51_ROHS_P,0.4,,,,8.0,8.4,,,d4f10273215db5e6d2a23fbbb6d47d9f501da9e0ff759512a6f8be15966a65b5
center,other,R940,330R maker header fault limit,RC0402FR-07330RL,Resistor_SMD:R_0402_1005Metric,False,front,F.Cu,306.662501,51.525,180.0,276.1125,14.975,180.0,1.6,0.0,verified_maximum,maximum,0.4,https://yageogroup.com/content/datasheet/asset/file/PYU-RC_51_ROHS_P,0.4,,,,8.0,8.4,,,d4f10273215db5e6d2a23fbbb6d47d9f501da9e0ff759512a6f8be15966a65b5
center,other,R941,330R maker header fault limit,RC0402FR-07330RL,Resistor_SMD:R_0402_1005Metric,False,front,F.Cu,308.662501,51.425,180.0,278.1125,14.875,180.0,1.6,0.0,verified_maximum,maximum,0.4,https://yageogroup.com/content/datasheet/asset/file/PYU-RC_51_ROHS_P,0.4,,,,8.0,8.4,,,d4f10273215db5e6d2a23fbbb6d47d9f501da9e0ff759512a6f8be15966a65b5
center,other,R942,330R maker header fault limit,RC0402FR-07330RL,Resistor_SMD:R_0402_1005Metric,False,front,F.Cu,311.662501,54.075,90.0,281.1125,17.525,90.0,1.6,0.0,verified_maximum,maximum,0.4,https://yageogroup.com/content/datasheet/asset/file/PYU-RC_51_ROHS_P,0.4,,,,8.0,8.4,,,d4f10273215db5e6d2a23fbbb6d47d9f501da9e0ff759512a6f8be15966a65b5
center,other,R943,330R maker header fault limit,RC0402FR-07330RL,Resistor_SMD:R_0402_1005Metric,False,front,F.Cu,307.410001,60.23,270.0,276.86,23.68,270.0,1.6,0.0,verified_maximum,maximum,0.4,https://yageogroup.com/content/datasheet/asset/file/PYU-RC_51_ROHS_P,0.4,,,,8.0,8.4,,,d4f10273215db5e6d2a23fbbb6d47d9f501da9e0ff759512a6f8be15966a65b5
center,other,R944,330R maker header fault limit,RC0402FR-07330RL,Resistor_SMD:R_0402_1005Metric,False,front,F.Cu,311.660001,56.12,90.0,281.11,19.57,90.0,1.6,0.0,verified_maximum,maximum,0.4,https://yageogroup.com/content/datasheet/asset/file/PYU-RC_51_ROHS_P,0.4,,,,8.0,8.4,,,d4f10273215db5e6d2a23fbbb6d47d9f501da9e0ff759512a6f8be15966a65b5
center,other,R945,330R maker header fault limit,RC0402FR-07330RL,Resistor_SMD:R_0402_1005Metric,False,front,F.Cu,308.660001,60.27,270.0,278.11,23.72,270.0,1.6,0.0,verified_maximum,maximum,0.4,https://yageogroup.com/content/datasheet/asset/file/PYU-RC_51_ROHS_P,0.4,,,,8.0,8.4,,,d4f10273215db5e6d2a23fbbb6d47d9f501da9e0ff759512a6f8be15966a65b5
center,other,R946,330R maker header fault limit,RC0402FR-07330RL,Resistor_SMD:R_0402_1005Metric,False,front,F.Cu,309.910001,60.17,270.0,279.36,23.62,270.0,1.6,0.0,verified_maximum,maximum,0.4,https://yageogroup.com/content/datasheet/asset/file/PYU-RC_51_ROHS_P,0.4,,,,8.0,8.4,,,d4f10273215db5e6d2a23fbbb6d47d9f501da9e0ff759512a6f8be15966a65b5
center,other,R947,330R maker header fault limit,RC0402FR-07330RL,Resistor_SMD:R_0402_1005Metric,False,front,F.Cu,311.660001,59.57,0.0,281.11,23.02,0.0,1.6,0.0,verified_maximum,maximum,0.4,https://yageogroup.com/content/datasheet/asset/file/PYU-RC_51_ROHS_P,0.4,,,,8.0,8.4,,,d4f10273215db5e6d2a23fbbb6d47d9f501da9e0ff759512a6f8be15966a65b5
center,other,R948,330R maker header fault limit,RC0402FR-07330RL,Resistor_SMD:R_0402_1005Metric,False,front,F.Cu,322.002501,49.795,0.0,291.4525,13.245,0.0,1.6,0.0,verified_maximum,maximum,0.4,https://yageogroup.com/content/datasheet/asset/file/PYU-RC_51_ROHS_P,0.4,,,,8.0,8.4,,,d4f10273215db5e6d2a23fbbb6d47d9f501da9e0ff759512a6f8be15966a65b5
center,other,R949,330R maker header fault limit,RC0402FR-07330RL,Resistor_SMD:R_0402_1005Metric,False,front,F.Cu,320.002501,50.445,0.0,289.4525,13.895,0.0,1.6,0.0,verified_maximum,maximum,0.4,https://yageogroup.com/content/datasheet/asset/file/PYU-RC_51_ROHS_P,0.4,,,,8.0,8.4,,,d4f10273215db5e6d2a23fbbb6d47d9f501da9e0ff759512a6f8be15966a65b5
center,other,R950,330R maker header fault limit,RC0402FR-07330RL,Resistor_SMD:R_0402_1005Metric,False,front,F.Cu,320.002501,51.595,0.0,289.4525,15.045,0.0,1.6,0.0,verified_maximum,maximum,0.4,https://yageogroup.com/content/datasheet/asset/file/PYU-RC_51_ROHS_P,0.4,,,,8.0,8.4,,,d4f10273215db5e6d2a23fbbb6d47d9f501da9e0ff759512a6f8be15966a65b5
center,other,R951,330R maker header fault limit,RC0402FR-07330RL,Resistor_SMD:R_0402_1005Metric,False,front,F.Cu,318.000001,49.75,180.0,287.45,13.2,180.0,1.6,0.0,verified_maximum,maximum,0.4,https://yageogroup.com/content/datasheet/asset/file/PYU-RC_51_ROHS_P,0.4,,,,8.0,8.4,,,d4f10273215db5e6d2a23fbbb6d47d9f501da9e0ff759512a6f8be15966a65b5
center,other,R952,330R maker header fault limit,RC0402FR-07330RL,Resistor_SMD:R_0402_1005Metric,False,front,F.Cu,315.250001,51.14,90.0,284.7,14.59,90.0,1.6,0.0,verified_maximum,maximum,0.4,https://yageogroup.com/content/datasheet/asset/file/PYU-RC_51_ROHS_P,0.4,,,,8.0,8.4,,,d4f10273215db5e6d2a23fbbb6d47d9f501da9e0ff759512a6f8be15966a65b5
center,other,R953,330R maker header fault limit,RC0402FR-07330RL,Resistor_SMD:R_0402_1005Metric,False,front,F.Cu,321.250001,59.79,0.0,290.7,23.24,0.0,1.6,0.0,verified_maximum,maximum,0.4,https://yageogroup.com/content/datasheet/asset/file/PYU-RC_51_ROHS_P,0.4,,,,8.0,8.4,,,d4f10273215db5e6d2a23fbbb6d47d9f501da9e0ff759512a6f8be15966a65b5
center,other,R954,330R maker header fault limit,RC0402FR-07330RL,Resistor_SMD:R_0402_1005Metric,False,front,F.Cu,304.7,84.2,0.0,274.149999,47.65,0.0,1.6,0.0,verified_maximum,maximum,0.4,https://yageogroup.com/content/datasheet/asset/file/PYU-RC_51_ROHS_P,0.4,,,,8.0,8.4,,,d4f10273215db5e6d2a23fbbb6d47d9f501da9e0ff759512a6f8be15966a65b5
center,other,R955,330R maker header fault limit,RC0402FR-07330RL,Resistor_SMD:R_0402_1005Metric,False,front,F.Cu,319.500001,60.09,270.0,288.95,23.54,270.0,1.6,0.0,verified_maximum,maximum,0.4,https://yageogroup.com/content/datasheet/asset/file/PYU-RC_51_ROHS_P,0.4,,,,8.0,8.4,,,d4f10273215db5e6d2a23fbbb6d47d9f501da9e0ff759512a6f8be15966a65b5
center,other,R956,330R maker header fault limit,RC0402FR-07330RL,Resistor_SMD:R_0402_1005Metric,False,front,F.Cu,327.112501,49.045,90.0,296.5625,12.495,90.0,1.6,0.0,verified_maximum,maximum,0.4,https://yageogroup.com/content/datasheet/asset/file/PYU-RC_51_ROHS_P,0.4,,,,8.0,8.4,,,d4f10273215db5e6d2a23fbbb6d47d9f501da9e0ff759512a6f8be15966a65b5
center,other,R957,330R maker header fault limit,RC0402FR-07330RL,Resistor_SMD:R_0402_1005Metric,False,front,F.Cu,327.112501,51.195,90.0,296.5625,14.645,90.0,1.6,0.0,verified_maximum,maximum,0.4,https://yageogroup.com/content/datasheet/asset/file/PYU-RC_51_ROHS_P,0.4,,,,8.0,8.4,,,d4f10273215db5e6d2a23fbbb6d47d9f501da9e0ff759512a6f8be15966a65b5
center,other,R958,330R maker header fault limit,RC0402FR-07330RL,Resistor_SMD:R_0402_1005Metric,False,front,F.Cu,325.862501,51.095,90.0,295.3125,14.545,90.0,1.6,0.0,verified_maximum,maximum,0.4,https://yageogroup.com/content/datasheet/asset/file/PYU-RC_51_ROHS_P,0.4,,,,8.0,8.4,,,d4f10273215db5e6d2a23fbbb6d47d9f501da9e0ff759512a6f8be15966a65b5
center,other,R959,330R maker header fault limit,RC0402FR-07330RL,Resistor_SMD:R_0402_1005Metric,False,back,B.Cu,327.95,56.4,270.0,297.399999,19.85,270.0,1.6,-1.6,verified_maximum,maximum,0.4,https://yageogroup.com/content/datasheet/asset/file/PYU-RC_51_ROHS_P,-2.0,,0.3,-2.3,6.4,6.0,,5.7,d4f10273215db5e6d2a23fbbb6d47d9f501da9e0ff759512a6f8be15966a65b5
center,other,R960,330R maker header fault limit,RC0402FR-07330RL,Resistor_SMD:R_0402_1005Metric,False,back,B.Cu,327.95,58.35,270.0,297.399999,21.8,270.0,1.6,-1.6,verified_maximum,maximum,0.4,https://yageogroup.com/content/datasheet/asset/file/PYU-RC_51_ROHS_P,-2.0,,0.3,-2.3,6.4,6.0,,5.7,d4f10273215db5e6d2a23fbbb6d47d9f501da9e0ff759512a6f8be15966a65b5
center,other,R961,330R maker header fault limit,RC0402FR-07330RL,Resistor_SMD:R_0402_1005Metric,False,back,B.Cu,327.95,60.25,270.0,297.399999,23.7,270.0,1.6,-1.6,verified_maximum,maximum,0.4,https://yageogroup.com/content/datasheet/asset/file/PYU-RC_51_ROHS_P,-2.0,,0.3,-2.3,6.4,6.0,,5.7,d4f10273215db5e6d2a23fbbb6d47d9f501da9e0ff759512a6f8be15966a65b5
center,charger,R2260,1k temperature-permit input,RC0603FR-071KL,Resistor_SMD:R_0603_1608Metric,False,back,B.Cu,208.1125,152.75,270.0,177.562499,116.2,270.0,1.6,-1.6,verified_maximum,maximum,0.55,https://www.mouser.com/catalog/specsheets/RC0603.pdf,-2.15,,0.3,-2.45,6.4,5.85,,5.55,d4f10273215db5e6d2a23fbbb6d47d9f501da9e0ff759512a6f8be15966a65b5
center,charger,R2261,100k temperature-permit default-low,RC0603FR-07100KL,Resistor_SMD:R_0603_1608Metric,False,back,B.Cu,208.8625,155.5,180.0,178.312499,118.95,180.0,1.6,-1.6,verified_maximum,maximum,0.55,https://www.mouser.com/catalog/specsheets/RC0603.pdf,-2.15,,0.3,-2.45,6.4,5.85,,5.55,d4f10273215db5e6d2a23fbbb6d47d9f501da9e0ff759512a6f8be15966a65b5
center,charger,R2262,4.7k charge-permit default-low,RC0603FR-074K7L,Resistor_SMD:R_0603_1608Metric,False,back,B.Cu,213.65503,150.658988,0.0,183.105029,114.108988,0.0,1.6,-1.6,verified_maximum,maximum,0.55,https://www.mouser.com/catalog/specsheets/RC0603.pdf,-2.15,,0.3,-2.45,6.4,5.85,,5.55,d4f10273215db5e6d2a23fbbb6d47d9f501da9e0ff759512a6f8be15966a65b5
center,charger,R2263,100k pack-fault default-low,RC0603FR-07100KL,Resistor_SMD:R_0603_1608Metric,False,back,B.Cu,214.0,153.0,90.0,183.449999,116.45,90.0,1.6,-1.6,verified_maximum,maximum,0.55,https://www.mouser.com/catalog/specsheets/RC0603.pdf,-2.15,,0.3,-2.45,6.4,5.85,,5.55,d4f10273215db5e6d2a23fbbb6d47d9f501da9e0ff759512a6f8be15966a65b5
center,other,R2280,22.1k 0.02% 5ppm endpoint RT,TNPU060322K1HZEN00,Resistor_SMD:R_0603_1608Metric,False,front,F.Cu,244.800001,162.95,180.0,214.25,126.4,180.0,1.6,0.0,verified_maximum,maximum,0.55,https://www.vishay.com/docs/28779/tnpue3.pdf,0.55,,,,8.0,8.55,,,d4f10273215db5e6d2a23fbbb6d47d9f501da9e0ff759512a6f8be15966a65b5
center,other,R2281,29.4k endpoint standalone config,RC0603FR-0729K4L,Resistor_SMD:R_0603_1608Metric,False,front,F.Cu,243.300001,161.45,180.0,212.75,124.9,180.0,1.6,0.0,verified_maximum,maximum,0.55,https://www.mouser.com/catalog/specsheets/RC0603.pdf,0.55,,,,8.0,8.55,,,d4f10273215db5e6d2a23fbbb6d47d9f501da9e0ff759512a6f8be15966a65b5
center,other,R2282,3.3k endpoint COMP,TNPU06033K30HZEN00,Resistor_SMD:R_0603_1608Metric,False,front,F.Cu,250.050001,163.7,270.0,219.5,127.15,270.0,1.6,0.0,verified_maximum,maximum,0.55,https://www.vishay.com/docs/28779/tnpue3.pdf,0.55,,,,8.0,8.55,,,d4f10273215db5e6d2a23fbbb6d47d9f501da9e0ff759512a6f8be15966a65b5
center,other,R2283,1R endpoint BOOT damping,RC0603FR-071RL,Resistor_SMD:R_0603_1608Metric,False,front,F.Cu,243.350001,158.3,180.0,212.8,121.75,180.0,1.6,0.0,verified_maximum,maximum,0.55,https://www.mouser.com/catalog/specsheets/RC0603.pdf,0.55,,,,8.0,8.55,,,d4f10273215db5e6d2a23fbbb6d47d9f501da9e0ff759512a6f8be15966a65b5
center,other,R2290,100R 1% 0.25W endpoint QOD discharge,RC1206FR-07100RL,Resistor_SMD:R_1206_3216Metric,False,front,F.Cu,276.112501,162.75,90.0,245.5625,126.2,90.0,1.6,0.0,unverified,,,,,,,,8.0,,,,d4f10273215db5e6d2a23fbbb6d47d9f501da9e0ff759512a6f8be15966a65b5
center,other,R2291,100k endpoint load-switch PG pull-up,RC0603FR-07100KL,Resistor_SMD:R_0603_1608Metric,False,front,F.Cu,281.012501,164.0,0.0,250.4625,127.45,0.0,1.6,0.0,verified_maximum,maximum,0.55,https://www.mouser.com/catalog/specsheets/RC0603.pdf,0.55,,,,8.0,8.55,,,d4f10273215db5e6d2a23fbbb6d47d9f501da9e0ff759512a6f8be15966a65b5
center,other,R2292,10mOhm 1% 1W NVMe branch damping,ERJ8CWFR010V,ducktop2:Panasonic_ERJ8CW_10to16m_Center,False,front,F.Cu,224.800001,149.3,90.0,194.25,112.75,90.0,1.6,0.0,unverified,,,,,,,,8.0,,,,d4f10273215db5e6d2a23fbbb6d47d9f501da9e0ff759512a6f8be15966a65b5
center,other,R2300,100k radio eFuse enable pulldown,RC0603FR-07100KL,Resistor_SMD:R_0603_1608Metric,False,back,B.Cu,122.65,147.65,270.0,92.099999,111.1,270.0,1.6,-1.6,verified_maximum,maximum,0.55,https://www.mouser.com/catalog/specsheets/RC0603.pdf,-2.15,,0.3,-2.45,6.4,5.85,,5.55,d4f10273215db5e6d2a23fbbb6d47d9f501da9e0ff759512a6f8be15966a65b5
center,other,R2301,1.65k 0.1% radio eFuse ILM about 2.0A,RT0603BRD071K65L,Resistor_SMD:R_0603_1608Metric,False,back,B.Cu,119.95,148.05,180.0,89.399999,111.5,180.0,1.6,-1.6,verified_maximum,maximum,0.55,https://www.datasheets.com/yageo/RT0603BRD0710RL/datasheet.pdf,-2.15,,0.3,-2.45,6.4,5.85,,5.55,d4f10273215db5e6d2a23fbbb6d47d9f501da9e0ff759512a6f8be15966a65b5
center,other,R2302,2.2k supervisor pull-up to switched 5V,RC0603FR-072K2L,Resistor_SMD:R_0603_1608Metric,False,back,B.Cu,126.35,152.95,90.0,95.799999,116.4,90.0,1.6,-1.6,verified_maximum,maximum,0.55,https://www.mouser.com/catalog/specsheets/RC0603.pdf,-2.15,,0.3,-2.45,6.4,5.85,,5.55,d4f10273215db5e6d2a23fbbb6d47d9f501da9e0ff759512a6f8be15966a65b5
center,other,R2303,10k radio PG level-divider top,RC0603FR-0710KL,Resistor_SMD:R_0603_1608Metric,False,back,B.Cu,129.5,148.2,0.0,98.949999,111.65,0.0,1.6,-1.6,verified_maximum,maximum,0.55,https://www.mouser.com/catalog/specsheets/RC0603.pdf,-2.15,,0.3,-2.45,6.4,5.85,,5.55,d4f10273215db5e6d2a23fbbb6d47d9f501da9e0ff759512a6f8be15966a65b5
center,other,R2304,20k radio PG level-divider bottom,RC0603FR-0720KL,Resistor_SMD:R_0603_1608Metric,False,back,B.Cu,132.0,147.45,90.0,101.449999,110.9,90.0,1.6,-1.6,verified_maximum,maximum,0.55,https://www.mouser.com/catalog/specsheets/RC0603.pdf,-2.15,,0.3,-2.45,6.4,5.85,,5.55,d4f10273215db5e6d2a23fbbb6d47d9f501da9e0ff759512a6f8be15966a65b5
center,other,R2305,10k radio eFuse/shared fault pull-up,RC0603FR-0710KL,Resistor_SMD:R_0603_1608Metric,False,back,B.Cu,122.65,144.6,270.0,92.099999,108.05,270.0,1.6,-1.6,verified_maximum,maximum,0.55,https://www.mouser.com/catalog/specsheets/RC0603.pdf,-2.15,,0.3,-2.45,6.4,5.85,,5.55,d4f10273215db5e6d2a23fbbb6d47d9f501da9e0ff759512a6f8be15966a65b5
center,other,R2306,10k daughterboard-present pull-up; absent=high,RC0603FR-0710KL,Resistor_SMD:R_0603_1608Metric,False,back,B.Cu,120.65,151.6,180.0,90.099999,115.05,180.0,1.6,-1.6,verified_maximum,maximum,0.55,https://www.mouser.com/catalog/specsheets/RC0603.pdf,-2.15,,0.3,-2.45,6.4,5.85,,5.55,d4f10273215db5e6d2a23fbbb6d47d9f501da9e0ff759512a6f8be15966a65b5
center,other,R2307,100k USB switch disable pull-up,RC0603FR-07100KL,Resistor_SMD:R_0603_1608Metric,False,back,B.Cu,114.15,142.5,0.0,83.599999,105.95,0.0,1.6,-1.6,verified_maximum,maximum,0.55,https://www.mouser.com/catalog/specsheets/RC0603.pdf,-2.15,,0.3,-2.45,6.4,5.85,,5.55,d4f10273215db5e6d2a23fbbb6d47d9f501da9e0ff759512a6f8be15966a65b5
center,other,R2308,133k 1% TPS2553 current limit about 0.20A,RC0603FR-07133KL,Resistor_SMD:R_0603_1608Metric,False,back,B.Cu,113.2,140.75,0.0,82.649999,104.2,0.0,1.6,-1.6,verified_maximum,maximum,0.55,https://www.mouser.com/catalog/specsheets/RC0603.pdf,-2.15,,0.3,-2.45,6.4,5.85,,5.55,d4f10273215db5e6d2a23fbbb6d47d9f501da9e0ff759512a6f8be15966a65b5
center,other,R2310,10k VHF PTT inactive,RC0603FR-0710KL,Resistor_SMD:R_0603_1608Metric,False,front,F.Cu,156.497501,74.1175,180.0,125.9475,37.5675,180.0,1.6,0.0,verified_maximum,maximum,0.55,https://www.mouser.com/catalog/specsheets/RC0603.pdf,0.55,,,,8.0,8.55,,,d4f10273215db5e6d2a23fbbb6d47d9f501da9e0ff759512a6f8be15966a65b5
center,other,R2311,10k UHF PTT inactive,RC0603FR-0710KL,Resistor_SMD:R_0603_1608Metric,False,front,F.Cu,151.3,50.35,0.0,120.749999,13.8,0.0,1.6,0.0,verified_maximum,maximum,0.55,https://www.mouser.com/catalog/specsheets/RC0603.pdf,0.55,,,,8.0,8.55,,,d4f10273215db5e6d2a23fbbb6d47d9f501da9e0ff759512a6f8be15966a65b5
center,other,R2312,10k VHF asleep,RC0603FR-0710KL,Resistor_SMD:R_0603_1608Metric,False,front,F.Cu,283.45,80.0,0.0,252.899999,43.45,0.0,1.6,0.0,verified_maximum,maximum,0.55,https://www.mouser.com/catalog/specsheets/RC0603.pdf,0.55,,,,8.0,8.55,,,d4f10273215db5e6d2a23fbbb6d47d9f501da9e0ff759512a6f8be15966a65b5
center,other,R2313,10k UHF asleep,RC0603FR-0710KL,Resistor_SMD:R_0603_1608Metric,False,front,F.Cu,249.800001,196.6,0.0,219.25,160.05,0.0,1.6,0.0,verified_maximum,maximum,0.55,https://www.mouser.com/catalog/specsheets/RC0603.pdf,0.55,,,,8.0,8.55,,,d4f10273215db5e6d2a23fbbb6d47d9f501da9e0ff759512a6f8be15966a65b5
center,other,R2314,100k VHF internal antenna,RC0603FR-07100KL,Resistor_SMD:R_0603_1608Metric,False,front,F.Cu,136.625001,67.05,180.0,106.075,30.5,180.0,1.6,0.0,verified_maximum,maximum,0.55,https://www.mouser.com/catalog/specsheets/RC0603.pdf,0.55,,,,8.0,8.55,,,d4f10273215db5e6d2a23fbbb6d47d9f501da9e0ff759512a6f8be15966a65b5
center,other,R2315,100k UHF internal antenna,RC0603FR-07100KL,Resistor_SMD:R_0603_1608Metric,False,front,F.Cu,141.125001,72.55,180.0,110.575,36.0,180.0,1.6,0.0,verified_maximum,maximum,0.55,https://www.mouser.com/catalog/specsheets/RC0603.pdf,0.55,,,,8.0,8.55,,,d4f10273215db5e6d2a23fbbb6d47d9f501da9e0ff759512a6f8be15966a65b5
center,other,R2316,100k VHF UART idle-high while absent,RC0603FR-07100KL,Resistor_SMD:R_0603_1608Metric,False,front,F.Cu,250.050001,191.85,0.0,219.5,155.3,0.0,1.6,0.0,verified_maximum,maximum,0.55,https://www.mouser.com/catalog/specsheets/RC0603.pdf,0.55,,,,8.0,8.55,,,d4f10273215db5e6d2a23fbbb6d47d9f501da9e0ff759512a6f8be15966a65b5
center,other,R2317,100k UHF UART idle-high while absent,RC0603FR-07100KL,Resistor_SMD:R_0603_1608Metric,False,front,F.Cu,154.497501,75.9175,180.0,123.9475,39.3675,180.0,1.6,0.0,verified_maximum,maximum,0.55,https://www.mouser.com/catalog/specsheets/RC0603.pdf,0.55,,,,8.0,8.55,,,d4f10273215db5e6d2a23fbbb6d47d9f501da9e0ff759512a6f8be15966a65b5
center,other,R2318,100k GNSS RX idle-high while absent,RC0603FR-07100KL,Resistor_SMD:R_0603_1608Metric,False,front,F.Cu,289.4,82.05,0.0,258.849999,45.5,0.0,1.6,0.0,verified_maximum,maximum,0.55,https://www.mouser.com/catalog/specsheets/RC0603.pdf,0.55,,,,8.0,8.55,,,d4f10273215db5e6d2a23fbbb6d47d9f501da9e0ff759512a6f8be15966a65b5
center,other,R2319,100k GNSS reset released while absent,RC0603FR-07100KL,Resistor_SMD:R_0603_1608Metric,False,front,F.Cu,160.4975,75.4675,270.0,129.947499,38.9175,270.0,1.6,0.0,verified_maximum,maximum,0.55,https://www.mouser.com/catalog/specsheets/RC0603.pdf,0.55,,,,8.0,8.55,,,d4f10273215db5e6d2a23fbbb6d47d9f501da9e0ff759512a6f8be15966a65b5
center,other,R2320,100k VHF RX default low while daughterboard absent,RC0603FR-07100KL,Resistor_SMD:R_0603_1608Metric,False,front,F.Cu,153.300001,74.225,180.0,122.75,37.675,180.0,1.6,0.0,verified_maximum,maximum,0.55,https://www.mouser.com/catalog/specsheets/RC0603.pdf,0.55,,,,8.0,8.55,,,d4f10273215db5e6d2a23fbbb6d47d9f501da9e0ff759512a6f8be15966a65b5
center,other,R2321,100k UHF RX default low while daughterboard absent,RC0603FR-07100KL,Resistor_SMD:R_0603_1608Metric,False,front,F.Cu,159.225001,52.3,90.0,128.675,15.75,90.0,1.6,0.0,verified_maximum,maximum,0.55,https://www.mouser.com/catalog/specsheets/RC0603.pdf,0.55,,,,8.0,8.55,,,d4f10273215db5e6d2a23fbbb6d47d9f501da9e0ff759512a6f8be15966a65b5
center,other,R2322,100k VHF SQL default low while daughterboard absent,RC0603FR-07100KL,Resistor_SMD:R_0603_1608Metric,False,front,F.Cu,157.0,52.85,90.0,126.449999,16.3,90.0,1.6,0.0,verified_maximum,maximum,0.55,https://www.mouser.com/catalog/specsheets/RC0603.pdf,0.55,,,,8.0,8.55,,,d4f10273215db5e6d2a23fbbb6d47d9f501da9e0ff759512a6f8be15966a65b5
center,other,R2323,100k UHF SQL default low while daughterboard absent,RC0603FR-07100KL,Resistor_SMD:R_0603_1608Metric,False,front,F.Cu,155.5,52.85,90.0,124.949999,16.3,90.0,1.6,0.0,verified_maximum,maximum,0.55,https://www.mouser.com/catalog/specsheets/RC0603.pdf,0.55,,,,8.0,8.55,,,d4f10273215db5e6d2a23fbbb6d47d9f501da9e0ff759512a6f8be15966a65b5
center,other,R2324,100k GNSS TX default low while daughterboard absent,RC0603FR-07100KL,Resistor_SMD:R_0603_1608Metric,False,front,F.Cu,160.975001,52.8,90.0,130.425,16.25,90.0,1.6,0.0,verified_maximum,maximum,0.55,https://www.mouser.com/catalog/specsheets/RC0603.pdf,0.55,,,,8.0,8.55,,,d4f10273215db5e6d2a23fbbb6d47d9f501da9e0ff759512a6f8be15966a65b5
center,other,R2325,100k GNSS PPS default low while daughterboard absent,RC0603FR-07100KL,Resistor_SMD:R_0603_1608Metric,False,front,F.Cu,165.475001,73.05,0.0,134.925,36.5,0.0,1.6,0.0,verified_maximum,maximum,0.55,https://www.mouser.com/catalog/specsheets/RC0603.pdf,0.55,,,,8.0,8.55,,,d4f10273215db5e6d2a23fbbb6d47d9f501da9e0ff759512a6f8be15966a65b5
center,other,R2326,100k GNSS EXTINT default low while daughterboard absent,RC0603FR-07100KL,Resistor_SMD:R_0603_1608Metric,False,front,F.Cu,150.050001,54.125,90.0,119.5,17.575,90.0,1.6,0.0,verified_maximum,maximum,0.55,https://www.mouser.com/catalog/specsheets/RC0603.pdf,0.55,,,,8.0,8.55,,,d4f10273215db5e6d2a23fbbb6d47d9f501da9e0ff759512a6f8be15966a65b5
center,other,R2340,4.7k J2300 pin 11 signal isolation,RC0603FR-074K7L,Resistor_SMD:R_0603_1608Metric,False,front,F.Cu,108.050001,149.7,270.0,77.5,113.15,270.0,1.6,0.0,verified_maximum,maximum,0.55,https://www.mouser.com/catalog/specsheets/RC0603.pdf,0.55,,,,8.0,8.55,,,d4f10273215db5e6d2a23fbbb6d47d9f501da9e0ff759512a6f8be15966a65b5
center,other,R2341,4.7k J2300 pin 12 signal isolation,RC0603FR-074K7L,Resistor_SMD:R_0603_1608Metric,False,front,F.Cu,107.800001,146.7,270.0,77.25,110.15,270.0,1.6,0.0,verified_maximum,maximum,0.55,https://www.mouser.com/catalog/specsheets/RC0603.pdf,0.55,,,,8.0,8.55,,,d4f10273215db5e6d2a23fbbb6d47d9f501da9e0ff759512a6f8be15966a65b5
center,other,R2342,4.7k J2300 pin 13 signal isolation,RC0603FR-074K7L,Resistor_SMD:R_0603_1608Metric,False,front,F.Cu,105.800001,148.95,0.0,75.25,112.4,0.0,1.6,0.0,verified_maximum,maximum,0.55,https://www.mouser.com/catalog/specsheets/RC0603.pdf,0.55,,,,8.0,8.55,,,d4f10273215db5e6d2a23fbbb6d47d9f501da9e0ff759512a6f8be15966a65b5
center,other,R2343,4.7k J2300 pin 14 signal isolation,RC0603FR-074K7L,Resistor_SMD:R_0603_1608Metric,False,front,F.Cu,109.300001,146.7,270.0,78.75,110.15,270.0,1.6,0.0,verified_maximum,maximum,0.55,https://www.mouser.com/catalog/specsheets/RC0603.pdf,0.55,,,,8.0,8.55,,,d4f10273215db5e6d2a23fbbb6d47d9f501da9e0ff759512a6f8be15966a65b5
center,other,R2344,4.7k J2300 pin 15 signal isolation,RC0603FR-074K7L,Resistor_SMD:R_0603_1608Metric,False,front,F.Cu,105.800001,150.45,0.0,75.25,113.9,0.0,1.6,0.0,verified_maximum,maximum,0.55,https://www.mouser.com/catalog/specsheets/RC0603.pdf,0.55,,,,8.0,8.55,,,d4f10273215db5e6d2a23fbbb6d47d9f501da9e0ff759512a6f8be15966a65b5
center,other,R2345,4.7k J2300 pin 16 signal isolation,RC0603FR-074K7L,Resistor_SMD:R_0603_1608Metric,False,front,F.Cu,110.800001,148.2,270.0,80.25,111.65,270.0,1.6,0.0,verified_maximum,maximum,0.55,https://www.mouser.com/catalog/specsheets/RC0603.pdf,0.55,,,,8.0,8.55,,,d4f10273215db5e6d2a23fbbb6d47d9f501da9e0ff759512a6f8be15966a65b5
center,other,R2346,4.7k J2300 pin 17 signal isolation,RC0603FR-074K7L,Resistor_SMD:R_0603_1608Metric,False,front,F.Cu,112.300001,146.2,270.0,81.75,109.65,270.0,1.6,0.0,verified_maximum,maximum,0.55,https://www.mouser.com/catalog/specsheets/RC0603.pdf,0.55,,,,8.0,8.55,,,d4f10273215db5e6d2a23fbbb6d47d9f501da9e0ff759512a6f8be15966a65b5
center,other,R2347,4.7k J2300 pin 18 signal isolation,RC0603FR-074K7L,Resistor_SMD:R_0603_1608Metric,False,front,F.Cu,110.800001,145.2,270.0,80.25,108.65,270.0,1.6,0.0,verified_maximum,maximum,0.55,https://www.mouser.com/catalog/specsheets/RC0603.pdf,0.55,,,,8.0,8.55,,,d4f10273215db5e6d2a23fbbb6d47d9f501da9e0ff759512a6f8be15966a65b5
center,other,R2348,4.7k J2300 pin 20 signal isolation,RC0603FR-074K7L,Resistor_SMD:R_0603_1608Metric,False,front,F.Cu,113.300001,150.45,0.0,82.75,113.9,0.0,1.6,0.0,verified_maximum,maximum,0.55,https://www.mouser.com/catalog/specsheets/RC0603.pdf,0.55,,,,8.0,8.55,,,d4f10273215db5e6d2a23fbbb6d47d9f501da9e0ff759512a6f8be15966a65b5
center,other,R2349,4.7k J2300 pin 21 signal isolation,RC0603FR-074K7L,Resistor_SMD:R_0603_1608Metric,False,front,F.Cu,110.300001,150.45,0.0,79.75,113.9,0.0,1.6,0.0,verified_maximum,maximum,0.55,https://www.mouser.com/catalog/specsheets/RC0603.pdf,0.55,,,,8.0,8.55,,,d4f10273215db5e6d2a23fbbb6d47d9f501da9e0ff759512a6f8be15966a65b5
center,other,R2350,4.7k J2300 pin 22 signal isolation,RC0603FR-074K7L,Resistor_SMD:R_0603_1608Metric,False,front,F.Cu,115.300001,146.7,270.0,84.75,110.15,270.0,1.6,0.0,verified_maximum,maximum,0.55,https://www.mouser.com/catalog/specsheets/RC0603.pdf,0.55,,,,8.0,8.55,,,d4f10273215db5e6d2a23fbbb6d47d9f501da9e0ff759512a6f8be15966a65b5
center,other,R2351,4.7k J2300 pin 23 signal isolation,RC0603FR-074K7L,Resistor_SMD:R_0603_1608Metric,False,front,F.Cu,113.800001,146.2,270.0,83.25,109.65,270.0,1.6,0.0,verified_maximum,maximum,0.55,https://www.mouser.com/catalog/specsheets/RC0603.pdf,0.55,,,,8.0,8.55,,,d4f10273215db5e6d2a23fbbb6d47d9f501da9e0ff759512a6f8be15966a65b5
center,other,R2352,4.7k J2300 pin 24 signal isolation,RC0603FR-074K7L,Resistor_SMD:R_0603_1608Metric,False,front,F.Cu,117.550001,147.45,180.0,87.0,110.9,180.0,1.6,0.0,verified_maximum,maximum,0.55,https://www.mouser.com/catalog/specsheets/RC0603.pdf,0.55,,,,8.0,8.55,,,d4f10273215db5e6d2a23fbbb6d47d9f501da9e0ff759512a6f8be15966a65b5
center,other,R2353,4.7k J2300 pin 25 signal isolation,RC0603FR-074K7L,Resistor_SMD:R_0603_1608Metric,False,front,F.Cu,116.550001,149.7,270.0,86.0,113.15,270.0,1.6,0.0,verified_maximum,maximum,0.55,https://www.mouser.com/catalog/specsheets/RC0603.pdf,0.55,,,,8.0,8.55,,,d4f10273215db5e6d2a23fbbb6d47d9f501da9e0ff759512a6f8be15966a65b5
center,other,R2354,4.7k J2300 pin 27 signal isolation,RC0603FR-074K7L,Resistor_SMD:R_0603_1608Metric,False,front,F.Cu,121.800001,150.45,180.0,91.25,113.9,180.0,1.6,0.0,verified_maximum,maximum,0.55,https://www.mouser.com/catalog/specsheets/RC0603.pdf,0.55,,,,8.0,8.55,,,d4f10273215db5e6d2a23fbbb6d47d9f501da9e0ff759512a6f8be15966a65b5
center,other,R2355,4.7k J2300 pin 28 signal isolation,RC0603FR-074K7L,Resistor_SMD:R_0603_1608Metric,False,front,F.Cu,118.050001,149.7,270.0,87.5,113.15,270.0,1.6,0.0,verified_maximum,maximum,0.55,https://www.mouser.com/catalog/specsheets/RC0603.pdf,0.55,,,,8.0,8.55,,,d4f10273215db5e6d2a23fbbb6d47d9f501da9e0ff759512a6f8be15966a65b5
center,other,R2356,4.7k J2300 pin 29 signal isolation,RC0603FR-074K7L,Resistor_SMD:R_0603_1608Metric,False,front,F.Cu,119.550001,149.7,270.0,89.0,113.15,270.0,1.6,0.0,verified_maximum,maximum,0.55,https://www.mouser.com/catalog/specsheets/RC0603.pdf,0.55,,,,8.0,8.55,,,d4f10273215db5e6d2a23fbbb6d47d9f501da9e0ff759512a6f8be15966a65b5
center,other,R2360,22.1k 0.02% 5ppm SYS5 RT,TNPU060322K1HZEN00,Resistor_SMD:R_0603_1608Metric,False,front,F.Cu,131.800001,156.95,180.0,101.25,120.4,180.0,1.6,0.0,verified_maximum,maximum,0.55,https://www.vishay.com/docs/28779/tnpue3.pdf,0.55,,,,8.0,8.55,,,d4f10273215db5e6d2a23fbbb6d47d9f501da9e0ff759512a6f8be15966a65b5
center,other,R2361,29.4k SYS5 standalone config,RC0603FR-0729K4L,Resistor_SMD:R_0603_1608Metric,False,front,F.Cu,135.550001,160.95,270.0,105.0,124.4,270.0,1.6,0.0,verified_maximum,maximum,0.55,https://www.mouser.com/catalog/specsheets/RC0603.pdf,0.55,,,,8.0,8.55,,,d4f10273215db5e6d2a23fbbb6d47d9f501da9e0ff759512a6f8be15966a65b5
center,other,R2362,2.2k SYS5 COMP,TNPU06032K20HZEN00,Resistor_SMD:R_0603_1608Metric,False,front,F.Cu,137.050001,157.7,270.0,106.5,121.15,270.0,1.6,0.0,verified_maximum,maximum,0.55,https://www.vishay.com/docs/28779/tnpue3.pdf,0.55,,,,8.0,8.55,,,d4f10273215db5e6d2a23fbbb6d47d9f501da9e0ff759512a6f8be15966a65b5
center,other,R2363,1R SYS5 BOOT damping,RC0603FR-071RL,Resistor_SMD:R_0603_1608Metric,False,front,F.Cu,130.350001,152.3,180.0,99.8,115.75,180.0,1.6,0.0,verified_maximum,maximum,0.55,https://www.mouser.com/catalog/specsheets/RC0603.pdf,0.55,,,,8.0,8.55,,,d4f10273215db5e6d2a23fbbb6d47d9f501da9e0ff759512a6f8be15966a65b5
center,other,R2428,10k,RC0603FR-0710KL,Resistor_SMD:R_0603_1608Metric,False,front,F.Cu,304.637501,185.083333,270.0,274.0875,148.533333,270.0,1.6,0.0,verified_maximum,maximum,0.55,https://www.mouser.com/catalog/specsheets/RC0603.pdf,0.55,,,,8.0,8.55,,,d4f10273215db5e6d2a23fbbb6d47d9f501da9e0ff759512a6f8be15966a65b5
center,other,R2442,0.33,ERJ3RQFR33V,Resistor_SMD:R_0603_1608Metric,False,front,F.Cu,108.2,52.85,0.0,77.649999,16.3,0.0,1.6,0.0,unverified,,,,,,,,8.0,,,,d4f10273215db5e6d2a23fbbb6d47d9f501da9e0ff759512a6f8be15966a65b5
center,other,R2443,0.33,ERJ3RQFR33V,Resistor_SMD:R_0603_1608Metric,False,front,F.Cu,106.9,90.275,270.0,76.349999,53.725,270.0,1.6,0.0,unverified,,,,,,,,8.0,,,,d4f10273215db5e6d2a23fbbb6d47d9f501da9e0ff759512a6f8be15966a65b5
center,other,R2444,0.33,ERJ3RQFR33V,Resistor_SMD:R_0603_1608Metric,False,front,F.Cu,317.5,116.6,270.0,286.949999,80.05,270.0,1.6,0.0,unverified,,,,,,,,8.0,,,,d4f10273215db5e6d2a23fbbb6d47d9f501da9e0ff759512a6f8be15966a65b5
center,other,R2445,0.33,ERJ3RQFR33V,Resistor_SMD:R_0603_1608Metric,False,front,F.Cu,319.7,142.9,90.0,289.149999,106.35,90.0,1.6,0.0,unverified,,,,,,,,8.0,,,,d4f10273215db5e6d2a23fbbb6d47d9f501da9e0ff759512a6f8be15966a65b5
center,charger,R2600,100k BGATE to source,RC0603FR-07100KL,Resistor_SMD:R_0603_1608Metric,False,back,B.Cu,224.354024,173.744671,0.0,193.804023,137.194671,0.0,1.6,-1.6,verified_maximum,maximum,0.55,https://www.mouser.com/catalog/specsheets/RC0603.pdf,-2.15,,0.3,-2.45,6.4,5.85,,5.55,d4f10273215db5e6d2a23fbbb6d47d9f501da9e0ff759512a6f8be15966a65b5
center,charger,R2601,10R DCIN filter,RC0603FR-0710RL,Resistor_SMD:R_0603_1608Metric,False,back,B.Cu,210.181551,165.620771,135.0,179.63155,129.070771,135.0,1.6,-1.6,verified_maximum,maximum,0.55,https://www.mouser.com/catalog/specsheets/RC0603.pdf,-2.15,,0.3,-2.45,6.4,5.85,,5.55,d4f10273215db5e6d2a23fbbb6d47d9f501da9e0ff759512a6f8be15966a65b5
center,charger,R2602,4.7R VDDP filter,RC0603FR-074R7L,Resistor_SMD:R_0603_1608Metric,False,back,B.Cu,211.846348,160.885975,45.0,181.296347,124.335975,45.0,1.6,-1.6,verified_maximum,maximum,0.55,https://www.mouser.com/catalog/specsheets/RC0603.pdf,-2.15,,0.3,-2.45,6.4,5.85,,5.55,d4f10273215db5e6d2a23fbbb6d47d9f501da9e0ff759512a6f8be15966a65b5
center,charger,R2603,0R gate link,RC0603JR-070RL,Resistor_SMD:R_0603_1608Metric,False,back,B.Cu,214.2,161.225,45.0,183.649999,124.675,45.0,1.6,-1.6,verified_maximum,maximum,0.55,https://www.mouser.com/catalog/specsheets/RC0603.pdf,-2.15,,0.3,-2.45,6.4,5.85,,5.55,d4f10273215db5e6d2a23fbbb6d47d9f501da9e0ff759512a6f8be15966a65b5
center,charger,R2604,0R gate link,RC0603JR-070RL,Resistor_SMD:R_0603_1608Metric,False,back,B.Cu,217.2,164.024999,45.0,186.649999,127.474999,45.0,1.6,-1.6,verified_maximum,maximum,0.55,https://www.mouser.com/catalog/specsheets/RC0603.pdf,-2.15,,0.3,-2.45,6.4,5.85,,5.55,d4f10273215db5e6d2a23fbbb6d47d9f501da9e0ff759512a6f8be15966a65b5
center,charger,R2605,0R gate link,RC0603JR-070RL,Resistor_SMD:R_0603_1608Metric,False,back,B.Cu,198.35,160.725,180.0,167.799999,124.175,180.0,1.6,-1.6,verified_maximum,maximum,0.55,https://www.mouser.com/catalog/specsheets/RC0603.pdf,-2.15,,0.3,-2.45,6.4,5.85,,5.55,d4f10273215db5e6d2a23fbbb6d47d9f501da9e0ff759512a6f8be15966a65b5
center,charger,R2606,0R gate link,RC0603JR-070RL,Resistor_SMD:R_0603_1608Metric,False,back,B.Cu,201.45,155.024999,135.0,170.899999,118.474999,135.0,1.6,-1.6,verified_maximum,maximum,0.55,https://www.mouser.com/catalog/specsheets/RC0603.pdf,-2.15,,0.3,-2.45,6.4,5.85,,5.55,d4f10273215db5e6d2a23fbbb6d47d9f501da9e0ff759512a6f8be15966a65b5
center,charger,R2607,2R input sense filter,RC0402FR-072RL,Resistor_SMD:R_0402_1005Metric,False,back,B.Cu,212.64034,158.660009,180.0,182.090339,122.110009,180.0,1.6,-1.6,verified_maximum,maximum,0.4,https://yageogroup.com/content/datasheet/asset/file/PYU-RC_51_ROHS_P,-2.0,,0.3,-2.3,6.4,6.0,,5.7,d4f10273215db5e6d2a23fbbb6d47d9f501da9e0ff759512a6f8be15966a65b5
center,charger,R2608,1k forward compensation,RC0402FR-071KL,Resistor_SMD:R_0402_1005Metric,False,back,B.Cu,205.021843,165.994831,180.0,174.471842,129.444831,180.0,1.6,-1.6,verified_maximum,maximum,0.4,https://yageogroup.com/content/datasheet/asset/file/PYU-RC_51_ROHS_P,-2.0,,0.3,-2.3,6.4,6.0,,5.7,d4f10273215db5e6d2a23fbbb6d47d9f501da9e0ff759512a6f8be15966a65b5
center,charger,R2609,1k reverse compensation,RC0402FR-071KL,Resistor_SMD:R_0402_1005Metric,False,back,B.Cu,206.069625,167.202226,225.0,175.519624,130.652226,225.0,1.6,-1.6,verified_maximum,maximum,0.4,https://yageogroup.com/content/datasheet/asset/file/PYU-RC_51_ROHS_P,-2.0,,0.3,-2.3,6.4,6.0,,5.7,d4f10273215db5e6d2a23fbbb6d47d9f501da9e0ff759512a6f8be15966a65b5
center,charger,R2610,4.53k current monitor filter,RC0402FR-074K53L,Resistor_SMD:R_0402_1005Metric,False,back,B.Cu,202.255169,163.978157,180.0,171.705168,127.428157,180.0,1.6,-1.6,verified_maximum,maximum,0.4,https://yageogroup.com/content/datasheet/asset/file/PYU-RC_51_ROHS_P,-2.0,,0.3,-2.3,6.4,6.0,,5.7,d4f10273215db5e6d2a23fbbb6d47d9f501da9e0ff759512a6f8be15966a65b5
center,charger,R2611,20k PSYS monitor load,RC0402FR-0720KL,Resistor_SMD:R_0402_1005Metric,False,back,B.Cu,202.797774,162.430375,90.0,172.247773,125.880375,90.0,1.6,-1.6,verified_maximum,maximum,0.4,https://yageogroup.com/content/datasheet/asset/file/PYU-RC_51_ROHS_P,-2.0,,0.3,-2.3,6.4,6.0,,5.7,d4f10273215db5e6d2a23fbbb6d47d9f501da9e0ff759512a6f8be15966a65b5
center,charger,R2612,100k throttle default-on,RC0603FR-07100KL,Resistor_SMD:R_0603_1608Metric,False,back,B.Cu,216.889909,167.838226,180.0,186.339908,131.288226,180.0,1.6,-1.6,verified_maximum,maximum,0.55,https://www.mouser.com/catalog/specsheets/RC0603.pdf,-2.15,,0.3,-2.45,6.4,5.85,,5.55,d4f10273215db5e6d2a23fbbb6d47d9f501da9e0ff759512a6f8be15966a65b5
center,mu_supply,R2613,1R gate resistor,RC0603FR-071RL,Resistor_SMD:R_0603_1608Metric,False,front,F.Cu,147.25,114.25,180.0,116.699999,77.7,180.0,1.6,0.0,verified_maximum,maximum,0.55,https://www.mouser.com/catalog/specsheets/RC0603.pdf,0.55,,,,8.0,8.55,,,d4f10273215db5e6d2a23fbbb6d47d9f501da9e0ff759512a6f8be15966a65b5
center,mu_supply,R2614,1R gate resistor,RC0603FR-071RL,Resistor_SMD:R_0603_1608Metric,False,front,F.Cu,147.5,117.5,180.0,116.949999,80.95,180.0,1.6,0.0,verified_maximum,maximum,0.55,https://www.mouser.com/catalog/specsheets/RC0603.pdf,0.55,,,,8.0,8.55,,,d4f10273215db5e6d2a23fbbb6d47d9f501da9e0ff759512a6f8be15966a65b5
center,standby,R2620,10k gate ramp resistor,RC0603FR-0710KL,Resistor_SMD:R_0603_1608Metric,False,back,B.Cu,161.683433,169.01592,0.0,131.133432,132.46592,0.0,1.6,-1.6,verified_maximum,maximum,0.55,https://www.mouser.com/catalog/specsheets/RC0603.pdf,-2.15,,0.3,-2.45,6.4,5.85,,5.55,d4f10273215db5e6d2a23fbbb6d47d9f501da9e0ff759512a6f8be15966a65b5
center,source_control,R2640,100k 1% bias sense top,RC0603FR-07100KL,Resistor_SMD:R_0603_1608Metric,False,back,B.Cu,198.3,176.65,0.0,167.749999,140.1,0.0,1.6,-1.6,verified_maximum,maximum,0.55,https://www.mouser.com/catalog/specsheets/RC0603.pdf,-2.15,,0.3,-2.45,6.4,5.85,,5.55,d4f10273215db5e6d2a23fbbb6d47d9f501da9e0ff759512a6f8be15966a65b5
center,source_control,R2641,24.9k 1% bias sense bottom,RC0603FR-0724K9L,Resistor_SMD:R_0603_1608Metric,False,back,B.Cu,197.3,178.4,180.0,166.749999,141.85,180.0,1.6,-1.6,verified_maximum,maximum,0.55,https://www.mouser.com/catalog/specsheets/RC0603.pdf,-2.15,,0.3,-2.45,6.4,5.85,,5.55,d4f10273215db5e6d2a23fbbb6d47d9f501da9e0ff759512a6f8be15966a65b5
center,source_control,R2642,10k bias-good pull-up,RC0603FR-0710KL,Resistor_SMD:R_0603_1608Metric,False,back,B.Cu,198.3,181.35,0.0,167.749999,144.8,0.0,1.6,-1.6,verified_maximum,maximum,0.55,https://www.mouser.com/catalog/specsheets/RC0603.pdf,-2.15,,0.3,-2.45,6.4,5.85,,5.55,d4f10273215db5e6d2a23fbbb6d47d9f501da9e0ff759512a6f8be15966a65b5
center,source_control,R2643,100k PROCHOT sense default-low,RC0603FR-07100KL,Resistor_SMD:R_0603_1608Metric,False,back,B.Cu,209.3,176.05,90.0,178.749999,139.5,90.0,1.6,-1.6,verified_maximum,maximum,0.55,https://www.mouser.com/catalog/specsheets/RC0603.pdf,-2.15,,0.3,-2.45,6.4,5.85,,5.55,d4f10273215db5e6d2a23fbbb6d47d9f501da9e0ff759512a6f8be15966a65b5
center,source_control,R2644,10k AUX permission series,RC0603FR-0710KL,Resistor_SMD:R_0603_1608Metric,False,back,B.Cu,182.066567,76.76592,180.0,151.516566,40.21592,180.0,1.6,-1.6,verified_maximum,maximum,0.55,https://www.mouser.com/catalog/specsheets/RC0603.pdf,-2.15,,0.3,-2.45,6.4,5.85,,5.55,d4f10273215db5e6d2a23fbbb6d47d9f501da9e0ff759512a6f8be15966a65b5
center,source_control,R2645,47k AUX permission default-off,RC0603FR-0747KL,Resistor_SMD:R_0603_1608Metric,False,back,B.Cu,179.791567,76.51592,90.0,149.241566,39.96592,90.0,1.6,-1.6,verified_maximum,maximum,0.55,https://www.mouser.com/catalog/specsheets/RC0603.pdf,-2.15,,0.3,-2.45,6.4,5.85,,5.55,d4f10273215db5e6d2a23fbbb6d47d9f501da9e0ff759512a6f8be15966a65b5
center,source_control,R2646,1k 1W switched AUX discharge,RC2512FR-071KL,Resistor_SMD:R_2512_6332Metric,False,front,F.Cu,185.0,65.75,0.0,154.449999,29.2,0.0,1.6,0.0,verified_maximum,maximum,0.65,https://yageogroup.com/content/datasheet/asset/file/PYU-RC_51_ROHS_P,0.65,,,,8.0,8.65,,,d4f10273215db5e6d2a23fbbb6d47d9f501da9e0ff759512a6f8be15966a65b5
center,source_control,R2647,100k discharge gate default-low,RC0603FR-07100KL,Resistor_SMD:R_0603_1608Metric,False,back,B.Cu,189.304129,68.28039,0.0,158.754128,31.73039,0.0,1.6,-1.6,verified_maximum,maximum,0.55,https://www.mouser.com/catalog/specsheets/RC0603.pdf,-2.15,,0.3,-2.45,6.4,5.85,,5.55,d4f10273215db5e6d2a23fbbb6d47d9f501da9e0ff759512a6f8be15966a65b5
center,standby,R2661,10R gate damping,RC0402FR-0710RL,Resistor_SMD:R_0402_1005Metric,False,back,B.Cu,179.624456,167.661061,180.0,149.074455,131.111061,180.0,1.6,-1.6,verified_maximum,maximum,0.4,https://yageogroup.com/content/datasheet/asset/file/PYU-RC_51_ROHS_P,-2.0,,0.3,-2.3,6.4,6.0,,5.7,d4f10273215db5e6d2a23fbbb6d47d9f501da9e0ff759512a6f8be15966a65b5
center,standby,R2662,180m 1% 0.25W parallel AON shunt,WSL1206R1800FEA,Resistor_SMD:R_1206_3216Metric,False,front,F.Cu,169.0,167.15,0.0,138.449999,130.6,0.0,1.6,0.0,verified_maximum,maximum,0.889,https://www.vishay.com/docs/30100/wsl.pdf,0.889,,,,8.0,8.889,,,d4f10273215db5e6d2a23fbbb6d47d9f501da9e0ff759512a6f8be15966a65b5
center,standby,R2663,100k always-on enable,RC0603FR-07100KL,Resistor_SMD:R_0603_1608Metric,False,back,B.Cu,167.16348,167.004358,0.0,136.613479,130.454358,0.0,1.6,-1.6,verified_maximum,maximum,0.55,https://www.mouser.com/catalog/specsheets/RC0603.pdf,-2.15,,0.3,-2.45,6.4,5.85,,5.55,d4f10273215db5e6d2a23fbbb6d47d9f501da9e0ff759512a6f8be15966a65b5
center,standby,R2664,1k gate-ramp branch,RC0603FR-071KL,Resistor_SMD:R_0603_1608Metric,False,back,B.Cu,175.107322,171.098557,0.0,144.557321,134.548557,0.0,1.6,-1.6,verified_maximum,maximum,0.55,https://www.mouser.com/catalog/specsheets/RC0603.pdf,-2.15,,0.3,-2.45,6.4,5.85,,5.55,d4f10273215db5e6d2a23fbbb6d47d9f501da9e0ff759512a6f8be15966a65b5
center,other,RS1,5mOhm 1% 2W BQ34Z100 Kelvin shunt,WSLP25125L000FEA,Resistor_SMD:R_2512_6332Metric,False,front,F.Cu,196.500001,171.95,180.0,165.95,135.4,180.0,1.6,0.0,unverified,,,,,,,,8.0,,,,d4f10273215db5e6d2a23fbbb6d47d9f501da9e0ff759512a6f8be15966a65b5
center,mu_supply,RS750,16m 1% 1W; parallel pair gives 8m,ERJ8CWFR016V,ducktop2:Panasonic_ERJ8CW_10to16m_Center,False,front,F.Cu,159.0,124.0,0.0,128.449999,87.45,0.0,1.6,0.0,unverified,,,,,,,,8.0,,,,d4f10273215db5e6d2a23fbbb6d47d9f501da9e0ff759512a6f8be15966a65b5
center,other,RS2280,13mOhm 1% 1W; parallel pair gives 6.5mOhm,ERJ8CWFR013V,ducktop2:Panasonic_ERJ8CW_10to16m_Center,False,front,F.Cu,267.800001,153.25,0.0,237.25,116.7,0.0,1.6,0.0,unverified,,,,,,,,8.0,,,,d4f10273215db5e6d2a23fbbb6d47d9f501da9e0ff759512a6f8be15966a65b5
center,other,RS2281,13mOhm 1% 1W; parallel pair gives 6.5mOhm,ERJ8CWFR013V,ducktop2:Panasonic_ERJ8CW_10to16m_Center,False,front,F.Cu,267.800001,156.35,0.0,237.25,119.8,0.0,1.6,0.0,unverified,,,,,,,,8.0,,,,d4f10273215db5e6d2a23fbbb6d47d9f501da9e0ff759512a6f8be15966a65b5
center,other,RS2360,10mOhm 1% 1W; parallel pair gives 5mOhm,ERJ8CWFR010V,ducktop2:Panasonic_ERJ8CW_10to16m_Center,False,front,F.Cu,154.800001,147.25,0.0,124.25,110.7,0.0,1.6,0.0,unverified,,,,,,,,8.0,,,,d4f10273215db5e6d2a23fbbb6d47d9f501da9e0ff759512a6f8be15966a65b5
center,other,RS2361,10mOhm 1% 1W; parallel pair gives 5mOhm,ERJ8CWFR010V,ducktop2:Panasonic_ERJ8CW_10to16m_Center,False,front,F.Cu,154.800001,150.35,0.0,124.25,113.8,0.0,1.6,0.0,unverified,,,,,,,,8.0,,,,d4f10273215db5e6d2a23fbbb6d47d9f501da9e0ff759512a6f8be15966a65b5
center,charger,RS2600,20m 1% 2W input Kelvin shunt,WSL2512R0200FEA18,Resistor_SMD:R_2512_6332Metric,False,front,F.Cu,231.0,155.5,180.0,200.449999,118.95,180.0,1.6,0.0,verified_maximum,maximum,0.889,https://www.vishay.com/doc?31057,0.889,,,,8.0,8.889,,,d4f10273215db5e6d2a23fbbb6d47d9f501da9e0ff759512a6f8be15966a65b5
center,charger,RS2601,10m 1% 2W battery Kelvin shunt,WSLP2512R0100FEA,Resistor_SMD:R_2512_6332Metric,False,front,F.Cu,216.5,175.0,0.0,185.949999,138.45,0.0,1.6,0.0,verified_maximum,maximum,0.889,https://www.vishay.com/docs/30122/wslp.pdf,0.889,,,,8.0,8.889,,,d4f10273215db5e6d2a23fbbb6d47d9f501da9e0ff759512a6f8be15966a65b5
center,standby,RS2620,22m 1% 2W AON Kelvin shunt,WSL2512R0220FEA18,Resistor_SMD:R_2512_6332Metric,False,front,F.Cu,162.0,164.5,0.0,131.449999,127.95,0.0,1.6,0.0,verified_maximum,maximum,0.889,https://www.vishay.com/doc?31057,0.889,,,,8.0,8.889,,,d4f10273215db5e6d2a23fbbb6d47d9f501da9e0ff759512a6f8be15966a65b5
center,standby,RS2660,180m 1% 0.25W parallel AON shunt,WSL1206R1800FEA,Resistor_SMD:R_1206_3216Metric,False,front,F.Cu,169.0,164.5,0.0,138.449999,127.95,0.0,1.6,0.0,verified_maximum,maximum,0.889,https://www.vishay.com/docs/30100/wsl.pdf,0.889,,,,8.0,8.889,,,d4f10273215db5e6d2a23fbbb6d47d9f501da9e0ff759512a6f8be15966a65b5
center,mu_supply,RS2670,16m 1% 1W; parallel pair gives 8m,ERJ8CWFR016V,ducktop2:Panasonic_ERJ8CW_10to16m_Center,False,front,F.Cu,159.0,126.65,0.0,128.449999,90.1,0.0,1.6,0.0,unverified,,,,,,,,8.0,,,,d4f10273215db5e6d2a23fbbb6d47d9f501da9e0ff759512a6f8be15966a65b5
center,other,SW1,Reset,B3S-1000,Button_Switch_SMD:SW_SPST_B3S-1000,False,front,F.Cu,320.230001,176.87,0.0,289.68,140.32,0.0,1.6,0.0,unverified,,,,,,,,8.0,,,,d4f10273215db5e6d2a23fbbb6d47d9f501da9e0ff759512a6f8be15966a65b5
center,other,SW2,Mu Power,B3S-1000,Button_Switch_SMD:SW_SPST_B3S-1000,False,front,F.Cu,139.875001,135.45,0.0,109.325,98.9,0.0,1.6,0.0,unverified,,,,,,,,8.0,,,,d4f10273215db5e6d2a23fbbb6d47d9f501da9e0ff759512a6f8be15966a65b5
center,other,SW3,Mu Reset,B3S-1000,Button_Switch_SMD:SW_SPST_B3S-1000,False,front,F.Cu,151.875001,135.45,0.0,121.325,98.9,0.0,1.6,0.0,unverified,,,,,,,,8.0,,,,d4f10273215db5e6d2a23fbbb6d47d9f501da9e0ff759512a6f8be15966a65b5
center,other,SW4,BOOT0 (DFU),B3S-1000,Button_Switch_SMD:SW_SPST_B3S-1000,False,front,F.Cu,304.550001,204.55,0.0,274.0,168.0,0.0,1.6,0.0,unverified,,,,,,,,8.0,,,,d4f10273215db5e6d2a23fbbb6d47d9f501da9e0ff759512a6f8be15966a65b5
center,other,SW900,Maker reset/RUN,B3S-1000,Button_Switch_SMD:SW_SPST_B3S-1000,False,front,F.Cu,297.850001,75.7,0.0,267.3,39.15,0.0,1.6,0.0,unverified,,,,,,,,8.0,,,,d4f10273215db5e6d2a23fbbb6d47d9f501da9e0ff759512a6f8be15966a65b5
center,other,SW901,Maker BOOTSEL,B3S-1000,Button_Switch_SMD:SW_SPST_B3S-1000,False,front,F.Cu,291.0,65.5,90.0,260.449999,28.95,90.0,1.6,0.0,unverified,,,,,,,,8.0,,,,d4f10273215db5e6d2a23fbbb6d47d9f501da9e0ff759512a6f8be15966a65b5
center,other,TP1,GND test,,TestPoint:TestPoint_Pad_D1.0mm,False,front,F.Cu,148.550001,51.55,0.0,118.0,15.0,0.0,1.6,0.0,unverified,,,,,,,,8.0,,,,d4f10273215db5e6d2a23fbbb6d47d9f501da9e0ff759512a6f8be15966a65b5
center,other,TP2,PACK_POS_FUSED test,,TestPoint:TestPoint_Pad_D1.0mm,False,front,F.Cu,154.550001,47.15,0.0,124.0,10.6,0.0,1.6,0.0,unverified,,,,,,,,8.0,,,,d4f10273215db5e6d2a23fbbb6d47d9f501da9e0ff759512a6f8be15966a65b5
center,other,TP3,VSYS test,,TestPoint:TestPoint_Pad_D1.0mm,False,front,F.Cu,160.150001,47.15,0.0,129.6,10.6,0.0,1.6,0.0,unverified,,,,,,,,8.0,,,,d4f10273215db5e6d2a23fbbb6d47d9f501da9e0ff759512a6f8be15966a65b5
center,other,TP4,EC_AON_IN test,,TestPoint:TestPoint_Pad_D1.0mm,False,front,F.Cu,166.850001,46.15,0.0,136.3,9.6,0.0,1.6,0.0,unverified,,,,,,,,8.0,,,,d4f10273215db5e6d2a23fbbb6d47d9f501da9e0ff759512a6f8be15966a65b5
center,other,TP5,SYS_5V test,,TestPoint:TestPoint_Pad_D1.0mm,False,front,F.Cu,293.775001,147.5,0.0,263.225,110.95,0.0,1.6,0.0,unverified,,,,,,,,8.0,,,,d4f10273215db5e6d2a23fbbb6d47d9f501da9e0ff759512a6f8be15966a65b5
center,other,TP6,SYS_3V3 test,,TestPoint:TestPoint_Pad_D1.0mm,False,front,F.Cu,310.75,146.35,0.0,280.199999,109.8,0.0,1.6,0.0,unverified,,,,,,,,8.0,,,,d4f10273215db5e6d2a23fbbb6d47d9f501da9e0ff759512a6f8be15966a65b5
center,other,TP7,MCU_3V3 test,,TestPoint:TestPoint_Pad_D1.0mm,False,front,F.Cu,172.550001,46.85,0.0,142.0,10.3,0.0,1.6,0.0,unverified,,,,,,,,8.0,,,,d4f10273215db5e6d2a23fbbb6d47d9f501da9e0ff759512a6f8be15966a65b5
center,other,TP8,MU_12V test,,TestPoint:TestPoint_Pad_D1.0mm,False,front,F.Cu,205.472728,115.925,0.0,174.922727,79.375,0.0,1.6,0.0,unverified,,,,,,,,8.0,,,,d4f10273215db5e6d2a23fbbb6d47d9f501da9e0ff759512a6f8be15966a65b5
center,other,TP9,CHG_INT_N test,,TestPoint:TestPoint_Pad_D1.0mm,False,front,F.Cu,178.550001,46.55,0.0,148.0,10.0,0.0,1.6,0.0,unverified,,,,,,,,8.0,,,,d4f10273215db5e6d2a23fbbb6d47d9f501da9e0ff759512a6f8be15966a65b5
center,other,TP10,PACK_FAULT_N test,,TestPoint:TestPoint_Pad_D1.0mm,False,front,F.Cu,184.550001,46.55,0.0,154.0,10.0,0.0,1.6,0.0,unverified,,,,,,,,8.0,,,,d4f10273215db5e6d2a23fbbb6d47d9f501da9e0ff759512a6f8be15966a65b5
center,other,TP11,AON_FAULT_N test,,TestPoint:TestPoint_Pad_D1.0mm,False,front,F.Cu,190.550001,46.55,0.0,160.0,10.0,0.0,1.6,0.0,unverified,,,,,,,,8.0,,,,d4f10273215db5e6d2a23fbbb6d47d9f501da9e0ff759512a6f8be15966a65b5
center,other,TP12,MU_12V_PG test,,TestPoint:TestPoint_Pad_D1.0mm,False,front,F.Cu,282.85,78.0,0.0,252.299999,41.45,0.0,1.6,0.0,unverified,,,,,,,,8.0,,,,d4f10273215db5e6d2a23fbbb6d47d9f501da9e0ff759512a6f8be15966a65b5
center,other,TP13,Internal USB VBUS test,,TestPoint:TestPoint_Pad_D1.0mm,False,front,F.Cu,196.550001,46.55,0.0,166.0,10.0,0.0,1.6,0.0,unverified,,,,,,,,8.0,,,,d4f10273215db5e6d2a23fbbb6d47d9f501da9e0ff759512a6f8be15966a65b5
center,other,TP14,Internal USB VBUS valid test,,TestPoint:TestPoint_Pad_D1.0mm,False,front,F.Cu,202.550001,46.55,0.0,172.0,10.0,0.0,1.6,0.0,unverified,,,,,,,,8.0,,,,d4f10273215db5e6d2a23fbbb6d47d9f501da9e0ff759512a6f8be15966a65b5
center,other,TP15,Internal USB VBUS fault test,,TestPoint:TestPoint_Pad_D1.0mm,False,front,F.Cu,196.550001,52.55,0.0,166.0,16.0,0.0,1.6,0.0,unverified,,,,,,,,8.0,,,,d4f10273215db5e6d2a23fbbb6d47d9f501da9e0ff759512a6f8be15966a65b5
center,other,TP16,Mu SIO UART TX probe pad,,TestPoint:TestPoint_Pad_D1.0mm,False,front,F.Cu,249.050001,216.55,0.0,218.5,180.0,0.0,1.6,0.0,unverified,,,,,,,,8.0,,,,d4f10273215db5e6d2a23fbbb6d47d9f501da9e0ff759512a6f8be15966a65b5
center,other,TP17,Mu SIO UART RX probe pad,,TestPoint:TestPoint_Pad_D1.0mm,False,front,F.Cu,214.200001,41.68,0.0,183.65,5.13,0.0,1.6,0.0,unverified,,,,,,,,8.0,,,,d4f10273215db5e6d2a23fbbb6d47d9f501da9e0ff759512a6f8be15966a65b5
center,other,TP2280,PCIE_LOAD_PG,,TestPoint:TestPoint_Pad_1.5x1.5mm,False,front,F.Cu,280.200001,158.95,0.0,249.65,122.4,0.0,1.6,0.0,unverified,,,,,,,,8.0,,,,d4f10273215db5e6d2a23fbbb6d47d9f501da9e0ff759512a6f8be15966a65b5
center,standby,TP2660,AON reset,,TestPoint:TestPoint_Pad_D1.5mm,False,front,F.Cu,171.0,177.5,0.0,140.449999,140.95,0.0,1.6,0.0,unverified,,,,,,,,8.0,,,,d4f10273215db5e6d2a23fbbb6d47d9f501da9e0ff759512a6f8be15966a65b5
center,standby,TP2661,GND,,TestPoint:TestPoint_Pad_D1.5mm,False,front,F.Cu,174.0,177.5,0.0,143.449999,140.95,0.0,1.6,0.0,unverified,,,,,,,,8.0,,,,d4f10273215db5e6d2a23fbbb6d47d9f501da9e0ff759512a6f8be15966a65b5
center,charger,U2,ISL9241IRTZ,ISL9241IRTZ,ducktop2:Renesas_L32_4x4D_QFN32_EP2.7,False,back,B.Cu,207.75,162.5,315.0,177.199999,125.95,315.0,1.6,-1.6,verified_maximum,maximum,0.85,https://www.renesas.com/en/document/dst/isl9241-datasheet,-2.45,,0.3,-2.75,6.4,5.55,,5.25,d4f10273215db5e6d2a23fbbb6d47d9f501da9e0ff759512a6f8be15966a65b5
center,other,U4,STM32F407VGTx,STM32F407VGT6,Package_QFP:LQFP-100_14x14mm_P0.5mm,False,front,F.Cu,151.550001,64.55,0.0,121.0,28.0,0.0,1.6,0.0,unverified,,,,,,,,8.0,,,,d4f10273215db5e6d2a23fbbb6d47d9f501da9e0ff759512a6f8be15966a65b5
center,other,U5,TPS62933DRLR,TPS62933DRLR,Package_TO_SOT_SMD:SOT-583-8,False,front,F.Cu,166.5,69.0,90.0,135.949999,32.45,90.0,1.6,0.0,unverified,,,,,,,,8.0,,,,d4f10273215db5e6d2a23fbbb6d47d9f501da9e0ff759512a6f8be15966a65b5
center,other,U6,LM706A0RRXR SYS_5V 5.106V; 4.5A envelope,LM706A0RRXR,ducktop2:Texas_RRX0029B_VQFN-29_6x6mm,False,front,F.Cu,135.550001,152.55,0.0,105.0,116.0,0.0,1.6,0.0,unverified,,,,,,,,8.0,,,,d4f10273215db5e6d2a23fbbb6d47d9f501da9e0ff759512a6f8be15966a65b5
center,other,U7,"TPS56637RPAR VSYS -> SYS_3V3 (3.32V, 6A class)",TPS56637RPAR,ducktop2:Texas_RPA0010A_VQFN-HR-10_3x3mm,False,front,F.Cu,129.375001,66.95,0.0,98.825,30.4,0.0,1.6,0.0,unverified,,,,,,,,8.0,,,,d4f10273215db5e6d2a23fbbb6d47d9f501da9e0ff759512a6f8be15966a65b5
center,other,U10,BQ34Z100-G1 protected-pack gauge,BQ34Z100PWR-G1,Package_SO:TSSOP-14_4.4x5mm_P0.65mm,False,front,F.Cu,196.550001,177.55,0.0,166.0,141.0,0.0,1.6,0.0,unverified,,,,,,,,8.0,,,,d4f10273215db5e6d2a23fbbb6d47d9f501da9e0ff759512a6f8be15966a65b5
center,other,U12,TPS26630RGER 3A AUX eFuse / surge cutoff,TPS26630RGER,Package_DFN_QFN:Texas_RGE0024H_VQFN-24-1EP_4x4mm_P0.5mm_EP2.7x2.7mm_ThermalVias,False,front,F.Cu,192.775,60.175,180.0,162.224999,23.625,180.0,1.6,0.0,unverified,,,,,,,,8.0,,,,d4f10273215db5e6d2a23fbbb6d47d9f501da9e0ff759512a6f8be15966a65b5
center,other,U15,LTC4418IUF#PBF dual-input selector (stage 1),LTC4418IUF#PBF,ducktop2:ADI_UF20_QFN20_4x4_P0.5_EP2.45,False,front,F.Cu,126.550001,183.05,0.0,96.0,146.5,0.0,1.6,0.0,unverified,,,,,,,,8.0,,,,d4f10273215db5e6d2a23fbbb6d47d9f501da9e0ff759512a6f8be15966a65b5
center,other,U16,LTC4418IUF#PBF dual-input selector (stage 2),LTC4418IUF#PBF,ducktop2:ADI_UF20_QFN20_4x4_P0.5_EP2.45,False,front,F.Cu,185.700001,156.7635,90.0,155.15,120.2135,90.0,1.6,0.0,unverified,,,,,,,,8.0,,,,d4f10273215db5e6d2a23fbbb6d47d9f501da9e0ff759512a6f8be15966a65b5
center,other,U44,TCA9539PWR resettable source manager @0x74,TCA9539PWR,Package_SO:TSSOP-24_4.4x7.8mm_P0.65mm,False,front,F.Cu,174.550001,54.55,180.0,144.0,18.0,180.0,1.6,0.0,unverified,,,,,,,,8.0,,,,d4f10273215db5e6d2a23fbbb6d47d9f501da9e0ff759512a6f8be15966a65b5
center,other,U45,TCA9548A service I2C mux @0x70,TCA9548APWR,Package_SO:TSSOP-24_4.4x7.8mm_P0.65mm,False,front,F.Cu,133.550001,47.55,180.0,103.0,11.0,180.0,1.6,0.0,unverified,,,,,,,,8.0,,,,d4f10273215db5e6d2a23fbbb6d47d9f501da9e0ff759512a6f8be15966a65b5
center,other,U46,SN74LVC1G08DBVR EC-reset-qualified service mux reset,SN74LVC1G08DBVR,Package_TO_SOT_SMD:SOT-23-5,False,back,B.Cu,137.5,49.0,180.0,106.949999,12.45,180.0,1.6,-1.6,verified_maximum,maximum,1.45,https://www.ti.com/lit/ds/symlink/sn74lvc1g08.pdf,-3.05,,0.3,-3.35,6.4,4.95,,4.65,d4f10273215db5e6d2a23fbbb6d47d9f501da9e0ff759512a6f8be15966a65b5
center,other,U60,USBLC6-2P6 EC USB ESD,USBLC6-2P6,Package_TO_SOT_SMD:SOT-666,False,back,B.Cu,171.25,61.5,0.0,140.699999,24.95,0.0,1.6,-1.6,verified_maximum,maximum,0.62,https://www.st.com/resource/en/datasheet/usblc6-2.pdf,-2.22,,0.3,-2.52,6.4,5.78,,5.48,d4f10273215db5e6d2a23fbbb6d47d9f501da9e0ff759512a6f8be15966a65b5
center,other,U61,TS3USB30EDGSR EC USB host-state isolation,TS3USB30EDGSR,Package_SO:TSSOP-10_3x3mm_P0.5mm,False,back,B.Cu,167.75,59.75,90.0,137.199999,23.2,90.0,1.6,-1.6,verified_maximum,maximum,1.1,https://www.ti.com/lit/ds/symlink/ts3usb30e.pdf,-2.7,,0.3,-3.0,6.4,5.3,,5.0,d4f10273215db5e6d2a23fbbb6d47d9f501da9e0ff759512a6f8be15966a65b5
center,other,U62,TPD4E05U06 wired trackpad USB2 ESD,TPD4E05U06DQAR,Package_SON:USON-10_2.5x1.0mm_P0.5mm,False,front,F.Cu,174.610001,201.3,270.0,144.06,164.75,270.0,1.6,0.0,unverified,,,,,,,,8.0,,,,d4f10273215db5e6d2a23fbbb6d47d9f501da9e0ff759512a6f8be15966a65b5
center,other,U63,USBLC6-2P6 EC DFU USB ESD,USBLC6-2P6,Package_TO_SOT_SMD:SOT-666,False,front,F.Cu,321.700001,210.385,270.0,291.15,173.835,270.0,1.6,0.0,verified_maximum,maximum,0.62,https://www.st.com/resource/en/datasheet/usblc6-2.pdf,0.62,,,,8.0,8.62,,,d4f10273215db5e6d2a23fbbb6d47d9f501da9e0ff759512a6f8be15966a65b5
center,other,U64,TPS2553DDBVR trackpad 0.61A branch switch,TPS2553DDBVR,Package_TO_SOT_SMD:SOT-23-6,False,front,F.Cu,167.050001,190.55,0.0,136.5,154.0,0.0,1.6,0.0,verified_maximum,maximum,1.45,https://www.ti.com/lit/ds/symlink/tps2553.pdf,1.45,,,,8.0,9.45,,,d4f10273215db5e6d2a23fbbb6d47d9f501da9e0ff759512a6f8be15966a65b5
center,other,U170,SN74LVC3G34DCUR E-key control isolation,SN74LVC3G34DCUR,Package_SO:VSSOP-8_2.3x2mm_P0.5mm,False,front,F.Cu,217.300001,151.55,0.0,186.75,115.0,0.0,1.6,0.0,unverified,,,,,,,,8.0,,,,d4f10273215db5e6d2a23fbbb6d47d9f501da9e0ff759512a6f8be15966a65b5
center,other,U310,TPS2553D keyboard RGB 5V switch 0.40A nominal,TPS2553DDBVR,Package_TO_SOT_SMD:SOT-23-6,False,front,F.Cu,186.5,81.75,90.0,155.949999,45.2,90.0,1.6,0.0,verified_maximum,maximum,1.45,https://www.ti.com/lit/ds/symlink/tps2553.pdf,1.45,,,,8.0,9.45,,,d4f10273215db5e6d2a23fbbb6d47d9f501da9e0ff759512a6f8be15966a65b5
center,other,U311,SN74AHCT1G126 keyboard RGB 3V3-to-5V buffer,SN74AHCT1G126DBVR,Package_TO_SOT_SMD:SOT-23-5,False,front,F.Cu,186.75,77.5,180.0,156.199999,40.95,180.0,1.6,0.0,unverified,,,,,,,,8.0,,,,d4f10273215db5e6d2a23fbbb6d47d9f501da9e0ff759512a6f8be15966a65b5
center,other,U400,USB2513BT-I/M2 three-port HS multi-TT hub,USB2513BT-I/M2,ducktop2:Microchip_SQFN36_6x6_EP3.7,False,front,F.Cu,145.920001,92.05,0.0,115.37,55.5,0.0,1.6,0.0,unverified,,,,,,,,8.0,,,,d4f10273215db5e6d2a23fbbb6d47d9f501da9e0ff759512a6f8be15966a65b5
center,other,U401,TLV803EA29RDBZR 2.93V reset supervisor,TLV803EA29RDBZR,Package_TO_SOT_SMD:SOT-23-3,False,front,F.Cu,151.554287,86.336071,180.0,121.004286,49.786071,180.0,1.6,0.0,verified_maximum,maximum,1.12,https://www.ti.com/lit/ds/symlink/tlv803e.pdf,1.12,,,,8.0,9.12,,,d4f10273215db5e6d2a23fbbb6d47d9f501da9e0ff759512a6f8be15966a65b5
center,other,U402,TPS2052BDR dual 500mA USB power switch,TPS2052BDR,Package_SO:SOIC-8_3.9x4.9mm_P1.27mm,False,front,F.Cu,135.75,99.75,90.0,105.199999,63.2,90.0,1.6,0.0,unverified,,,,,,,,8.0,,,,d4f10273215db5e6d2a23fbbb6d47d9f501da9e0ff759512a6f8be15966a65b5
center,other,U410,PCM2900CDBR USB Audio Class stereo codec,PCM2900CDBR,Package_SO:SSOP-28_5.3x10.2mm_P0.65mm,False,front,F.Cu,161.0,178.65,90.0,130.449999,142.1,90.0,1.6,0.0,verified_maximum,maximum,2.0,https://www.ti.com/lit/ds/symlink/pcm2900c.pdf,2.0,,,,8.0,10.0,,,d4f10273215db5e6d2a23fbbb6d47d9f501da9e0ff759512a6f8be15966a65b5
center,other,U420,TPA2012D2RTJR stereo BTL class-D amplifier,TPA2012D2RTJR,Package_DFN_QFN:WQFN-20-1EP_4x4mm_P0.5mm_EP2.7x2.7mm_ThermalVias,False,front,F.Cu,178.0,175.5,0.0,147.449999,138.95,0.0,1.6,0.0,verified_maximum,maximum,0.8,https://www.ti.com/lit/ds/symlink/tpa2012d2.pdf,0.8,,,,8.0,8.8,,,d4f10273215db5e6d2a23fbbb6d47d9f501da9e0ff759512a6f8be15966a65b5
center,other,U421,SN74LVC1G08DBVR SSPND AND EC audio enable,SN74LVC1G08DBVR,Package_TO_SOT_SMD:SOT-23-5,False,back,B.Cu,174.25,180.25,0.0,143.699999,143.7,0.0,1.6,-1.6,verified_maximum,maximum,1.45,https://www.ti.com/lit/ds/symlink/sn74lvc1g08.pdf,-3.05,,0.3,-3.35,6.4,4.95,,4.65,d4f10273215db5e6d2a23fbbb6d47d9f501da9e0ff759512a6f8be15966a65b5
center,other,U425,TPA6130A2RTJR DirectPath stereo headphone amp,TPA6130A2RTJR,Package_DFN_QFN:WQFN-20-1EP_4x4mm_P0.5mm_EP2.7x2.7mm_ThermalVias,False,front,F.Cu,279.5,58.7,0.0,248.949999,22.15,0.0,1.6,0.0,unverified,,,,,,,,8.0,,,,d4f10273215db5e6d2a23fbbb6d47d9f501da9e0ff759512a6f8be15966a65b5
center,other,U430,LP5907MFX-2.8/NOPB low-noise microphone LDO,LP5907MFX-2.8/NOPB,Package_TO_SOT_SMD:SOT-23-5,False,front,F.Cu,142.5,198.5,180.0,111.949999,161.95,180.0,1.6,0.0,unverified,,,,,,,,8.0,,,,d4f10273215db5e6d2a23fbbb6d47d9f501da9e0ff759512a6f8be15966a65b5
center,other,U431,TLV9061IDBVR microphone preamplifier,TLV9061IDBVR,Package_TO_SOT_SMD:SOT-23-5,False,front,F.Cu,148.55,196.8,90.0,117.999999,160.25,90.0,1.6,0.0,unverified,,,,,,,,8.0,,,,d4f10273215db5e6d2a23fbbb6d47d9f501da9e0ff759512a6f8be15966a65b5
center,other,U450,SN74LVC1G08DBVR trackpad VBUS permission,SN74LVC1G08DBVR,Package_TO_SOT_SMD:SOT-23-5,False,front,F.Cu,158.55,187.55,0.0,127.999999,151.0,0.0,1.6,0.0,verified_maximum,maximum,1.45,https://www.ti.com/lit/ds/symlink/sn74lvc1g08.pdf,1.45,,,,8.0,9.45,,,d4f10273215db5e6d2a23fbbb6d47d9f501da9e0ff759512a6f8be15966a65b5
center,other,U451,SN74LVC1G07DCKR trackpad fault isolation,SN74LVC1G07DCKR,Package_TO_SOT_SMD:SOT-353_SC-70-5,False,front,F.Cu,158.55,195.55,0.0,127.999999,159.0,0.0,1.6,0.0,unverified,,,,,,,,8.0,,,,d4f10273215db5e6d2a23fbbb6d47d9f501da9e0ff759512a6f8be15966a65b5
center,standby,U718,LTC4368IMS-2#PBF standby breaker,LTC4368IMS-2#PBF,Package_SO:MSOP-10_3x3mm_P0.5mm,False,back,B.Cu,158.25,166.75,0.0,127.699999,130.2,0.0,1.6,-1.6,verified_maximum,maximum,1.1,https://www.analog.com/media/en/technical-documentation/data-sheets/ltc4368.pdf,-2.7,,0.3,-3.0,6.4,5.3,,5.0,d4f10273215db5e6d2a23fbbb6d47d9f501da9e0ff759512a6f8be15966a65b5
center,mu_supply,U750,TPS552882RPMR 12V buck-boost,TPS552882RPMR,ducktop2:Texas_RPM0026A_VQFN-HR26_4x3.5,False,front,F.Cu,151.625,117.5,0.0,121.074999,80.95,0.0,1.6,0.0,unverified,,,,,,,,8.0,,,,d4f10273215db5e6d2a23fbbb6d47d9f501da9e0ff759512a6f8be15966a65b5
center,other,U769,SN74LVC1G08DBVR qualified host-active AND,SN74LVC1G08DBVR,Package_TO_SOT_SMD:SOT-23-5,False,front,F.Cu,287.2375,77.55,0.0,256.687499,41.0,0.0,1.6,0.0,verified_maximum,maximum,1.45,https://www.ti.com/lit/ds/symlink/sn74lvc1g08.pdf,1.45,,,,8.0,9.45,,,d4f10273215db5e6d2a23fbbb6d47d9f501da9e0ff759512a6f8be15966a65b5
center,other,U770,TPS2553DDBVR internal host VBUS 0.61A,TPS2553DDBVR,Package_TO_SOT_SMD:SOT-23-6,False,front,F.Cu,291.550001,179.55,0.0,261.0,143.0,0.0,1.6,0.0,verified_maximum,maximum,1.45,https://www.ti.com/lit/ds/symlink/tps2553.pdf,1.45,,,,8.0,9.45,,,d4f10273215db5e6d2a23fbbb6d47d9f501da9e0ff759512a6f8be15966a65b5
center,other,U771,TPS3897ADRYR internal VBUS supervisor (always-powered),TPS3897ADRYR,Package_SON:Texas_USON-6_1x1.45mm_P0.5mm_SMD,False,front,F.Cu,299.550001,179.55,0.0,269.0,143.0,0.0,1.6,0.0,unverified,,,,,,,,8.0,,,,d4f10273215db5e6d2a23fbbb6d47d9f501da9e0ff759512a6f8be15966a65b5
center,other,U772,TPS22992SRXNR endpoint slew and short protection,TPS22992SRXNR,ducktop2:Texas_RXN0008A_WQFN-HR-8_1.25x1.25mm,False,front,F.Cu,278.550001,161.55,180.0,248.0,125.0,180.0,1.6,0.0,unverified,,,,,,,,8.0,,,,d4f10273215db5e6d2a23fbbb6d47d9f501da9e0ff759512a6f8be15966a65b5
center,other,U773,LM706A0RRXR endpoint 3.392V; 5A continuous envelope,LM706A0RRXR,ducktop2:Texas_RRX0029B_VQFN-29_6x6mm,False,front,F.Cu,248.550001,158.55,0.0,218.0,122.0,0.0,1.6,0.0,unverified,,,,,,,,8.0,,,,d4f10273215db5e6d2a23fbbb6d47d9f501da9e0ff759512a6f8be15966a65b5
center,other,U900,USBLC6-2P6 maker USB ESD,USBLC6-2P6,Package_TO_SOT_SMD:SOT-666,False,back,B.Cu,304.25,62.0,180.0,273.699999,25.45,180.0,1.6,-1.6,verified_maximum,maximum,0.62,https://www.st.com/resource/en/datasheet/usblc6-2.pdf,-2.22,,0.3,-2.52,6.4,5.78,,5.48,d4f10273215db5e6d2a23fbbb6d47d9f501da9e0ff759512a6f8be15966a65b5
center,other,U901,RP2350A,RP2350A (A4 stepping),Package_DFN_QFN:QFN-60-1EP_7x7mm_P0.4mm_EP3.4x3.4mm_ThermalVias,False,front,F.Cu,311.800001,67.75,0.0,281.25,31.2,0.0,1.6,0.0,unverified,,,,,,,,8.0,,,,d4f10273215db5e6d2a23fbbb6d47d9f501da9e0ff759512a6f8be15966a65b5
center,other,U902,W25Q32RVXHJQ 32Mbit (4MiB),W25Q32RVXHJQ,Package_SON:Winbond_USON-8-1EP_3x2mm_P0.5mm_EP0.2x1.6mm,False,back,B.Cu,308.0,64.0,0.0,277.449999,27.45,0.0,1.6,-1.6,verified_maximum,maximum,0.4,https://www.marthel.pl/katalog/W25Q32RV%20RevC%2006062024%20Plus.pdf,-2.0,,0.3,-2.3,6.4,6.0,,5.7,d4f10273215db5e6d2a23fbbb6d47d9f501da9e0ff759512a6f8be15966a65b5
center,other,U903,TPS62821DLC 1A adjustable buck,TPS62821DLCR,Package_SON:Texas_VSON-HR-8_1.5x2mm_P0.5mm,False,front,F.Cu,293.938993,86.911007,0.0,263.388992,50.361007,0.0,1.6,0.0,unverified,,,,,,,,8.0,,,,d4f10273215db5e6d2a23fbbb6d47d9f501da9e0ff759512a6f8be15966a65b5
center,other,U904,"TPS2553DDBVR 5V header, 300mA nominal",TPS2553DDBVR,Package_TO_SOT_SMD:SOT-23-6,False,front,F.Cu,326.311001,72.4,0.0,295.761,35.85,0.0,1.6,0.0,verified_maximum,maximum,1.45,https://www.ti.com/lit/ds/symlink/tps2553.pdf,1.45,,,,8.0,9.45,,,d4f10273215db5e6d2a23fbbb6d47d9f501da9e0ff759512a6f8be15966a65b5
center,other,U905,"TPS2553DDBVR 3V3 header, 120mA nominal",TPS2553DDBVR,Package_TO_SOT_SMD:SOT-23-6,False,front,F.Cu,299.100001,51.15,90.0,268.55,14.6,90.0,1.6,0.0,verified_maximum,maximum,1.45,https://www.ti.com/lit/ds/symlink/tps2553.pdf,1.45,,,,8.0,9.45,,,d4f10273215db5e6d2a23fbbb6d47d9f501da9e0ff759512a6f8be15966a65b5
center,other,U906,TS3USB30EDGSR maker USB host-state isolation,TS3USB30EDGSR,Package_SO:TSSOP-10_3x3mm_P0.5mm,False,back,B.Cu,309.25,60.0,180.0,278.699999,23.45,180.0,1.6,-1.6,verified_maximum,maximum,1.1,https://www.ti.com/lit/ds/symlink/ts3usb30e.pdf,-2.7,,0.3,-3.0,6.4,5.3,,5.0,d4f10273215db5e6d2a23fbbb6d47d9f501da9e0ff759512a6f8be15966a65b5
center,other,U910,SN74CB3T3245PWR maker header isolation bank 1,SN74CB3T3245PWR,Package_SO:TSSOP-20_4.4x6.5mm_P0.65mm,False,front,F.Cu,302.100001,67.671429,180.0,271.55,31.121429,180.0,1.6,0.0,unverified,,,,,,,,8.0,,,,d4f10273215db5e6d2a23fbbb6d47d9f501da9e0ff759512a6f8be15966a65b5
center,other,U911,SN74CB3T3245PWR maker header isolation bank 2,SN74CB3T3245PWR,Package_SO:TSSOP-20_4.4x6.5mm_P0.65mm,False,front,F.Cu,307.050001,55.65,0.0,276.5,19.1,0.0,1.6,0.0,unverified,,,,,,,,8.0,,,,d4f10273215db5e6d2a23fbbb6d47d9f501da9e0ff759512a6f8be15966a65b5
center,other,U912,SN74CB3T3245PWR maker header isolation bank 3,SN74CB3T3245PWR,Package_SO:TSSOP-20_4.4x6.5mm_P0.65mm,False,front,F.Cu,316.390001,55.67,0.0,285.84,19.12,0.0,1.6,0.0,unverified,,,,,,,,8.0,,,,d4f10273215db5e6d2a23fbbb6d47d9f501da9e0ff759512a6f8be15966a65b5
center,other,U913,SN74CB3T3245PWR maker header isolation bank 4,SN74CB3T3245PWR,Package_SO:TSSOP-20_4.4x6.5mm_P0.65mm,False,front,F.Cu,324.250001,55.67,0.0,293.7,19.12,0.0,1.6,0.0,unverified,,,,,,,,8.0,,,,d4f10273215db5e6d2a23fbbb6d47d9f501da9e0ff759512a6f8be15966a65b5
center,other,U914,TPD4E05U06DQAR maker header ESD bank 1,TPD4E05U06DQAR,Package_SON:USON-10_2.5x1.0mm_P0.5mm,False,front,F.Cu,321.850001,48.05,270.0,291.3,11.5,270.0,1.6,0.0,unverified,,,,,,,,8.0,,,,d4f10273215db5e6d2a23fbbb6d47d9f501da9e0ff759512a6f8be15966a65b5
center,other,U915,TPD4E05U06DQAR maker header ESD bank 2,TPD4E05U06DQAR,Package_SON:USON-10_2.5x1.0mm_P0.5mm,False,front,F.Cu,317.850001,48.05,270.0,287.3,11.5,270.0,1.6,0.0,unverified,,,,,,,,8.0,,,,d4f10273215db5e6d2a23fbbb6d47d9f501da9e0ff759512a6f8be15966a65b5
center,other,U916,TPD4E05U06DQAR maker header ESD bank 3,TPD4E05U06DQAR,Package_SON:USON-10_2.5x1.0mm_P0.5mm,False,front,F.Cu,313.850001,48.05,270.0,283.3,11.5,270.0,1.6,0.0,unverified,,,,,,,,8.0,,,,d4f10273215db5e6d2a23fbbb6d47d9f501da9e0ff759512a6f8be15966a65b5
center,other,U917,TPD4E05U06DQAR maker header ESD bank 4,TPD4E05U06DQAR,Package_SON:USON-10_2.5x1.0mm_P0.5mm,False,front,F.Cu,309.850001,48.05,270.0,279.3,11.5,270.0,1.6,0.0,unverified,,,,,,,,8.0,,,,d4f10273215db5e6d2a23fbbb6d47d9f501da9e0ff759512a6f8be15966a65b5
center,other,U918,TPD4E05U06DQAR maker header ESD bank 5,TPD4E05U06DQAR,Package_SON:USON-10_2.5x1.0mm_P0.5mm,False,front,F.Cu,305.850001,48.05,270.0,275.3,11.5,270.0,1.6,0.0,unverified,,,,,,,,8.0,,,,d4f10273215db5e6d2a23fbbb6d47d9f501da9e0ff759512a6f8be15966a65b5
center,other,U919,TPD4E05U06DQAR maker header ESD bank 6,TPD4E05U06DQAR,Package_SON:USON-10_2.5x1.0mm_P0.5mm,False,front,F.Cu,301.850001,48.05,270.0,271.3,11.5,270.0,1.6,0.0,unverified,,,,,,,,8.0,,,,d4f10273215db5e6d2a23fbbb6d47d9f501da9e0ff759512a6f8be15966a65b5
center,other,U920,TPD4E05U06DQAR maker header ESD bank 7,TPD4E05U06DQAR,Package_SON:USON-10_2.5x1.0mm_P0.5mm,False,front,F.Cu,297.850001,48.065,270.0,267.3,11.515,270.0,1.6,0.0,unverified,,,,,,,,8.0,,,,d4f10273215db5e6d2a23fbbb6d47d9f501da9e0ff759512a6f8be15966a65b5
center,other,U921,TPD4E05U06DQAR maker header ESD bank 8,TPD4E05U06DQAR,Package_SON:USON-10_2.5x1.0mm_P0.5mm,False,front,F.Cu,291.850001,48.05,270.0,261.3,11.5,270.0,1.6,0.0,unverified,,,,,,,,8.0,,,,d4f10273215db5e6d2a23fbbb6d47d9f501da9e0ff759512a6f8be15966a65b5
center,other,U922,TLV803EA29RDBZR maker header rail supervisor,TLV803EA29RDBZR,Package_TO_SOT_SMD:SOT-23-3,False,back,B.Cu,294.5,54.5,0.0,263.949999,17.95,0.0,1.6,-1.6,verified_maximum,maximum,1.12,https://www.ti.com/lit/ds/symlink/tlv803e.pdf,-2.72,,0.3,-3.02,6.4,5.28,,4.98,d4f10273215db5e6d2a23fbbb6d47d9f501da9e0ff759512a6f8be15966a65b5
center,charger,U2210,SN74LVC1G08DBVR,SN74LVC1G08DBVR,Package_TO_SOT_SMD:SOT-23-5,False,back,B.Cu,211.0,153.0,0.0,180.449999,116.45,0.0,1.6,-1.6,verified_maximum,maximum,1.45,https://www.ti.com/lit/ds/symlink/sn74lvc1g08.pdf,-3.05,,0.3,-3.35,6.4,4.95,,4.65,d4f10273215db5e6d2a23fbbb6d47d9f501da9e0ff759512a6f8be15966a65b5
center,other,U2280,SN74LVC1G08DBVR endpoint PG-qualified enable,SN74LVC1G08DBVR,Package_TO_SOT_SMD:SOT-23-5,False,front,F.Cu,242.050001,169.55,0.0,211.5,133.0,0.0,1.6,0.0,verified_maximum,maximum,1.45,https://www.ti.com/lit/ds/symlink/sn74lvc1g08.pdf,1.45,,,,8.0,9.45,,,d4f10273215db5e6d2a23fbbb6d47d9f501da9e0ff759512a6f8be15966a65b5
center,other,U2300,TPS259470ARPW 2A reverse-blocking radio eFuse,TPS259470ARPW,ducktop2:Texas_RPW0010A_VQFN-HR-10_2x2mm,False,front,F.Cu,121.5,146.25,180.0,90.949999,109.7,180.0,1.6,0.0,unverified,,,,,,,,8.0,,,,d4f10273215db5e6d2a23fbbb6d47d9f501da9e0ff759512a6f8be15966a65b5
center,other,U2301,TLV803EA43 4.3V radio rail supervisor,TLV803EA43RDBZR,Package_TO_SOT_SMD:SOT-23-3,False,back,B.Cu,124.0,150.25,90.0,93.449999,113.7,90.0,1.6,-1.6,verified_maximum,maximum,1.12,https://www.ti.com/lit/ds/symlink/tlv803e.pdf,-2.72,,0.3,-3.02,6.4,5.28,,4.98,d4f10273215db5e6d2a23fbbb6d47d9f501da9e0ff759512a6f8be15966a65b5
center,other,U2302,SN74LVC1G17DBVR radio PG level restore,SN74LVC1G17DBVR,Package_TO_SOT_SMD:SOT-23-5,False,back,B.Cu,130.5,151.25,270.0,99.949999,114.7,270.0,1.6,-1.6,verified_maximum,maximum,1.45,https://www.ti.com/lit/ds/symlink/sn74lvc1g17.pdf,-3.05,,0.3,-3.35,6.4,4.95,,4.65,d4f10273215db5e6d2a23fbbb6d47d9f501da9e0ff759512a6f8be15966a65b5
center,other,U2303,TS3USB30E default-disconnected radio codec USB switch,TS3USB30EDGSR,Package_SO:TSSOP-10_3x3mm_P0.5mm,False,back,B.Cu,112.5,146.0,180.0,81.949999,109.45,180.0,1.6,-1.6,verified_maximum,maximum,1.1,https://www.ti.com/lit/ds/symlink/ts3usb30e.pdf,-2.7,,0.3,-3.0,6.4,5.3,,5.0,d4f10273215db5e6d2a23fbbb6d47d9f501da9e0ff759512a6f8be15966a65b5
center,other,U2304,TPS2553D radio codec VBUS gate 0.20A,TPS2553DBVR,Package_TO_SOT_SMD:SOT-23-6,False,front,F.Cu,111.5,141.0,0.0,80.949999,104.45,0.0,1.6,0.0,unverified,,,,,,,,8.0,,,,d4f10273215db5e6d2a23fbbb6d47d9f501da9e0ff759512a6f8be15966a65b5
center,other,U2305,USBLC6-2P6 radio codec USB ESD,USBLC6-2P6,Package_TO_SOT_SMD:SOT-666,False,back,B.Cu,109.0,149.25,90.0,78.449999,112.7,90.0,1.6,-1.6,verified_maximum,maximum,0.62,https://www.st.com/resource/en/datasheet/usblc6-2.pdf,-2.22,,0.3,-2.52,6.4,5.78,,5.48,d4f10273215db5e6d2a23fbbb6d47d9f501da9e0ff759512a6f8be15966a65b5
center,other,U2412,SN74LVC1G08DBVR SYS5 PG and actual VBUS qualify,SN74LVC1G08DBVR,Package_TO_SOT_SMD:SOT-23-5,False,front,F.Cu,302.750001,181.883333,0.0,272.2,145.333333,0.0,1.6,0.0,verified_maximum,maximum,1.45,https://www.ti.com/lit/ds/symlink/sn74lvc1g08.pdf,1.45,,,,8.0,9.45,,,d4f10273215db5e6d2a23fbbb6d47d9f501da9e0ff759512a6f8be15966a65b5
center,standby,U2620,LM74700QDBVRQ1,LM74700QDBVRQ1,Package_TO_SOT_SMD:SOT-23-6,False,back,B.Cu,143.5,162.25,180.0,112.949999,125.7,180.0,1.6,-1.6,verified_maximum,maximum,1.45,https://www.ti.com/lit/ds/symlink/lm74700-q1.pdf,-3.05,,0.3,-3.35,6.4,4.95,,4.65,d4f10273215db5e6d2a23fbbb6d47d9f501da9e0ff759512a6f8be15966a65b5
center,standby,U2621,LM74700QDBVRQ1,LM74700QDBVRQ1,Package_TO_SOT_SMD:SOT-23-6,False,back,B.Cu,143.5,168.25,180.0,112.949999,131.7,180.0,1.6,-1.6,verified_maximum,maximum,1.45,https://www.ti.com/lit/ds/symlink/lm74700-q1.pdf,-3.05,,0.3,-3.35,6.4,4.95,,4.65,d4f10273215db5e6d2a23fbbb6d47d9f501da9e0ff759512a6f8be15966a65b5
center,source_control,U2634,TPS3700DDCR charger-bias detector,TPS3700DDCR,Package_TO_SOT_SMD:SOT-23-6,False,back,B.Cu,201.0,179.0,0.0,170.449999,142.45,0.0,1.6,-1.6,verified_maximum,maximum,1.1,https://www.ti.com/lit/ds/symlink/tps3700.pdf,-2.7,,0.3,-3.0,6.4,5.3,,5.0,d4f10273215db5e6d2a23fbbb6d47d9f501da9e0ff759512a6f8be15966a65b5
center,source_control,U2635,TCA9537DGSR power status and AUX control,TCA9537DGSR,Package_SO:MSOP-10_3x3mm_P0.5mm,False,back,B.Cu,206.75,178.75,270.0,176.199999,142.2,270.0,1.6,-1.6,verified_maximum,maximum,1.1,https://www.ti.com/lit/ds/symlink/tca9537.pdf,-2.7,,0.3,-3.0,6.4,5.3,,5.0,d4f10273215db5e6d2a23fbbb6d47d9f501da9e0ff759512a6f8be15966a65b5
center,source_control,U2644,SN74LVC1G04DBVR AUX discharge,SN74LVC1G04DBVR,Package_TO_SOT_SMD:SOT-23-5,False,back,B.Cu,192.0,66.0,0.0,161.449999,29.45,0.0,1.6,-1.6,verified_maximum,maximum,1.45,https://www.ti.com/lit/ds/symlink/sn74lvc1g04.pdf,-3.05,,0.3,-3.35,6.4,4.95,,4.65,d4f10273215db5e6d2a23fbbb6d47d9f501da9e0ff759512a6f8be15966a65b5
center,standby,U2650,LM74700QDBVRQ1 system standby feed,LM74700QDBVRQ1,Package_TO_SOT_SMD:SOT-23-6,False,back,B.Cu,143.5,174.25,180.0,112.949999,137.7,180.0,1.6,-1.6,verified_maximum,maximum,1.45,https://www.ti.com/lit/ds/symlink/lm74700-q1.pdf,-3.05,,0.3,-3.35,6.4,4.95,,4.65,d4f10273215db5e6d2a23fbbb6d47d9f501da9e0ff759512a6f8be15966a65b5
center,standby,U2660,LTC4231IMS-1#PBF standby current limiter,LTC4231IMS-1#PBF,Package_SO:MSOP-12_3x4.039mm_P0.65mm,False,back,B.Cu,172.0,168.0,0.0,141.449999,131.45,0.0,1.6,-1.6,verified_maximum,maximum,1.1,https://www.analog.com/media/en/technical-documentation/data-sheets/ltc4231.pdf,-2.7,,0.3,-3.0,6.4,5.3,,5.0,d4f10273215db5e6d2a23fbbb6d47d9f501da9e0ff759512a6f8be15966a65b5
center,other,Y1,J32SMX-K-F-G-I-8M0 8MHz CL8pF,J32SMX-K-F-G-I-8M0,Crystal:Crystal_SMD_3225-4Pin_3.2x2.5mm,False,front,F.Cu,139.7,64.8,225.0,109.149999,28.25,225.0,1.6,0.0,unverified,,,,,,,,8.0,,,,d4f10273215db5e6d2a23fbbb6d47d9f501da9e0ff759512a6f8be15966a65b5
center,other,Y2,X1A000141000612 32.768kHz CL6pF,X1A000141000612,Crystal:Crystal_SMD_3215-2Pin_3.2x1.5mm,False,front,F.Cu,140.05,59.85,90.0,109.499999,23.3,90.0,1.6,0.0,unverified,,,,,,,,8.0,,,,d4f10273215db5e6d2a23fbbb6d47d9f501da9e0ff759512a6f8be15966a65b5
center,other,Y400,ABM8-24.000MHZ-10-1-U-T 24MHz 10pF CL,ABM8-24.000MHZ-10-1-U-T,Crystal:Crystal_SMD_3225-4Pin_3.2x2.5mm,False,front,F.Cu,145.670001,86.6125,0.0,115.12,50.0625,0.0,1.6,0.0,unverified,,,,,,,,8.0,,,,d4f10273215db5e6d2a23fbbb6d47d9f501da9e0ff759512a6f8be15966a65b5
center,other,Y410,ABM8G-106-12.000MHZ-T 12MHz 10pF CL,ABM8G-106-12.000MHZ-T,Crystal:Crystal_SMD_3225-4Pin_3.2x2.5mm,False,front,F.Cu,161.5,171.7,270.0,130.949999,135.15,270.0,1.6,0.0,verified_maximum,maximum,1.0,https://abracon.com/datasheets/ABM8G-106-12.000MHz-T.pdf,1.0,,,,8.0,9.0,,,d4f10273215db5e6d2a23fbbb6d47d9f501da9e0ff759512a6f8be15966a65b5
center,other,Y900,Abracon ABM8-272-T3 12MHz,ABM8-272-T3,Crystal:Crystal_SMD_3225-4Pin_3.2x2.5mm,False,front,F.Cu,312.1,75.7,315.0,281.549999,39.15,315.0,1.6,0.0,verified_maximum,maximum,0.8,https://abracon.com/datasheets/ABM8-272-T3.pdf,0.8,,,,8.0,8.8,,,d4f10273215db5e6d2a23fbbb6d47d9f501da9e0ff759512a6f8be15966a65b5
left,other,C1705,120p core feed-forward,GRM1555C1H121JA01D,Capacitor_SMD:C_0402_1005Metric,False,back,B.Cu,50.275,115.475,90.0,50.275,115.475,90.0,1.6,-1.6,verified_maximum,maximum,0.55,https://datasheet.octopart.com/GRM1555C1H121JA01D-Murata-datasheet-14396354.pdf,-2.15,,0.3,-2.45,6.4,5.85,,5.55,3499effa27ff141a0cebc4ac7929f0bec0777861d0c7ebfdd9b790beb7825343
left,other,C1706,4.7u core input,GRM21BR71A475KA73L,Capacitor_SMD:C_0805_2012Metric,False,front,F.Cu,51.725,110.8,90.0,51.725,110.8,90.0,1.6,0.0,verified_maximum,maximum,1.4,https://search.murata.co.jp/Ceramy/image/img/A01X/G101/ENG/GRM21BR71A475KA73-01.pdf,1.4,,,,8.0,9.4,,,3499effa27ff141a0cebc4ac7929f0bec0777861d0c7ebfdd9b790beb7825343
left,other,C1707,100n core input HF,GRM188R71H104KA93D,Capacitor_SMD:C_0603_1608Metric,False,back,B.Cu,50.95,113.75,180.0,50.95,113.75,180.0,1.6,-1.6,verified_maximum,maximum,0.9,https://www.murata.com/-/media/webrenewal/tool/library/common-pdf/dynamic-model/component-list-d-mlcc-2506.ashx?cvid=20250805040419000000&la=ja-jp,-2.5,,0.3,-2.8,6.4,5.5,,5.2,3499effa27ff141a0cebc4ac7929f0bec0777861d0c7ebfdd9b790beb7825343
left,other,C1708,10u core output,GRM21BR71A106KE51L,Capacitor_SMD:C_0805_2012Metric,False,front,F.Cu,56.725,114.25,0.0,56.725,114.25,0.0,1.6,0.0,verified_maximum,maximum,1.4,https://search.murata.co.jp/Ceramy/image/img/A01X/G101/ENG/GRM21BR71A106KE51-01.pdf,1.4,,,,8.0,9.4,,,3499effa27ff141a0cebc4ac7929f0bec0777861d0c7ebfdd9b790beb7825343
left,other,C1709,10u core output,GRM21BR71A106KE51L,Capacitor_SMD:C_0805_2012Metric,False,front,F.Cu,53.775,111.55,90.0,53.775,111.55,90.0,1.6,0.0,verified_maximum,maximum,1.4,https://search.murata.co.jp/Ceramy/image/img/A01X/G101/ENG/GRM21BR71A106KE51-01.pdf,1.4,,,,8.0,9.4,,,3499effa27ff141a0cebc4ac7929f0bec0777861d0c7ebfdd9b790beb7825343
left,other,C1710,47n 25V USB5 bootstrap,GRM155R71E473KA88D,Capacitor_SMD:C_0402_1005Metric,False,front,F.Cu,24.85,81.5,90.0,24.85,81.5,90.0,1.6,0.0,unverified,,,,,,,,8.0,,,,3499effa27ff141a0cebc4ac7929f0bec0777861d0c7ebfdd9b790beb7825343
left,other,C1711,10u 50V USB5 input,CGA5L1X7R1H106K160AC,Capacitor_SMD:C_1206_3216Metric,False,front,F.Cu,22.283333,76.25,180.0,22.283333,76.25,180.0,1.6,0.0,verified_maximum,maximum,1.9,https://product.tdk.com/en/search/capacitor/ceramic/mlcc/info?part_no=CGA5L1X7R1H106K160AC,1.9,,,,8.0,9.9,,,3499effa27ff141a0cebc4ac7929f0bec0777861d0c7ebfdd9b790beb7825343
left,other,C1712,10u 50V USB5 input,CGA5L1X7R1H106K160AC,Capacitor_SMD:C_1206_3216Metric,False,front,F.Cu,30.783333,74.0,90.0,30.783333,74.0,90.0,1.6,0.0,verified_maximum,maximum,1.9,https://product.tdk.com/en/search/capacitor/ceramic/mlcc/info?part_no=CGA5L1X7R1H106K160AC,1.9,,,,8.0,9.9,,,3499effa27ff141a0cebc4ac7929f0bec0777861d0c7ebfdd9b790beb7825343
left,other,C1713,100n 50V USB5 input HF,GRM188R71H104KA93D,Capacitor_SMD:C_0603_1608Metric,False,back,B.Cu,27.225,77.1,180.0,27.225,77.1,180.0,1.6,-1.6,verified_maximum,maximum,0.9,https://www.murata.com/-/media/webrenewal/tool/library/common-pdf/dynamic-model/component-list-d-mlcc-2506.ashx?cvid=20250805040419000000&la=ja-jp,-2.5,,0.3,-2.8,6.4,5.5,,5.2,3499effa27ff141a0cebc4ac7929f0bec0777861d0c7ebfdd9b790beb7825343
left,other,C1714,22u 25V USB5 output; TI characterized part,GRM32ER71E226KE15L,Capacitor_SMD:C_1210_3225Metric,False,front,F.Cu,40.0,83.5,90.0,40.0,83.5,90.0,1.6,0.0,verified_maximum,maximum,2.7,https://www.murata.com/en-global/api/pdfdownloadapi?cate=luCeramicCapacitorsSMD&partno=GRM32ER71E226KE15%23,2.7,,,,8.0,10.7,,,3499effa27ff141a0cebc4ac7929f0bec0777861d0c7ebfdd9b790beb7825343
left,other,C1715,22u 25V USB5 output; TI characterized part,GRM32ER71E226KE15L,Capacitor_SMD:C_1210_3225Metric,False,front,F.Cu,51.75,76.95,90.0,51.75,76.95,90.0,1.6,0.0,verified_maximum,maximum,2.7,https://www.murata.com/en-global/api/pdfdownloadapi?cate=luCeramicCapacitorsSMD&partno=GRM32ER71E226KE15%23,2.7,,,,8.0,10.7,,,3499effa27ff141a0cebc4ac7929f0bec0777861d0c7ebfdd9b790beb7825343
left,other,C1716,100n oscillator bypass,GRM188R71H104KA93D,Capacitor_SMD:C_0603_1608Metric,False,back,B.Cu,46.9,92.975,180.0,46.9,92.975,180.0,1.6,-1.6,verified_maximum,maximum,0.9,https://www.murata.com/-/media/webrenewal/tool/library/common-pdf/dynamic-model/component-list-d-mlcc-2506.ashx?cvid=20250805040419000000&la=ja-jp,-2.5,,0.3,-2.8,6.4,5.5,,5.2,3499effa27ff141a0cebc4ac7929f0bec0777861d0c7ebfdd9b790beb7825343
left,other,C1717,100n hub reset-gate bypass,GRM188R71H104KA93D,Capacitor_SMD:C_0603_1608Metric,False,back,B.Cu,49.7,99.375,270.0,49.7,99.375,270.0,1.6,-1.6,verified_maximum,maximum,0.9,https://www.murata.com/-/media/webrenewal/tool/library/common-pdf/dynamic-model/component-list-d-mlcc-2506.ashx?cvid=20250805040419000000&la=ja-jp,-2.5,,0.3,-2.8,6.4,5.5,,5.2,3499effa27ff141a0cebc4ac7929f0bec0777861d0c7ebfdd9b790beb7825343
left,other,C1722,100n USB 3.2 TX AC coupling,GRM155R71C104KA88D,Capacitor_SMD:C_0402_1005Metric,False,front,F.Cu,46.975,100.85,180.0,46.975,100.85,180.0,1.6,0.0,verified_maximum,maximum,0.55,https://www.murata.com/en-global/api/pdfdownloadapi?cate=luCeramicCapacitorsSMD&partno=GRM155R71C104KA88%23,0.55,,,,8.0,8.55,,,3499effa27ff141a0cebc4ac7929f0bec0777861d0c7ebfdd9b790beb7825343
left,other,C1723,100n USB 3.2 TX AC coupling,GRM155R71C104KA88D,Capacitor_SMD:C_0402_1005Metric,False,front,F.Cu,46.975,101.95,180.0,46.975,101.95,180.0,1.6,0.0,verified_maximum,maximum,0.55,https://www.murata.com/en-global/api/pdfdownloadapi?cate=luCeramicCapacitorsSMD&partno=GRM155R71C104KA88%23,0.55,,,,8.0,8.55,,,3499effa27ff141a0cebc4ac7929f0bec0777861d0c7ebfdd9b790beb7825343
left,other,C1724,100n USB 3.2 TX AC coupling,GRM155R71C104KA88D,Capacitor_SMD:C_0402_1005Metric,False,front,F.Cu,18.85,72.7,180.0,18.85,72.7,180.0,1.6,0.0,verified_maximum,maximum,0.55,https://www.murata.com/en-global/api/pdfdownloadapi?cate=luCeramicCapacitorsSMD&partno=GRM155R71C104KA88%23,0.55,,,,8.0,8.55,,,3499effa27ff141a0cebc4ac7929f0bec0777861d0c7ebfdd9b790beb7825343
left,other,C1725,100n USB 3.2 TX AC coupling,GRM155R71C104KA88D,Capacitor_SMD:C_0402_1005Metric,False,front,F.Cu,21.85,68.45,180.0,21.85,68.45,180.0,1.6,0.0,verified_maximum,maximum,0.55,https://www.murata.com/en-global/api/pdfdownloadapi?cate=luCeramicCapacitorsSMD&partno=GRM155R71C104KA88%23,0.55,,,,8.0,8.55,,,3499effa27ff141a0cebc4ac7929f0bec0777861d0c7ebfdd9b790beb7825343
left,other,C1728,100n USB 3.2 TX AC coupling,GRM155R71C104KA88D,Capacitor_SMD:C_0402_1005Metric,False,front,F.Cu,54.0,91.2,90.0,54.0,91.2,90.0,1.6,0.0,verified_maximum,maximum,0.55,https://www.murata.com/en-global/api/pdfdownloadapi?cate=luCeramicCapacitorsSMD&partno=GRM155R71C104KA88%23,0.55,,,,8.0,8.55,,,3499effa27ff141a0cebc4ac7929f0bec0777861d0c7ebfdd9b790beb7825343
left,other,C1729,100n USB 3.2 TX AC coupling,GRM155R71C104KA88D,Capacitor_SMD:C_0402_1005Metric,False,front,F.Cu,52.9,91.2,90.0,52.9,91.2,90.0,1.6,0.0,verified_maximum,maximum,0.55,https://www.murata.com/en-global/api/pdfdownloadapi?cate=luCeramicCapacitorsSMD&partno=GRM155R71C104KA88%23,0.55,,,,8.0,8.55,,,3499effa27ff141a0cebc4ac7929f0bec0777861d0c7ebfdd9b790beb7825343
left,other,C1740,100n branch input,GRM188R71H104KA93D,Capacitor_SMD:C_0603_1608Metric,False,front,F.Cu,13.0875,85.4375,180.0,13.0875,85.4375,180.0,1.6,0.0,verified_maximum,maximum,0.9,https://www.murata.com/-/media/webrenewal/tool/library/common-pdf/dynamic-model/component-list-d-mlcc-2506.ashx?cvid=20250805040419000000&la=ja-jp,0.9,,,,8.0,8.9,,,3499effa27ff141a0cebc4ac7929f0bec0777861d0c7ebfdd9b790beb7825343
left,other,C1741,100n TPS25810 IN HF,GRM188R71H104KA93D,Capacitor_SMD:C_0603_1608Metric,False,front,F.Cu,3.319998,54.84,90.0,3.319998,54.84,90.0,1.6,0.0,verified_maximum,maximum,0.9,https://www.murata.com/-/media/webrenewal/tool/library/common-pdf/dynamic-model/component-list-d-mlcc-2506.ashx?cvid=20250805040419000000&la=ja-jp,0.9,,,,8.0,8.9,,,3499effa27ff141a0cebc4ac7929f0bec0777861d0c7ebfdd9b790beb7825343
left,other,C1742,150u 10V TPS25810 input reservoir,T520D157M010ATE025,Capacitor_Tantalum_SMD:CP_EIA-7343-31_Kemet-D,False,front,F.Cu,10.3375,80.1625,180.0,10.3375,80.1625,180.0,1.6,0.0,unverified,,,,,,,,8.0,,,,3499effa27ff141a0cebc4ac7929f0bec0777861d0c7ebfdd9b790beb7825343
left,other,C1743,10u protected VBUS_SYS,GRM31CR71A106KA01L,Capacitor_SMD:C_1206_3216Metric,False,front,F.Cu,5.819998,61.64,0.0,5.819998,61.64,0.0,1.6,0.0,verified_maximum,maximum,1.8,https://search.murata.co.jp/Ceramy/image/img/A01X/G101/ENG/GRM31CR71A106KA01-01.pdf,1.8,,,,8.0,9.8,,,3499effa27ff141a0cebc4ac7929f0bec0777861d0c7ebfdd9b790beb7825343
left,other,C1744,100n TPS25810 AUX,GRM188R71H104KA93D,Capacitor_SMD:C_0603_1608Metric,False,front,F.Cu,1.819998,54.84,90.0,1.819998,54.84,90.0,1.6,0.0,verified_maximum,maximum,0.9,https://www.murata.com/-/media/webrenewal/tool/library/common-pdf/dynamic-model/component-list-d-mlcc-2506.ashx?cvid=20250805040419000000&la=ja-jp,0.9,,,,8.0,8.9,,,3499effa27ff141a0cebc4ac7929f0bec0777861d0c7ebfdd9b790beb7825343
left,other,C1745,100n mux VDD,GRM188R71H104KA93D,Capacitor_SMD:C_0603_1608Metric,False,front,F.Cu,15.829167,64.304167,0.0,15.829167,64.304167,0.0,1.6,0.0,verified_maximum,maximum,0.9,https://www.murata.com/-/media/webrenewal/tool/library/common-pdf/dynamic-model/component-list-d-mlcc-2506.ashx?cvid=20250805040419000000&la=ja-jp,0.9,,,,8.0,8.9,,,3499effa27ff141a0cebc4ac7929f0bec0777861d0c7ebfdd9b790beb7825343
left,other,C1746,100n mux VDD,GRM188R71H104KA93D,Capacitor_SMD:C_0603_1608Metric,False,front,F.Cu,18.579167,66.054167,90.0,18.579167,66.054167,90.0,1.6,0.0,verified_maximum,maximum,0.9,https://www.murata.com/-/media/webrenewal/tool/library/common-pdf/dynamic-model/component-list-d-mlcc-2506.ashx?cvid=20250805040419000000&la=ja-jp,0.9,,,,8.0,8.9,,,3499effa27ff141a0cebc4ac7929f0bec0777861d0c7ebfdd9b790beb7825343
left,other,C1747,100n mux VDD,GRM188R71H104KA93D,Capacitor_SMD:C_0603_1608Metric,False,front,F.Cu,19.329167,68.304167,0.0,19.329167,68.304167,0.0,1.6,0.0,verified_maximum,maximum,0.9,https://www.murata.com/-/media/webrenewal/tool/library/common-pdf/dynamic-model/component-list-d-mlcc-2506.ashx?cvid=20250805040419000000&la=ja-jp,0.9,,,,8.0,8.9,,,3499effa27ff141a0cebc4ac7929f0bec0777861d0c7ebfdd9b790beb7825343
left,other,C1748,1u mux local bulk,GRM188R71A105KA61D,Capacitor_SMD:C_0603_1608Metric,False,front,F.Cu,18.579167,70.554167,270.0,18.579167,70.554167,270.0,1.6,0.0,verified_maximum,maximum,0.9,https://www.murata.com/-/media/webrenewal/tool/library/common-pdf/static-model/component-list-s-mlcc-2506.ashx?cvid=20250805040438000000&la=ko-kr,0.9,,,,8.0,8.9,,,3499effa27ff141a0cebc4ac7929f0bec0777861d0c7ebfdd9b790beb7825343
left,other,C1749,10n mux HF,GRM155R71H103KA88D,Capacitor_SMD:C_0402_1005Metric,False,front,F.Cu,13.329167,64.554167,180.0,13.329167,64.554167,180.0,1.6,0.0,verified_maximum,maximum,0.55,https://www.murata.com/-/media/webrenewal/tool/library/common-pdf/dynamic-model/component-list-d-mlcc-2506.ashx?cvid=20250805040419000000&la=en-sg,0.55,,,,8.0,8.55,,,3499effa27ff141a0cebc4ac7929f0bec0777861d0c7ebfdd9b790beb7825343
left,other,C1750,1u 50V connector-side VBUS,GRM21BR71H105KA12L,Capacitor_SMD:C_0805_2012Metric,False,front,F.Cu,10.815,64.25,90.0,10.815,64.25,90.0,1.6,0.0,verified_maximum,maximum,1.35,https://search.murata.co.jp/Ceramy/image/img/A01X/G101/ENG/GRM21BR71H105KA12-01.pdf,1.35,,,,8.0,9.35,,,3499effa27ff141a0cebc4ac7929f0bec0777861d0c7ebfdd9b790beb7825343
left,other,C1751,1u TPD1S514 VBUS_POWER stability,GRM188R71A105KA61D,Capacitor_SMD:C_0603_1608Metric,False,front,F.Cu,21.25,85.5,180.0,21.25,85.5,180.0,1.6,0.0,verified_maximum,maximum,0.9,https://www.murata.com/-/media/webrenewal/tool/library/common-pdf/static-model/component-list-s-mlcc-2506.ashx?cvid=20250805040438000000&la=ko-kr,0.9,,,,8.0,8.9,,,3499effa27ff141a0cebc4ac7929f0bec0777861d0c7ebfdd9b790beb7825343
left,other,C1780,100n branch input,GRM188R71H104KA93D,Capacitor_SMD:C_0603_1608Metric,False,back,B.Cu,26.85,35.45,180.0,26.85,35.45,180.0,1.6,-1.6,verified_maximum,maximum,0.9,https://www.murata.com/-/media/webrenewal/tool/library/common-pdf/dynamic-model/component-list-d-mlcc-2506.ashx?cvid=20250805040419000000&la=ja-jp,-2.5,,0.3,-2.8,6.4,5.5,,5.2,3499effa27ff141a0cebc4ac7929f0bec0777861d0c7ebfdd9b790beb7825343
left,other,C1781,100n TPS25810 IN HF,GRM188R71H104KA93D,Capacitor_SMD:C_0603_1608Metric,False,back,B.Cu,21.9,33.975,90.0,21.9,33.975,90.0,1.6,-1.6,verified_maximum,maximum,0.9,https://www.murata.com/-/media/webrenewal/tool/library/common-pdf/dynamic-model/component-list-d-mlcc-2506.ashx?cvid=20250805040419000000&la=ja-jp,-2.5,,0.3,-2.8,6.4,5.5,,5.2,3499effa27ff141a0cebc4ac7929f0bec0777861d0c7ebfdd9b790beb7825343
left,other,C1782,150u 10V TPS25810 input reservoir,T520D157M010ATE025,Capacitor_Tantalum_SMD:CP_EIA-7343-31_Kemet-D,False,front,F.Cu,24.0,39.65,0.0,24.0,39.65,0.0,1.6,0.0,unverified,,,,,,,,8.0,,,,3499effa27ff141a0cebc4ac7929f0bec0777861d0c7ebfdd9b790beb7825343
left,other,C1783,10u protected VBUS_SYS,GRM31CR71A106KA01L,Capacitor_SMD:C_1206_3216Metric,False,back,B.Cu,17.625,34.75,180.0,17.625,34.75,180.0,1.6,-1.6,verified_maximum,maximum,1.8,https://search.murata.co.jp/Ceramy/image/img/A01X/G101/ENG/GRM31CR71A106KA01-01.pdf,-3.4,,0.3,-3.7,6.4,4.6,,4.3,3499effa27ff141a0cebc4ac7929f0bec0777861d0c7ebfdd9b790beb7825343
left,other,C1784,100n TPS25810 AUX,GRM188R71H104KA93D,Capacitor_SMD:C_0603_1608Metric,False,back,B.Cu,23.65,32.975,90.0,23.65,32.975,90.0,1.6,-1.6,verified_maximum,maximum,0.9,https://www.murata.com/-/media/webrenewal/tool/library/common-pdf/dynamic-model/component-list-d-mlcc-2506.ashx?cvid=20250805040419000000&la=ja-jp,-2.5,,0.3,-2.8,6.4,5.5,,5.2,3499effa27ff141a0cebc4ac7929f0bec0777861d0c7ebfdd9b790beb7825343
left,other,C1785,100n mux VDD,GRM188R71H104KA93D,Capacitor_SMD:C_0603_1608Metric,False,back,B.Cu,15.75,20.05,90.0,15.75,20.05,90.0,1.6,-1.6,verified_maximum,maximum,0.9,https://www.murata.com/-/media/webrenewal/tool/library/common-pdf/dynamic-model/component-list-d-mlcc-2506.ashx?cvid=20250805040419000000&la=ja-jp,-2.5,,0.3,-2.8,6.4,5.5,,5.2,3499effa27ff141a0cebc4ac7929f0bec0777861d0c7ebfdd9b790beb7825343
left,other,C1786,100n mux VDD,GRM188R71H104KA93D,Capacitor_SMD:C_0603_1608Metric,False,back,B.Cu,18.7,23.5,0.0,18.7,23.5,0.0,1.6,-1.6,verified_maximum,maximum,0.9,https://www.murata.com/-/media/webrenewal/tool/library/common-pdf/dynamic-model/component-list-d-mlcc-2506.ashx?cvid=20250805040419000000&la=ja-jp,-2.5,,0.3,-2.8,6.4,5.5,,5.2,3499effa27ff141a0cebc4ac7929f0bec0777861d0c7ebfdd9b790beb7825343
left,other,C1787,100n mux VDD,GRM188R71H104KA93D,Capacitor_SMD:C_0603_1608Metric,False,back,B.Cu,13.3,25.5,180.0,13.3,25.5,180.0,1.6,-1.6,verified_maximum,maximum,0.9,https://www.murata.com/-/media/webrenewal/tool/library/common-pdf/dynamic-model/component-list-d-mlcc-2506.ashx?cvid=20250805040419000000&la=ja-jp,-2.5,,0.3,-2.8,6.4,5.5,,5.2,3499effa27ff141a0cebc4ac7929f0bec0777861d0c7ebfdd9b790beb7825343
left,other,C1788,1u mux local bulk,GRM188R71A105KA61D,Capacitor_SMD:C_0603_1608Metric,False,back,B.Cu,13.225,21.05,180.0,13.225,21.05,180.0,1.6,-1.6,verified_maximum,maximum,0.9,https://www.murata.com/-/media/webrenewal/tool/library/common-pdf/static-model/component-list-s-mlcc-2506.ashx?cvid=20250805040438000000&la=ko-kr,-2.5,,0.3,-2.8,6.4,5.5,,5.2,3499effa27ff141a0cebc4ac7929f0bec0777861d0c7ebfdd9b790beb7825343
left,other,C1789,10n mux HF,GRM155R71H103KA88D,Capacitor_SMD:C_0402_1005Metric,False,back,B.Cu,17.7,21.775,90.0,17.7,21.775,90.0,1.6,-1.6,verified_maximum,maximum,0.55,https://www.murata.com/-/media/webrenewal/tool/library/common-pdf/dynamic-model/component-list-d-mlcc-2506.ashx?cvid=20250805040419000000&la=en-sg,-2.15,,0.3,-2.45,6.4,5.85,,5.55,3499effa27ff141a0cebc4ac7929f0bec0777861d0c7ebfdd9b790beb7825343
left,other,C1790,1u 50V connector-side VBUS,GRM21BR71H105KA12L,Capacitor_SMD:C_0805_2012Metric,False,back,B.Cu,9.8,32.0,180.0,9.8,32.0,180.0,1.6,-1.6,verified_maximum,maximum,1.35,https://search.murata.co.jp/Ceramy/image/img/A01X/G101/ENG/GRM21BR71H105KA12-01.pdf,-2.95,,0.3,-3.25,6.4,5.05,,4.75,3499effa27ff141a0cebc4ac7929f0bec0777861d0c7ebfdd9b790beb7825343
left,other,C1791,1u TPD1S514 VBUS_POWER stability,GRM188R71A105KA61D,Capacitor_SMD:C_0603_1608Metric,False,back,B.Cu,12.5,31.225,90.0,12.5,31.225,90.0,1.6,-1.6,verified_maximum,maximum,0.9,https://www.murata.com/-/media/webrenewal/tool/library/common-pdf/static-model/component-list-s-mlcc-2506.ashx?cvid=20250805040438000000&la=ko-kr,-2.5,,0.3,-2.8,6.4,5.5,,5.2,3499effa27ff141a0cebc4ac7929f0bec0777861d0c7ebfdd9b790beb7825343
left,other,C1810,100n USB7206C VDD33 local,GRM188R71H104KA93D,Capacitor_SMD:C_0603_1608Metric,False,back,B.Cu,49.225,105.85,180.0,49.225,105.85,180.0,1.6,-1.6,verified_maximum,maximum,0.9,https://www.murata.com/-/media/webrenewal/tool/library/common-pdf/dynamic-model/component-list-d-mlcc-2506.ashx?cvid=20250805040419000000&la=ja-jp,-2.5,,0.3,-2.8,6.4,5.5,,5.2,3499effa27ff141a0cebc4ac7929f0bec0777861d0c7ebfdd9b790beb7825343
left,other,C1811,100n USB7206C VDD33 local,GRM188R71H104KA93D,Capacitor_SMD:C_0603_1608Metric,False,back,B.Cu,56.025,105.85,180.0,56.025,105.85,180.0,1.6,-1.6,verified_maximum,maximum,0.9,https://www.murata.com/-/media/webrenewal/tool/library/common-pdf/dynamic-model/component-list-d-mlcc-2506.ashx?cvid=20250805040419000000&la=ja-jp,-2.5,,0.3,-2.8,6.4,5.5,,5.2,3499effa27ff141a0cebc4ac7929f0bec0777861d0c7ebfdd9b790beb7825343
left,other,C1812,100n USB7206C VDD33 local,GRM188R71H104KA93D,Capacitor_SMD:C_0603_1608Metric,False,back,B.Cu,60.65,103.225,90.0,60.65,103.225,90.0,1.6,-1.6,verified_maximum,maximum,0.9,https://www.murata.com/-/media/webrenewal/tool/library/common-pdf/dynamic-model/component-list-d-mlcc-2506.ashx?cvid=20250805040419000000&la=ja-jp,-2.5,,0.3,-2.8,6.4,5.5,,5.2,3499effa27ff141a0cebc4ac7929f0bec0777861d0c7ebfdd9b790beb7825343
left,other,C1813,100n USB7206C VDD33 local,GRM188R71H104KA93D,Capacitor_SMD:C_0603_1608Metric,False,back,B.Cu,60.65,99.625,90.0,60.65,99.625,90.0,1.6,-1.6,verified_maximum,maximum,0.9,https://www.murata.com/-/media/webrenewal/tool/library/common-pdf/dynamic-model/component-list-d-mlcc-2506.ashx?cvid=20250805040419000000&la=ja-jp,-2.5,,0.3,-2.8,6.4,5.5,,5.2,3499effa27ff141a0cebc4ac7929f0bec0777861d0c7ebfdd9b790beb7825343
left,other,C1814,100n USB7206C VDD33 local,GRM188R71H104KA93D,Capacitor_SMD:C_0603_1608Metric,False,back,B.Cu,60.65,96.375,90.0,60.65,96.375,90.0,1.6,-1.6,verified_maximum,maximum,0.9,https://www.murata.com/-/media/webrenewal/tool/library/common-pdf/dynamic-model/component-list-d-mlcc-2506.ashx?cvid=20250805040419000000&la=ja-jp,-2.5,,0.3,-2.8,6.4,5.5,,5.2,3499effa27ff141a0cebc4ac7929f0bec0777861d0c7ebfdd9b790beb7825343
left,other,C1815,100n USB7206C VDD33 local,GRM188R71H104KA93D,Capacitor_SMD:C_0603_1608Metric,False,back,B.Cu,57.625,94.15,180.0,57.625,94.15,180.0,1.6,-1.6,verified_maximum,maximum,0.9,https://www.murata.com/-/media/webrenewal/tool/library/common-pdf/dynamic-model/component-list-d-mlcc-2506.ashx?cvid=20250805040419000000&la=ja-jp,-2.5,,0.3,-2.8,6.4,5.5,,5.2,3499effa27ff141a0cebc4ac7929f0bec0777861d0c7ebfdd9b790beb7825343
left,other,C1816,100n USB7206C VDD33 local,GRM188R71H104KA93D,Capacitor_SMD:C_0603_1608Metric,False,back,B.Cu,54.8,93.4,90.0,54.8,93.4,90.0,1.6,-1.6,verified_maximum,maximum,0.9,https://www.murata.com/-/media/webrenewal/tool/library/common-pdf/dynamic-model/component-list-d-mlcc-2506.ashx?cvid=20250805040419000000&la=ja-jp,-2.5,,0.3,-2.8,6.4,5.5,,5.2,3499effa27ff141a0cebc4ac7929f0bec0777861d0c7ebfdd9b790beb7825343
left,other,C1817,100n USB7206C VDD33 local,GRM188R71H104KA93D,Capacitor_SMD:C_0603_1608Metric,False,front,F.Cu,49.5,91.7,90.0,49.5,91.7,90.0,1.6,0.0,verified_maximum,maximum,0.9,https://www.murata.com/-/media/webrenewal/tool/library/common-pdf/dynamic-model/component-list-d-mlcc-2506.ashx?cvid=20250805040419000000&la=ja-jp,0.9,,,,8.0,8.9,,,3499effa27ff141a0cebc4ac7929f0bec0777861d0c7ebfdd9b790beb7825343
left,other,C1820,100n USB7206C VCORE local,GRM188R71H104KA93D,Capacitor_SMD:C_0603_1608Metric,False,front,F.Cu,47.15,95.5,90.0,47.15,95.5,90.0,1.6,0.0,verified_maximum,maximum,0.9,https://www.murata.com/-/media/webrenewal/tool/library/common-pdf/dynamic-model/component-list-d-mlcc-2506.ashx?cvid=20250805040419000000&la=ja-jp,0.9,,,,8.0,8.9,,,3499effa27ff141a0cebc4ac7929f0bec0777861d0c7ebfdd9b790beb7825343
left,other,C1821,100n USB7206C VCORE local,GRM188R71H104KA93D,Capacitor_SMD:C_0603_1608Metric,False,back,B.Cu,48.2,102.0,180.0,48.2,102.0,180.0,1.6,-1.6,verified_maximum,maximum,0.9,https://www.murata.com/-/media/webrenewal/tool/library/common-pdf/dynamic-model/component-list-d-mlcc-2506.ashx?cvid=20250805040419000000&la=ja-jp,-2.5,,0.3,-2.8,6.4,5.5,,5.2,3499effa27ff141a0cebc4ac7929f0bec0777861d0c7ebfdd9b790beb7825343
left,other,C1822,100n USB7206C VCORE local,GRM188R71H104KA93D,Capacitor_SMD:C_0603_1608Metric,False,back,B.Cu,48.2,104.3,180.0,48.2,104.3,180.0,1.6,-1.6,verified_maximum,maximum,0.9,https://www.murata.com/-/media/webrenewal/tool/library/common-pdf/dynamic-model/component-list-d-mlcc-2506.ashx?cvid=20250805040419000000&la=ja-jp,-2.5,,0.3,-2.8,6.4,5.5,,5.2,3499effa27ff141a0cebc4ac7929f0bec0777861d0c7ebfdd9b790beb7825343
left,other,C1823,100n USB7206C VCORE local,GRM188R71H104KA93D,Capacitor_SMD:C_0603_1608Metric,False,back,B.Cu,52.0,106.6,270.0,52.0,106.6,270.0,1.6,-1.6,verified_maximum,maximum,0.9,https://www.murata.com/-/media/webrenewal/tool/library/common-pdf/dynamic-model/component-list-d-mlcc-2506.ashx?cvid=20250805040419000000&la=ja-jp,-2.5,,0.3,-2.8,6.4,5.5,,5.2,3499effa27ff141a0cebc4ac7929f0bec0777861d0c7ebfdd9b790beb7825343
left,other,C1824,100n USB7206C VCORE local,GRM188R71H104KA93D,Capacitor_SMD:C_0603_1608Metric,False,back,B.Cu,53.55,106.6,270.0,53.55,106.6,270.0,1.6,-1.6,verified_maximum,maximum,0.9,https://www.murata.com/-/media/webrenewal/tool/library/common-pdf/dynamic-model/component-list-d-mlcc-2506.ashx?cvid=20250805040419000000&la=ja-jp,-2.5,,0.3,-2.8,6.4,5.5,,5.2,3499effa27ff141a0cebc4ac7929f0bec0777861d0c7ebfdd9b790beb7825343
left,other,C1825,100n USB7206C VCORE local,GRM188R71H104KA93D,Capacitor_SMD:C_0603_1608Metric,False,back,B.Cu,62.4,102.425,90.0,62.4,102.425,90.0,1.6,-1.6,verified_maximum,maximum,0.9,https://www.murata.com/-/media/webrenewal/tool/library/common-pdf/dynamic-model/component-list-d-mlcc-2506.ashx?cvid=20250805040419000000&la=ja-jp,-2.5,,0.3,-2.8,6.4,5.5,,5.2,3499effa27ff141a0cebc4ac7929f0bec0777861d0c7ebfdd9b790beb7825343
left,other,C1826,100n USB7206C VCORE local,GRM188R71H104KA93D,Capacitor_SMD:C_0603_1608Metric,False,back,B.Cu,60.05,93.15,90.0,60.05,93.15,90.0,1.6,-1.6,verified_maximum,maximum,0.9,https://www.murata.com/-/media/webrenewal/tool/library/common-pdf/dynamic-model/component-list-d-mlcc-2506.ashx?cvid=20250805040419000000&la=ja-jp,-2.5,,0.3,-2.8,6.4,5.5,,5.2,3499effa27ff141a0cebc4ac7929f0bec0777861d0c7ebfdd9b790beb7825343
left,other,C1827,100n USB7206C VCORE local,GRM188R71H104KA93D,Capacitor_SMD:C_0603_1608Metric,False,back,B.Cu,56.5,91.65,90.0,56.5,91.65,90.0,1.6,-1.6,verified_maximum,maximum,0.9,https://www.murata.com/-/media/webrenewal/tool/library/common-pdf/dynamic-model/component-list-d-mlcc-2506.ashx?cvid=20250805040419000000&la=ja-jp,-2.5,,0.3,-2.8,6.4,5.5,,5.2,3499effa27ff141a0cebc4ac7929f0bec0777861d0c7ebfdd9b790beb7825343
left,other,C1828,100n USB7206C VCORE local,GRM188R71H104KA93D,Capacitor_SMD:C_0603_1608Metric,False,back,B.Cu,52.8,92.15,90.0,52.8,92.15,90.0,1.6,-1.6,verified_maximum,maximum,0.9,https://www.murata.com/-/media/webrenewal/tool/library/common-pdf/dynamic-model/component-list-d-mlcc-2506.ashx?cvid=20250805040419000000&la=ja-jp,-2.5,,0.3,-2.8,6.4,5.5,,5.2,3499effa27ff141a0cebc4ac7929f0bec0777861d0c7ebfdd9b790beb7825343
left,other,C1830,1n USB7206C VDD33 HF,GRM155R71H102KA01D,Capacitor_SMD:C_0402_1005Metric,False,front,F.Cu,48.525,106.85,180.0,48.525,106.85,180.0,1.6,0.0,verified_maximum,maximum,0.55,https://www.murata.com/en-sg/products/productdetail?partno=GRM155R71H102KA01D,0.55,,,,8.0,8.55,,,3499effa27ff141a0cebc4ac7929f0bec0777861d0c7ebfdd9b790beb7825343
left,other,C1831,1n USB7206C VDD33 HF,GRM155R71H102KA01D,Capacitor_SMD:C_0402_1005Metric,False,front,F.Cu,56.325,107.35,180.0,56.325,107.35,180.0,1.6,0.0,verified_maximum,maximum,0.55,https://www.murata.com/en-sg/products/productdetail?partno=GRM155R71H102KA01D,0.55,,,,8.0,8.55,,,3499effa27ff141a0cebc4ac7929f0bec0777861d0c7ebfdd9b790beb7825343
left,other,C1832,1n USB7206C VDD33 HF,GRM155R71H102KA01D,Capacitor_SMD:C_0402_1005Metric,False,front,F.Cu,62.15,103.525,90.0,62.15,103.525,90.0,1.6,0.0,verified_maximum,maximum,0.55,https://www.murata.com/en-sg/products/productdetail?partno=GRM155R71H102KA01D,0.55,,,,8.0,8.55,,,3499effa27ff141a0cebc4ac7929f0bec0777861d0c7ebfdd9b790beb7825343
left,other,C1833,1n USB7206C VDD33 HF,GRM155R71H102KA01D,Capacitor_SMD:C_0402_1005Metric,False,front,F.Cu,62.15,99.925,90.0,62.15,99.925,90.0,1.6,0.0,verified_maximum,maximum,0.55,https://www.murata.com/en-sg/products/productdetail?partno=GRM155R71H102KA01D,0.55,,,,8.0,8.55,,,3499effa27ff141a0cebc4ac7929f0bec0777861d0c7ebfdd9b790beb7825343
left,other,C1834,1n USB7206C VDD33 HF,GRM155R71H102KA01D,Capacitor_SMD:C_0402_1005Metric,False,front,F.Cu,62.15,97.925,90.0,62.15,97.925,90.0,1.6,0.0,verified_maximum,maximum,0.55,https://www.murata.com/en-sg/products/productdetail?partno=GRM155R71H102KA01D,0.55,,,,8.0,8.55,,,3499effa27ff141a0cebc4ac7929f0bec0777861d0c7ebfdd9b790beb7825343
left,other,C1835,1n USB7206C VDD33 HF,GRM155R71H102KA01D,Capacitor_SMD:C_0402_1005Metric,False,front,F.Cu,57.925,92.65,180.0,57.925,92.65,180.0,1.6,0.0,verified_maximum,maximum,0.55,https://www.murata.com/en-sg/products/productdetail?partno=GRM155R71H102KA01D,0.55,,,,8.0,8.55,,,3499effa27ff141a0cebc4ac7929f0bec0777861d0c7ebfdd9b790beb7825343
left,other,C1836,1n USB7206C VDD33 HF,GRM155R71H102KA01D,Capacitor_SMD:C_0402_1005Metric,False,front,F.Cu,54.8,92.65,0.0,54.8,92.65,0.0,1.6,0.0,verified_maximum,maximum,0.55,https://www.murata.com/en-sg/products/productdetail?partno=GRM155R71H102KA01D,0.55,,,,8.0,8.55,,,3499effa27ff141a0cebc4ac7929f0bec0777861d0c7ebfdd9b790beb7825343
left,other,C1837,1n USB7206C VDD33 HF,GRM155R71H102KA01D,Capacitor_SMD:C_0402_1005Metric,False,front,F.Cu,51.25,92.35,90.0,51.25,92.35,90.0,1.6,0.0,verified_maximum,maximum,0.55,https://www.murata.com/en-sg/products/productdetail?partno=GRM155R71H102KA01D,0.55,,,,8.0,8.55,,,3499effa27ff141a0cebc4ac7929f0bec0777861d0c7ebfdd9b790beb7825343
left,other,C1840,1n USB7206C VCORE HF,GRM155R71H102KA01D,Capacitor_SMD:C_0402_1005Metric,False,back,B.Cu,48.2,98.875,270.0,48.2,98.875,270.0,1.6,-1.6,verified_maximum,maximum,0.55,https://www.murata.com/en-sg/products/productdetail?partno=GRM155R71H102KA01D,-2.15,,0.3,-2.45,6.4,5.85,,5.55,3499effa27ff141a0cebc4ac7929f0bec0777861d0c7ebfdd9b790beb7825343
left,other,C1841,1n USB7206C VCORE HF,GRM155R71H102KA01D,Capacitor_SMD:C_0402_1005Metric,False,front,F.Cu,47.35,103.9,270.0,47.35,103.9,270.0,1.6,0.0,verified_maximum,maximum,0.55,https://www.murata.com/en-sg/products/productdetail?partno=GRM155R71H102KA01D,0.55,,,,8.0,8.55,,,3499effa27ff141a0cebc4ac7929f0bec0777861d0c7ebfdd9b790beb7825343
left,other,C1842,1n USB7206C VCORE HF,GRM155R71H102KA01D,Capacitor_SMD:C_0402_1005Metric,False,front,F.Cu,47.475,105.8,180.0,47.475,105.8,180.0,1.6,0.0,verified_maximum,maximum,0.55,https://www.murata.com/en-sg/products/productdetail?partno=GRM155R71H102KA01D,0.55,,,,8.0,8.55,,,3499effa27ff141a0cebc4ac7929f0bec0777861d0c7ebfdd9b790beb7825343
left,other,C1843,1n USB7206C VCORE HF,GRM155R71H102KA01D,Capacitor_SMD:C_0402_1005Metric,False,front,F.Cu,51.525,107.35,180.0,51.525,107.35,180.0,1.6,0.0,verified_maximum,maximum,0.55,https://www.murata.com/en-sg/products/productdetail?partno=GRM155R71H102KA01D,0.55,,,,8.0,8.55,,,3499effa27ff141a0cebc4ac7929f0bec0777861d0c7ebfdd9b790beb7825343
left,other,C1844,1n USB7206C VCORE HF,GRM155R71H102KA01D,Capacitor_SMD:C_0402_1005Metric,False,front,F.Cu,54.325,107.35,180.0,54.325,107.35,180.0,1.6,0.0,verified_maximum,maximum,0.55,https://www.murata.com/en-sg/products/productdetail?partno=GRM155R71H102KA01D,0.55,,,,8.0,8.55,,,3499effa27ff141a0cebc4ac7929f0bec0777861d0c7ebfdd9b790beb7825343
left,other,C1845,1n USB7206C VCORE HF,GRM155R71H102KA01D,Capacitor_SMD:C_0402_1005Metric,False,front,F.Cu,62.625,101.95,0.0,62.625,101.95,0.0,1.6,0.0,verified_maximum,maximum,0.55,https://www.murata.com/en-sg/products/productdetail?partno=GRM155R71H102KA01D,0.55,,,,8.0,8.55,,,3499effa27ff141a0cebc4ac7929f0bec0777861d0c7ebfdd9b790beb7825343
left,other,C1846,1n USB7206C VCORE HF,GRM155R71H102KA01D,Capacitor_SMD:C_0402_1005Metric,False,front,F.Cu,59.55,92.175,90.0,59.55,92.175,90.0,1.6,0.0,verified_maximum,maximum,0.55,https://www.murata.com/en-sg/products/productdetail?partno=GRM155R71H102KA01D,0.55,,,,8.0,8.55,,,3499effa27ff141a0cebc4ac7929f0bec0777861d0c7ebfdd9b790beb7825343
left,other,C1847,1n USB7206C VCORE HF,GRM155R71H102KA01D,Capacitor_SMD:C_0402_1005Metric,False,front,F.Cu,56.475,92.2,90.0,56.475,92.2,90.0,1.6,0.0,verified_maximum,maximum,0.55,https://www.murata.com/en-sg/products/productdetail?partno=GRM155R71H102KA01D,0.55,,,,8.0,8.55,,,3499effa27ff141a0cebc4ac7929f0bec0777861d0c7ebfdd9b790beb7825343
left,other,C1848,1n USB7206C VCORE HF,GRM155R71H102KA01D,Capacitor_SMD:C_0402_1005Metric,False,front,F.Cu,52.9,92.65,0.0,52.9,92.65,0.0,1.6,0.0,verified_maximum,maximum,0.55,https://www.murata.com/en-sg/products/productdetail?partno=GRM155R71H102KA01D,0.55,,,,8.0,8.55,,,3499effa27ff141a0cebc4ac7929f0bec0777861d0c7ebfdd9b790beb7825343
left,other,C1849,10u USB7206C VDD33 bulk,GRM21BR71A106KE51L,Capacitor_SMD:C_0805_2012Metric,False,back,B.Cu,49.05,107.85,180.0,49.05,107.85,180.0,1.6,-1.6,verified_maximum,maximum,1.4,https://search.murata.co.jp/Ceramy/image/img/A01X/G101/ENG/GRM21BR71A106KE51-01.pdf,-3.0,,0.3,-3.3,6.4,5.0,,4.7,3499effa27ff141a0cebc4ac7929f0bec0777861d0c7ebfdd9b790beb7825343
left,other,C1850,10u 10V USB3-A VBUS bulk,GRM21BR71A106KA73L,Capacitor_SMD:C_0805_2012Metric,False,front,F.Cu,9.9,106.1,0.0,9.9,106.1,0.0,1.6,0.0,unverified,,,,,,,,8.0,,,,3499effa27ff141a0cebc4ac7929f0bec0777861d0c7ebfdd9b790beb7825343
left,other,C1851,100n USB3-A VBUS HF,GRM188R71H104KA93D,Capacitor_SMD:C_0603_1608Metric,False,front,F.Cu,16.0375,109.8125,90.0,16.0375,109.8125,90.0,1.6,0.0,verified_maximum,maximum,0.9,https://www.murata.com/-/media/webrenewal/tool/library/common-pdf/dynamic-model/component-list-d-mlcc-2506.ashx?cvid=20250805040419000000&la=ja-jp,0.9,,,,8.0,8.9,,,3499effa27ff141a0cebc4ac7929f0bec0777861d0c7ebfdd9b790beb7825343
left,other,C1852,100n 16V X7R USB3-A SSTX+ series AC,GRM155R71C104KA88D,Capacitor_SMD:C_0402_1005Metric,False,front,F.Cu,13.15,112.4,180.0,13.15,112.4,180.0,1.6,0.0,verified_maximum,maximum,0.55,https://www.murata.com/en-global/api/pdfdownloadapi?cate=luCeramicCapacitorsSMD&partno=GRM155R71C104KA88%23,0.55,,,,8.0,8.55,,,3499effa27ff141a0cebc4ac7929f0bec0777861d0c7ebfdd9b790beb7825343
left,other,C1853,100n 16V X7R USB3-A SSTX- series AC,GRM155R71C104KA88D,Capacitor_SMD:C_0402_1005Metric,False,front,F.Cu,13.12,113.35,180.0,13.12,113.35,180.0,1.6,0.0,verified_maximum,maximum,0.55,https://www.murata.com/en-global/api/pdfdownloadapi?cate=luCeramicCapacitorsSMD&partno=GRM155R71C104KA88%23,0.55,,,,8.0,8.55,,,3499effa27ff141a0cebc4ac7929f0bec0777861d0c7ebfdd9b790beb7825343
left,other,C1854,10u 10V USB2-A VBUS bulk,GRM21BR71A106KA73L,Capacitor_SMD:C_0805_2012Metric,False,front,F.Cu,17.65,135.075,180.0,17.65,135.075,180.0,1.6,0.0,unverified,,,,,,,,8.0,,,,3499effa27ff141a0cebc4ac7929f0bec0777861d0c7ebfdd9b790beb7825343
left,other,C1855,100n USB2-A VBUS HF,GRM188R71H104KA93D,Capacitor_SMD:C_0603_1608Metric,False,front,F.Cu,12.275,129.25,180.0,12.275,129.25,180.0,1.6,0.0,verified_maximum,maximum,0.9,https://www.murata.com/-/media/webrenewal/tool/library/common-pdf/dynamic-model/component-list-d-mlcc-2506.ashx?cvid=20250805040419000000&la=ja-jp,0.9,,,,8.0,8.9,,,3499effa27ff141a0cebc4ac7929f0bec0777861d0c7ebfdd9b790beb7825343
left,other,C1860,22u 25V USB5 VCC; effective minimum 4.7u,GRM32ER71E226KE15L,Capacitor_SMD:C_1210_3225Metric,False,front,F.Cu,35.0,82.7,0.0,35.0,82.7,0.0,1.6,0.0,verified_maximum,maximum,2.7,https://www.murata.com/en-global/api/pdfdownloadapi?cate=luCeramicCapacitorsSMD&partno=GRM32ER71E226KE15%23,2.7,,,,8.0,10.7,,,3499effa27ff141a0cebc4ac7929f0bec0777861d0c7ebfdd9b790beb7825343
left,other,C1861,100n 50V USB5 VDDA,GRM188R71H104KA93D,Capacitor_SMD:C_0603_1608Metric,False,back,B.Cu,31.125,81.25,180.0,31.125,81.25,180.0,1.6,-1.6,verified_maximum,maximum,0.9,https://www.murata.com/-/media/webrenewal/tool/library/common-pdf/dynamic-model/component-list-d-mlcc-2506.ashx?cvid=20250805040419000000&la=ja-jp,-2.5,,0.3,-2.8,6.4,5.5,,5.2,3499effa27ff141a0cebc4ac7929f0bec0777861d0c7ebfdd9b790beb7825343
left,other,C1862,220n 50V X7R USB5 COMP,C0603C224K5RACTU,Capacitor_SMD:C_0603_1608Metric,False,back,B.Cu,31.5,86.825,270.0,31.5,86.825,270.0,1.6,-1.6,verified_maximum,maximum,0.95,https://search.kemet.com/download/specsheet/C0603C224K5RACTU,-2.55,,0.3,-2.85,6.4,5.45,,5.15,3499effa27ff141a0cebc4ac7929f0bec0777861d0c7ebfdd9b790beb7825343
left,other,C1863,2.2n 50V C0G USB5 COMP HF,C0603C222J5GACTU,Capacitor_SMD:C_0603_1608Metric,False,back,B.Cu,27.975,81.15,180.0,27.975,81.15,180.0,1.6,-1.6,verified_maximum,maximum,0.87,https://static.chipdip.ru/lib/165/DOC028165738.pdf,-2.47,,0.3,-2.77,6.4,5.53,,5.23,3499effa27ff141a0cebc4ac7929f0bec0777861d0c7ebfdd9b790beb7825343
left,other,C1864,330u 10V USB5 local reservoir; 4.3mm max height,T520X337M010ATE010,Capacitor_Tantalum_SMD:CP_EIA-7343-43_Kemet-X,False,front,F.Cu,50.0,84.0,90.0,50.0,84.0,90.0,1.6,0.0,unverified,,,,,,,,8.0,,,,3499effa27ff141a0cebc4ac7929f0bec0777861d0c7ebfdd9b790beb7825343
left,other,C1865,330u 10V USB5 local reservoir; 4.3mm max height,T520X337M010ATE010,Capacitor_Tantalum_SMD:CP_EIA-7343-43_Kemet-X,False,front,F.Cu,56.0,84.0,90.0,56.0,84.0,90.0,1.6,0.0,unverified,,,,,,,,8.0,,,,3499effa27ff141a0cebc4ac7929f0bec0777861d0c7ebfdd9b790beb7825343
left,other,C1866,DNP 68u 25V input damping option,T521V686M025ATE050,Capacitor_Tantalum_SMD:CP_EIA-7343-20_Kemet-V,True,front,F.Cu,27.033333,71.75,90.0,27.033333,71.75,90.0,1.6,0.0,unverified,,,,,,,,8.0,,,,3499effa27ff141a0cebc4ac7929f0bec0777861d0c7ebfdd9b790beb7825343
left,other,C1867,100n 50V USB5 input HF,GRM188R71H104KA93D,Capacitor_SMD:C_0603_1608Metric,False,front,F.Cu,23.9,78.25,180.0,23.9,78.25,180.0,1.6,0.0,verified_maximum,maximum,0.9,https://www.murata.com/-/media/webrenewal/tool/library/common-pdf/dynamic-model/component-list-d-mlcc-2506.ashx?cvid=20250805040419000000&la=ja-jp,0.9,,,,8.0,8.9,,,3499effa27ff141a0cebc4ac7929f0bec0777861d0c7ebfdd9b790beb7825343
left,other,C1868,22u 25V USB5 output; TI characterized part,GRM32ER71E226KE15L,Capacitor_SMD:C_1210_3225Metric,False,front,F.Cu,43.0,89.5,270.0,43.0,89.5,270.0,1.6,0.0,verified_maximum,maximum,2.7,https://www.murata.com/en-global/api/pdfdownloadapi?cate=luCeramicCapacitorsSMD&partno=GRM32ER71E226KE15%23,2.7,,,,8.0,10.7,,,3499effa27ff141a0cebc4ac7929f0bec0777861d0c7ebfdd9b790beb7825343
left,other,C1869,22u 25V USB5 output; TI characterized part,GRM32ER71E226KE15L,Capacitor_SMD:C_1210_3225Metric,False,front,F.Cu,46.25,90.75,270.0,46.25,90.75,270.0,1.6,0.0,verified_maximum,maximum,2.7,https://www.murata.com/en-global/api/pdfdownloadapi?cate=luCeramicCapacitorsSMD&partno=GRM32ER71E226KE15%23,2.7,,,,8.0,10.7,,,3499effa27ff141a0cebc4ac7929f0bec0777861d0c7ebfdd9b790beb7825343
left,other,C2000,100n 100V TPD4S201 VBIAS,GRM21BR72A104KA01L,Capacitor_SMD:C_0805_2012Metric,False,front,F.Cu,13.05,44.55,90.0,13.05,44.55,90.0,1.6,0.0,unverified,,,,,,,,8.0,,,,3499effa27ff141a0cebc4ac7929f0bec0777861d0c7ebfdd9b790beb7825343
left,other,C2001,820n 10V TPD4S201 VPWR,GRM21BR71A824KA01L,Capacitor_SMD:C_0805_2012Metric,False,front,F.Cu,11.0,44.55,90.0,11.0,44.55,90.0,1.6,0.0,unverified,,,,,,,,8.0,,,,3499effa27ff141a0cebc4ac7929f0bec0777861d0c7ebfdd9b790beb7825343
left,other,C2002,100n EEPROM local,GRM188R71H104KA93D,Capacitor_SMD:C_0603_1608Metric,False,front,F.Cu,57.975,29.845,90.0,57.975,29.845,90.0,1.6,0.0,verified_maximum,maximum,0.9,https://www.murata.com/-/media/webrenewal/tool/library/common-pdf/dynamic-model/component-list-d-mlcc-2506.ashx?cvid=20250805040419000000&la=ja-jp,0.9,,,,8.0,8.9,,,3499effa27ff141a0cebc4ac7929f0bec0777861d0c7ebfdd9b790beb7825343
left,other,C2003,100n mux-control buffer local,GRM188R71H104KA93D,Capacitor_SMD:C_0603_1608Metric,False,front,F.Cu,17.125,43.4,180.0,17.125,43.4,180.0,1.6,0.0,verified_maximum,maximum,0.9,https://www.murata.com/-/media/webrenewal/tool/library/common-pdf/dynamic-model/component-list-d-mlcc-2506.ashx?cvid=20250805040419000000&la=ja-jp,0.9,,,,8.0,8.9,,,3499effa27ff141a0cebc4ac7929f0bec0777861d0c7ebfdd9b790beb7825343
left,other,C2004,10u TUSB1142 local,GRM31CR71A106KA01L,Capacitor_SMD:C_1206_3216Metric,False,back,B.Cu,19.95,43.325,90.0,19.95,43.325,90.0,1.6,-1.6,verified_maximum,maximum,1.8,https://search.murata.co.jp/Ceramy/image/img/A01X/G101/ENG/GRM31CR71A106KA01-01.pdf,-3.4,,0.3,-3.7,6.4,4.6,,4.3,3499effa27ff141a0cebc4ac7929f0bec0777861d0c7ebfdd9b790beb7825343
left,other,C2005,100n TUSB1142 VCC local,GRM188R71H104KA93D,Capacitor_SMD:C_0603_1608Metric,False,back,B.Cu,14.325,51.45,180.0,14.325,51.45,180.0,1.6,-1.6,verified_maximum,maximum,0.9,https://www.murata.com/-/media/webrenewal/tool/library/common-pdf/dynamic-model/component-list-d-mlcc-2506.ashx?cvid=20250805040419000000&la=ja-jp,-2.5,,0.3,-2.8,6.4,5.5,,5.2,3499effa27ff141a0cebc4ac7929f0bec0777861d0c7ebfdd9b790beb7825343
left,other,C2006,100n TUSB1142 VCC local,GRM188R71H104KA93D,Capacitor_SMD:C_0603_1608Metric,False,back,B.Cu,17.1,52.225,270.0,17.1,52.225,270.0,1.6,-1.6,verified_maximum,maximum,0.9,https://www.murata.com/-/media/webrenewal/tool/library/common-pdf/dynamic-model/component-list-d-mlcc-2506.ashx?cvid=20250805040419000000&la=ja-jp,-2.5,,0.3,-2.8,6.4,5.5,,5.2,3499effa27ff141a0cebc4ac7929f0bec0777861d0c7ebfdd9b790beb7825343
left,other,C2007,100n TUSB1142 VCC local,GRM188R71H104KA93D,Capacitor_SMD:C_0603_1608Metric,False,front,F.Cu,21.0,43.8,0.0,21.0,43.8,0.0,1.6,0.0,verified_maximum,maximum,0.9,https://www.murata.com/-/media/webrenewal/tool/library/common-pdf/dynamic-model/component-list-d-mlcc-2506.ashx?cvid=20250805040419000000&la=ja-jp,0.9,,,,8.0,8.9,,,3499effa27ff141a0cebc4ac7929f0bec0777861d0c7ebfdd9b790beb7825343
left,other,C2008,100n TUSB1142 VCC local,GRM188R71H104KA93D,Capacitor_SMD:C_0603_1608Metric,False,back,B.Cu,14.6,43.75,90.0,14.6,43.75,90.0,1.6,-1.6,verified_maximum,maximum,0.9,https://www.murata.com/-/media/webrenewal/tool/library/common-pdf/dynamic-model/component-list-d-mlcc-2506.ashx?cvid=20250805040419000000&la=ja-jp,-2.5,,0.3,-2.8,6.4,5.5,,5.2,3499effa27ff141a0cebc4ac7929f0bec0777861d0c7ebfdd9b790beb7825343
left,other,C2009,220n USB3 TX AC coupling,GRM155R71C224KA12D,Capacitor_SMD:C_0402_1005Metric,False,front,F.Cu,21.25,45.45,0.0,21.25,45.45,0.0,1.6,0.0,unverified,,,,,,,,8.0,,,,3499effa27ff141a0cebc4ac7929f0bec0777861d0c7ebfdd9b790beb7825343
left,other,C2010,220n USB3 TX AC coupling,GRM155R71C224KA12D,Capacitor_SMD:C_0402_1005Metric,False,front,F.Cu,21.25,46.55,0.0,21.25,46.55,0.0,1.6,0.0,unverified,,,,,,,,8.0,,,,3499effa27ff141a0cebc4ac7929f0bec0777861d0c7ebfdd9b790beb7825343
left,other,C2011,220n USB3 TX AC coupling,GRM155R71C224KA12D,Capacitor_SMD:C_0402_1005Metric,False,front,F.Cu,13.75,47.05,180.0,13.75,47.05,180.0,1.6,0.0,unverified,,,,,,,,8.0,,,,3499effa27ff141a0cebc4ac7929f0bec0777861d0c7ebfdd9b790beb7825343
left,other,C2012,220n USB3 TX AC coupling,GRM155R71C224KA12D,Capacitor_SMD:C_0402_1005Metric,False,front,F.Cu,13.75,48.15,180.0,13.75,48.15,180.0,1.6,0.0,unverified,,,,,,,,8.0,,,,3499effa27ff141a0cebc4ac7929f0bec0777861d0c7ebfdd9b790beb7825343
left,other,C2013,220n USB3 TX AC coupling,GRM155R71C224KA12D,Capacitor_SMD:C_0402_1005Metric,False,front,F.Cu,13.75,50.55,180.0,13.75,50.55,180.0,1.6,0.0,unverified,,,,,,,,8.0,,,,3499effa27ff141a0cebc4ac7929f0bec0777861d0c7ebfdd9b790beb7825343
left,other,C2014,220n USB3 TX AC coupling,GRM155R71C224KA12D,Capacitor_SMD:C_0402_1005Metric,False,front,F.Cu,13.75,49.45,180.0,13.75,49.45,180.0,1.6,0.0,unverified,,,,,,,,8.0,,,,3499effa27ff141a0cebc4ac7929f0bec0777861d0c7ebfdd9b790beb7825343
left,other,C2015,4.7u 25V raw VBUS; pre-attach total below 10uF,GRM31CR71E475KA88L,Capacitor_SMD:C_1206_3216Metric,False,back,B.Cu,7.725,39.775,90.0,7.725,39.775,90.0,1.6,-1.6,verified_maximum,maximum,1.8,https://search.murata.co.jp/Ceramy/image/img/A01X/G101/ENG/GRM31CR71E475KA88-01.pdf,-3.4,,0.3,-3.7,6.4,4.6,,4.3,3499effa27ff141a0cebc4ac7929f0bec0777861d0c7ebfdd9b790beb7825343
left,other,C2016,10n 50V connector VBUS HF,GRM155R71H103KA88D,Capacitor_SMD:C_0402_1005Metric,False,back,B.Cu,9.95,44.75,0.0,9.95,44.75,0.0,1.6,-1.6,verified_maximum,maximum,0.55,https://www.murata.com/-/media/webrenewal/tool/library/common-pdf/dynamic-model/component-list-d-mlcc-2506.ashx?cvid=20250805040419000000&la=en-sg,-2.15,,0.3,-2.45,6.4,5.85,,5.55,3499effa27ff141a0cebc4ac7929f0bec0777861d0c7ebfdd9b790beb7825343
left,other,C2017,10n 50V connector VBUS HF,GRM155R71H103KA88D,Capacitor_SMD:C_0402_1005Metric,False,back,B.Cu,9.95,50.25,0.0,9.95,50.25,0.0,1.6,-1.6,verified_maximum,maximum,0.55,https://www.murata.com/-/media/webrenewal/tool/library/common-pdf/dynamic-model/component-list-d-mlcc-2506.ashx?cvid=20250805040419000000&la=en-sg,-2.15,,0.3,-2.45,6.4,5.85,,5.55,3499effa27ff141a0cebc4ac7929f0bec0777861d0c7ebfdd9b790beb7825343
left,other,C2018,10n 50V connector VBUS HF,GRM155R71H103KA88D,Capacitor_SMD:C_0402_1005Metric,False,back,B.Cu,9.675,51.725,270.0,9.675,51.725,270.0,1.6,-1.6,verified_maximum,maximum,0.55,https://www.murata.com/-/media/webrenewal/tool/library/common-pdf/dynamic-model/component-list-d-mlcc-2506.ashx?cvid=20250805040419000000&la=en-sg,-2.15,,0.3,-2.45,6.4,5.85,,5.55,3499effa27ff141a0cebc4ac7929f0bec0777861d0c7ebfdd9b790beb7825343
left,other,C2019,10n 50V connector VBUS HF,GRM155R71H103KA88D,Capacitor_SMD:C_0402_1005Metric,False,back,B.Cu,9.675,43.275,90.0,9.675,43.275,90.0,1.6,-1.6,verified_maximum,maximum,0.55,https://www.murata.com/-/media/webrenewal/tool/library/common-pdf/dynamic-model/component-list-d-mlcc-2506.ashx?cvid=20250805040419000000&la=en-sg,-2.15,,0.3,-2.45,6.4,5.85,,5.55,3499effa27ff141a0cebc4ac7929f0bec0777861d0c7ebfdd9b790beb7825343
left,other,C2020,6.8u 25V X7R TPS25751A LDO3V3; verify >=5u effective,GRM31CR71E685KA88L,Capacitor_SMD:C_1206_3216Metric,False,front,F.Cu,33.2,24.225,90.0,33.2,24.225,90.0,1.6,0.0,unverified,,,,,,,,8.0,,,,3499effa27ff141a0cebc4ac7929f0bec0777861d0c7ebfdd9b790beb7825343
left,other,C2021,10u 16V X7R TPS25751A LDO1V5; verify 4.5-12u effective,GRM31CR71C106KA01L,Capacitor_SMD:C_1206_3216Metric,False,front,F.Cu,29.475,25.375,180.0,29.475,25.375,180.0,1.6,0.0,unverified,,,,,,,,8.0,,,,3499effa27ff141a0cebc4ac7929f0bec0777861d0c7ebfdd9b790beb7825343
left,other,C2022,10u TPS25751A VIN3V3,GRM31CR71A106KA01L,Capacitor_SMD:C_1206_3216Metric,False,back,B.Cu,32.75,25.025,180.0,32.75,25.025,180.0,1.6,-1.6,verified_maximum,maximum,1.8,https://search.murata.co.jp/Ceramy/image/img/A01X/G101/ENG/GRM31CR71A106KA01-01.pdf,-3.4,,0.3,-3.7,6.4,4.6,,4.3,3499effa27ff141a0cebc4ac7929f0bec0777861d0c7ebfdd9b790beb7825343
left,other,C2023,270p C0G CC1 total-capacitance component,GRM1555C1H271JA01D,Capacitor_SMD:C_0402_1005Metric,False,front,F.Cu,41.97,27.265,270.0,41.97,27.265,270.0,1.6,0.0,unverified,,,,,,,,8.0,,,,3499effa27ff141a0cebc4ac7929f0bec0777861d0c7ebfdd9b790beb7825343
left,other,C2024,270p C0G CC2 total-capacitance component,GRM1555C1H271JA01D,Capacitor_SMD:C_0402_1005Metric,False,front,F.Cu,43.07,27.265,270.0,43.07,27.265,270.0,1.6,0.0,unverified,,,,,,,,8.0,,,,3499effa27ff141a0cebc4ac7929f0bec0777861d0c7ebfdd9b790beb7825343
left,other,C2025,100u 10V PP5V source bulk,T520D107M010ATE070,Capacitor_Tantalum_SMD:CP_EIA-7343-31_Kemet-D,False,front,F.Cu,29.87,29.015,180.0,29.87,29.015,180.0,1.6,0.0,unverified,,,,,,,,8.0,,,,3499effa27ff141a0cebc4ac7929f0bec0777861d0c7ebfdd9b790beb7825343
left,other,C2026,100u 10V PP5V source bulk,T520D107M010ATE070,Capacitor_Tantalum_SMD:CP_EIA-7343-31_Kemet-D,False,front,F.Cu,39.62,35.765,270.0,39.62,35.765,270.0,1.6,0.0,unverified,,,,,,,,8.0,,,,3499effa27ff141a0cebc4ac7929f0bec0777861d0c7ebfdd9b790beb7825343
left,other,C2027,10u PP5V local ceramic,GRM31CR71A106KA01L,Capacitor_SMD:C_1206_3216Metric,False,back,B.Cu,35.125,21.3,90.0,35.125,21.3,90.0,1.6,-1.6,verified_maximum,maximum,1.8,https://search.murata.co.jp/Ceramy/image/img/A01X/G101/ENG/GRM31CR71A106KA01-01.pdf,-3.4,,0.3,-3.7,6.4,4.6,,4.3,3499effa27ff141a0cebc4ac7929f0bec0777861d0c7ebfdd9b790beb7825343
left,other,C2028,68u 25V PPHV sink bulk,T521V686M025ATE050,Capacitor_Tantalum_SMD:CP_EIA-7343-31_Kemet-D,False,front,F.Cu,44.545,35.6025,270.0,44.545,35.6025,270.0,1.6,0.0,unverified,,,,,,,,8.0,,,,3499effa27ff141a0cebc4ac7929f0bec0777861d0c7ebfdd9b790beb7825343
left,other,C2029,100n 50V PPHV local,GRM188R71H104KA93D,Capacitor_SMD:C_0603_1608Metric,False,front,F.Cu,43.045,29.3525,0.0,43.045,29.3525,0.0,1.6,0.0,verified_maximum,maximum,0.9,https://www.murata.com/-/media/webrenewal/tool/library/common-pdf/dynamic-model/component-list-d-mlcc-2506.ashx?cvid=20250805040419000000&la=ja-jp,0.9,,,,8.0,8.9,,,3499effa27ff141a0cebc4ac7929f0bec0777861d0c7ebfdd9b790beb7825343
left,other,C2030,100n USB2 switch local,GRM188R71H104KA93D,Capacitor_SMD:C_0603_1608Metric,False,front,F.Cu,23.675,48.5,180.0,23.675,48.5,180.0,1.6,0.0,verified_maximum,maximum,0.9,https://www.murata.com/-/media/webrenewal/tool/library/common-pdf/dynamic-model/component-list-d-mlcc-2506.ashx?cvid=20250805040419000000&la=ja-jp,0.9,,,,8.0,8.9,,,3499effa27ff141a0cebc4ac7929f0bec0777861d0c7ebfdd9b790beb7825343
left,pd1_input,C2080,100n 50V input local,GRM188R71H104KA93D,Capacitor_SMD:C_0603_1608Metric,False,front,F.Cu,45.6875,27.333333,180.0,45.6875,27.333333,180.0,1.6,0.0,verified_maximum,maximum,0.9,https://www.murata.com/-/media/webrenewal/tool/library/common-pdf/dynamic-model/component-list-d-mlcc-2506.ashx?cvid=20250805040419000000&la=ja-jp,0.9,,,,8.0,8.9,,,3499effa27ff141a0cebc4ac7929f0bec0777861d0c7ebfdd9b790beb7825343
left,pd1_input,C2081,10u 25V output,GRM31CR71E106KA12L,Capacitor_SMD:C_1206_3216Metric,False,front,F.Cu,54.8625,26.75,0.0,54.8625,26.75,0.0,1.6,0.0,verified_maximum,maximum,1.8,https://docs.rs-online.com/aab4/0900766b813d2ca8.pdf,1.8,,,,8.0,9.8,,,3499effa27ff141a0cebc4ac7929f0bec0777861d0c7ebfdd9b790beb7825343
left,pd1_input,C2082,10n 50V C0G slew control,GRM1885C1H103JA01D,Capacitor_SMD:C_0603_1608Metric,False,front,F.Cu,54.0,28.75,0.0,54.0,28.75,0.0,1.6,0.0,verified_maximum,maximum,0.9,https://www.farnell.com/datasheets/2048016.pdf,0.9,,,,8.0,8.9,,,3499effa27ff141a0cebc4ac7929f0bec0777861d0c7ebfdd9b790beb7825343
left,other,C2140,100n selector INTVCC,GRM188R71H104KA93D,Capacitor_SMD:C_0603_1608Metric,False,back,B.Cu,38.7,50.3,180.0,38.7,50.3,180.0,1.6,-1.6,verified_maximum,maximum,0.9,https://www.murata.com/-/media/webrenewal/tool/library/common-pdf/dynamic-model/component-list-d-mlcc-2506.ashx?cvid=20250805040419000000&la=ja-jp,-2.5,,0.3,-2.8,6.4,5.5,,5.2,3499effa27ff141a0cebc4ac7929f0bec0777861d0c7ebfdd9b790beb7825343
left,other,C2141,1n 50V C0G selector validation,GRM1555C1H102JA01D,Capacitor_SMD:C_0402_1005Metric,False,front,F.Cu,36.3,44.9,90.0,36.3,44.9,90.0,1.6,0.0,verified_maximum,maximum,0.55,https://datasheet.octopart.com/GRM1555C1H102JA01D-Murata-datasheet-7625556.pdf,0.55,,,,8.0,8.55,,,3499effa27ff141a0cebc4ac7929f0bec0777861d0c7ebfdd9b790beb7825343
left,other,C2142,100n 50V selector local,GRM188R71H104KA93D,Capacitor_SMD:C_0603_1608Metric,False,back,B.Cu,42.225,43.95,180.0,42.225,43.95,180.0,1.6,-1.6,verified_maximum,maximum,0.9,https://www.murata.com/-/media/webrenewal/tool/library/common-pdf/dynamic-model/component-list-d-mlcc-2506.ashx?cvid=20250805040419000000&la=ja-jp,-2.5,,0.3,-2.8,6.4,5.5,,5.2,3499effa27ff141a0cebc4ac7929f0bec0777861d0c7ebfdd9b790beb7825343
left,other,C2143,100n 50V selector local,GRM188R71H104KA93D,Capacitor_SMD:C_0603_1608Metric,False,back,B.Cu,41.225,45.925,180.0,41.225,45.925,180.0,1.6,-1.6,verified_maximum,maximum,0.9,https://www.murata.com/-/media/webrenewal/tool/library/common-pdf/dynamic-model/component-list-d-mlcc-2506.ashx?cvid=20250805040419000000&la=ja-jp,-2.5,,0.3,-2.8,6.4,5.5,,5.2,3499effa27ff141a0cebc4ac7929f0bec0777861d0c7ebfdd9b790beb7825343
left,other,C2146,100u 35V selected-PD hold-up,EEHZK1V101XP,Capacitor_SMD:CP_Elec_6.3x7.7,False,front,F.Cu,50.0,49.8,0.0,50.0,49.8,0.0,1.6,0.0,verified_maximum,maximum,8.0,https://util01.industrial.panasonic.com/ea/utilities/ds/chr-vw/EEHZK1V101XP,8.0,,,,8.0,16.0,,,3499effa27ff141a0cebc4ac7929f0bec0777861d0c7ebfdd9b790beb7825343
left,other,C2400,100n,GRM188R71H104KA93D,Capacitor_SMD:C_0603_1608Metric,False,front,F.Cu,53.9,136.5,0.0,53.9,136.5,0.0,1.6,0.0,verified_maximum,maximum,0.9,https://www.murata.com/-/media/webrenewal/tool/library/common-pdf/dynamic-model/component-list-d-mlcc-2506.ashx?cvid=20250805040419000000&la=ja-jp,0.9,,,,8.0,8.9,,,3499effa27ff141a0cebc4ac7929f0bec0777861d0c7ebfdd9b790beb7825343
left,other,C2401,100n,GRM188R71H104KA93D,Capacitor_SMD:C_0603_1608Metric,False,back,B.Cu,41.725,86.275,180.0,41.725,86.275,180.0,1.6,-1.6,verified_maximum,maximum,0.9,https://www.murata.com/-/media/webrenewal/tool/library/common-pdf/dynamic-model/component-list-d-mlcc-2506.ashx?cvid=20250805040419000000&la=ja-jp,-2.5,,0.3,-2.8,6.4,5.5,,5.2,3499effa27ff141a0cebc4ac7929f0bec0777861d0c7ebfdd9b790beb7825343
left,other,C2402,100n,GRM188R71H104KA93D,Capacitor_SMD:C_0603_1608Metric,False,front,F.Cu,39.05,98.25,90.0,39.05,98.25,90.0,1.6,0.0,verified_maximum,maximum,0.9,https://www.murata.com/-/media/webrenewal/tool/library/common-pdf/dynamic-model/component-list-d-mlcc-2506.ashx?cvid=20250805040419000000&la=ja-jp,0.9,,,,8.0,8.9,,,3499effa27ff141a0cebc4ac7929f0bec0777861d0c7ebfdd9b790beb7825343
left,other,C2403,1u,GRM21BR71H105KA12L,Capacitor_SMD:C_0805_2012Metric,False,front,F.Cu,33.0625,35.45,180.0,33.0625,35.45,180.0,1.6,0.0,verified_maximum,maximum,1.35,https://search.murata.co.jp/Ceramy/image/img/A01X/G101/ENG/GRM21BR71H105KA12-01.pdf,1.35,,,,8.0,9.35,,,3499effa27ff141a0cebc4ac7929f0bec0777861d0c7ebfdd9b790beb7825343
left,other,C2405,100n,GRM188R71H104KA93D,Capacitor_SMD:C_0603_1608Metric,False,back,B.Cu,26.1,30.15,180.0,26.1,30.15,180.0,1.6,-1.6,verified_maximum,maximum,0.9,https://www.murata.com/-/media/webrenewal/tool/library/common-pdf/dynamic-model/component-list-d-mlcc-2506.ashx?cvid=20250805040419000000&la=ja-jp,-2.5,,0.3,-2.8,6.4,5.5,,5.2,3499effa27ff141a0cebc4ac7929f0bec0777861d0c7ebfdd9b790beb7825343
left,other,C2406,100n,GRM188R71H104KA93D,Capacitor_SMD:C_0603_1608Metric,False,front,F.Cu,20.1375,89.8,90.0,20.1375,89.8,90.0,1.6,0.0,verified_maximum,maximum,0.9,https://www.murata.com/-/media/webrenewal/tool/library/common-pdf/dynamic-model/component-list-d-mlcc-2506.ashx?cvid=20250805040419000000&la=ja-jp,0.9,,,,8.0,8.9,,,3499effa27ff141a0cebc4ac7929f0bec0777861d0c7ebfdd9b790beb7825343
left,other,C2407,100n,GRM188R71H104KA93D,Capacitor_SMD:C_0603_1608Metric,False,front,F.Cu,32.1375,125.8,90.0,32.1375,125.8,90.0,1.6,0.0,verified_maximum,maximum,0.9,https://www.murata.com/-/media/webrenewal/tool/library/common-pdf/dynamic-model/component-list-d-mlcc-2506.ashx?cvid=20250805040419000000&la=ja-jp,0.9,,,,8.0,8.9,,,3499effa27ff141a0cebc4ac7929f0bec0777861d0c7ebfdd9b790beb7825343
left,other,C2408,100n,GRM188R71H104KA93D,Capacitor_SMD:C_0603_1608Metric,False,front,F.Cu,33.1375,137.8,90.0,33.1375,137.8,90.0,1.6,0.0,verified_maximum,maximum,0.9,https://www.murata.com/-/media/webrenewal/tool/library/common-pdf/dynamic-model/component-list-d-mlcc-2506.ashx?cvid=20250805040419000000&la=ja-jp,0.9,,,,8.0,8.9,,,3499effa27ff141a0cebc4ac7929f0bec0777861d0c7ebfdd9b790beb7825343
left,other,C2410,100n,GRM188R71H104KA93D,Capacitor_SMD:C_0603_1608Metric,False,front,F.Cu,40.5875,107.0,0.0,40.5875,107.0,0.0,1.6,0.0,verified_maximum,maximum,0.9,https://www.murata.com/-/media/webrenewal/tool/library/common-pdf/dynamic-model/component-list-d-mlcc-2506.ashx?cvid=20250805040419000000&la=ja-jp,0.9,,,,8.0,8.9,,,3499effa27ff141a0cebc4ac7929f0bec0777861d0c7ebfdd9b790beb7825343
left,other,C2411,100n,GRM188R71H104KA93D,Capacitor_SMD:C_0603_1608Metric,False,front,F.Cu,44.1375,100.8,90.0,44.1375,100.8,90.0,1.6,0.0,verified_maximum,maximum,0.9,https://www.murata.com/-/media/webrenewal/tool/library/common-pdf/dynamic-model/component-list-d-mlcc-2506.ashx?cvid=20250805040419000000&la=ja-jp,0.9,,,,8.0,8.9,,,3499effa27ff141a0cebc4ac7929f0bec0777861d0c7ebfdd9b790beb7825343
left,other,C2413,4.7n C0G PP5V slew,GRM1885C1H472JA01D,Capacitor_SMD:C_0603_1608Metric,False,front,F.Cu,33.65,33.65,180.0,33.65,33.65,180.0,1.6,0.0,unverified,,,,,,,,8.0,,,,3499effa27ff141a0cebc4ac7929f0bec0777861d0c7ebfdd9b790beb7825343
left,other,C2415,100n,GRM188R71H104KA93D,Capacitor_SMD:C_0603_1608Metric,False,front,F.Cu,47.6375,111.55,0.0,47.6375,111.55,0.0,1.6,0.0,verified_maximum,maximum,0.9,https://www.murata.com/-/media/webrenewal/tool/library/common-pdf/dynamic-model/component-list-d-mlcc-2506.ashx?cvid=20250805040419000000&la=ja-jp,0.9,,,,8.0,8.9,,,3499effa27ff141a0cebc4ac7929f0bec0777861d0c7ebfdd9b790beb7825343
left,pd1_input,C2630,100n 50V inverter bypass,GRM188R71H104KA93D,Capacitor_SMD:C_0603_1608Metric,False,back,B.Cu,50.6,37.1,180.0,50.6,37.1,180.0,1.6,-1.6,verified_maximum,maximum,0.9,https://www.murata.com/-/media/webrenewal/tool/library/common-pdf/dynamic-model/component-list-d-mlcc-2506.ashx?cvid=20250805040419000000&la=ja-jp,-2.5,,0.3,-2.8,6.4,5.5,,5.2,3499effa27ff141a0cebc4ac7929f0bec0777861d0c7ebfdd9b790beb7825343
left,other,C2682,100n 50V qualifier bypass,GRM188R71H104KA93D,Capacitor_SMD:C_0603_1608Metric,False,back,B.Cu,44.65,25.575,90.0,44.65,25.575,90.0,1.6,-1.6,verified_maximum,maximum,0.9,https://www.murata.com/-/media/webrenewal/tool/library/common-pdf/dynamic-model/component-list-d-mlcc-2506.ashx?cvid=20250805040419000000&la=ja-jp,-2.5,,0.3,-2.8,6.4,5.5,,5.2,3499effa27ff141a0cebc4ac7929f0bec0777861d0c7ebfdd9b790beb7825343
left,other,C2683,1u 50V U1800 input bypass,GRT188R61H105ME13D,Capacitor_SMD:C_0603_1608Metric,False,back,B.Cu,16.85,116.1,0.0,16.85,116.1,0.0,1.6,-1.6,verified_maximum,maximum,0.9,https://www.mouser.com/datasheet/2/281/product-837155.pdf,-2.5,,0.3,-2.8,6.4,5.5,,5.2,3499effa27ff141a0cebc4ac7929f0bec0777861d0c7ebfdd9b790beb7825343
left,other,C2684,1u 50V U1803 input bypass,GRT188R61H105ME13D,Capacitor_SMD:C_0603_1608Metric,False,back,B.Cu,21.7,137.35,0.0,21.7,137.35,0.0,1.6,-1.6,verified_maximum,maximum,0.9,https://www.mouser.com/datasheet/2/281/product-837155.pdf,-2.5,,0.3,-2.8,6.4,5.5,,5.2,3499effa27ff141a0cebc4ac7929f0bec0777861d0c7ebfdd9b790beb7825343
left,other,D1800,TPD1E0B04DPLR 0.13pF USB3 ESD,TPD1E0B04DPLR,Diode_SMD:D_0201_0603Metric,False,front,F.Cu,9.475,22.175,90.0,9.475,22.175,90.0,1.6,0.0,unverified,,,,,,,,8.0,,,,3499effa27ff141a0cebc4ac7929f0bec0777861d0c7ebfdd9b790beb7825343
left,other,D1801,TPD1E0B04DPLR 0.13pF USB3 ESD,TPD1E0B04DPLR,Diode_SMD:D_0201_0603Metric,False,front,F.Cu,9.475,20.675,90.0,9.475,20.675,90.0,1.6,0.0,unverified,,,,,,,,8.0,,,,3499effa27ff141a0cebc4ac7929f0bec0777861d0c7ebfdd9b790beb7825343
left,other,D1802,TPD1E0B04DPLR 0.13pF USB3 ESD,TPD1E0B04DPLR,Diode_SMD:D_0201_0603Metric,False,front,F.Cu,9.425,27.575,270.0,9.425,27.575,270.0,1.6,0.0,unverified,,,,,,,,8.0,,,,3499effa27ff141a0cebc4ac7929f0bec0777861d0c7ebfdd9b790beb7825343
left,other,D1803,TPD1E0B04DPLR 0.13pF USB3 ESD,TPD1E0B04DPLR,Diode_SMD:D_0201_0603Metric,False,front,F.Cu,9.425,29.075,270.0,9.425,29.075,270.0,1.6,0.0,unverified,,,,,,,,8.0,,,,3499effa27ff141a0cebc4ac7929f0bec0777861d0c7ebfdd9b790beb7825343
left,other,D1804,TPD1E0B04DPLR 0.13pF USB3 ESD,TPD1E0B04DPLR,Diode_SMD:D_0201_0603Metric,False,front,F.Cu,6.1,19.25,180.0,6.1,19.25,180.0,1.6,0.0,unverified,,,,,,,,8.0,,,,3499effa27ff141a0cebc4ac7929f0bec0777861d0c7ebfdd9b790beb7825343
left,other,D1805,TPD1E0B04DPLR 0.13pF USB3 ESD,TPD1E0B04DPLR,Diode_SMD:D_0201_0603Metric,False,front,F.Cu,10.425,22.675,270.0,10.425,22.675,270.0,1.6,0.0,unverified,,,,,,,,8.0,,,,3499effa27ff141a0cebc4ac7929f0bec0777861d0c7ebfdd9b790beb7825343
left,other,D1806,TPD1E0B04DPLR 0.13pF USB3 ESD,TPD1E0B04DPLR,Diode_SMD:D_0201_0603Metric,False,front,F.Cu,10.225,27.825,270.0,10.225,27.825,270.0,1.6,0.0,unverified,,,,,,,,8.0,,,,3499effa27ff141a0cebc4ac7929f0bec0777861d0c7ebfdd9b790beb7825343
left,other,D1807,TPD1E0B04DPLR 0.13pF USB3 ESD,TPD1E0B04DPLR,Diode_SMD:D_0201_0603Metric,False,front,F.Cu,10.225,29.325,270.0,10.225,29.325,270.0,1.6,0.0,unverified,,,,,,,,8.0,,,,3499effa27ff141a0cebc4ac7929f0bec0777861d0c7ebfdd9b790beb7825343
left,other,D1808,TPD1E0B04DPLR 0.13pF USB3 ESD,TPD1E0B04DPLR,Diode_SMD:D_0201_0603Metric,False,front,F.Cu,12.475,71.7,270.0,12.475,71.7,270.0,1.6,0.0,unverified,,,,,,,,8.0,,,,3499effa27ff141a0cebc4ac7929f0bec0777861d0c7ebfdd9b790beb7825343
left,other,D1809,TPD1E0B04DPLR 0.13pF USB3 ESD,TPD1E0B04DPLR,Diode_SMD:D_0201_0603Metric,False,front,F.Cu,10.225,66.95,180.0,10.225,66.95,180.0,1.6,0.0,unverified,,,,,,,,8.0,,,,3499effa27ff141a0cebc4ac7929f0bec0777861d0c7ebfdd9b790beb7825343
left,other,D1810,TPD1E0B04DPLR 0.13pF USB3 ESD,TPD1E0B04DPLR,Diode_SMD:D_0201_0603Metric,False,front,F.Cu,5.415,75.75,180.0,5.415,75.75,180.0,1.6,0.0,unverified,,,,,,,,8.0,,,,3499effa27ff141a0cebc4ac7929f0bec0777861d0c7ebfdd9b790beb7825343
left,other,D1811,TPD1E0B04DPLR 0.13pF USB3 ESD,TPD1E0B04DPLR,Diode_SMD:D_0201_0603Metric,False,front,F.Cu,3.665,75.75,180.0,3.665,75.75,180.0,1.6,0.0,unverified,,,,,,,,8.0,,,,3499effa27ff141a0cebc4ac7929f0bec0777861d0c7ebfdd9b790beb7825343
left,other,D1812,TPD1E0B04DPLR 0.13pF USB3 ESD,TPD1E0B04DPLR,Diode_SMD:D_0201_0603Metric,False,front,F.Cu,9.915,68.25,0.0,9.915,68.25,0.0,1.6,0.0,unverified,,,,,,,,8.0,,,,3499effa27ff141a0cebc4ac7929f0bec0777861d0c7ebfdd9b790beb7825343
left,other,D1813,TPD1E0B04DPLR 0.13pF USB3 ESD,TPD1E0B04DPLR,Diode_SMD:D_0201_0603Metric,False,front,F.Cu,4.915,64.25,180.0,4.915,64.25,180.0,1.6,0.0,unverified,,,,,,,,8.0,,,,3499effa27ff141a0cebc4ac7929f0bec0777861d0c7ebfdd9b790beb7825343
left,other,D1814,TPD1E0B04DPLR 0.13pF USB3 ESD,TPD1E0B04DPLR,Diode_SMD:D_0201_0603Metric,False,front,F.Cu,6.715,76.25,270.0,6.715,76.25,270.0,1.6,0.0,unverified,,,,,,,,8.0,,,,3499effa27ff141a0cebc4ac7929f0bec0777861d0c7ebfdd9b790beb7825343
left,other,D1815,TPD1E0B04DPLR 0.13pF USB3 ESD,TPD1E0B04DPLR,Diode_SMD:D_0201_0603Metric,False,front,F.Cu,7.715,76.25,270.0,7.715,76.25,270.0,1.6,0.0,unverified,,,,,,,,8.0,,,,3499effa27ff141a0cebc4ac7929f0bec0777861d0c7ebfdd9b790beb7825343
left,other,D2080,B340A eFuse output negative-transient clamp,B340A-13-F,Diode_SMD:D_SMA,False,front,F.Cu,57.5,165.9,0.0,57.5,165.9,0.0,1.6,0.0,unverified,,,,,,,,8.0,,,,3499effa27ff141a0cebc4ac7929f0bec0777861d0c7ebfdd9b790beb7825343
left,other,D2100,TPD1E0B04DPLR 0.13pF USB3 ESD,TPD1E0B04DPLR,Diode_SMD:D_0201_0603Metric,False,front,F.Cu,9.475,44.675,90.0,9.475,44.675,90.0,1.6,0.0,unverified,,,,,,,,8.0,,,,3499effa27ff141a0cebc4ac7929f0bec0777861d0c7ebfdd9b790beb7825343
left,other,D2101,TPD1E0B04DPLR 0.13pF USB3 ESD,TPD1E0B04DPLR,Diode_SMD:D_0201_0603Metric,False,front,F.Cu,9.75,46.7,180.0,9.75,46.7,180.0,1.6,0.0,unverified,,,,,,,,8.0,,,,3499effa27ff141a0cebc4ac7929f0bec0777861d0c7ebfdd9b790beb7825343
left,other,D2102,TPD1E0B04DPLR 0.13pF USB3 ESD,TPD1E0B04DPLR,Diode_SMD:D_0201_0603Metric,False,front,F.Cu,9.425,49.425,90.0,9.425,49.425,90.0,1.6,0.0,unverified,,,,,,,,8.0,,,,3499effa27ff141a0cebc4ac7929f0bec0777861d0c7ebfdd9b790beb7825343
left,other,D2103,TPD1E0B04DPLR 0.13pF USB3 ESD,TPD1E0B04DPLR,Diode_SMD:D_0201_0603Metric,False,front,F.Cu,9.425,47.925,90.0,9.425,47.925,90.0,1.6,0.0,unverified,,,,,,,,8.0,,,,3499effa27ff141a0cebc4ac7929f0bec0777861d0c7ebfdd9b790beb7825343
left,other,D2104,TPD1E0B04DPLR 0.13pF USB3 ESD,TPD1E0B04DPLR,Diode_SMD:D_0201_0603Metric,False,front,F.Cu,9.425,43.175,90.0,9.425,43.175,90.0,1.6,0.0,unverified,,,,,,,,8.0,,,,3499effa27ff141a0cebc4ac7929f0bec0777861d0c7ebfdd9b790beb7825343
left,other,D2105,TPD1E0B04DPLR 0.13pF USB3 ESD,TPD1E0B04DPLR,Diode_SMD:D_0201_0603Metric,False,front,F.Cu,6.1,41.75,180.0,6.1,41.75,180.0,1.6,0.0,unverified,,,,,,,,8.0,,,,3499effa27ff141a0cebc4ac7929f0bec0777861d0c7ebfdd9b790beb7825343
left,other,D2106,TPD1E0B04DPLR 0.13pF USB3 ESD,TPD1E0B04DPLR,Diode_SMD:D_0201_0603Metric,False,front,F.Cu,9.75,51.45,180.0,9.75,51.45,180.0,1.6,0.0,unverified,,,,,,,,8.0,,,,3499effa27ff141a0cebc4ac7929f0bec0777861d0c7ebfdd9b790beb7825343
left,other,D2107,TPD1E0B04DPLR 0.13pF USB3 ESD,TPD1E0B04DPLR,Diode_SMD:D_0201_0603Metric,False,front,F.Cu,10.225,49.425,90.0,10.225,49.425,90.0,1.6,0.0,unverified,,,,,,,,8.0,,,,3499effa27ff141a0cebc4ac7929f0bec0777861d0c7ebfdd9b790beb7825343
left,other,F195,3A MINI AUX source fuse: Littelfuse 0297003.WXNV,0297003.WXNV + 3568,Fuse:Fuseholder_Blade_Mini_Keystone_3568,False,front,F.Cu,38.0,20.0,0.0,38.0,20.0,0.0,1.6,0.0,unverified,,,,,,,,8.0,,,,3499effa27ff141a0cebc4ac7929f0bec0777861d0c7ebfdd9b790beb7825343
left,other,FPC101,Molex5039084120 signal cable,5039084120,ducktop2:Molex_5039084120_1x41_P0.50mm_Horizontal,False,front,F.Cu,61.2,34.5,90.0,61.2,34.5,90.0,1.6,0.0,unverified,,,,,,,,8.0,,,,3499effa27ff141a0cebc4ac7929f0bec0777861d0c7ebfdd9b790beb7825343
left,other,H10,M2.5 isolated mainboard mounting hole,,MountingHole:MountingHole_2.7mm_M2.5,False,front,F.Cu,5.0,150.75,0.0,5.0,150.75,0.0,1.6,0.0,unverified,,,,,,,,8.0,,,,3499effa27ff141a0cebc4ac7929f0bec0777861d0c7ebfdd9b790beb7825343
left,other,H11,M2.5 isolated mainboard mounting hole,,MountingHole:MountingHole_2.7mm_M2.5,False,front,F.Cu,5.0,180.75,0.0,5.0,180.75,0.0,1.6,0.0,unverified,,,,,,,,8.0,,,,3499effa27ff141a0cebc4ac7929f0bec0777861d0c7ebfdd9b790beb7825343
left,other,H12,M2.5 isolated mainboard mounting hole,,MountingHole:MountingHole_2.7mm_M2.5,False,front,F.Cu,63.8,6.1,0.0,63.8,6.1,0.0,1.6,0.0,unverified,,,,,,,,8.0,,,,3499effa27ff141a0cebc4ac7929f0bec0777861d0c7ebfdd9b790beb7825343
left,other,H16,M2.5 isolated mainboard mounting hole,,MountingHole:MountingHole_2.7mm_M2.5,False,front,F.Cu,5.0,12.85,0.0,5.0,12.85,0.0,1.6,0.0,unverified,,,,,,,,8.0,,,,3499effa27ff141a0cebc4ac7929f0bec0777861d0c7ebfdd9b790beb7825343
left,other,J21,USB-C dual-role data/PD port J21,105450-0101,Connector_USB:USB_C_Receptacle_Molex_105450-0101,False,front,F.Cu,4.5,47.5,270.0,4.5,47.5,270.0,1.6,0.0,unverified,,,,,,,,8.0,,,,3499effa27ff141a0cebc4ac7929f0bec0777861d0c7ebfdd9b790beb7825343
left,other,J22,USB-C source-only data port J22,105450-0101,Connector_USB:USB_C_Receptacle_Molex_105450-0101,False,front,F.Cu,4.5,25.0,270.0,4.5,25.0,270.0,1.6,0.0,unverified,,,,,,,,8.0,,,,3499effa27ff141a0cebc4ac7929f0bec0777861d0c7ebfdd9b790beb7825343
left,other,J23,USB-C source-only data port J23,105450-0101,Connector_USB:USB_C_Receptacle_Molex_105450-0101,False,front,F.Cu,4.5,70.0,270.0,4.5,70.0,270.0,1.6,0.0,unverified,,,,,,,,8.0,,,,3499effa27ff141a0cebc4ac7929f0bec0777861d0c7ebfdd9b790beb7825343
left,other,J24,USB 3.0 Type-A internal header (hub DIS5),U231-091N-4BLRA00-S,Connector_USB:USB_A_Receptacle_XKB_U231-091N-4BLRA00-S,False,front,F.Cu,4.5,115.0,270.0,4.5,115.0,270.0,1.6,0.0,unverified,,,,,,,,8.0,,,,3499effa27ff141a0cebc4ac7929f0bec0777861d0c7ebfdd9b790beb7825343
left,other,J25,USB 2.0 Type-A internal header (hub DIS6),USB1046-GF-L,Connector_USB:USB_A_Receptacle_GCT_USB1046,False,front,F.Cu,4.5,137.5,270.0,4.5,137.5,270.0,1.6,0.0,unverified,,,,,,,,8.0,,,,3499effa27ff141a0cebc4ac7929f0bec0777861d0c7ebfdd9b790beb7825343
left,other,J190,AUX/SOLAR protected screw terminal 6-22V nominal,1715022,"TerminalBlock_Phoenix:TerminalBlock_Phoenix_MKDS-1,5-2-5.08_1x02_P5.08mm_Horizontal",False,front,F.Cu,4.58,85.7,270.0,4.58,85.7,270.0,1.6,0.0,unverified,,,,,,,,8.0,,,,3499effa27ff141a0cebc4ac7929f0bec0777861d0c7ebfdd9b790beb7825343
left,other,J2431,left power rails,2060-453/998-404,ducktop2:WAGO_2060_453_SMD,False,front,F.Cu,47.05,60.75,270.0,47.05,60.75,270.0,1.6,0.0,unverified,,,,,,,,8.0,,,,3499effa27ff141a0cebc4ac7929f0bec0777861d0c7ebfdd9b790beb7825343
left,other,J2434,USB5 direct power loom,XT30PW-F30.G.Y,ducktop2:AMASS_XT30PW-F30_G_Y,False,front,F.Cu,35.0,150.0,270.0,35.0,150.0,270.0,1.6,0.0,unverified,,,,,,,,8.0,,,,3499effa27ff141a0cebc4ac7929f0bec0777861d0c7ebfdd9b790beb7825343
left,other,J2440,main ground strap,,Connector_Wire:SolderWirePad_1x01_SMD_5x10mm,False,front,F.Cu,62.5,12.7,90.0,62.5,12.7,90.0,1.6,0.0,unverified,,,,,,,,8.0,,,,3499effa27ff141a0cebc4ac7929f0bec0777861d0c7ebfdd9b790beb7825343
left,other,J2442,main ground strap,,Connector_Wire:SolderWirePad_1x01_SMD_5x10mm,False,front,F.Cu,62.5,70.0,90.0,62.5,70.0,90.0,1.6,0.0,unverified,,,,,,,,8.0,,,,3499effa27ff141a0cebc4ac7929f0bec0777861d0c7ebfdd9b790beb7825343
left,other,J2451,left power rails,2060-453/998-404,ducktop2:WAGO_2060_453_SMD,False,front,F.Cu,55.45,129.25,270.0,55.45,129.25,270.0,1.6,0.0,unverified,,,,,,,,8.0,,,,3499effa27ff141a0cebc4ac7929f0bec0777861d0c7ebfdd9b790beb7825343
left,other,J2461,left power return,2060-451/998-404,ducktop2:WAGO_2060_451_SMD,False,front,F.Cu,62.45,75.25,270.0,62.45,75.25,270.0,1.6,0.0,unverified,,,,,,,,8.0,,,,3499effa27ff141a0cebc4ac7929f0bec0777861d0c7ebfdd9b790beb7825343
left,other,L1700,470nH >=3.9A USB hub core,TFM201610ALMA-R47MTAA,ducktop2:TDK_TFM201610,False,front,F.Cu,53.725,114.25,0.0,53.725,114.25,0.0,1.6,0.0,unverified,,,,,,,,8.0,,,,3499effa27ff141a0cebc4ac7929f0bec0777861d0c7ebfdd9b790beb7825343
left,other,L1701,6.8uH 18.4A Isat30 / 10.9A Irms20,XGL1060-682MEC,ducktop2:Coilcraft_XGL1060,False,front,F.Cu,39.8,74.7,180.0,39.8,74.7,180.0,1.6,0.0,verified_maximum,maximum,6.0,https://www.coilcraft.com/pdfs/ShortFormCatalog.pdf,6.0,,,,8.0,14.0,,,3499effa27ff141a0cebc4ac7929f0bec0777861d0c7ebfdd9b790beb7825343
left,other,Q15,SiSS4409DN 40V reverse-blocking PMOS,SiSS4409DN-T1-GE3,Package_SO:Vishay_PowerPAK_1212-8_Single,False,front,F.Cu,43.0,44.5,90.0,43.0,44.5,90.0,1.6,0.0,unverified,,,,,,,,8.0,,,,3499effa27ff141a0cebc4ac7929f0bec0777861d0c7ebfdd9b790beb7825343
left,other,Q16,SiSS4409DN 40V reverse-blocking PMOS,SiSS4409DN-T1-GE3,Package_SO:Vishay_PowerPAK_1212-8_Single,False,front,F.Cu,43.0,49.5,270.0,43.0,49.5,270.0,1.6,0.0,unverified,,,,,,,,8.0,,,,3499effa27ff141a0cebc4ac7929f0bec0777861d0c7ebfdd9b790beb7825343
left,other,Q2001,2N7002K DFP USB2 enable inverter,2N7002KT1G,Package_TO_SOT_SMD:SOT-23,False,back,B.Cu,24.7,50.95,90.0,24.7,50.95,90.0,1.6,-1.6,verified_maximum,maximum,1.11,https://www.onsemi.com/download/package-drawing/pdf/318-08.pdf,-2.71,,0.3,-3.01,6.4,5.29,,4.99,3499effa27ff141a0cebc4ac7929f0bec0777861d0c7ebfdd9b790beb7825343
left,pd1_input,Q2630,BSS138 switched discharge,BSS138LT1G,Package_TO_SOT_SMD:SOT-23,False,back,B.Cu,55.0,34.5,0.0,55.0,34.5,0.0,1.6,-1.6,verified_maximum,maximum,1.12,https://www.alldatasheet.com/html-pdf/115982/ONSEMI/BSS138LT1G/1119/5/BSS138LT1G.html,-2.72,,0.3,-3.02,6.4,5.28,,4.98,3499effa27ff141a0cebc4ac7929f0bec0777861d0c7ebfdd9b790beb7825343
left,other,R1700,10k CFG_STRAP1,RC0603FR-0710KL,Resistor_SMD:R_0603_1608Metric,False,back,B.Cu,45.15,103.2,180.0,45.15,103.2,180.0,1.6,-1.6,verified_maximum,maximum,0.55,https://www.mouser.com/catalog/specsheets/RC0603.pdf,-2.15,,0.3,-2.45,6.4,5.85,,5.55,3499effa27ff141a0cebc4ac7929f0bec0777861d0c7ebfdd9b790beb7825343
left,other,R1701,200k CFG_STRAP2,RC0603FR-07200KL,Resistor_SMD:R_0603_1608Metric,False,back,B.Cu,46.15,105.85,180.0,46.15,105.85,180.0,1.6,-1.6,verified_maximum,maximum,0.55,https://www.mouser.com/catalog/specsheets/RC0603.pdf,-2.15,,0.3,-2.45,6.4,5.85,,5.55,3499effa27ff141a0cebc4ac7929f0bec0777861d0c7ebfdd9b790beb7825343
left,other,R1702,200k CFG_STRAP3,RC0603FR-07200KL,Resistor_SMD:R_0603_1608Metric,False,back,B.Cu,45.65,107.5,180.0,45.65,107.5,180.0,1.6,-1.6,verified_maximum,maximum,0.55,https://www.mouser.com/catalog/specsheets/RC0603.pdf,-2.15,,0.3,-2.45,6.4,5.85,,5.55,3499effa27ff141a0cebc4ac7929f0bec0777861d0c7ebfdd9b790beb7825343
left,other,R1703,200k all ports removable,RC0603FR-07200KL,Resistor_SMD:R_0603_1608Metric,False,back,B.Cu,62.95,97.6,0.0,62.95,97.6,0.0,1.6,-1.6,verified_maximum,maximum,0.55,https://www.mouser.com/catalog/specsheets/RC0603.pdf,-2.15,,0.3,-2.45,6.4,5.85,,5.55,3499effa27ff141a0cebc4ac7929f0bec0777861d0c7ebfdd9b790beb7825343
left,other,R1704,200k BC1.2 disabled,RC0603FR-07200KL,Resistor_SMD:R_0603_1608Metric,False,back,B.Cu,62.95,95.95,0.0,62.95,95.95,0.0,1.6,-1.6,verified_maximum,maximum,0.55,https://www.mouser.com/catalog/specsheets/RC0603.pdf,-2.15,,0.3,-2.45,6.4,5.85,,5.55,3499effa27ff141a0cebc4ac7929f0bec0777861d0c7ebfdd9b790beb7825343
left,other,R1705,91.0k 0.02% 5ppm core FB top,TNPU060391K0HZEN00,Resistor_SMD:R_0603_1608Metric,False,front,F.Cu,47.95,113.75,0.0,47.95,113.75,0.0,1.6,0.0,verified_maximum,maximum,0.55,https://www.vishay.com/docs/28779/tnpue3.pdf,0.55,,,,8.0,8.55,,,3499effa27ff141a0cebc4ac7929f0bec0777861d0c7ebfdd9b790beb7825343
left,other,R1706,100k 0.02% 5ppm core FB bottom,TNPU0603100KHZEN00,Resistor_SMD:R_0603_1608Metric,False,back,B.Cu,50.275,111.425,90.0,50.275,111.425,90.0,1.6,-1.6,verified_maximum,maximum,0.55,https://www.vishay.com/docs/28779/tnpue3.pdf,-2.15,,0.3,-2.45,6.4,5.85,,5.55,3499effa27ff141a0cebc4ac7929f0bec0777861d0c7ebfdd9b790beb7825343
left,other,R1707,100k core PG pull-up,RC0603FR-07100KL,Resistor_SMD:R_0603_1608Metric,False,back,B.Cu,51.975,111.425,270.0,51.975,111.425,270.0,1.6,-1.6,verified_maximum,maximum,0.55,https://www.mouser.com/catalog/specsheets/RC0603.pdf,-2.15,,0.3,-2.45,6.4,5.85,,5.55,3499effa27ff141a0cebc4ac7929f0bec0777861d0c7ebfdd9b790beb7825343
left,other,R1708,12.0k 1% USB7206C RBIAS,RC0603FR-0712KL,Resistor_SMD:R_0603_1608Metric,False,back,B.Cu,51.575,94.65,0.0,51.575,94.65,0.0,1.6,-1.6,verified_maximum,maximum,0.55,https://www.mouser.com/catalog/specsheets/RC0603.pdf,-2.15,,0.3,-2.45,6.4,5.85,,5.55,3499effa27ff141a0cebc4ac7929f0bec0777861d0c7ebfdd9b790beb7825343
left,other,R1710,100k USB5 hardware-qualified EN top,RC0603FR-07100KL,Resistor_SMD:R_0603_1608Metric,False,front,F.Cu,23.75,83.4,0.0,23.75,83.4,0.0,1.6,0.0,verified_maximum,maximum,0.55,https://www.mouser.com/catalog/specsheets/RC0603.pdf,0.55,,,,8.0,8.55,,,3499effa27ff141a0cebc4ac7929f0bec0777861d0c7ebfdd9b790beb7825343
left,other,R1711,100k USB5 EN bottom,RC0603FR-07100KL,Resistor_SMD:R_0603_1608Metric,False,front,F.Cu,26.0,85.15,270.0,26.0,85.15,270.0,1.6,0.0,verified_maximum,maximum,0.55,https://www.mouser.com/catalog/specsheets/RC0603.pdf,0.55,,,,8.0,8.55,,,3499effa27ff141a0cebc4ac7929f0bec0777861d0c7ebfdd9b790beb7825343
left,other,R1712,55.6k 0.02% 5ppm USB5 FB top,TNPU060355K6HZEN00,Resistor_SMD:R_0603_1608Metric,False,front,F.Cu,28.25,84.4,0.0,28.25,84.4,0.0,1.6,0.0,verified_maximum,maximum,0.55,https://www.vishay.com/docs/28779/tnpue3.pdf,0.55,,,,8.0,8.55,,,3499effa27ff141a0cebc4ac7929f0bec0777861d0c7ebfdd9b790beb7825343
left,other,R1713,10.2k 0.02% 5ppm USB5 FB bottom,TNPU060310K2HZEN00,Resistor_SMD:R_0603_1608Metric,False,front,F.Cu,32.0,85.9,270.0,32.0,85.9,270.0,1.6,0.0,verified_maximum,maximum,0.55,https://www.vishay.com/docs/28779/tnpue3.pdf,0.55,,,,8.0,8.55,,,3499effa27ff141a0cebc4ac7929f0bec0777861d0c7ebfdd9b790beb7825343
left,other,R1714,100k USB5 PG pull-up,RC0603FR-07100KL,Resistor_SMD:R_0603_1608Metric,False,front,F.Cu,20.6,82.75,0.0,20.6,82.75,0.0,1.6,0.0,verified_maximum,maximum,0.55,https://www.mouser.com/catalog/specsheets/RC0603.pdf,0.55,,,,8.0,8.55,,,3499effa27ff141a0cebc4ac7929f0bec0777861d0c7ebfdd9b790beb7825343
left,other,R1715,10k TEST pull-up,RC0603FR-0710KL,Resistor_SMD:R_0603_1608Metric,False,back,B.Cu,62.95,100.0,180.0,62.95,100.0,180.0,1.6,-1.6,verified_maximum,maximum,0.55,https://www.mouser.com/catalog/specsheets/RC0603.pdf,-2.15,,0.3,-2.45,6.4,5.85,,5.55,3499effa27ff141a0cebc4ac7929f0bec0777861d0c7ebfdd9b790beb7825343
left,other,R1716,10k TEST pull-up,RC0603FR-0710KL,Resistor_SMD:R_0603_1608Metric,False,back,B.Cu,64.7,101.6,180.0,64.7,101.6,180.0,1.6,-1.6,verified_maximum,maximum,0.55,https://www.mouser.com/catalog/specsheets/RC0603.pdf,-2.15,,0.3,-2.45,6.4,5.85,,5.55,3499effa27ff141a0cebc4ac7929f0bec0777861d0c7ebfdd9b790beb7825343
left,other,R1717,10k TEST pull-up,RC0603FR-0710KL,Resistor_SMD:R_0603_1608Metric,False,back,B.Cu,65.4,98.375,270.0,65.4,98.375,270.0,1.6,-1.6,verified_maximum,maximum,0.55,https://www.mouser.com/catalog/specsheets/RC0603.pdf,-2.15,,0.3,-2.45,6.4,5.85,,5.55,3499effa27ff141a0cebc4ac7929f0bec0777861d0c7ebfdd9b790beb7825343
left,other,R1718,10k hub 3V3 supervisor pull-up,RC0603FR-0710KL,Resistor_SMD:R_0603_1608Metric,False,front,F.Cu,44.5,96.7,0.0,44.5,96.7,0.0,1.6,0.0,verified_maximum,maximum,0.55,https://www.mouser.com/catalog/specsheets/RC0603.pdf,0.55,,,,8.0,8.55,,,3499effa27ff141a0cebc4ac7929f0bec0777861d0c7ebfdd9b790beb7825343
left,other,R1720,100k unused SPI pull-down,RC0603FR-07100KL,Resistor_SMD:R_0603_1608Metric,False,front,F.Cu,63.1375,95.25,0.0,63.1375,95.25,0.0,1.6,0.0,verified_maximum,maximum,0.55,https://www.mouser.com/catalog/specsheets/RC0603.pdf,0.55,,,,8.0,8.55,,,3499effa27ff141a0cebc4ac7929f0bec0777861d0c7ebfdd9b790beb7825343
left,other,R1721,100k unused SPI pull-down,RC0603FR-07100KL,Resistor_SMD:R_0603_1608Metric,False,front,F.Cu,66.1375,92.8,0.0,66.1375,92.8,0.0,1.6,0.0,verified_maximum,maximum,0.55,https://www.mouser.com/catalog/specsheets/RC0603.pdf,0.55,,,,8.0,8.55,,,3499effa27ff141a0cebc4ac7929f0bec0777861d0c7ebfdd9b790beb7825343
left,other,R1722,100k unused SPI pull-down,RC0603FR-07100KL,Resistor_SMD:R_0603_1608Metric,False,front,F.Cu,22.0,117.0,0.0,22.0,117.0,0.0,1.6,0.0,verified_maximum,maximum,0.55,https://www.mouser.com/catalog/specsheets/RC0603.pdf,0.55,,,,8.0,8.55,,,3499effa27ff141a0cebc4ac7929f0bec0777861d0c7ebfdd9b790beb7825343
left,other,R1723,100k unused SPI pull-down,RC0603FR-07100KL,Resistor_SMD:R_0603_1608Metric,False,front,F.Cu,63.1375,90.5,0.0,63.1375,90.5,0.0,1.6,0.0,verified_maximum,maximum,0.55,https://www.mouser.com/catalog/specsheets/RC0603.pdf,0.55,,,,8.0,8.55,,,3499effa27ff141a0cebc4ac7929f0bec0777861d0c7ebfdd9b790beb7825343
left,other,R1740,19.1k 1% TPS2553 VBUS plus VCONN ILIM,RC0603FR-0719K1L,Resistor_SMD:R_0603_1608Metric,False,front,F.Cu,16.2875,80.6625,90.0,16.2875,80.6625,90.0,1.6,0.0,verified_maximum,maximum,0.55,https://www.mouser.com/catalog/specsheets/RC0603.pdf,0.55,,,,8.0,8.55,,,3499effa27ff141a0cebc4ac7929f0bec0777861d0c7ebfdd9b790beb7825343
left,other,R1741,4.99k POL pull-up,RC0603FR-074K99L,Resistor_SMD:R_0603_1608Metric,False,front,F.Cu,20.271875,70.590625,270.0,20.271875,70.590625,270.0,1.6,0.0,verified_maximum,maximum,0.55,https://www.mouser.com/catalog/specsheets/RC0603.pdf,0.55,,,,8.0,8.55,,,3499effa27ff141a0cebc4ac7929f0bec0777861d0c7ebfdd9b790beb7825343
left,other,R1742,100k 1% TPS25810 REF,RC0603FR-07100KL,Resistor_SMD:R_0603_1608Metric,False,front,F.Cu,1.919998,61.24,0.0,1.919998,61.24,0.0,1.6,0.0,verified_maximum,maximum,0.55,https://www.mouser.com/catalog/specsheets/RC0603.pdf,0.55,,,,8.0,8.55,,,3499effa27ff141a0cebc4ac7929f0bec0777861d0c7ebfdd9b790beb7825343
left,other,R1750,249R 0.25W TPS25810 OUT discharge,RC1206FR-07249RL,Resistor_SMD:R_1206_3216Metric,False,front,F.Cu,36.79875,62.3,90.0,36.79875,62.3,90.0,1.6,0.0,unverified,,,,,,,,8.0,,,,3499effa27ff141a0cebc4ac7929f0bec0777861d0c7ebfdd9b790beb7825343
left,other,R1780,19.1k 1% TPS2553 VBUS plus VCONN ILIM,RC0603FR-0719K1L,Resistor_SMD:R_0603_1608Metric,False,back,B.Cu,25.35,32.925,90.0,25.35,32.925,90.0,1.6,-1.6,verified_maximum,maximum,0.55,https://www.mouser.com/catalog/specsheets/RC0603.pdf,-2.15,,0.3,-2.45,6.4,5.85,,5.55,3499effa27ff141a0cebc4ac7929f0bec0777861d0c7ebfdd9b790beb7825343
left,other,R1781,4.99k POL pull-up,RC0603FR-074K99L,Resistor_SMD:R_0603_1608Metric,False,back,B.Cu,18.75,25.5,180.0,18.75,25.5,180.0,1.6,-1.6,verified_maximum,maximum,0.55,https://www.mouser.com/catalog/specsheets/RC0603.pdf,-2.15,,0.3,-2.45,6.4,5.85,,5.55,3499effa27ff141a0cebc4ac7929f0bec0777861d0c7ebfdd9b790beb7825343
left,other,R1782,100k 1% TPS25810 REF,RC0603FR-07100KL,Resistor_SMD:R_0603_1608Metric,False,back,B.Cu,18.925,32.6,180.0,18.925,32.6,180.0,1.6,-1.6,verified_maximum,maximum,0.55,https://www.mouser.com/catalog/specsheets/RC0603.pdf,-2.15,,0.3,-2.45,6.4,5.85,,5.55,3499effa27ff141a0cebc4ac7929f0bec0777861d0c7ebfdd9b790beb7825343
left,other,R1790,249R 0.25W TPS25810 OUT discharge,RC1206FR-07249RL,Resistor_SMD:R_1206_3216Metric,False,front,F.Cu,16.125,34.75,180.0,16.125,34.75,180.0,1.6,0.0,unverified,,,,,,,,8.0,,,,3499effa27ff141a0cebc4ac7929f0bec0777861d0c7ebfdd9b790beb7825343
left,other,R1840,10k DS1 PRT_CTL idle pull-up; VBUS is managed by its TCPC,RC0603FR-0710KL,Resistor_SMD:R_0603_1608Metric,False,back,B.Cu,64.7,103.2,180.0,64.7,103.2,180.0,1.6,-1.6,verified_maximum,maximum,0.55,https://www.mouser.com/catalog/specsheets/RC0603.pdf,-2.15,,0.3,-2.45,6.4,5.85,,5.55,3499effa27ff141a0cebc4ac7929f0bec0777861d0c7ebfdd9b790beb7825343
left,other,R1841,"10k DS4 PRT_CTL idle pull-up (J12 branch enable, remote)",RC0603FR-0710KL,Resistor_SMD:R_0603_1608Metric,False,back,B.Cu,62.4,105.475,90.0,62.4,105.475,90.0,1.6,-1.6,verified_maximum,maximum,0.55,https://www.mouser.com/catalog/specsheets/RC0603.pdf,-2.15,,0.3,-2.45,6.4,5.85,,5.55,3499effa27ff141a0cebc4ac7929f0bec0777861d0c7ebfdd9b790beb7825343
left,other,R1850,20.0k 1% TPS2553 1.3A ILIM,RC0603FR-0720KL,Resistor_SMD:R_0603_1608Metric,False,front,F.Cu,16.45,112.15,180.0,16.45,112.15,180.0,1.6,0.0,verified_maximum,maximum,0.55,https://www.mouser.com/catalog/specsheets/RC0603.pdf,0.55,,,,8.0,8.55,,,3499effa27ff141a0cebc4ac7929f0bec0777861d0c7ebfdd9b790beb7825343
left,other,R1851,20.0k 1% TPS2553 1.3A ILIM,RC0603FR-0720KL,Resistor_SMD:R_0603_1608Metric,False,front,F.Cu,21.85,132.574999,90.0,21.85,132.574999,90.0,1.6,0.0,verified_maximum,maximum,0.55,https://www.mouser.com/catalog/specsheets/RC0603.pdf,0.55,,,,8.0,8.55,,,3499effa27ff141a0cebc4ac7929f0bec0777861d0c7ebfdd9b790beb7825343
left,other,R1860,22.1k 0.02% 5ppm USB5 RT,TNPU060322K1HZEN00,Resistor_SMD:R_0603_1608Metric,False,back,B.Cu,29.175,82.9,180.0,29.175,82.9,180.0,1.6,-1.6,verified_maximum,maximum,0.55,https://www.vishay.com/docs/28779/tnpue3.pdf,-2.15,,0.3,-2.45,6.4,5.85,,5.55,3499effa27ff141a0cebc4ac7929f0bec0777861d0c7ebfdd9b790beb7825343
left,other,R1861,29.4k 1% standalone DRSS off,RC0603FR-0729K4L,Resistor_SMD:R_0603_1608Metric,False,back,B.Cu,29.5,85.225,270.0,29.5,85.225,270.0,1.6,-1.6,verified_maximum,maximum,0.55,https://www.mouser.com/catalog/specsheets/RC0603.pdf,-2.15,,0.3,-2.45,6.4,5.85,,5.55,3499effa27ff141a0cebc4ac7929f0bec0777861d0c7ebfdd9b790beb7825343
left,other,R1862,2.49k 0.02% 5ppm USB5 COMP,TNPU06032K49HZEN00,Resistor_SMD:R_0603_1608Metric,False,back,B.Cu,31.5,83.725,270.0,31.5,83.725,270.0,1.6,-1.6,verified_maximum,maximum,0.55,https://www.vishay.com/docs/28779/tnpue3.pdf,-2.15,,0.3,-2.45,6.4,5.85,,5.55,3499effa27ff141a0cebc4ac7929f0bec0777861d0c7ebfdd9b790beb7825343
left,other,R1863,1R USB5 bootstrap damping,RC0603FR-071RL,Resistor_SMD:R_0603_1608Metric,False,front,F.Cu,23.85,79.75,180.0,23.85,79.75,180.0,1.6,0.0,verified_maximum,maximum,0.55,https://www.mouser.com/catalog/specsheets/RC0603.pdf,0.55,,,,8.0,8.55,,,3499effa27ff141a0cebc4ac7929f0bec0777861d0c7ebfdd9b790beb7825343
left,other,R2000,10k shared CC/USB2 protector FLT pull-up,RC0603FR-0710KL,Resistor_SMD:R_0603_1608Metric,False,front,F.Cu,58.22,24.1,0.0,58.22,24.1,0.0,1.6,0.0,verified_maximum,maximum,0.55,https://www.mouser.com/catalog/specsheets/RC0603.pdf,0.55,,,,8.0,8.55,,,3499effa27ff141a0cebc4ac7929f0bec0777861d0c7ebfdd9b790beb7825343
left,other,R2001,2.2k EEPROM SDA pull-up,RC0603FR-072K2L,Resistor_SMD:R_0603_1608Metric,False,front,F.Cu,57.475,37.5,0.0,57.475,37.5,0.0,1.6,0.0,verified_maximum,maximum,0.55,https://www.mouser.com/catalog/specsheets/RC0603.pdf,0.55,,,,8.0,8.55,,,3499effa27ff141a0cebc4ac7929f0bec0777861d0c7ebfdd9b790beb7825343
left,other,R2002,2.2k EEPROM SCL pull-up,RC0603FR-072K2L,Resistor_SMD:R_0603_1608Metric,False,front,F.Cu,56.475,29.615,270.0,56.475,29.615,270.0,1.6,0.0,verified_maximum,maximum,0.55,https://www.mouser.com/catalog/specsheets/RC0603.pdf,0.55,,,,8.0,8.55,,,3499effa27ff141a0cebc4ac7929f0bec0777861d0c7ebfdd9b790beb7825343
left,other,R2003,4.7k TCPC SDA pull-up,RC0603FR-074K7L,Resistor_SMD:R_0603_1608Metric,False,back,B.Cu,35.875,31.7,90.0,35.875,31.7,90.0,1.6,-1.6,verified_maximum,maximum,0.55,https://www.mouser.com/catalog/specsheets/RC0603.pdf,-2.15,,0.3,-2.45,6.4,5.85,,5.55,3499effa27ff141a0cebc4ac7929f0bec0777861d0c7ebfdd9b790beb7825343
left,other,R2004,4.7k TCPC SCL pull-up,RC0603FR-074K7L,Resistor_SMD:R_0603_1608Metric,False,back,B.Cu,37.525,31.95,90.0,37.525,31.95,90.0,1.6,-1.6,verified_maximum,maximum,0.55,https://www.mouser.com/catalog/specsheets/RC0603.pdf,-2.15,,0.3,-2.45,6.4,5.85,,5.55,3499effa27ff141a0cebc4ac7929f0bec0777861d0c7ebfdd9b790beb7825343
left,other,R2005,10k TCPC IRQ pull-up,RC0603FR-0710KL,Resistor_SMD:R_0603_1608Metric,False,back,B.Cu,33.85,29.375,0.0,33.85,29.375,0.0,1.6,-1.6,verified_maximum,maximum,0.55,https://www.mouser.com/catalog/specsheets/RC0603.pdf,-2.15,,0.3,-2.45,6.4,5.85,,5.55,3499effa27ff141a0cebc4ac7929f0bec0777861d0c7ebfdd9b790beb7825343
left,other,R2006,10k mux FLIP pull-up,RC0603FR-0710KL,Resistor_SMD:R_0603_1608Metric,False,back,B.Cu,17.9,41.45,270.0,17.9,41.45,270.0,1.6,-1.6,verified_maximum,maximum,0.55,https://www.mouser.com/catalog/specsheets/RC0603.pdf,-2.15,,0.3,-2.45,6.4,5.85,,5.55,3499effa27ff141a0cebc4ac7929f0bec0777861d0c7ebfdd9b790beb7825343
left,other,R2007,10k mux EN pull-up,RC0603FR-0710KL,Resistor_SMD:R_0603_1608Metric,False,front,F.Cu,15.0,41.5,0.0,15.0,41.5,0.0,1.6,0.0,verified_maximum,maximum,0.55,https://www.mouser.com/catalog/specsheets/RC0603.pdf,0.55,,,,8.0,8.55,,,3499effa27ff141a0cebc4ac7929f0bec0777861d0c7ebfdd9b790beb7825343
left,other,R2008,1k TUSB1142 MODE=0 strap,RC0603FR-071KL,Resistor_SMD:R_0603_1608Metric,False,front,F.Cu,20.95,48.575,270.0,20.95,48.575,270.0,1.6,0.0,verified_maximum,maximum,0.55,https://www.mouser.com/catalog/specsheets/RC0603.pdf,0.55,,,,8.0,8.55,,,3499effa27ff141a0cebc4ac7929f0bec0777861d0c7ebfdd9b790beb7825343
left,other,R2009,1k TUSB1142 VIO=3V3 strap,RC0603FR-071KL,Resistor_SMD:R_0603_1608Metric,False,back,B.Cu,21.3,50.2,0.0,21.3,50.2,0.0,1.6,-1.6,verified_maximum,maximum,0.55,https://www.mouser.com/catalog/specsheets/RC0603.pdf,-2.15,,0.3,-2.45,6.4,5.85,,5.55,3499effa27ff141a0cebc4ac7929f0bec0777861d0c7ebfdd9b790beb7825343
left,other,R2010,1k TUSB1142 EQCFG=0 strap,RC0603FR-071KL,Resistor_SMD:R_0603_1608Metric,False,front,F.Cu,15.9,53.3,270.0,15.9,53.3,270.0,1.6,0.0,verified_maximum,maximum,0.55,https://www.mouser.com/catalog/specsheets/RC0603.pdf,0.55,,,,8.0,8.55,,,3499effa27ff141a0cebc4ac7929f0bec0777861d0c7ebfdd9b790beb7825343
left,other,R2011,1k TUSB1142 SSEQ1=0 strap,RC0603FR-071KL,Resistor_SMD:R_0603_1608Metric,False,back,B.Cu,15.5,53.8,270.0,15.5,53.8,270.0,1.6,-1.6,verified_maximum,maximum,0.55,https://www.mouser.com/catalog/specsheets/RC0603.pdf,-2.15,,0.3,-2.45,6.4,5.85,,5.55,3499effa27ff141a0cebc4ac7929f0bec0777861d0c7ebfdd9b790beb7825343
left,other,R2012,10k TUSB1142 SLP_S0# pull-up,RC0603FR-0710KL,Resistor_SMD:R_0603_1608Metric,False,front,F.Cu,17.55,53.3,90.0,17.55,53.3,90.0,1.6,0.0,verified_maximum,maximum,0.55,https://www.mouser.com/catalog/specsheets/RC0603.pdf,0.55,,,,8.0,8.55,,,3499effa27ff141a0cebc4ac7929f0bec0777861d0c7ebfdd9b790beb7825343
left,other,R2013,100k mux FLIP input default-low,RC0603FR-07100KL,Resistor_SMD:R_0603_1608Metric,False,back,B.Cu,35.875,25.7,90.0,35.875,25.7,90.0,1.6,-1.6,verified_maximum,maximum,0.55,https://www.mouser.com/catalog/specsheets/RC0603.pdf,-2.15,,0.3,-2.45,6.4,5.85,,5.55,3499effa27ff141a0cebc4ac7929f0bec0777861d0c7ebfdd9b790beb7825343
left,other,R2014,100k data-attach input default-low,RC0603FR-07100KL,Resistor_SMD:R_0603_1608Metric,False,back,B.Cu,40.525,22.25,90.0,40.525,22.25,90.0,1.6,-1.6,verified_maximum,maximum,0.55,https://www.mouser.com/catalog/specsheets/RC0603.pdf,-2.15,,0.3,-2.45,6.4,5.85,,5.55,3499effa27ff141a0cebc4ac7929f0bec0777861d0c7ebfdd9b790beb7825343
left,other,R2015,10k I2Cc IRQ inactive pull-up,RC0603FR-0710KL,Resistor_SMD:R_0603_1608Metric,False,back,B.Cu,39.875,31.95,90.0,39.875,31.95,90.0,1.6,-1.6,verified_maximum,maximum,0.55,https://www.mouser.com/catalog/specsheets/RC0603.pdf,-2.15,,0.3,-2.45,6.4,5.85,,5.55,3499effa27ff141a0cebc4ac7929f0bec0777861d0c7ebfdd9b790beb7825343
left,other,R2016,100k USB2 switch default-disable pull-up,RC0603FR-07100KL,Resistor_SMD:R_0603_1608Metric,False,back,B.Cu,27.025,48.0,180.0,27.025,48.0,180.0,1.6,-1.6,verified_maximum,maximum,0.55,https://www.mouser.com/catalog/specsheets/RC0603.pdf,-2.15,,0.3,-2.45,6.4,5.85,,5.55,3499effa27ff141a0cebc4ac7929f0bec0777861d0c7ebfdd9b790beb7825343
left,other,R2017,0R protector FLT wired-OR link,RC0603FR-070RL,Resistor_SMD:R_0603_1608Metric,False,back,B.Cu,11.8,51.175,270.0,11.8,51.175,270.0,1.6,-1.6,verified_maximum,maximum,0.55,https://www.mouser.com/catalog/specsheets/RC0603.pdf,-2.15,,0.3,-2.45,6.4,5.85,,5.55,3499effa27ff141a0cebc4ac7929f0bec0777861d0c7ebfdd9b790beb7825343
left,other,R2018,100k DFP-role input default-low,RC0603FR-07100KL,Resistor_SMD:R_0603_1608Metric,False,back,B.Cu,41.275,28.85,270.0,41.275,28.85,270.0,1.6,-1.6,verified_maximum,maximum,0.55,https://www.mouser.com/catalog/specsheets/RC0603.pdf,-2.15,,0.3,-2.45,6.4,5.85,,5.55,3499effa27ff141a0cebc4ac7929f0bec0777861d0c7ebfdd9b790beb7825343
left,pd1_input,R2080,1k 1W switched input discharge,RC2512FR-071KL,Resistor_SMD:R_2512_6332Metric,False,back,B.Cu,54.5,30.0,0.0,54.5,30.0,0.0,1.6,-1.6,verified_maximum,maximum,0.65,https://yageogroup.com/content/datasheet/asset/file/PYU-RC_51_ROHS_P,-2.25,,0.3,-2.55,6.4,5.75,,5.45,3499effa27ff141a0cebc4ac7929f0bec0777861d0c7ebfdd9b790beb7825343
left,pd1_input,R2081,100k discharge gate default-low,RC0603FR-07100KL,Resistor_SMD:R_0603_1608Metric,False,back,B.Cu,54.5,37.1,0.0,54.5,37.1,0.0,1.6,-1.6,verified_maximum,maximum,0.55,https://www.mouser.com/catalog/specsheets/RC0603.pdf,-2.15,,0.3,-2.45,6.4,5.85,,5.55,3499effa27ff141a0cebc4ac7929f0bec0777861d0c7ebfdd9b790beb7825343
left,pd1_input,R2082,1k IMON load,RC0603FR-071KL,Resistor_SMD:R_0603_1608Metric,False,front,F.Cu,50.375,32.125,270.0,50.375,32.125,270.0,1.6,0.0,verified_maximum,maximum,0.55,https://www.mouser.com/catalog/specsheets/RC0603.pdf,0.55,,,,8.0,8.55,,,3499effa27ff141a0cebc4ac7929f0bec0777861d0c7ebfdd9b790beb7825343
left,pd1_input,R2083,267R 0.1% sink breaker; 5.58A nominal,RT0603BRD07267RL,Resistor_SMD:R_0603_1608Metric,False,front,F.Cu,48.775,32.125,270.0,48.775,32.125,270.0,1.6,0.0,verified_maximum,maximum,0.55,https://www.datasheets.com/yageo/RT0603BRD0710RL/datasheet.pdf,0.55,,,,8.0,8.55,,,3499effa27ff141a0cebc4ac7929f0bec0777861d0c7ebfdd9b790beb7825343
left,pd1_input,R2084,47k sink enable default-off,RC0603FR-0747KL,Resistor_SMD:R_0603_1608Metric,False,front,F.Cu,46.5,29.625,270.0,46.5,29.625,270.0,1.6,0.0,verified_maximum,maximum,0.55,https://www.mouser.com/catalog/specsheets/RC0603.pdf,0.55,,,,8.0,8.55,,,3499effa27ff141a0cebc4ac7929f0bec0777861d0c7ebfdd9b790beb7825343
left,pd1_input,R2085,10k sink enable series,RC0603FR-0710KL,Resistor_SMD:R_0603_1608Metric,False,back,B.Cu,47.5,32.0,180.0,47.5,32.0,180.0,1.6,-1.6,verified_maximum,maximum,0.55,https://www.mouser.com/catalog/specsheets/RC0603.pdf,-2.15,,0.3,-2.45,6.4,5.85,,5.55,3499effa27ff141a0cebc4ac7929f0bec0777861d0c7ebfdd9b790beb7825343
left,pd1_input,R2086,150k sink PG pull-up; valid with input off,RC0603FR-07150KL,Resistor_SMD:R_0603_1608Metric,False,front,F.Cu,54.0,30.375,180.0,54.0,30.375,180.0,1.6,0.0,verified_maximum,maximum,0.55,https://www.mouser.com/catalog/specsheets/RC0603.pdf,0.55,,,,8.0,8.55,,,3499effa27ff141a0cebc4ac7929f0bec0777861d0c7ebfdd9b790beb7825343
left,other,R2140,76.8k 0.02% 5ppm 5..20V UV top,TNPU060376K8HZEN00,Resistor_SMD:R_0603_1608Metric,False,front,F.Cu,35.0,47.2,270.0,35.0,47.2,270.0,1.6,0.0,verified_maximum,maximum,0.55,https://www.vishay.com/docs/28779/tnpue3.pdf,0.55,,,,8.0,8.55,,,3499effa27ff141a0cebc4ac7929f0bec0777861d0c7ebfdd9b790beb7825343
left,other,R2141,21.5k 0.02% 5ppm 5..20V window middle,TNPU060321K5HZEN00,Resistor_SMD:R_0603_1608Metric,False,front,F.Cu,34.8,50.4,270.0,34.8,50.4,270.0,1.6,0.0,verified_maximum,maximum,0.55,https://www.vishay.com/docs/28779/tnpue3.pdf,0.55,,,,8.0,8.55,,,3499effa27ff141a0cebc4ac7929f0bec0777861d0c7ebfdd9b790beb7825343
left,other,R2142,4.53k 0.02% 5ppm 5..20V OV bottom,TNPU06034K53HZEN00,Resistor_SMD:R_0603_1608Metric,False,front,F.Cu,32.549999,48.4,180.0,32.549999,48.4,180.0,1.6,0.0,verified_maximum,maximum,0.55,https://www.vishay.com/docs/28779/tnpue3.pdf,0.55,,,,8.0,8.55,,,3499effa27ff141a0cebc4ac7929f0bec0777861d0c7ebfdd9b790beb7825343
left,other,R2146,10k PD1 VALID pull-up,RC0603FR-0710KL,Resistor_SMD:R_0603_1608Metric,False,front,F.Cu,38.4,52.9,90.0,38.4,52.9,90.0,1.6,0.0,verified_maximum,maximum,0.55,https://www.mouser.com/catalog/specsheets/RC0603.pdf,0.55,,,,8.0,8.55,,,3499effa27ff141a0cebc4ac7929f0bec0777861d0c7ebfdd9b790beb7825343
left,other,R2400,10k,RC0603FR-0710KL,Resistor_SMD:R_0603_1608Metric,False,front,F.Cu,44.8875,106.45,0.0,44.8875,106.45,0.0,1.6,0.0,verified_maximum,maximum,0.55,https://www.mouser.com/catalog/specsheets/RC0603.pdf,0.55,,,,8.0,8.55,,,3499effa27ff141a0cebc4ac7929f0bec0777861d0c7ebfdd9b790beb7825343
left,other,R2401,10k,RC0603FR-0710KL,Resistor_SMD:R_0603_1608Metric,False,back,B.Cu,49.875,84.025,180.0,49.875,84.025,180.0,1.6,-1.6,verified_maximum,maximum,0.55,https://www.mouser.com/catalog/specsheets/RC0603.pdf,-2.15,,0.3,-2.45,6.4,5.85,,5.55,3499effa27ff141a0cebc4ac7929f0bec0777861d0c7ebfdd9b790beb7825343
left,other,R2402,10k,RC0603FR-0710KL,Resistor_SMD:R_0603_1608Metric,False,front,F.Cu,40.55,100.75,270.0,40.55,100.75,270.0,1.6,0.0,verified_maximum,maximum,0.55,https://www.mouser.com/catalog/specsheets/RC0603.pdf,0.55,,,,8.0,8.55,,,3499effa27ff141a0cebc4ac7929f0bec0777861d0c7ebfdd9b790beb7825343
left,other,R2403,100k,RC0603FR-07100KL,Resistor_SMD:R_0603_1608Metric,False,front,F.Cu,36.0,32.9,90.0,36.0,32.9,90.0,1.6,0.0,verified_maximum,maximum,0.55,https://www.mouser.com/catalog/specsheets/RC0603.pdf,0.55,,,,8.0,8.55,,,3499effa27ff141a0cebc4ac7929f0bec0777861d0c7ebfdd9b790beb7825343
left,other,R2405,100k,RC0603FR-07100KL,Resistor_SMD:R_0603_1608Metric,False,front,F.Cu,29.9,32.975,270.0,29.9,32.975,270.0,1.6,0.0,verified_maximum,maximum,0.55,https://www.mouser.com/catalog/specsheets/RC0603.pdf,0.55,,,,8.0,8.55,,,3499effa27ff141a0cebc4ac7929f0bec0777861d0c7ebfdd9b790beb7825343
left,other,R2406,100k,RC0603FR-07100KL,Resistor_SMD:R_0603_1608Metric,False,front,F.Cu,17.8625,89.8,90.0,17.8625,89.8,90.0,1.6,0.0,verified_maximum,maximum,0.55,https://www.mouser.com/catalog/specsheets/RC0603.pdf,0.55,,,,8.0,8.55,,,3499effa27ff141a0cebc4ac7929f0bec0777861d0c7ebfdd9b790beb7825343
left,other,R2407,100k,RC0603FR-07100KL,Resistor_SMD:R_0603_1608Metric,False,front,F.Cu,42.6375,141.275,180.0,42.6375,141.275,180.0,1.6,0.0,verified_maximum,maximum,0.55,https://www.mouser.com/catalog/specsheets/RC0603.pdf,0.55,,,,8.0,8.55,,,3499effa27ff141a0cebc4ac7929f0bec0777861d0c7ebfdd9b790beb7825343
left,other,R2408,100k,RC0603FR-07100KL,Resistor_SMD:R_0603_1608Metric,False,front,F.Cu,42.6375,142.925,180.0,42.6375,142.925,180.0,1.6,0.0,verified_maximum,maximum,0.55,https://www.mouser.com/catalog/specsheets/RC0603.pdf,0.55,,,,8.0,8.55,,,3499effa27ff141a0cebc4ac7929f0bec0777861d0c7ebfdd9b790beb7825343
left,other,R2410,100k,RC0603FR-07100KL,Resistor_SMD:R_0603_1608Metric,False,front,F.Cu,42.6375,139.375,180.0,42.6375,139.375,180.0,1.6,0.0,verified_maximum,maximum,0.55,https://www.mouser.com/catalog/specsheets/RC0603.pdf,0.55,,,,8.0,8.55,,,3499effa27ff141a0cebc4ac7929f0bec0777861d0c7ebfdd9b790beb7825343
left,other,R2412,10k,RC0603FR-0710KL,Resistor_SMD:R_0603_1608Metric,False,front,F.Cu,53.3625,141.625,180.0,53.3625,141.625,180.0,1.6,0.0,verified_maximum,maximum,0.55,https://www.mouser.com/catalog/specsheets/RC0603.pdf,0.55,,,,8.0,8.55,,,3499effa27ff141a0cebc4ac7929f0bec0777861d0c7ebfdd9b790beb7825343
left,other,R2413,10k,RC0603FR-0710KL,Resistor_SMD:R_0603_1608Metric,False,front,F.Cu,35.658333,37.4,180.0,35.658333,37.4,180.0,1.6,0.0,verified_maximum,maximum,0.55,https://www.mouser.com/catalog/specsheets/RC0603.pdf,0.55,,,,8.0,8.55,,,3499effa27ff141a0cebc4ac7929f0bec0777861d0c7ebfdd9b790beb7825343
left,other,R2420,100k,RC0603FR-07100KL,Resistor_SMD:R_0603_1608Metric,False,front,F.Cu,42.6375,137.725,180.0,42.6375,137.725,180.0,1.6,0.0,verified_maximum,maximum,0.55,https://www.mouser.com/catalog/specsheets/RC0603.pdf,0.55,,,,8.0,8.55,,,3499effa27ff141a0cebc4ac7929f0bec0777861d0c7ebfdd9b790beb7825343
left,other,R2421,100k,RC0603FR-07100KL,Resistor_SMD:R_0603_1608Metric,False,front,F.Cu,33.7,101.25,180.0,33.7,101.25,180.0,1.6,0.0,verified_maximum,maximum,0.55,https://www.mouser.com/catalog/specsheets/RC0603.pdf,0.55,,,,8.0,8.55,,,3499effa27ff141a0cebc4ac7929f0bec0777861d0c7ebfdd9b790beb7825343
left,other,R2422,100k,RC0603FR-07100KL,Resistor_SMD:R_0603_1608Metric,False,front,F.Cu,42.1125,109.3,90.0,42.1125,109.3,90.0,1.6,0.0,verified_maximum,maximum,0.55,https://www.mouser.com/catalog/specsheets/RC0603.pdf,0.55,,,,8.0,8.55,,,3499effa27ff141a0cebc4ac7929f0bec0777861d0c7ebfdd9b790beb7825343
left,other,R2423,100k,RC0603FR-07100KL,Resistor_SMD:R_0603_1608Metric,False,front,F.Cu,53.3625,143.125,0.0,53.3625,143.125,0.0,1.6,0.0,verified_maximum,maximum,0.55,https://www.mouser.com/catalog/specsheets/RC0603.pdf,0.55,,,,8.0,8.55,,,3499effa27ff141a0cebc4ac7929f0bec0777861d0c7ebfdd9b790beb7825343
left,other,R2424,12.7k 1%,RC0603FR-0712K7L,Resistor_SMD:R_0603_1608Metric,False,front,F.Cu,56.3625,137.225,90.0,56.3625,137.225,90.0,1.6,0.0,verified_maximum,maximum,0.55,https://www.mouser.com/catalog/specsheets/RC0603.pdf,0.55,,,,8.0,8.55,,,3499effa27ff141a0cebc4ac7929f0bec0777861d0c7ebfdd9b790beb7825343
left,other,R2425,12.7k 1%,RC0603FR-0712K7L,Resistor_SMD:R_0603_1608Metric,False,front,F.Cu,56.6125,139.825,0.0,56.6125,139.825,0.0,1.6,0.0,verified_maximum,maximum,0.55,https://www.mouser.com/catalog/specsheets/RC0603.pdf,0.55,,,,8.0,8.55,,,3499effa27ff141a0cebc4ac7929f0bec0777861d0c7ebfdd9b790beb7825343
left,other,R2426,100k,RC0603FR-07100KL,Resistor_SMD:R_0603_1608Metric,False,front,F.Cu,40.3625,112.5,180.0,40.3625,112.5,180.0,1.6,0.0,verified_maximum,maximum,0.55,https://www.mouser.com/catalog/specsheets/RC0603.pdf,0.55,,,,8.0,8.55,,,3499effa27ff141a0cebc4ac7929f0bec0777861d0c7ebfdd9b790beb7825343
left,other,R2427,100k,RC0603FR-07100KL,Resistor_SMD:R_0603_1608Metric,False,front,F.Cu,53.3625,139.025,0.0,53.3625,139.025,0.0,1.6,0.0,verified_maximum,maximum,0.55,https://www.mouser.com/catalog/specsheets/RC0603.pdf,0.55,,,,8.0,8.55,,,3499effa27ff141a0cebc4ac7929f0bec0777861d0c7ebfdd9b790beb7825343
left,other,R2429,10k,RC0603FR-0710KL,Resistor_SMD:R_0603_1608Metric,False,front,F.Cu,39.05,103.75,270.0,39.05,103.75,270.0,1.6,0.0,verified_maximum,maximum,0.55,https://www.mouser.com/catalog/specsheets/RC0603.pdf,0.55,,,,8.0,8.55,,,3499effa27ff141a0cebc4ac7929f0bec0777861d0c7ebfdd9b790beb7825343
left,other,R2440,0.33,ERJ3RQFR33V,Resistor_SMD:R_0603_1608Metric,False,front,F.Cu,59.095,26.5,270.0,59.095,26.5,270.0,1.6,0.0,unverified,,,,,,,,8.0,,,,3499effa27ff141a0cebc4ac7929f0bec0777861d0c7ebfdd9b790beb7825343
left,other,R2441,0.33,ERJ3RQFR33V,Resistor_SMD:R_0603_1608Metric,False,front,F.Cu,59.095,42.5,90.0,59.095,42.5,90.0,1.6,0.0,unverified,,,,,,,,8.0,,,,3499effa27ff141a0cebc4ac7929f0bec0777861d0c7ebfdd9b790beb7825343
left,other,RS1860,10mOhm 1% 1W USB5 sense; parallel pair gives 5mOhm,ERJ8CWFR010V,ducktop2:Panasonic_ERJ8CW_10to16m,False,front,F.Cu,43.0,84.5,270.0,43.0,84.5,270.0,1.6,0.0,unverified,,,,,,,,8.0,,,,3499effa27ff141a0cebc4ac7929f0bec0777861d0c7ebfdd9b790beb7825343
left,other,RS1861,10mOhm 1% 1W USB5 sense; parallel pair gives 5mOhm,ERJ8CWFR010V,ducktop2:Panasonic_ERJ8CW_10to16m,False,front,F.Cu,46.0,84.5,270.0,46.0,84.5,270.0,1.6,0.0,unverified,,,,,,,,8.0,,,,3499effa27ff141a0cebc4ac7929f0bec0777861d0c7ebfdd9b790beb7825343
left,other,U14,LTC4418IUF#PBF dual-input PD selector (V1 = J21),LTC4418IUF#PBF,ducktop2:ADI_UF20_QFN20_4x4_P0.5_EP2.45,False,front,F.Cu,38.2,48.4,0.0,38.2,48.4,0.0,1.6,0.0,unverified,,,,,,,,8.0,,,,3499effa27ff141a0cebc4ac7929f0bec0777861d0c7ebfdd9b790beb7825343
left,other,U41,TPS25751AD USB-PD DRP controller,TPS25751ADREFR,Package_DFN_QFN:Texas_REF0038A_WQFN-38-2EP_6x4mm_P0.4,False,front,F.Cu,37.87,28.69,0.0,37.87,28.69,0.0,1.6,0.0,unverified,,,,,,,,8.0,,,,3499effa27ff141a0cebc4ac7929f0bec0777861d0c7ebfdd9b790beb7825343
left,pd1_input,U720,TPS259827ONRGER PD1 sink breaker,TPS259827ONRGER,ducktop2:Texas_RGE0024M_QFN24_4x4_2EP,False,front,F.Cu,49.9,28.0,0.0,49.9,28.0,0.0,1.6,0.0,verified_maximum,maximum,1.0,https://www.ti.com/lit/ds/symlink/tps25982.pdf,1.0,,,,8.0,9.0,,,3499effa27ff141a0cebc4ac7929f0bec0777861d0c7ebfdd9b790beb7825343
left,other,U1700,USB7206C-I/KDX six-port USB 3.2 Gen 2 hub,USB7206C-I/KDX,Package_DFN_QFN:VQFN-100-1EP_12x12mm_P0.4mm_EP8x8mm_ThermalVias,False,front,F.Cu,54.8,100.0,0.0,54.8,100.0,0.0,1.6,0.0,unverified,,,,,,,,8.0,,,,3499effa27ff141a0cebc4ac7929f0bec0777861d0c7ebfdd9b790beb7825343
left,other,U1701,TPS62823DLC 3A USB7206C 1.146V core buck,TPS62823DLC,Package_SON:Texas_VSON-HR-8_1.5x2mm_P0.5mm,False,front,F.Cu,51.0,114.0,0.0,51.0,114.0,0.0,1.6,0.0,unverified,,,,,,,,8.0,,,,3499effa27ff141a0cebc4ac7929f0bec0777861d0c7ebfdd9b790beb7825343
left,other,U1702,TLV803EA29 USB hub reset supervisor,TLV803EA29RDBZR,Package_TO_SOT_SMD:SOT-23-3,False,back,B.Cu,45.05,99.55,180.0,45.05,99.55,180.0,1.6,-1.6,verified_maximum,maximum,1.12,https://www.ti.com/lit/ds/symlink/tlv803e.pdf,-2.72,,0.3,-3.02,6.4,5.28,,4.98,3499effa27ff141a0cebc4ac7929f0bec0777861d0c7ebfdd9b790beb7825343
left,other,U1703,LM706A0RRXR USB5 5.161V; 6.5A design envelope,LM706A0RRXR,ducktop2:Texas_RRX0029B_VQFN-29_6x6mm,False,front,F.Cu,29.0,80.0,0.0,29.0,80.0,0.0,1.6,0.0,unverified,,,,,,,,8.0,,,,3499effa27ff141a0cebc4ac7929f0bec0777861d0c7ebfdd9b790beb7825343
left,other,U1704,SN74LVC1G08 hub 3V3/core-PG reset gate,SN74LVC1G08DBVR,Package_TO_SOT_SMD:SOT-23-5,False,back,B.Cu,47.825,96.15,0.0,47.825,96.15,0.0,1.6,-1.6,verified_maximum,maximum,1.45,https://www.ti.com/lit/ds/symlink/sn74lvc1g08.pdf,-3.05,,0.3,-3.35,6.4,4.95,,4.65,3499effa27ff141a0cebc4ac7929f0bec0777861d0c7ebfdd9b790beb7825343
left,other,U1740,TPS2553DDBVR 1.3A USB branch,TPS2553DDBVR,Package_TO_SOT_SMD:SOT-23-6,False,front,F.Cu,16.2875,84.3,90.0,16.2875,84.3,90.0,1.6,0.0,verified_maximum,maximum,1.45,https://www.ti.com/lit/ds/symlink/tps2553.pdf,1.45,,,,8.0,9.45,,,3499effa27ff141a0cebc4ac7929f0bec0777861d0c7ebfdd9b790beb7825343
left,other,U1741,TPS25810RVCR Type-C DFP controller,TPS25810RVCR,Package_DFN_QFN:Texas_RVC0020A_WQFN-20-1EP_3x4mm_P0.5mm_EP1.6x2.6mm,False,front,F.Cu,3.069998,58.49,270.0,3.069998,58.49,270.0,1.6,0.0,unverified,,,,,,,,8.0,,,,3499effa27ff141a0cebc4ac7929f0bec0777861d0c7ebfdd9b790beb7825343
left,other,U1742,HD3SS6126RUAR USB3 orientation mux,HD3SS6126RUAR,Package_DFN_QFN:WQFN-42-1EP_3.5x9mm_P0.5mm_EP2.05x7.55mm_ThermalVias,False,front,F.Cu,15.4125,70.2,180.0,15.4125,70.2,180.0,1.6,0.0,unverified,,,,,,,,8.0,,,,3499effa27ff141a0cebc4ac7929f0bec0777861d0c7ebfdd9b790beb7825343
left,other,U1743,TPD1S514-1YZR 5.9V VBUS OVP,TPD1S514-1YZR,ducktop2:Texas_TPD1S514_YZ_WCSP-12_1.99x1.29mm_P0.5mm,False,front,F.Cu,24.0,85.5,0.0,24.0,85.5,0.0,1.6,0.0,unverified,,,,,,,,8.0,,,,3499effa27ff141a0cebc4ac7929f0bec0777861d0c7ebfdd9b790beb7825343
left,other,U1745,TPD4E05U06 USB2/CC ESD,TPD4E05U06DQAR,Package_SON:USON-10_2.5x1.0mm_P0.5mm,False,front,F.Cu,10.385,70.35,0.0,10.385,70.35,0.0,1.6,0.0,unverified,,,,,,,,8.0,,,,3499effa27ff141a0cebc4ac7929f0bec0777861d0c7ebfdd9b790beb7825343
left,other,U1780,TPS2553DDBVR 1.3A USB branch,TPS2553DDBVR,Package_TO_SOT_SMD:SOT-23-6,False,front,F.Cu,26.5,34.5,180.0,26.5,34.5,180.0,1.6,0.0,verified_maximum,maximum,1.45,https://www.ti.com/lit/ds/symlink/tps2553.pdf,1.45,,,,8.0,9.45,,,3499effa27ff141a0cebc4ac7929f0bec0777861d0c7ebfdd9b790beb7825343
left,other,U1781,TPS25810RVCR Type-C DFP controller,TPS25810RVCR,Package_DFN_QFN:Texas_RVC0020A_WQFN-20-1EP_3x4mm_P0.5mm_EP1.6x2.6mm,False,front,F.Cu,20.5,34.5,180.0,20.5,34.5,180.0,1.6,0.0,unverified,,,,,,,,8.0,,,,3499effa27ff141a0cebc4ac7929f0bec0777861d0c7ebfdd9b790beb7825343
left,other,U1782,HD3SS6126RUAR USB3 orientation mux,HD3SS6126RUAR,Package_DFN_QFN:WQFN-42-1EP_3.5x9mm_P0.5mm_EP2.05x7.55mm_ThermalVias,False,front,F.Cu,16.0,25.5,180.0,16.0,25.5,180.0,1.6,0.0,unverified,,,,,,,,8.0,,,,3499effa27ff141a0cebc4ac7929f0bec0777861d0c7ebfdd9b790beb7825343
left,other,U1783,TPD1S514-1YZR 5.9V VBUS OVP,TPD1S514-1YZR,ducktop2:Texas_TPD1S514_YZ_WCSP-12_1.99x1.29mm_P0.5mm,False,front,F.Cu,11.0,32.0,180.0,11.0,32.0,180.0,1.6,0.0,unverified,,,,,,,,8.0,,,,3499effa27ff141a0cebc4ac7929f0bec0777861d0c7ebfdd9b790beb7825343
left,other,U1785,TPD4E05U06 USB2/CC ESD,TPD4E05U06DQAR,Package_SON:USON-10_2.5x1.0mm_P0.5mm,False,front,F.Cu,10.1,25.0,0.0,10.1,25.0,0.0,1.6,0.0,unverified,,,,,,,,8.0,,,,3499effa27ff141a0cebc4ac7929f0bec0777861d0c7ebfdd9b790beb7825343
left,other,U1800,TPS2553DDBVR USB3-A VBUS branch 1.3A,TPS2553DDBVR,Package_TO_SOT_SMD:SOT-23-6,False,front,F.Cu,16.9875,114.95,90.0,16.9875,114.95,90.0,1.6,0.0,verified_maximum,maximum,1.45,https://www.ti.com/lit/ds/symlink/tps2553.pdf,1.45,,,,8.0,9.45,,,3499effa27ff141a0cebc4ac7929f0bec0777861d0c7ebfdd9b790beb7825343
left,other,U1801,USBLC6-2P6 USB3-A D+/D- ESD,USBLC6-2P6,Package_TO_SOT_SMD:SOT-666,False,front,F.Cu,13.75,114.95,180.0,13.75,114.95,180.0,1.6,0.0,verified_maximum,maximum,0.62,https://www.st.com/resource/en/datasheet/usblc6-2.pdf,0.62,,,,8.0,8.62,,,3499effa27ff141a0cebc4ac7929f0bec0777861d0c7ebfdd9b790beb7825343
left,other,U1802,TPD4E05U06 USB3-A SuperSpeed ESD,TPD4E05U06DQAR,Package_SON:USON-10_2.5x1.0mm_P0.5mm,False,front,F.Cu,13.115,117.55,0.0,13.115,117.55,0.0,1.6,0.0,unverified,,,,,,,,8.0,,,,3499effa27ff141a0cebc4ac7929f0bec0777861d0c7ebfdd9b790beb7825343
left,other,U1803,TPS2553DDBVR USB2-A VBUS branch 1.3A,TPS2553DDBVR,Package_TO_SOT_SMD:SOT-23-6,False,front,F.Cu,21.85,136.2125,90.0,21.85,136.2125,90.0,1.6,0.0,verified_maximum,maximum,1.45,https://www.ti.com/lit/ds/symlink/tps2553.pdf,1.45,,,,8.0,9.45,,,3499effa27ff141a0cebc4ac7929f0bec0777861d0c7ebfdd9b790beb7825343
left,other,U1804,USBLC6-2P6 USB2-A D+/D- ESD,USBLC6-2P6,Package_TO_SOT_SMD:SOT-666,False,front,F.Cu,15.25,137.4475,180.0,15.25,137.4475,180.0,1.6,0.0,verified_maximum,maximum,0.62,https://www.st.com/resource/en/datasheet/usblc6-2.pdf,0.62,,,,8.0,8.62,,,3499effa27ff141a0cebc4ac7929f0bec0777861d0c7ebfdd9b790beb7825343
left,other,U2000,TUSB1142 USB 3.2 Gen 2 orientation redriver,TUSB1142IRNQR,Package_DFN_QFN:Texas_RNQ0040A_WQFN-40-1EP_6x4mm_P0.4mm_EP4.7x2.7mm_ThermalVias,False,front,F.Cu,17.5,48.0,90.0,17.5,48.0,90.0,1.6,0.0,unverified,,,,,,,,8.0,,,,3499effa27ff141a0cebc4ac7929f0bec0777861d0c7ebfdd9b790beb7825343
left,other,U2001,TPD4S201 CC and USB2 short-to-VBUS protector,TPD4S201RUKR,Package_DFN_QFN:Texas_RUK0020B_WQFN-20-1EP_3x3mm_P0.4mm_EP1.7x1.7mm_ThermalVias,False,back,B.Cu,11.4,47.5,0.0,11.4,47.5,0.0,1.6,-1.6,verified_maximum,maximum,0.8,https://www.ti.com/lit/ds/symlink/tpd4s201.pdf,-2.4,,0.3,-2.7,6.4,5.6,,5.3,3499effa27ff141a0cebc4ac7929f0bec0777861d0c7ebfdd9b790beb7825343
left,other,U2002,CAT24C256 32KB private TPS25751A EEPROM,CAT24C256WI-GT3,Package_SO:SOIC-8_3.9x4.9mm_P1.27mm,False,front,F.Cu,55.0,34.0,0.0,55.0,34.0,0.0,1.6,0.0,unverified,,,,,,,,8.0,,,,3499effa27ff141a0cebc4ac7929f0bec0777861d0c7ebfdd9b790beb7825343
left,other,U2003,TS3USB30E DFP-qualified USB2 disconnect,TS3USB30EDGSR,Package_SO:TSSOP-10_3x3mm_P0.5mm,False,back,B.Cu,22.3,47.5,0.0,22.3,47.5,0.0,1.6,-1.6,verified_maximum,maximum,1.1,https://www.ti.com/lit/ds/symlink/ts3usb30e.pdf,-2.7,,0.3,-3.0,6.4,5.3,,5.0,3499effa27ff141a0cebc4ac7929f0bec0777861d0c7ebfdd9b790beb7825343
left,other,U2004,SN74LVC2G07 partial-power-down mux controls,SN74LVC2G07DCKR,Package_TO_SOT_SMD:SOT-363_SC-70-6,False,back,B.Cu,17.05,44.15,0.0,17.05,44.15,0.0,1.6,-1.6,verified_maximum,maximum,1.1,https://www.ti.com/lit/ds/symlink/sn74lvc2g07.pdf,-2.7,,0.3,-3.0,6.4,5.3,,5.0,3499effa27ff141a0cebc4ac7929f0bec0777861d0c7ebfdd9b790beb7825343
left,other,U2005,TVS2200 22V USB VBUS surge clamp,TVS2200DRVR,Package_SON:WSON-6-1EP_2x2mm_P0.65mm_EP1x1.6mm,False,front,F.Cu,8.225,40.6,270.0,8.225,40.6,270.0,1.6,0.0,unverified,,,,,,,,8.0,,,,3499effa27ff141a0cebc4ac7929f0bec0777861d0c7ebfdd9b790beb7825343
left,other,U2006,SN74LVC1G08 DFP and attached qualifier,SN74LVC1G08DBVR,Package_TO_SOT_SMD:SOT-23-5,False,back,B.Cu,41.65,25.575,0.0,41.65,25.575,0.0,1.6,-1.6,verified_maximum,maximum,1.45,https://www.ti.com/lit/ds/symlink/sn74lvc1g08.pdf,-3.05,,0.3,-3.35,6.4,4.95,,4.65,3499effa27ff141a0cebc4ac7929f0bec0777861d0c7ebfdd9b790beb7825343
left,other,U2400,TCA9539PWR USB permissions @0x76,TCA9539PWR,Package_SO:TSSOP-24_4.4x7.8mm_P0.65mm,False,front,F.Cu,48.0,140.0,0.0,48.0,140.0,0.0,1.6,0.0,unverified,,,,,,,,8.0,,,,3499effa27ff141a0cebc4ac7929f0bec0777861d0c7ebfdd9b790beb7825343
left,other,U2401,INA226AIDGSR USB5 monitor @0x40,INA226AIDGSR,Package_SO:TSSOP-10_3x3mm_P0.5mm,False,back,B.Cu,45.15,84.025,180.0,45.15,84.025,180.0,1.6,-1.6,verified_maximum,maximum,1.1,https://www.ti.com/lit/ds/symlink/ina226.pdf,-2.7,,0.3,-3.0,6.4,5.3,,5.0,3499effa27ff141a0cebc4ac7929f0bec0777861d0c7ebfdd9b790beb7825343
left,other,U2402,SN74LVC1G74DCUR USB fault latch,SN74LVC1G74DCUR,ducktop2:TI_DCU0008A_VSSOP8,False,front,F.Cu,37.5,101.0,0.0,37.5,101.0,0.0,1.6,0.0,unverified,,,,,,,,8.0,,,,3499effa27ff141a0cebc4ac7929f0bec0777861d0c7ebfdd9b790beb7825343
left,other,U2403,TPS22992SRXNR J21 PP5V gate,TPS22992SRXNR,ducktop2:Texas_RXN0008A_WQFN-HR-8_1.25x1.25mm,False,front,F.Cu,36.0,35.5,0.0,36.0,35.5,0.0,1.6,0.0,unverified,,,,,,,,8.0,,,,3499effa27ff141a0cebc4ac7929f0bec0777861d0c7ebfdd9b790beb7825343
left,other,U2405,SN74LVC1G08DBVR J22 source permission,SN74LVC1G08DBVR,Package_TO_SOT_SMD:SOT-23-5,False,back,B.Cu,28.775,32.6,180.0,28.775,32.6,180.0,1.6,-1.6,verified_maximum,maximum,1.45,https://www.ti.com/lit/ds/symlink/sn74lvc1g08.pdf,-3.05,,0.3,-3.35,6.4,4.95,,4.65,3499effa27ff141a0cebc4ac7929f0bec0777861d0c7ebfdd9b790beb7825343
left,other,U2406,SN74LVC1G08DBVR J23 source permission,SN74LVC1G08DBVR,Package_TO_SOT_SMD:SOT-23-5,False,front,F.Cu,19.0,93.0,0.0,19.0,93.0,0.0,1.6,0.0,verified_maximum,maximum,1.45,https://www.ti.com/lit/ds/symlink/sn74lvc1g08.pdf,1.45,,,,8.0,9.45,,,3499effa27ff141a0cebc4ac7929f0bec0777861d0c7ebfdd9b790beb7825343
left,other,U2407,SN74LVC1G08DBVR J24 source permission,SN74LVC1G08DBVR,Package_TO_SOT_SMD:SOT-23-5,False,front,F.Cu,31.0,129.0,0.0,31.0,129.0,0.0,1.6,0.0,verified_maximum,maximum,1.45,https://www.ti.com/lit/ds/symlink/sn74lvc1g08.pdf,1.45,,,,8.0,9.45,,,3499effa27ff141a0cebc4ac7929f0bec0777861d0c7ebfdd9b790beb7825343
left,other,U2408,SN74LVC1G08DBVR J25 source permission,SN74LVC1G08DBVR,Package_TO_SOT_SMD:SOT-23-5,False,front,F.Cu,32.0,141.0,0.0,32.0,141.0,0.0,1.6,0.0,verified_maximum,maximum,1.45,https://www.ti.com/lit/ds/symlink/sn74lvc1g08.pdf,1.45,,,,8.0,9.45,,,3499effa27ff141a0cebc4ac7929f0bec0777861d0c7ebfdd9b790beb7825343
left,other,U2410,SN74LVC1G11DCKR USB5 permit AND,SN74LVC1G11DCKR,Package_TO_SOT_SMD:SOT-363_SC-70-6,False,front,F.Cu,37.5,107.0,0.0,37.5,107.0,0.0,1.6,0.0,unverified,,,,,,,,8.0,,,,3499effa27ff141a0cebc4ac7929f0bec0777861d0c7ebfdd9b790beb7825343
left,other,U2411,SN74LVC1G08DBVR raw fault veto,SN74LVC1G08DBVR,Package_TO_SOT_SMD:SOT-23-5,False,front,F.Cu,43.0,104.0,0.0,43.0,104.0,0.0,1.6,0.0,verified_maximum,maximum,1.45,https://www.ti.com/lit/ds/symlink/sn74lvc1g08.pdf,1.45,,,,8.0,9.45,,,3499effa27ff141a0cebc4ac7929f0bec0777861d0c7ebfdd9b790beb7825343
left,other,U2413,SN74LVC1G08DBVR raw OC and SYS5 veto,SN74LVC1G08DBVR,Package_TO_SOT_SMD:SOT-23-5,False,front,F.Cu,44.0,112.5,0.0,44.0,112.5,0.0,1.6,0.0,verified_maximum,maximum,1.45,https://www.ti.com/lit/ds/symlink/sn74lvc1g08.pdf,1.45,,,,8.0,9.45,,,3499effa27ff141a0cebc4ac7929f0bec0777861d0c7ebfdd9b790beb7825343
left,pd1_input,U2630,SN74LVC1G04DBVR discharge control,SN74LVC1G04DBVR,Package_TO_SOT_SMD:SOT-23-5,False,back,B.Cu,50.5,34.5,0.0,50.5,34.5,0.0,1.6,-1.6,verified_maximum,maximum,1.45,https://www.ti.com/lit/ds/symlink/sn74lvc1g04.pdf,-3.05,,0.3,-3.35,6.4,4.95,,4.65,3499effa27ff141a0cebc4ac7929f0bec0777861d0c7ebfdd9b790beb7825343
left,other,Y1700,25.000MHz 3.3V USB hub oscillator,ASDMB-25.000MHZ-LC-T,Oscillator:Oscillator_SMD_Abracon_ASDMB-4Pin_2.5x2.0mm,False,back,B.Cu,50.0,92.2,0.0,50.0,92.2,0.0,1.6,-1.6,verified_maximum,maximum,0.9,https://abracon.com/Oscillators/ASDMB.pdf,-2.5,,0.3,-2.8,6.4,5.5,,5.2,3499effa27ff141a0cebc4ac7929f0bec0777861d0c7ebfdd9b790beb7825343
right,other,C150,100n 16V HDMI AC coupling,GRM155R71C104KA88D,Capacitor_SMD:C_0402_1005Metric,False,front,F.Cu,339.0,65.3,0.0,339.0,65.3,0.0,1.6,0.0,verified_maximum,maximum,0.55,https://www.murata.com/en-global/api/pdfdownloadapi?cate=luCeramicCapacitorsSMD&partno=GRM155R71C104KA88%23,0.55,,,,8.0,8.55,,,a9977a14a190f8afcc0c1334cdbf92d7da6b7722dc7ebd4f046e842fb733ff5b
right,other,C151,100n 16V HDMI AC coupling,GRM155R71C104KA88D,Capacitor_SMD:C_0402_1005Metric,False,front,F.Cu,339.0,66.3,0.0,339.0,66.3,0.0,1.6,0.0,verified_maximum,maximum,0.55,https://www.murata.com/en-global/api/pdfdownloadapi?cate=luCeramicCapacitorsSMD&partno=GRM155R71C104KA88%23,0.55,,,,8.0,8.55,,,a9977a14a190f8afcc0c1334cdbf92d7da6b7722dc7ebd4f046e842fb733ff5b
right,other,C152,100n 16V HDMI AC coupling,GRM155R71C104KA88D,Capacitor_SMD:C_0402_1005Metric,False,front,F.Cu,339.9,67.55,0.0,339.9,67.55,0.0,1.6,0.0,verified_maximum,maximum,0.55,https://www.murata.com/en-global/api/pdfdownloadapi?cate=luCeramicCapacitorsSMD&partno=GRM155R71C104KA88%23,0.55,,,,8.0,8.55,,,a9977a14a190f8afcc0c1334cdbf92d7da6b7722dc7ebd4f046e842fb733ff5b
right,other,C153,100n 16V HDMI AC coupling,GRM155R71C104KA88D,Capacitor_SMD:C_0402_1005Metric,False,front,F.Cu,339.9,68.55,0.0,339.9,68.55,0.0,1.6,0.0,verified_maximum,maximum,0.55,https://www.murata.com/en-global/api/pdfdownloadapi?cate=luCeramicCapacitorsSMD&partno=GRM155R71C104KA88%23,0.55,,,,8.0,8.55,,,a9977a14a190f8afcc0c1334cdbf92d7da6b7722dc7ebd4f046e842fb733ff5b
right,other,C154,100n 16V HDMI AC coupling,GRM155R71C104KA88D,Capacitor_SMD:C_0402_1005Metric,False,front,F.Cu,339.9,69.8,0.0,339.9,69.8,0.0,1.6,0.0,verified_maximum,maximum,0.55,https://www.murata.com/en-global/api/pdfdownloadapi?cate=luCeramicCapacitorsSMD&partno=GRM155R71C104KA88%23,0.55,,,,8.0,8.55,,,a9977a14a190f8afcc0c1334cdbf92d7da6b7722dc7ebd4f046e842fb733ff5b
right,other,C155,100n 16V HDMI AC coupling,GRM155R71C104KA88D,Capacitor_SMD:C_0402_1005Metric,False,front,F.Cu,339.9,70.8,0.0,339.9,70.8,0.0,1.6,0.0,verified_maximum,maximum,0.55,https://www.murata.com/en-global/api/pdfdownloadapi?cate=luCeramicCapacitorsSMD&partno=GRM155R71C104KA88%23,0.55,,,,8.0,8.55,,,a9977a14a190f8afcc0c1334cdbf92d7da6b7722dc7ebd4f046e842fb733ff5b
right,other,C156,100n 16V HDMI AC coupling,GRM155R71C104KA88D,Capacitor_SMD:C_0402_1005Metric,False,front,F.Cu,339.0,72.0,0.0,339.0,72.0,0.0,1.6,0.0,verified_maximum,maximum,0.55,https://www.murata.com/en-global/api/pdfdownloadapi?cate=luCeramicCapacitorsSMD&partno=GRM155R71C104KA88%23,0.55,,,,8.0,8.55,,,a9977a14a190f8afcc0c1334cdbf92d7da6b7722dc7ebd4f046e842fb733ff5b
right,other,C157,100n 16V HDMI AC coupling,GRM155R71C104KA88D,Capacitor_SMD:C_0402_1005Metric,False,front,F.Cu,339.0,73.0,0.0,339.0,73.0,0.0,1.6,0.0,verified_maximum,maximum,0.55,https://www.murata.com/en-global/api/pdfdownloadapi?cate=luCeramicCapacitorsSMD&partno=GRM155R71C104KA88%23,0.55,,,,8.0,8.55,,,a9977a14a190f8afcc0c1334cdbf92d7da6b7722dc7ebd4f046e842fb733ff5b
right,other,C158,1u 10V X7R HDMI switch input,GRM188R71A105KA61D,Capacitor_SMD:C_0603_1608Metric,False,front,F.Cu,304.0,61.8,0.0,304.0,61.8,0.0,1.6,0.0,verified_maximum,maximum,0.9,https://www.murata.com/-/media/webrenewal/tool/library/common-pdf/static-model/component-list-s-mlcc-2506.ashx?cvid=20250805040438000000&la=ko-kr,0.9,,,,8.0,8.9,,,a9977a14a190f8afcc0c1334cdbf92d7da6b7722dc7ebd4f046e842fb733ff5b
right,other,C160,100p PCA9306 VREF2/EN filter,GRM1555C1H101JA01D,Capacitor_SMD:C_0402_1005Metric,False,front,F.Cu,341.6,79.0,0.0,341.6,79.0,0.0,1.6,0.0,verified_maximum,maximum,0.55,https://datasheet.ciiva.com/18184/getdatasheetpartid-199957-18184175.pdf,0.55,,,,8.0,8.55,,,a9977a14a190f8afcc0c1334cdbf92d7da6b7722dc7ebd4f046e842fb733ff5b
right,other,C161,100n HPD buffer local,GRM155R71A104KA01D,Capacitor_SMD:C_0402_1005Metric,False,front,F.Cu,331.0,65.0,0.0,331.0,65.0,0.0,1.6,0.0,verified_maximum,maximum,0.55,https://www.farnell.com/datasheets/4087771.pdf,0.55,,,,8.0,8.55,,,a9977a14a190f8afcc0c1334cdbf92d7da6b7722dc7ebd4f046e842fb733ff5b
right,other,C162,100n 10V X7R HDMI switch input HF,GRM155R71A104KA01D,Capacitor_SMD:C_0402_1005Metric,False,front,F.Cu,305.80375,63.78375,90.0,305.80375,63.78375,90.0,1.6,0.0,verified_maximum,maximum,0.55,https://www.farnell.com/datasheets/4087771.pdf,0.55,,,,8.0,8.55,,,a9977a14a190f8afcc0c1334cdbf92d7da6b7722dc7ebd4f046e842fb733ff5b
right,other,C164,18n 50V X7R TPS22948 output,CC0402KRX7R9BB183,Capacitor_SMD:C_0402_1005Metric,False,front,F.Cu,307.95375,67.13375,0.0,307.95375,67.13375,0.0,1.6,0.0,unverified,,,,,,,,8.0,,,,a9977a14a190f8afcc0c1334cdbf92d7da6b7722dc7ebd4f046e842fb733ff5b
right,other,C165,4.7n HDMI 3V3 switch rise-time,GRM155R71C472KA01D,Capacitor_SMD:C_0402_1005Metric,False,front,F.Cu,326.75,86.45,180.0,326.75,86.45,180.0,1.6,0.0,unverified,,,,,,,,8.0,,,,a9977a14a190f8afcc0c1334cdbf92d7da6b7722dc7ebd4f046e842fb733ff5b
right,other,C500,220n 16V X7R PCIe TX AC per current Mu guide,GRM155R71C224KA12D,Capacitor_SMD:C_0402_1005Metric,False,front,F.Cu,335.56,114.4,0.0,335.56,114.4,0.0,1.6,0.0,unverified,,,,,,,,8.0,,,,a9977a14a190f8afcc0c1334cdbf92d7da6b7722dc7ebd4f046e842fb733ff5b
right,other,C501,220n 16V X7R PCIe TX AC per current Mu guide,GRM155R71C224KA12D,Capacitor_SMD:C_0402_1005Metric,False,front,F.Cu,312.32,90.6,0.0,312.32,90.6,0.0,1.6,0.0,unverified,,,,,,,,8.0,,,,a9977a14a190f8afcc0c1334cdbf92d7da6b7722dc7ebd4f046e842fb733ff5b
right,other,C502,220n 16V X7R PCIe TX AC per current Mu guide,GRM155R71C224KA12D,Capacitor_SMD:C_0402_1005Metric,False,front,F.Cu,311.2,93.35,90.0,311.2,93.35,90.0,1.6,0.0,unverified,,,,,,,,8.0,,,,a9977a14a190f8afcc0c1334cdbf92d7da6b7722dc7ebd4f046e842fb733ff5b
right,other,C503,220n 16V X7R PCIe TX AC per current Mu guide,GRM155R71C224KA12D,Capacitor_SMD:C_0402_1005Metric,False,front,F.Cu,311.2,95.5,270.0,311.2,95.5,270.0,1.6,0.0,unverified,,,,,,,,8.0,,,,a9977a14a190f8afcc0c1334cdbf92d7da6b7722dc7ebd4f046e842fb733ff5b
right,other,C504,100n 16V X7R local decoupling,GRM155R71C104KA88D,Capacitor_SMD:C_0402_1005Metric,False,back,B.Cu,315.0,92.0,90.0,315.0,92.0,90.0,1.6,-1.6,verified_maximum,maximum,0.55,https://www.murata.com/en-global/api/pdfdownloadapi?cate=luCeramicCapacitorsSMD&partno=GRM155R71C104KA88%23,-2.15,,0.3,-2.45,6.4,5.85,,5.55,a9977a14a190f8afcc0c1334cdbf92d7da6b7722dc7ebd4f046e842fb733ff5b
right,other,C505,100n 16V X7R local decoupling,GRM155R71C104KA88D,Capacitor_SMD:C_0402_1005Metric,False,back,B.Cu,312.25,96.25,0.0,312.25,96.25,0.0,1.6,-1.6,verified_maximum,maximum,0.55,https://www.murata.com/en-global/api/pdfdownloadapi?cate=luCeramicCapacitorsSMD&partno=GRM155R71C104KA88%23,-2.15,,0.3,-2.45,6.4,5.85,,5.55,a9977a14a190f8afcc0c1334cdbf92d7da6b7722dc7ebd4f046e842fb733ff5b
right,other,C506,100n 16V X7R local decoupling,GRM155R71C104KA88D,Capacitor_SMD:C_0402_1005Metric,False,front,F.Cu,317.775,97.7,0.0,317.775,97.7,0.0,1.6,0.0,verified_maximum,maximum,0.55,https://www.murata.com/en-global/api/pdfdownloadapi?cate=luCeramicCapacitorsSMD&partno=GRM155R71C104KA88%23,0.55,,,,8.0,8.55,,,a9977a14a190f8afcc0c1334cdbf92d7da6b7722dc7ebd4f046e842fb733ff5b
right,other,C507,100n 16V X7R local decoupling,GRM155R71C104KA88D,Capacitor_SMD:C_0402_1005Metric,False,back,B.Cu,317.45,95.85,0.0,317.45,95.85,0.0,1.6,-1.6,verified_maximum,maximum,0.55,https://www.murata.com/en-global/api/pdfdownloadapi?cate=luCeramicCapacitorsSMD&partno=GRM155R71C104KA88%23,-2.15,,0.3,-2.45,6.4,5.85,,5.55,a9977a14a190f8afcc0c1334cdbf92d7da6b7722dc7ebd4f046e842fb733ff5b
right,other,C508,100n 16V X7R local decoupling,GRM155R71C104KA88D,Capacitor_SMD:C_0402_1005Metric,False,back,B.Cu,317.45,93.85,0.0,317.45,93.85,0.0,1.6,-1.6,verified_maximum,maximum,0.55,https://www.murata.com/en-global/api/pdfdownloadapi?cate=luCeramicCapacitorsSMD&partno=GRM155R71C104KA88%23,-2.15,,0.3,-2.45,6.4,5.85,,5.55,a9977a14a190f8afcc0c1334cdbf92d7da6b7722dc7ebd4f046e842fb733ff5b
right,other,C509,100n 16V X7R local decoupling,GRM155R71C104KA88D,Capacitor_SMD:C_0402_1005Metric,False,back,B.Cu,311.75,94.75,90.0,311.75,94.75,90.0,1.6,-1.6,verified_maximum,maximum,0.55,https://www.murata.com/en-global/api/pdfdownloadapi?cate=luCeramicCapacitorsSMD&partno=GRM155R71C104KA88%23,-2.15,,0.3,-2.45,6.4,5.85,,5.55,a9977a14a190f8afcc0c1334cdbf92d7da6b7722dc7ebd4f046e842fb733ff5b
right,other,C510,100n 16V X7R local decoupling,GRM155R71C104KA88D,Capacitor_SMD:C_0402_1005Metric,False,back,B.Cu,311.75,97.75,270.0,311.75,97.75,270.0,1.6,-1.6,verified_maximum,maximum,0.55,https://www.murata.com/en-global/api/pdfdownloadapi?cate=luCeramicCapacitorsSMD&partno=GRM155R71C104KA88%23,-2.15,,0.3,-2.45,6.4,5.85,,5.55,a9977a14a190f8afcc0c1334cdbf92d7da6b7722dc7ebd4f046e842fb733ff5b
right,other,C511,100n 16V X7R local decoupling,GRM155R71C104KA88D,Capacitor_SMD:C_0402_1005Metric,False,back,B.Cu,314.45,98.55,270.0,314.45,98.55,270.0,1.6,-1.6,verified_maximum,maximum,0.55,https://www.murata.com/en-global/api/pdfdownloadapi?cate=luCeramicCapacitorsSMD&partno=GRM155R71C104KA88%23,-2.15,,0.3,-2.45,6.4,5.85,,5.55,a9977a14a190f8afcc0c1334cdbf92d7da6b7722dc7ebd4f046e842fb733ff5b
right,other,C512,10u 6.3V X7R RTL8111H REGOUT bulk,GRM31CR71E106KA12L,Capacitor_SMD:C_1206_3216Metric,False,back,B.Cu,314.4,95.25,90.0,314.4,95.25,90.0,1.6,-1.6,verified_maximum,maximum,1.8,https://docs.rs-online.com/aab4/0900766b813d2ca8.pdf,-3.4,,0.3,-3.7,6.4,4.6,,4.3,a9977a14a190f8afcc0c1334cdbf92d7da6b7722dc7ebd4f046e842fb733ff5b
right,other,C513,100n 16V X7R magnetics center-tap bypass,GRM155R71C104KA88D,Capacitor_SMD:C_0402_1005Metric,False,front,F.Cu,327.4,96.8,90.0,327.4,96.8,90.0,1.6,0.0,verified_maximum,maximum,0.55,https://www.murata.com/en-global/api/pdfdownloadapi?cate=luCeramicCapacitorsSMD&partno=GRM155R71C104KA88%23,0.55,,,,8.0,8.55,,,a9977a14a190f8afcc0c1334cdbf92d7da6b7722dc7ebd4f046e842fb733ff5b
right,other,C514,1n 2kV X7R 10% shield-to-digital return,C1812C102KGRACTU,Capacitor_SMD:C_1812_4532Metric,False,front,F.Cu,336.425,109.85,270.0,336.425,109.85,270.0,1.6,0.0,unverified,,,,,,,,8.0,,,,a9977a14a190f8afcc0c1334cdbf92d7da6b7722dc7ebd4f046e842fb733ff5b
right,other,C515,12p C0G 5% crystal load,GRM1555C1H120JA01,Capacitor_SMD:C_0402_1005Metric,False,back,B.Cu,313.2,100.6,180.0,313.2,100.6,180.0,1.6,-1.6,verified_maximum,maximum,0.55,https://search.murata.co.jp/Ceramy/image/img/A01X/G101/ENG/GRM1555C1H120JA01-01.pdf,-2.15,,0.3,-2.45,6.4,5.85,,5.55,a9977a14a190f8afcc0c1334cdbf92d7da6b7722dc7ebd4f046e842fb733ff5b
right,other,C516,12p C0G 5% crystal load,GRM1555C1H120JA01,Capacitor_SMD:C_0402_1005Metric,False,back,B.Cu,317.9,99.15,0.0,317.9,99.15,0.0,1.6,-1.6,verified_maximum,maximum,0.55,https://search.murata.co.jp/Ceramy/image/img/A01X/G101/ENG/GRM1555C1H120JA01-01.pdf,-2.15,,0.3,-2.45,6.4,5.85,,5.55,a9977a14a190f8afcc0c1334cdbf92d7da6b7722dc7ebd4f046e842fb733ff5b
right,other,C1760,100n branch input,GRM188R71H104KA93D,Capacitor_SMD:C_0603_1608Metric,False,back,B.Cu,330.15,51.15,180.0,330.15,51.15,180.0,1.6,-1.6,verified_maximum,maximum,0.9,https://www.murata.com/-/media/webrenewal/tool/library/common-pdf/dynamic-model/component-list-d-mlcc-2506.ashx?cvid=20250805040419000000&la=ja-jp,-2.5,,0.3,-2.8,6.4,5.5,,5.2,a9977a14a190f8afcc0c1334cdbf92d7da6b7722dc7ebd4f046e842fb733ff5b
right,other,C1761,100n TPS25810 IN HF,GRM188R71H104KA93D,Capacitor_SMD:C_0603_1608Metric,False,front,F.Cu,331.8,49.4,180.0,331.8,49.4,180.0,1.6,0.0,verified_maximum,maximum,0.9,https://www.murata.com/-/media/webrenewal/tool/library/common-pdf/dynamic-model/component-list-d-mlcc-2506.ashx?cvid=20250805040419000000&la=ja-jp,0.9,,,,8.0,8.9,,,a9977a14a190f8afcc0c1334cdbf92d7da6b7722dc7ebd4f046e842fb733ff5b
right,other,C1762,150u 10V TPS25810 input reservoir,T520D157M010ATE025,Capacitor_Tantalum_SMD:CP_EIA-7343-31_Kemet-D,False,front,F.Cu,327.0,55.5,180.0,327.0,55.5,180.0,1.6,0.0,unverified,,,,,,,,8.0,,,,a9977a14a190f8afcc0c1334cdbf92d7da6b7722dc7ebd4f046e842fb733ff5b
right,other,C1763,10u protected VBUS_SYS,GRM31CR71A106KA01L,Capacitor_SMD:C_1206_3216Metric,False,front,F.Cu,342.75,51.3,180.0,342.75,51.3,180.0,1.6,0.0,verified_maximum,maximum,1.8,https://search.murata.co.jp/Ceramy/image/img/A01X/G101/ENG/GRM31CR71A106KA01-01.pdf,1.8,,,,8.0,9.8,,,a9977a14a190f8afcc0c1334cdbf92d7da6b7722dc7ebd4f046e842fb733ff5b
right,other,C1764,100n TPS25810 AUX,GRM188R71H104KA93D,Capacitor_SMD:C_0603_1608Metric,False,back,B.Cu,333.95,52.175,270.0,333.95,52.175,270.0,1.6,-1.6,verified_maximum,maximum,0.9,https://www.murata.com/-/media/webrenewal/tool/library/common-pdf/dynamic-model/component-list-d-mlcc-2506.ashx?cvid=20250805040419000000&la=ja-jp,-2.5,,0.3,-2.8,6.4,5.5,,5.2,a9977a14a190f8afcc0c1334cdbf92d7da6b7722dc7ebd4f046e842fb733ff5b
right,other,C1770,1u 50V connector-side VBUS,GRM21BR71H105KA12L,Capacitor_SMD:C_0805_2012Metric,False,front,F.Cu,349.3,38.5,0.0,349.3,38.5,0.0,1.6,0.0,verified_maximum,maximum,1.35,https://search.murata.co.jp/Ceramy/image/img/A01X/G101/ENG/GRM21BR71H105KA12-01.pdf,1.35,,,,8.0,9.35,,,a9977a14a190f8afcc0c1334cdbf92d7da6b7722dc7ebd4f046e842fb733ff5b
right,other,C1771,1u TPD1S514 VBUS_POWER stability,GRM188R71A105KA61D,Capacitor_SMD:C_0603_1608Metric,False,front,F.Cu,346.0,53.5,0.0,346.0,53.5,0.0,1.6,0.0,verified_maximum,maximum,0.9,https://www.murata.com/-/media/webrenewal/tool/library/common-pdf/static-model/component-list-s-mlcc-2506.ashx?cvid=20250805040438000000&la=ko-kr,0.9,,,,8.0,8.9,,,a9977a14a190f8afcc0c1334cdbf92d7da6b7722dc7ebd4f046e842fb733ff5b
right,other,C2040,100n 100V TPD4S201 VBIAS,GRM21BR72A104KA01L,Capacitor_SMD:C_0805_2012Metric,False,front,F.Cu,344.0,34.5,0.0,344.0,34.5,0.0,1.6,0.0,unverified,,,,,,,,8.0,,,,a9977a14a190f8afcc0c1334cdbf92d7da6b7722dc7ebd4f046e842fb733ff5b
right,other,C2041,820n 10V TPD4S201 VPWR,GRM21BR71A824KA01L,Capacitor_SMD:C_0805_2012Metric,False,front,F.Cu,340.5,33.5,0.0,340.5,33.5,0.0,1.6,0.0,unverified,,,,,,,,8.0,,,,a9977a14a190f8afcc0c1334cdbf92d7da6b7722dc7ebd4f046e842fb733ff5b
right,other,C2042,100n EEPROM local,GRM188R71H104KA93D,Capacitor_SMD:C_0603_1608Metric,False,front,F.Cu,333.5,42.2,90.0,333.5,42.2,90.0,1.6,0.0,verified_maximum,maximum,0.9,https://www.murata.com/-/media/webrenewal/tool/library/common-pdf/dynamic-model/component-list-d-mlcc-2506.ashx?cvid=20250805040419000000&la=ja-jp,0.9,,,,8.0,8.9,,,a9977a14a190f8afcc0c1334cdbf92d7da6b7722dc7ebd4f046e842fb733ff5b
right,other,C2043,100n mux-control buffer local,GRM188R71H104KA93D,Capacitor_SMD:C_0603_1608Metric,False,front,F.Cu,334.7,33.9,180.0,334.7,33.9,180.0,1.6,0.0,verified_maximum,maximum,0.9,https://www.murata.com/-/media/webrenewal/tool/library/common-pdf/dynamic-model/component-list-d-mlcc-2506.ashx?cvid=20250805040419000000&la=ja-jp,0.9,,,,8.0,8.9,,,a9977a14a190f8afcc0c1334cdbf92d7da6b7722dc7ebd4f046e842fb733ff5b
right,other,C2055,4.7u 25V raw VBUS; pre-attach total below 10uF,GRM31CR71E475KA88L,Capacitor_SMD:C_1206_3216Metric,False,front,F.Cu,333.15,24.55,180.0,333.15,24.55,180.0,1.6,0.0,verified_maximum,maximum,1.8,https://search.murata.co.jp/Ceramy/image/img/A01X/G101/ENG/GRM31CR71E475KA88-01.pdf,1.8,,,,8.0,9.8,,,a9977a14a190f8afcc0c1334cdbf92d7da6b7722dc7ebd4f046e842fb733ff5b
right,other,C2056,10n 50V connector VBUS HF,GRM155R71H103KA88D,Capacitor_SMD:C_0402_1005Metric,False,back,B.Cu,348.025,31.5,180.0,348.025,31.5,180.0,1.6,-1.6,verified_maximum,maximum,0.55,https://www.murata.com/-/media/webrenewal/tool/library/common-pdf/dynamic-model/component-list-d-mlcc-2506.ashx?cvid=20250805040419000000&la=en-sg,-2.15,,0.3,-2.45,6.4,5.85,,5.55,a9977a14a190f8afcc0c1334cdbf92d7da6b7722dc7ebd4f046e842fb733ff5b
right,other,C2057,10n 50V connector VBUS HF,GRM155R71H103KA88D,Capacitor_SMD:C_0402_1005Metric,False,front,F.Cu,348.0,22.9,0.0,348.0,22.9,0.0,1.6,0.0,verified_maximum,maximum,0.55,https://www.murata.com/-/media/webrenewal/tool/library/common-pdf/dynamic-model/component-list-d-mlcc-2506.ashx?cvid=20250805040419000000&la=en-sg,0.55,,,,8.0,8.55,,,a9977a14a190f8afcc0c1334cdbf92d7da6b7722dc7ebd4f046e842fb733ff5b
right,other,C2058,10n 50V connector VBUS HF,GRM155R71H103KA88D,Capacitor_SMD:C_0402_1005Metric,False,front,F.Cu,348.0,21.3,0.0,348.0,21.3,0.0,1.6,0.0,verified_maximum,maximum,0.55,https://www.murata.com/-/media/webrenewal/tool/library/common-pdf/dynamic-model/component-list-d-mlcc-2506.ashx?cvid=20250805040419000000&la=en-sg,0.55,,,,8.0,8.55,,,a9977a14a190f8afcc0c1334cdbf92d7da6b7722dc7ebd4f046e842fb733ff5b
right,other,C2059,10n 50V connector VBUS HF,GRM155R71H103KA88D,Capacitor_SMD:C_0402_1005Metric,False,back,B.Cu,347.825,32.5,180.0,347.825,32.5,180.0,1.6,-1.6,verified_maximum,maximum,0.55,https://www.murata.com/-/media/webrenewal/tool/library/common-pdf/dynamic-model/component-list-d-mlcc-2506.ashx?cvid=20250805040419000000&la=en-sg,-2.15,,0.3,-2.45,6.4,5.85,,5.55,a9977a14a190f8afcc0c1334cdbf92d7da6b7722dc7ebd4f046e842fb733ff5b
right,other,C2060,6.8u 25V X7R TPS25751A LDO3V3; verify >=5u effective,GRM31CR71E685KA88L,Capacitor_SMD:C_1206_3216Metric,False,front,F.Cu,340.35,19.575,180.0,340.35,19.575,180.0,1.6,0.0,unverified,,,,,,,,8.0,,,,a9977a14a190f8afcc0c1334cdbf92d7da6b7722dc7ebd4f046e842fb733ff5b
right,other,C2061,10u 16V X7R TPS25751A LDO1V5; verify 4.5-12u effective,GRM31CR71C106KA01L,Capacitor_SMD:C_1206_3216Metric,False,front,F.Cu,344.65,23.2,0.0,344.65,23.2,0.0,1.6,0.0,unverified,,,,,,,,8.0,,,,a9977a14a190f8afcc0c1334cdbf92d7da6b7722dc7ebd4f046e842fb733ff5b
right,other,C2062,10u TPS25751A VIN3V3,GRM31CR71A106KA01L,Capacitor_SMD:C_1206_3216Metric,False,back,B.Cu,340.8,27.975,270.0,340.8,27.975,270.0,1.6,-1.6,verified_maximum,maximum,1.8,https://search.murata.co.jp/Ceramy/image/img/A01X/G101/ENG/GRM31CR71A106KA01-01.pdf,-3.4,,0.3,-3.7,6.4,4.6,,4.3,a9977a14a190f8afcc0c1334cdbf92d7da6b7722dc7ebd4f046e842fb733ff5b
right,other,C2063,270p C0G CC1 total-capacitance component,GRM1555C1H271JA01D,Capacitor_SMD:C_0402_1005Metric,False,front,F.Cu,342.5,30.0,90.0,342.5,30.0,90.0,1.6,0.0,unverified,,,,,,,,8.0,,,,a9977a14a190f8afcc0c1334cdbf92d7da6b7722dc7ebd4f046e842fb733ff5b
right,other,C2064,270p C0G CC2 total-capacitance component,GRM1555C1H271JA01D,Capacitor_SMD:C_0402_1005Metric,False,front,F.Cu,331.25,39.05,90.0,331.25,39.05,90.0,1.6,0.0,unverified,,,,,,,,8.0,,,,a9977a14a190f8afcc0c1334cdbf92d7da6b7722dc7ebd4f046e842fb733ff5b
right,other,C2065,100u 10V PP5V source bulk,T520D107M010ATE070,Capacitor_Tantalum_SMD:CP_EIA-7343-31_Kemet-D,False,front,F.Cu,315.0,36.5,180.0,315.0,36.5,180.0,1.6,0.0,unverified,,,,,,,,8.0,,,,a9977a14a190f8afcc0c1334cdbf92d7da6b7722dc7ebd4f046e842fb733ff5b
right,other,C2066,100u 10V PP5V source bulk,T520D107M010ATE070,Capacitor_Tantalum_SMD:CP_EIA-7343-31_Kemet-D,False,front,F.Cu,337.0,37.5,0.0,337.0,37.5,0.0,1.6,0.0,unverified,,,,,,,,8.0,,,,a9977a14a190f8afcc0c1334cdbf92d7da6b7722dc7ebd4f046e842fb733ff5b
right,other,C2067,10u PP5V local ceramic,GRM31CR71A106KA01L,Capacitor_SMD:C_1206_3216Metric,False,front,F.Cu,325.5,37.0,180.0,325.5,37.0,180.0,1.6,0.0,verified_maximum,maximum,1.8,https://search.murata.co.jp/Ceramy/image/img/A01X/G101/ENG/GRM31CR71A106KA01-01.pdf,1.8,,,,8.0,9.8,,,a9977a14a190f8afcc0c1334cdbf92d7da6b7722dc7ebd4f046e842fb733ff5b
right,other,C2068,68u 25V PPHV sink bulk,T521V686M025ATE050,Capacitor_Tantalum_SMD:CP_EIA-7343-31_Kemet-D,False,front,F.Cu,340.5,43.5,0.0,340.5,43.5,0.0,1.6,0.0,unverified,,,,,,,,8.0,,,,a9977a14a190f8afcc0c1334cdbf92d7da6b7722dc7ebd4f046e842fb733ff5b
right,other,C2069,100n 50V PPHV local,GRM188R71H104KA93D,Capacitor_SMD:C_0603_1608Metric,False,front,F.Cu,303.02,38.65,0.0,303.02,38.65,0.0,1.6,0.0,verified_maximum,maximum,0.9,https://www.murata.com/-/media/webrenewal/tool/library/common-pdf/dynamic-model/component-list-d-mlcc-2506.ashx?cvid=20250805040419000000&la=ja-jp,0.9,,,,8.0,8.9,,,a9977a14a190f8afcc0c1334cdbf92d7da6b7722dc7ebd4f046e842fb733ff5b
right,other,C2070,100n USB2 switch local,GRM188R71H104KA93D,Capacitor_SMD:C_0603_1608Metric,False,back,B.Cu,341.0,31.825,270.0,341.0,31.825,270.0,1.6,-1.6,verified_maximum,maximum,0.9,https://www.murata.com/-/media/webrenewal/tool/library/common-pdf/dynamic-model/component-list-d-mlcc-2506.ashx?cvid=20250805040419000000&la=ja-jp,-2.5,,0.3,-2.8,6.4,5.5,,5.2,a9977a14a190f8afcc0c1334cdbf92d7da6b7722dc7ebd4f046e842fb733ff5b
right,pd2_input,C2090,100n 50V input local,GRM188R71H104KA93D,Capacitor_SMD:C_0603_1608Metric,False,back,B.Cu,339.75,44.55,270.0,339.75,44.55,270.0,1.6,-1.6,verified_maximum,maximum,0.9,https://www.murata.com/-/media/webrenewal/tool/library/common-pdf/dynamic-model/component-list-d-mlcc-2506.ashx?cvid=20250805040419000000&la=ja-jp,-2.5,,0.3,-2.8,6.4,5.5,,5.2,a9977a14a190f8afcc0c1334cdbf92d7da6b7722dc7ebd4f046e842fb733ff5b
right,pd2_input,C2091,10u 25V output,GRM31CR71E106KA12L,Capacitor_SMD:C_1206_3216Metric,False,back,B.Cu,343.25,40.5,90.0,343.25,40.5,90.0,1.6,-1.6,verified_maximum,maximum,1.8,https://docs.rs-online.com/aab4/0900766b813d2ca8.pdf,-3.4,,0.3,-3.7,6.4,4.6,,4.3,a9977a14a190f8afcc0c1334cdbf92d7da6b7722dc7ebd4f046e842fb733ff5b
right,pd2_input,C2092,10n 50V C0G slew control,GRM1885C1H103JA01D,Capacitor_SMD:C_0603_1608Metric,False,back,B.Cu,339.25,36.4,90.0,339.25,36.4,90.0,1.6,-1.6,verified_maximum,maximum,0.9,https://www.farnell.com/datasheets/2048016.pdf,-2.5,,0.3,-2.8,6.4,5.5,,5.2,a9977a14a190f8afcc0c1334cdbf92d7da6b7722dc7ebd4f046e842fb733ff5b
right,other,C2293,22u 25V GbE input bulk; TI characterized part,GRM32ER71E226KE15L,Capacitor_SMD:C_1210_3225Metric,False,front,F.Cu,321.4,102.2,0.0,321.4,102.2,0.0,1.6,0.0,verified_maximum,maximum,2.7,https://www.murata.com/en-global/api/pdfdownloadapi?cate=luCeramicCapacitorsSMD&partno=GRM32ER71E226KE15%23,2.7,,,,8.0,10.7,,,a9977a14a190f8afcc0c1334cdbf92d7da6b7722dc7ebd4f046e842fb733ff5b
right,other,C2404,1u,GRM21BR71H105KA12L,Capacitor_SMD:C_0805_2012Metric,False,front,F.Cu,323.4,40.0,90.0,323.4,40.0,90.0,1.6,0.0,verified_maximum,maximum,1.35,https://search.murata.co.jp/Ceramy/image/img/A01X/G101/ENG/GRM21BR71H105KA12-01.pdf,1.35,,,,8.0,9.35,,,a9977a14a190f8afcc0c1334cdbf92d7da6b7722dc7ebd4f046e842fb733ff5b
right,other,C2409,100n,GRM188R71H104KA93D,Capacitor_SMD:C_0603_1608Metric,False,front,F.Cu,316.0,43.6,90.0,316.0,43.6,90.0,1.6,0.0,verified_maximum,maximum,0.9,https://www.murata.com/-/media/webrenewal/tool/library/common-pdf/dynamic-model/component-list-d-mlcc-2506.ashx?cvid=20250805040419000000&la=ja-jp,0.9,,,,8.0,8.9,,,a9977a14a190f8afcc0c1334cdbf92d7da6b7722dc7ebd4f046e842fb733ff5b
right,other,C2414,4.7n C0G PP5V slew,GRM1885C1H472JA01D,Capacitor_SMD:C_0603_1608Metric,False,front,F.Cu,330.2,37.0,0.0,330.2,37.0,0.0,1.6,0.0,unverified,,,,,,,,8.0,,,,a9977a14a190f8afcc0c1334cdbf92d7da6b7722dc7ebd4f046e842fb733ff5b
right,pd2_input,C2631,100n 50V inverter bypass,GRM188R71H104KA93D,Capacitor_SMD:C_0603_1608Metric,False,back,B.Cu,342.25,56.6,0.0,342.25,56.6,0.0,1.6,-1.6,verified_maximum,maximum,0.9,https://www.murata.com/-/media/webrenewal/tool/library/common-pdf/dynamic-model/component-list-d-mlcc-2506.ashx?cvid=20250805040419000000&la=ja-jp,-2.5,,0.3,-2.8,6.4,5.5,,5.2,a9977a14a190f8afcc0c1334cdbf92d7da6b7722dc7ebd4f046e842fb733ff5b
right,other,C2680,1u 50V U55 input bypass,GRT188R61H105ME13D,Capacitor_SMD:C_0603_1608Metric,False,back,B.Cu,329.25,85.5,270.0,329.25,85.5,270.0,1.6,-1.6,verified_maximum,maximum,0.9,https://www.mouser.com/datasheet/2/281/product-837155.pdf,-2.5,,0.3,-2.8,6.4,5.5,,5.2,a9977a14a190f8afcc0c1334cdbf92d7da6b7722dc7ebd4f046e842fb733ff5b
right,other,C2681,100n 50V qualifier bypass,GRM188R71H104KA93D,Capacitor_SMD:C_0603_1608Metric,False,front,F.Cu,335.35,27.1,0.0,335.35,27.1,0.0,1.6,0.0,verified_maximum,maximum,0.9,https://www.murata.com/-/media/webrenewal/tool/library/common-pdf/dynamic-model/component-list-d-mlcc-2506.ashx?cvid=20250805040419000000&la=ja-jp,0.9,,,,8.0,8.9,,,a9977a14a190f8afcc0c1334cdbf92d7da6b7722dc7ebd4f046e842fb733ff5b
right,other,D150,TPD1E0B04DPLR HDMI TMDS ESD (0.15pF max),TPD1E0B04DPLR,Diode_SMD:D_0201_0603Metric,False,front,F.Cu,344.5,65.096949,90.0,344.5,65.096949,90.0,1.6,0.0,unverified,,,,,,,,8.0,,,,a9977a14a190f8afcc0c1334cdbf92d7da6b7722dc7ebd4f046e842fb733ff5b
right,other,D151,TPD1E0B04DPLR HDMI TMDS ESD (0.15pF max),TPD1E0B04DPLR,Diode_SMD:D_0201_0603Metric,False,front,F.Cu,344.5,66.50305,270.0,344.5,66.50305,270.0,1.6,0.0,unverified,,,,,,,,8.0,,,,a9977a14a190f8afcc0c1334cdbf92d7da6b7722dc7ebd4f046e842fb733ff5b
right,other,D152,TPD1E0B04DPLR HDMI TMDS ESD (0.15pF max),TPD1E0B04DPLR,Diode_SMD:D_0201_0603Metric,False,front,F.Cu,343.7,67.346949,90.0,343.7,67.346949,90.0,1.6,0.0,unverified,,,,,,,,8.0,,,,a9977a14a190f8afcc0c1334cdbf92d7da6b7722dc7ebd4f046e842fb733ff5b
right,other,D153,TPD1E0B04DPLR HDMI TMDS ESD (0.15pF max),TPD1E0B04DPLR,Diode_SMD:D_0201_0603Metric,False,front,F.Cu,343.7,68.75305,270.0,343.7,68.75305,270.0,1.6,0.0,unverified,,,,,,,,8.0,,,,a9977a14a190f8afcc0c1334cdbf92d7da6b7722dc7ebd4f046e842fb733ff5b
right,other,D154,TPD1E0B04DPLR HDMI TMDS ESD (0.15pF max),TPD1E0B04DPLR,Diode_SMD:D_0201_0603Metric,False,front,F.Cu,344.5,69.596949,90.0,344.5,69.596949,90.0,1.6,0.0,unverified,,,,,,,,8.0,,,,a9977a14a190f8afcc0c1334cdbf92d7da6b7722dc7ebd4f046e842fb733ff5b
right,other,D155,TPD1E0B04DPLR HDMI TMDS ESD (0.15pF max),TPD1E0B04DPLR,Diode_SMD:D_0201_0603Metric,False,front,F.Cu,344.5,71.00305,270.0,344.5,71.00305,270.0,1.6,0.0,unverified,,,,,,,,8.0,,,,a9977a14a190f8afcc0c1334cdbf92d7da6b7722dc7ebd4f046e842fb733ff5b
right,other,D156,TPD1E0B04DPLR HDMI TMDS ESD (0.15pF max),TPD1E0B04DPLR,Diode_SMD:D_0201_0603Metric,False,front,F.Cu,343.7,71.79695,90.0,343.7,71.79695,90.0,1.6,0.0,unverified,,,,,,,,8.0,,,,a9977a14a190f8afcc0c1334cdbf92d7da6b7722dc7ebd4f046e842fb733ff5b
right,other,D157,TPD1E0B04DPLR HDMI TMDS ESD (0.15pF max),TPD1E0B04DPLR,Diode_SMD:D_0201_0603Metric,False,front,F.Cu,344.5,73.20305,270.0,344.5,73.20305,270.0,1.6,0.0,unverified,,,,,,,,8.0,,,,a9977a14a190f8afcc0c1334cdbf92d7da6b7722dc7ebd4f046e842fb733ff5b
right,other,D2090,B340A eFuse output negative-transient clamp,B340A-13-F,Diode_SMD:D_SMA,False,front,F.Cu,350.0,6.0,0.0,350.0,6.0,0.0,1.6,0.0,unverified,,,,,,,,8.0,,,,a9977a14a190f8afcc0c1334cdbf92d7da6b7722dc7ebd4f046e842fb733ff5b
right,other,FPC104,Molex5039085120 signal cable,5039085120,ducktop2:Molex_5039085120_1x51_P0.50mm_Horizontal,False,front,F.Cu,309.2,90.5,270.0,309.2,90.5,270.0,1.6,0.0,unverified,,,,,,,,8.0,,,,a9977a14a190f8afcc0c1334cdbf92d7da6b7722dc7ebd4f046e842fb733ff5b
right,other,H13,M2.5 isolated mainboard mounting hole,,MountingHole:MountingHole_2.7mm_M2.5,False,front,F.Cu,353.0,58.75,0.0,353.0,58.75,0.0,1.6,0.0,unverified,,,,,,,,8.0,,,,a9977a14a190f8afcc0c1334cdbf92d7da6b7722dc7ebd4f046e842fb733ff5b
right,other,H15,M2.5 isolated mainboard mounting hole,,MountingHole:MountingHole_2.7mm_M2.5,False,front,F.Cu,353.0,19.65,0.0,353.0,19.65,0.0,1.6,0.0,unverified,,,,,,,,8.0,,,,a9977a14a190f8afcc0c1334cdbf92d7da6b7722dc7ebd4f046e842fb733ff5b
right,other,H17,M2.5 isolated mainboard mounting hole,,MountingHole:MountingHole_2.7mm_M2.5,False,front,F.Cu,353.0,112.05,0.0,353.0,112.05,0.0,1.6,0.0,unverified,,,,,,,,8.0,,,,a9977a14a190f8afcc0c1334cdbf92d7da6b7722dc7ebd4f046e842fb733ff5b
right,other,J11,USB-C dual-role data/PD port J11,105450-0101,Connector_USB:USB_C_Receptacle_Molex_105450-0101,False,front,F.Cu,353.475,30.0,90.0,353.475,30.0,90.0,1.6,0.0,unverified,,,,,,,,8.0,,,,a9977a14a190f8afcc0c1334cdbf92d7da6b7722dc7ebd4f046e842fb733ff5b
right,other,J12,USB-C source-only data port J12,105450-0101,Connector_USB:USB_C_Receptacle_Molex_105450-0101,False,front,F.Cu,353.48,48.0,90.0,353.48,48.0,90.0,1.6,0.0,unverified,,,,,,,,8.0,,,,a9977a14a190f8afcc0c1334cdbf92d7da6b7722dc7ebd4f046e842fb733ff5b
right,other,J30,External HDMI-A from TCP2,208658-1001,Connector_Video:HDMI_A_Molex_208658-1001_Horizontal,False,front,F.Cu,352.29,72.0,0.0,352.29,72.0,0.0,1.6,0.0,unverified,,,,,,,,8.0,,,,a9977a14a190f8afcc0c1334cdbf92d7da6b7722dc7ebd4f046e842fb733ff5b
right,other,J500,JXD1-1022NL recessed 1GbE RJ45,JXD1-1022NL,ducktop2:JXD1-1022NL_MidMount,False,front,F.Cu,332.0,104.0,90.0,332.0,104.0,90.0,1.6,0.0,unverified,,,,,,,,8.0,,,,a9977a14a190f8afcc0c1334cdbf92d7da6b7722dc7ebd4f046e842fb733ff5b
right,other,J2433,right power rails,2060-453/998-404,ducktop2:WAGO_2060_453_SMD,False,front,F.Cu,312.55,51.5,90.0,312.55,51.5,90.0,1.6,0.0,unverified,,,,,,,,8.0,,,,a9977a14a190f8afcc0c1334cdbf92d7da6b7722dc7ebd4f046e842fb733ff5b
right,other,J2435,USB5 direct power loom,XT30PW-F30.G.Y,ducktop2:AMASS_XT30PW-F30_G_Y,False,front,F.Cu,328.0,29.0,90.0,328.0,29.0,90.0,1.6,0.0,unverified,,,,,,,,8.0,,,,a9977a14a190f8afcc0c1334cdbf92d7da6b7722dc7ebd4f046e842fb733ff5b
right,other,J2445,main ground strap,,Connector_Wire:SolderWirePad_1x01_SMD_5x10mm,False,front,F.Cu,305.5,42.5,90.0,305.5,42.5,90.0,1.6,0.0,unverified,,,,,,,,8.0,,,,a9977a14a190f8afcc0c1334cdbf92d7da6b7722dc7ebd4f046e842fb733ff5b
right,other,J2447,main ground strap,,Connector_Wire:SolderWirePad_1x01_SMD_5x10mm,False,front,F.Cu,305.5,114.0,90.0,305.5,114.0,90.0,1.6,0.0,unverified,,,,,,,,8.0,,,,a9977a14a190f8afcc0c1334cdbf92d7da6b7722dc7ebd4f046e842fb733ff5b
right,other,J2453,right power rails,2060-453/998-404,ducktop2:WAGO_2060_453_SMD,False,front,F.Cu,320.55,64.5,90.0,320.55,64.5,90.0,1.6,0.0,unverified,,,,,,,,8.0,,,,a9977a14a190f8afcc0c1334cdbf92d7da6b7722dc7ebd4f046e842fb733ff5b
right,other,J2463,right power return,2060-451/998-404,ducktop2:WAGO_2060_451_SMD,False,front,F.Cu,324.55,115.4,90.0,324.55,115.4,90.0,1.6,0.0,unverified,,,,,,,,8.0,,,,a9977a14a190f8afcc0c1334cdbf92d7da6b7722dc7ebd4f046e842fb733ff5b
right,other,Q50,BSS138 HDMI bias gate,BSS138LT1G,Package_TO_SOT_SMD:SOT-23,False,front,F.Cu,324.875833,80.5,0.0,324.875833,80.5,0.0,1.6,0.0,verified_maximum,maximum,1.12,https://www.alldatasheet.com/html-pdf/115982/ONSEMI/BSS138LT1G/1119/5/BSS138LT1G.html,1.12,,,,8.0,9.12,,,a9977a14a190f8afcc0c1334cdbf92d7da6b7722dc7ebd4f046e842fb733ff5b
right,other,Q2002,2N7002K DFP USB2 enable inverter,2N7002KT1G,Package_TO_SOT_SMD:SOT-23,False,front,F.Cu,340.0,58.4,0.0,340.0,58.4,0.0,1.6,0.0,verified_maximum,maximum,1.11,https://www.onsemi.com/download/package-drawing/pdf/318-08.pdf,1.11,,,,8.0,9.11,,,a9977a14a190f8afcc0c1334cdbf92d7da6b7722dc7ebd4f046e842fb733ff5b
right,pd2_input,Q2631,BSS138 switched discharge,BSS138LT1G,Package_TO_SOT_SMD:SOT-23,False,back,B.Cu,345.5,53.9,270.0,345.5,53.9,270.0,1.6,-1.6,verified_maximum,maximum,1.12,https://www.alldatasheet.com/html-pdf/115982/ONSEMI/BSS138LT1G/1119/5/BSS138LT1G.html,-2.72,,0.3,-3.02,6.4,5.28,,4.98,a9977a14a190f8afcc0c1334cdbf92d7da6b7722dc7ebd4f046e842fb733ff5b
right,other,R150,470R 1% HDMI bias,RC0402FR-07470RL,Resistor_SMD:R_0402_1005Metric,False,front,F.Cu,341.5,64.936949,90.0,341.5,64.936949,90.0,1.6,0.0,verified_maximum,maximum,0.4,https://yageogroup.com/content/datasheet/asset/file/PYU-RC_51_ROHS_P,0.4,,,,8.0,8.4,,,a9977a14a190f8afcc0c1334cdbf92d7da6b7722dc7ebd4f046e842fb733ff5b
right,other,R151,470R 1% HDMI bias,RC0402FR-07470RL,Resistor_SMD:R_0402_1005Metric,False,front,F.Cu,342.5,66.66305,270.0,342.5,66.66305,270.0,1.6,0.0,verified_maximum,maximum,0.4,https://yageogroup.com/content/datasheet/asset/file/PYU-RC_51_ROHS_P,0.4,,,,8.0,8.4,,,a9977a14a190f8afcc0c1334cdbf92d7da6b7722dc7ebd4f046e842fb733ff5b
right,other,R152,470R 1% HDMI bias,RC0402FR-07470RL,Resistor_SMD:R_0402_1005Metric,False,front,F.Cu,341.5,67.18695,90.0,341.5,67.18695,90.0,1.6,0.0,verified_maximum,maximum,0.4,https://yageogroup.com/content/datasheet/asset/file/PYU-RC_51_ROHS_P,0.4,,,,8.0,8.4,,,a9977a14a190f8afcc0c1334cdbf92d7da6b7722dc7ebd4f046e842fb733ff5b
right,other,R153,470R 1% HDMI bias,RC0402FR-07470RL,Resistor_SMD:R_0402_1005Metric,False,front,F.Cu,342.5,68.91305,270.0,342.5,68.91305,270.0,1.6,0.0,verified_maximum,maximum,0.4,https://yageogroup.com/content/datasheet/asset/file/PYU-RC_51_ROHS_P,0.4,,,,8.0,8.4,,,a9977a14a190f8afcc0c1334cdbf92d7da6b7722dc7ebd4f046e842fb733ff5b
right,other,R154,470R 1% HDMI bias,RC0402FR-07470RL,Resistor_SMD:R_0402_1005Metric,False,front,F.Cu,341.5,69.43695,90.0,341.5,69.43695,90.0,1.6,0.0,verified_maximum,maximum,0.4,https://yageogroup.com/content/datasheet/asset/file/PYU-RC_51_ROHS_P,0.4,,,,8.0,8.4,,,a9977a14a190f8afcc0c1334cdbf92d7da6b7722dc7ebd4f046e842fb733ff5b
right,other,R155,470R 1% HDMI bias,RC0402FR-07470RL,Resistor_SMD:R_0402_1005Metric,False,front,F.Cu,342.5,71.16305,270.0,342.5,71.16305,270.0,1.6,0.0,verified_maximum,maximum,0.4,https://yageogroup.com/content/datasheet/asset/file/PYU-RC_51_ROHS_P,0.4,,,,8.0,8.4,,,a9977a14a190f8afcc0c1334cdbf92d7da6b7722dc7ebd4f046e842fb733ff5b
right,other,R156,470R 1% HDMI bias,RC0402FR-07470RL,Resistor_SMD:R_0402_1005Metric,False,front,F.Cu,341.5,71.63695,90.0,341.5,71.63695,90.0,1.6,0.0,verified_maximum,maximum,0.4,https://yageogroup.com/content/datasheet/asset/file/PYU-RC_51_ROHS_P,0.4,,,,8.0,8.4,,,a9977a14a190f8afcc0c1334cdbf92d7da6b7722dc7ebd4f046e842fb733ff5b
right,other,R157,470R 1% HDMI bias,RC0402FR-07470RL,Resistor_SMD:R_0402_1005Metric,False,front,F.Cu,343.3,73.43305,270.0,343.3,73.43305,270.0,1.6,0.0,verified_maximum,maximum,0.4,https://yageogroup.com/content/datasheet/asset/file/PYU-RC_51_ROHS_P,0.4,,,,8.0,8.4,,,a9977a14a190f8afcc0c1334cdbf92d7da6b7722dc7ebd4f046e842fb733ff5b
right,other,R158,2.2k HDMI DDC pull-up,RC0402FR-072K2L,Resistor_SMD:R_0402_1005Metric,False,front,F.Cu,338.86,77.75,180.0,338.86,77.75,180.0,1.6,0.0,verified_maximum,maximum,0.4,https://yageogroup.com/content/datasheet/asset/file/PYU-RC_51_ROHS_P,0.4,,,,8.0,8.4,,,a9977a14a190f8afcc0c1334cdbf92d7da6b7722dc7ebd4f046e842fb733ff5b
right,other,R159,2.2k HDMI DDC pull-up,RC0402FR-072K2L,Resistor_SMD:R_0402_1005Metric,False,front,F.Cu,335.5,73.0,0.0,335.5,73.0,0.0,1.6,0.0,verified_maximum,maximum,0.4,https://yageogroup.com/content/datasheet/asset/file/PYU-RC_51_ROHS_P,0.4,,,,8.0,8.4,,,a9977a14a190f8afcc0c1334cdbf92d7da6b7722dc7ebd4f046e842fb733ff5b
right,other,R160,1.8k HDMI DDC pull-up,RC0402FR-071K8L,Resistor_SMD:R_0402_1005Metric,False,front,F.Cu,330.54,71.800002,0.0,330.54,71.800002,0.0,1.6,0.0,verified_maximum,maximum,0.4,https://yageogroup.com/content/datasheet/asset/file/PYU-RC_51_ROHS_P,0.4,,,,8.0,8.4,,,a9977a14a190f8afcc0c1334cdbf92d7da6b7722dc7ebd4f046e842fb733ff5b
right,other,R161,1.8k HDMI DDC pull-up,RC0402FR-071K8L,Resistor_SMD:R_0402_1005Metric,False,front,F.Cu,341.8,77.65,180.0,341.8,77.65,180.0,1.6,0.0,verified_maximum,maximum,0.4,https://yageogroup.com/content/datasheet/asset/file/PYU-RC_51_ROHS_P,0.4,,,,8.0,8.4,,,a9977a14a190f8afcc0c1334cdbf92d7da6b7722dc7ebd4f046e842fb733ff5b
right,other,R162,200k PCA9306 VREF2/EN bias,RC0402FR-07200KL,Resistor_SMD:R_0402_1005Metric,False,front,F.Cu,338.01,69.25,0.0,338.01,69.25,0.0,1.6,0.0,verified_maximum,maximum,0.4,https://yageogroup.com/content/datasheet/asset/file/PYU-RC_51_ROHS_P,0.4,,,,8.0,8.4,,,a9977a14a190f8afcc0c1334cdbf92d7da6b7722dc7ebd4f046e842fb733ff5b
right,other,R163,1k HPD input series,RC0402FR-071KL,Resistor_SMD:R_0402_1005Metric,False,front,F.Cu,321.5,80.0,180.0,321.5,80.0,180.0,1.6,0.0,verified_maximum,maximum,0.4,https://yageogroup.com/content/datasheet/asset/file/PYU-RC_51_ROHS_P,0.4,,,,8.0,8.4,,,a9977a14a190f8afcc0c1334cdbf92d7da6b7722dc7ebd4f046e842fb733ff5b
right,other,R164,100k HPD input pull-down,RC0402FR-07100KL,Resistor_SMD:R_0402_1005Metric,False,front,F.Cu,349.2,60.0,0.0,349.2,60.0,0.0,1.6,0.0,verified_maximum,maximum,0.4,https://yageogroup.com/content/datasheet/asset/file/PYU-RC_51_ROHS_P,0.4,,,,8.0,8.4,,,a9977a14a190f8afcc0c1334cdbf92d7da6b7722dc7ebd4f046e842fb733ff5b
right,other,R165,2.2k S0 bias-gate series,RC0402FR-072K2L,Resistor_SMD:R_0402_1005Metric,False,front,F.Cu,328.75,82.8,90.0,328.75,82.8,90.0,1.6,0.0,verified_maximum,maximum,0.4,https://yageogroup.com/content/datasheet/asset/file/PYU-RC_51_ROHS_P,0.4,,,,8.0,8.4,,,a9977a14a190f8afcc0c1334cdbf92d7da6b7722dc7ebd4f046e842fb733ff5b
right,other,R166,100k bias-gate default off,RC0402FR-07100KL,Resistor_SMD:R_0402_1005Metric,False,front,F.Cu,330.5,73.0,0.0,330.5,73.0,0.0,1.6,0.0,verified_maximum,maximum,0.4,https://yageogroup.com/content/datasheet/asset/file/PYU-RC_51_ROHS_P,0.4,,,,8.0,8.4,,,a9977a14a190f8afcc0c1334cdbf92d7da6b7722dc7ebd4f046e842fb733ff5b
right,other,R167,0R DNP HDMI bias always-on option,,Resistor_SMD:R_0402_1005Metric,True,front,F.Cu,327.0,79.0,0.0,327.0,79.0,0.0,1.6,0.0,unverified,,,,,,,,8.0,,,,a9977a14a190f8afcc0c1334cdbf92d7da6b7722dc7ebd4f046e842fb733ff5b
right,other,R168,100k HDMI switched 5V discharge,RC0402FR-07100KL,Resistor_SMD:R_0402_1005Metric,False,front,F.Cu,308.75375,65.73375,0.0,308.75375,65.73375,0.0,1.6,0.0,verified_maximum,maximum,0.4,https://yageogroup.com/content/datasheet/asset/file/PYU-RC_51_ROHS_P,0.4,,,,8.0,8.4,,,a9977a14a190f8afcc0c1334cdbf92d7da6b7722dc7ebd4f046e842fb733ff5b
right,other,R169,100k HDMI switched 3V3 discharge,RC0402FR-07100KL,Resistor_SMD:R_0402_1005Metric,False,front,F.Cu,331.25,86.45,0.0,331.25,86.45,0.0,1.6,0.0,verified_maximum,maximum,0.4,https://yageogroup.com/content/datasheet/asset/file/PYU-RC_51_ROHS_P,0.4,,,,8.0,8.4,,,a9977a14a190f8afcc0c1334cdbf92d7da6b7722dc7ebd4f046e842fb733ff5b
right,other,R500,1M 1% crystal feedback,RC0402FR-071ML,Resistor_SMD:R_0402_1005Metric,False,back,B.Cu,315.7,100.5,0.0,315.7,100.5,0.0,1.6,-1.6,verified_maximum,maximum,0.4,https://yageogroup.com/content/datasheet/asset/file/PYU-RC_51_ROHS_P,-2.0,,0.3,-2.3,6.4,6.0,,5.7,a9977a14a190f8afcc0c1334cdbf92d7da6b7722dc7ebd4f046e842fb733ff5b
right,other,R501,2.49k 1% RTL8111H RSET,RC0402FR-072K49L,Resistor_SMD:R_0402_1005Metric,False,back,B.Cu,316.8,96.95,0.0,316.8,96.95,0.0,1.6,-1.6,verified_maximum,maximum,0.4,https://yageogroup.com/content/datasheet/asset/file/PYU-RC_51_ROHS_P,-2.0,,0.3,-2.3,6.4,6.0,,5.7,a9977a14a190f8afcc0c1334cdbf92d7da6b7722dc7ebd4f046e842fb733ff5b
right,other,R502,10k 1% ISOLATEB pull-up,RC0402FR-0710KL,Resistor_SMD:R_0402_1005Metric,False,front,F.Cu,351.5,107.49,90.0,351.5,107.49,90.0,1.6,0.0,verified_maximum,maximum,0.4,https://yageogroup.com/content/datasheet/asset/file/PYU-RC_51_ROHS_P,0.4,,,,8.0,8.4,,,a9977a14a190f8afcc0c1334cdbf92d7da6b7722dc7ebd4f046e842fb733ff5b
right,other,R503,10k 1% PCIe WAKE# pull-up,RC0402FR-0710KL,Resistor_SMD:R_0402_1005Metric,False,front,F.Cu,312.4,103.0,0.0,312.4,103.0,0.0,1.6,0.0,verified_maximum,maximum,0.4,https://yageogroup.com/content/datasheet/asset/file/PYU-RC_51_ROHS_P,0.4,,,,8.0,8.4,,,a9977a14a190f8afcc0c1334cdbf92d7da6b7722dc7ebd4f046e842fb733ff5b
right,other,R504,470R 1% yellow activity LED,RC0402FR-07470RL,Resistor_SMD:R_0402_1005Metric,False,front,F.Cu,356.5,85.0,0.0,356.5,85.0,0.0,1.6,0.0,verified_maximum,maximum,0.4,https://yageogroup.com/content/datasheet/asset/file/PYU-RC_51_ROHS_P,0.4,,,,8.0,8.4,,,a9977a14a190f8afcc0c1334cdbf92d7da6b7722dc7ebd4f046e842fb733ff5b
right,other,R505,470R 1% green 1000M indicator LED,RC0402FR-07470RL,Resistor_SMD:R_0402_1005Metric,False,front,F.Cu,344.6,110.6,0.0,344.6,110.6,0.0,1.6,0.0,verified_maximum,maximum,0.4,https://yageogroup.com/content/datasheet/asset/file/PYU-RC_51_ROHS_P,0.4,,,,8.0,8.4,,,a9977a14a190f8afcc0c1334cdbf92d7da6b7722dc7ebd4f046e842fb733ff5b
right,other,R506,DNP 0R direct shield-to-GND option,,Resistor_SMD:R_1206_3216Metric,True,front,F.Cu,331.95,107.8,180.0,331.95,107.8,180.0,1.6,0.0,unverified,,,,,,,,8.0,,,,a9977a14a190f8afcc0c1334cdbf92d7da6b7722dc7ebd4f046e842fb733ff5b
right,other,R570,100k HDMI enable pulldown,RC0402FR-07100KL,Resistor_SMD:R_0402_1005Metric,False,front,F.Cu,311.55375,74.88375,0.0,311.55375,74.88375,0.0,1.6,0.0,verified_maximum,maximum,0.4,https://yageogroup.com/content/datasheet/asset/file/PYU-RC_51_ROHS_P,0.4,,,,8.0,8.4,,,a9977a14a190f8afcc0c1334cdbf92d7da6b7722dc7ebd4f046e842fb733ff5b
right,other,R1760,19.1k 1% TPS2553 VBUS plus VCONN ILIM,RC0603FR-0719K1L,Resistor_SMD:R_0603_1608Metric,False,back,B.Cu,335.7,47.875,90.0,335.7,47.875,90.0,1.6,-1.6,verified_maximum,maximum,0.55,https://www.mouser.com/catalog/specsheets/RC0603.pdf,-2.15,,0.3,-2.45,6.4,5.85,,5.55,a9977a14a190f8afcc0c1334cdbf92d7da6b7722dc7ebd4f046e842fb733ff5b
right,other,R1761,4.99k POL pull-up,RC0603FR-074K99L,Resistor_SMD:R_0603_1608Metric,False,front,F.Cu,335.25,45.8,90.0,335.25,45.8,90.0,1.6,0.0,verified_maximum,maximum,0.55,https://www.mouser.com/catalog/specsheets/RC0603.pdf,0.55,,,,8.0,8.55,,,a9977a14a190f8afcc0c1334cdbf92d7da6b7722dc7ebd4f046e842fb733ff5b
right,other,R1762,100k 1% TPS25810 REF,RC0603FR-07100KL,Resistor_SMD:R_0603_1608Metric,False,front,F.Cu,335.85,53.3,180.0,335.85,53.3,180.0,1.6,0.0,verified_maximum,maximum,0.55,https://www.mouser.com/catalog/specsheets/RC0603.pdf,0.55,,,,8.0,8.55,,,a9977a14a190f8afcc0c1334cdbf92d7da6b7722dc7ebd4f046e842fb733ff5b
right,other,R1770,249R 0.25W TPS25810 OUT discharge,RC1206FR-07249RL,Resistor_SMD:R_1206_3216Metric,False,front,F.Cu,339.2,48.4,90.0,339.2,48.4,90.0,1.6,0.0,unverified,,,,,,,,8.0,,,,a9977a14a190f8afcc0c1334cdbf92d7da6b7722dc7ebd4f046e842fb733ff5b
right,other,R2040,10k shared CC/USB2 protector FLT pull-up,RC0603FR-0710KL,Resistor_SMD:R_0603_1608Metric,False,front,F.Cu,302.5,23.0,90.0,302.5,23.0,90.0,1.6,0.0,verified_maximum,maximum,0.55,https://www.mouser.com/catalog/specsheets/RC0603.pdf,0.55,,,,8.0,8.55,,,a9977a14a190f8afcc0c1334cdbf92d7da6b7722dc7ebd4f046e842fb733ff5b
right,other,R2041,2.2k EEPROM SDA pull-up,RC0603FR-072K2L,Resistor_SMD:R_0603_1608Metric,False,front,F.Cu,307.0,15.0,0.0,307.0,15.0,0.0,1.6,0.0,verified_maximum,maximum,0.55,https://www.mouser.com/catalog/specsheets/RC0603.pdf,0.55,,,,8.0,8.55,,,a9977a14a190f8afcc0c1334cdbf92d7da6b7722dc7ebd4f046e842fb733ff5b
right,other,R2042,2.2k EEPROM SCL pull-up,RC0603FR-072K2L,Resistor_SMD:R_0603_1608Metric,False,front,F.Cu,302.0,19.5,0.0,302.0,19.5,0.0,1.6,0.0,verified_maximum,maximum,0.55,https://www.mouser.com/catalog/specsheets/RC0603.pdf,0.55,,,,8.0,8.55,,,a9977a14a190f8afcc0c1334cdbf92d7da6b7722dc7ebd4f046e842fb733ff5b
right,other,R2043,4.7k TCPC SDA pull-up,RC0603FR-074K7L,Resistor_SMD:R_0603_1608Metric,False,front,F.Cu,324.55,83.800002,0.0,324.55,83.800002,0.0,1.6,0.0,verified_maximum,maximum,0.55,https://www.mouser.com/catalog/specsheets/RC0603.pdf,0.55,,,,8.0,8.55,,,a9977a14a190f8afcc0c1334cdbf92d7da6b7722dc7ebd4f046e842fb733ff5b
right,other,R2044,4.7k TCPC SCL pull-up,RC0603FR-074K7L,Resistor_SMD:R_0603_1608Metric,False,front,F.Cu,323.85,86.5,0.0,323.85,86.5,0.0,1.6,0.0,verified_maximum,maximum,0.55,https://www.mouser.com/catalog/specsheets/RC0603.pdf,0.55,,,,8.0,8.55,,,a9977a14a190f8afcc0c1334cdbf92d7da6b7722dc7ebd4f046e842fb733ff5b
right,other,R2045,10k TCPC IRQ pull-up,RC0603FR-0710KL,Resistor_SMD:R_0603_1608Metric,False,front,F.Cu,304.02,55.15,0.0,304.02,55.15,0.0,1.6,0.0,verified_maximum,maximum,0.55,https://www.mouser.com/catalog/specsheets/RC0603.pdf,0.55,,,,8.0,8.55,,,a9977a14a190f8afcc0c1334cdbf92d7da6b7722dc7ebd4f046e842fb733ff5b
right,other,R2046,10k mux FLIP pull-up,RC0603FR-0710KL,Resistor_SMD:R_0603_1608Metric,False,front,F.Cu,302.0,17.5,0.0,302.0,17.5,0.0,1.6,0.0,verified_maximum,maximum,0.55,https://www.mouser.com/catalog/specsheets/RC0603.pdf,0.55,,,,8.0,8.55,,,a9977a14a190f8afcc0c1334cdbf92d7da6b7722dc7ebd4f046e842fb733ff5b
right,other,R2047,10k mux EN pull-up,RC0603FR-0710KL,Resistor_SMD:R_0603_1608Metric,False,front,F.Cu,304.0,1.5,0.0,304.0,1.5,0.0,1.6,0.0,verified_maximum,maximum,0.55,https://www.mouser.com/catalog/specsheets/RC0603.pdf,0.55,,,,8.0,8.55,,,a9977a14a190f8afcc0c1334cdbf92d7da6b7722dc7ebd4f046e842fb733ff5b
right,other,R2055,10k I2Cc IRQ inactive pull-up,RC0603FR-0710KL,Resistor_SMD:R_0603_1608Metric,False,front,F.Cu,331.2,47.8,0.0,331.2,47.8,0.0,1.6,0.0,verified_maximum,maximum,0.55,https://www.mouser.com/catalog/specsheets/RC0603.pdf,0.55,,,,8.0,8.55,,,a9977a14a190f8afcc0c1334cdbf92d7da6b7722dc7ebd4f046e842fb733ff5b
right,other,R2056,100k USB2 switch default-disable pull-up,RC0603FR-07100KL,Resistor_SMD:R_0603_1608Metric,False,back,B.Cu,343.0,30.875,90.0,343.0,30.875,90.0,1.6,-1.6,verified_maximum,maximum,0.55,https://www.mouser.com/catalog/specsheets/RC0603.pdf,-2.15,,0.3,-2.45,6.4,5.85,,5.55,a9977a14a190f8afcc0c1334cdbf92d7da6b7722dc7ebd4f046e842fb733ff5b
right,other,R2057,0R protector FLT wired-OR link,RC0603FR-070RL,Resistor_SMD:R_0603_1608Metric,False,back,B.Cu,345.0,32.575,270.0,345.0,32.575,270.0,1.6,-1.6,verified_maximum,maximum,0.55,https://www.mouser.com/catalog/specsheets/RC0603.pdf,-2.15,,0.3,-2.45,6.4,5.85,,5.55,a9977a14a190f8afcc0c1334cdbf92d7da6b7722dc7ebd4f046e842fb733ff5b
right,pd2_input,R2090,1k 1W switched input discharge,RC2512FR-071KL,Resistor_SMD:R_2512_6332Metric,False,back,B.Cu,346.0,47.25,270.0,346.0,47.25,270.0,1.6,-1.6,verified_maximum,maximum,0.65,https://yageogroup.com/content/datasheet/asset/file/PYU-RC_51_ROHS_P,-2.25,,0.3,-2.55,6.4,5.75,,5.45,a9977a14a190f8afcc0c1334cdbf92d7da6b7722dc7ebd4f046e842fb733ff5b
right,pd2_input,R2091,100k discharge gate default-low,RC0603FR-07100KL,Resistor_SMD:R_0603_1608Metric,False,back,B.Cu,342.25,51.125,180.0,342.25,51.125,180.0,1.6,-1.6,verified_maximum,maximum,0.55,https://www.mouser.com/catalog/specsheets/RC0603.pdf,-2.15,,0.3,-2.45,6.4,5.85,,5.55,a9977a14a190f8afcc0c1334cdbf92d7da6b7722dc7ebd4f046e842fb733ff5b
right,pd2_input,R2092,1k IMON load,RC0603FR-071KL,Resistor_SMD:R_0603_1608Metric,False,back,B.Cu,335.4,39.65,180.0,335.4,39.65,180.0,1.6,-1.6,verified_maximum,maximum,0.55,https://www.mouser.com/catalog/specsheets/RC0603.pdf,-2.15,,0.3,-2.45,6.4,5.85,,5.55,a9977a14a190f8afcc0c1334cdbf92d7da6b7722dc7ebd4f046e842fb733ff5b
right,pd2_input,R2093,267R 0.1% sink breaker; 5.58A nominal,RT0603BRD07267RL,Resistor_SMD:R_0603_1608Metric,False,back,B.Cu,335.4,41.25,180.0,335.4,41.25,180.0,1.6,-1.6,verified_maximum,maximum,0.55,https://www.datasheets.com/yageo/RT0603BRD0710RL/datasheet.pdf,-2.15,,0.3,-2.45,6.4,5.85,,5.55,a9977a14a190f8afcc0c1334cdbf92d7da6b7722dc7ebd4f046e842fb733ff5b
right,pd2_input,R2094,47k sink enable default-off,RC0603FR-0747KL,Resistor_SMD:R_0603_1608Metric,False,back,B.Cu,337.75,44.6,270.0,337.75,44.6,270.0,1.6,-1.6,verified_maximum,maximum,0.55,https://www.mouser.com/catalog/specsheets/RC0603.pdf,-2.15,,0.3,-2.45,6.4,5.85,,5.55,a9977a14a190f8afcc0c1334cdbf92d7da6b7722dc7ebd4f046e842fb733ff5b
right,pd2_input,R2095,10k sink enable series,RC0603FR-0710KL,Resistor_SMD:R_0603_1608Metric,False,back,B.Cu,335.4,44.6,0.0,335.4,44.6,0.0,1.6,-1.6,verified_maximum,maximum,0.55,https://www.mouser.com/catalog/specsheets/RC0603.pdf,-2.15,,0.3,-2.45,6.4,5.85,,5.55,a9977a14a190f8afcc0c1334cdbf92d7da6b7722dc7ebd4f046e842fb733ff5b
right,pd2_input,R2096,150k sink PG pull-up; valid with input off,RC0603FR-07150KL,Resistor_SMD:R_0603_1608Metric,False,back,B.Cu,337.625,36.4,270.0,337.625,36.4,270.0,1.6,-1.6,verified_maximum,maximum,0.55,https://www.mouser.com/catalog/specsheets/RC0603.pdf,-2.15,,0.3,-2.45,6.4,5.85,,5.55,a9977a14a190f8afcc0c1334cdbf92d7da6b7722dc7ebd4f046e842fb733ff5b
right,other,R2404,100k,RC0603FR-07100KL,Resistor_SMD:R_0603_1608Metric,False,front,F.Cu,329.0,39.6,90.0,329.0,39.6,90.0,1.6,0.0,verified_maximum,maximum,0.55,https://www.mouser.com/catalog/specsheets/RC0603.pdf,0.55,,,,8.0,8.55,,,a9977a14a190f8afcc0c1334cdbf92d7da6b7722dc7ebd4f046e842fb733ff5b
right,other,R2409,100k,RC0603FR-07100KL,Resistor_SMD:R_0603_1608Metric,False,front,F.Cu,304.0,53.5,0.0,304.0,53.5,0.0,1.6,0.0,verified_maximum,maximum,0.55,https://www.mouser.com/catalog/specsheets/RC0603.pdf,0.55,,,,8.0,8.55,,,a9977a14a190f8afcc0c1334cdbf92d7da6b7722dc7ebd4f046e842fb733ff5b
right,other,R2414,10k,RC0603FR-0710KL,Resistor_SMD:R_0603_1608Metric,False,front,F.Cu,331.25,40.75,0.0,331.25,40.75,0.0,1.6,0.0,verified_maximum,maximum,0.55,https://www.mouser.com/catalog/specsheets/RC0603.pdf,0.55,,,,8.0,8.55,,,a9977a14a190f8afcc0c1334cdbf92d7da6b7722dc7ebd4f046e842fb733ff5b
right,other,R2446,0.33,ERJ3RQFR33V,Resistor_SMD:R_0603_1608Metric,False,front,F.Cu,311.7,72.3,90.0,311.7,72.3,90.0,1.6,0.0,unverified,,,,,,,,8.0,,,,a9977a14a190f8afcc0c1334cdbf92d7da6b7722dc7ebd4f046e842fb733ff5b
right,other,R2447,0.33,ERJ3RQFR33V,Resistor_SMD:R_0603_1608Metric,False,front,F.Cu,311.7,109.6,90.0,311.7,109.6,90.0,1.6,0.0,unverified,,,,,,,,8.0,,,,a9977a14a190f8afcc0c1334cdbf92d7da6b7722dc7ebd4f046e842fb733ff5b
right,other,U42,TPS25751AD USB-PD DRP controller,TPS25751ADREFR,Package_DFN_QFN:Texas_REF0038A_WQFN-38-2EP_6x4mm_P0.4,False,front,F.Cu,338.9,23.325,180.0,338.9,23.325,180.0,1.6,0.0,unverified,,,,,,,,8.0,,,,a9977a14a190f8afcc0c1334cdbf92d7da6b7722dc7ebd4f046e842fb733ff5b
right,other,U50,TPD4E05U06DQAR HDMI control and 5V ESD,TPD4E05U06DQAR,Package_SON:USON-10_2.5x1.0mm_P0.5mm,False,front,F.Cu,345.75,75.5,0.0,345.75,75.5,0.0,1.6,0.0,unverified,,,,,,,,8.0,,,,a9977a14a190f8afcc0c1334cdbf92d7da6b7722dc7ebd4f046e842fb733ff5b
right,other,U51,PCA9306DCTR HDMI DDC level translator,PCA9306DCTR,Package_SO:SSOP-8_2.95x2.8mm_P0.65mm,False,front,F.Cu,340.0,75.5,0.0,340.0,75.5,0.0,1.6,0.0,unverified,,,,,,,,8.0,,,,a9977a14a190f8afcc0c1334cdbf92d7da6b7722dc7ebd4f046e842fb733ff5b
right,other,U53,SN74LVC1G17DBVR HDMI HPD buffer,SN74LVC1G17DBVR,Package_TO_SOT_SMD:SOT-23-5,False,front,F.Cu,331.681499,62.0,180.0,331.681499,62.0,180.0,1.6,0.0,verified_maximum,maximum,1.45,https://www.ti.com/lit/ds/symlink/sn74lvc1g17.pdf,1.45,,,,8.0,9.45,,,a9977a14a190f8afcc0c1334cdbf92d7da6b7722dc7ebd4f046e842fb733ff5b
right,other,U54,TPS22948DCKR HDMI 5V current-limited switch,TPS22948DCKR,Package_TO_SOT_SMD:SOT-363_SC-70-6,False,front,F.Cu,305.15375,66.38375,270.0,305.15375,66.38375,270.0,1.6,0.0,unverified,,,,,,,,8.0,,,,a9977a14a190f8afcc0c1334cdbf92d7da6b7722dc7ebd4f046e842fb733ff5b
right,other,U55,TPS22975NDSGR host-active SYS_3V3 switch,TPS22975NDSGR,Package_SON:Texas_DSG0008A_WSON-8-1EP_2x2mm_P0.5mm_EP0.9x1.6mm,False,front,F.Cu,329.0,85.5,270.0,329.0,85.5,270.0,1.6,0.0,unverified,,,,,,,,8.0,,,,a9977a14a190f8afcc0c1334cdbf92d7da6b7722dc7ebd4f046e842fb733ff5b
right,other,U500,RTL8111H-CG-RH PCIe Gigabit Ethernet,RTL8111H-CG-RH,Package_DFN_QFN:QFN-32-1EP_4x4mm_P0.4mm_EP2.65x2.65mm,False,front,F.Cu,314.4,95.25,180.0,314.4,95.25,180.0,1.6,0.0,unverified,,,,,,,,8.0,,,,a9977a14a190f8afcc0c1334cdbf92d7da6b7722dc7ebd4f046e842fb733ff5b
right,other,U501,D3V3XA4B10LP-7 four-channel 0.3pF Ethernet ESD,D3V3XA4B10LP-7,Package_DFN_QFN:Diodes_UDFN-10_1x2.5mm_P0.5mm,False,front,F.Cu,327.4,101.4,180.0,327.4,101.4,180.0,1.6,0.0,unverified,,,,,,,,8.0,,,,a9977a14a190f8afcc0c1334cdbf92d7da6b7722dc7ebd4f046e842fb733ff5b
right,other,U502,D3V3XA4B10LP-7 four-channel 0.3pF Ethernet ESD,D3V3XA4B10LP-7,Package_DFN_QFN:Diodes_UDFN-10_1x2.5mm_P0.5mm,False,front,F.Cu,327.4,93.5,180.0,327.4,93.5,180.0,1.6,0.0,unverified,,,,,,,,8.0,,,,a9977a14a190f8afcc0c1334cdbf92d7da6b7722dc7ebd4f046e842fb733ff5b
right,pd2_input,U721,TPS259827ONRGER PD2 sink breaker,TPS259827ONRGER,ducktop2:Texas_RGE0024M_QFN24_4x4_2EP,False,back,B.Cu,339.5,40.5,90.0,339.5,40.5,90.0,1.6,-1.6,verified_maximum,maximum,1.0,https://www.ti.com/lit/ds/symlink/tps25982.pdf,-2.6,,0.3,-2.9,6.4,5.4,,5.1,a9977a14a190f8afcc0c1334cdbf92d7da6b7722dc7ebd4f046e842fb733ff5b
right,other,U1760,TPS2553DDBVR 1.3A USB branch,TPS2553DDBVR,Package_TO_SOT_SMD:SOT-23-6,False,back,B.Cu,332.8,48.7,0.0,332.8,48.7,0.0,1.6,-1.6,verified_maximum,maximum,1.45,https://www.ti.com/lit/ds/symlink/tps2553.pdf,-3.05,,0.3,-3.35,6.4,4.95,,4.65,a9977a14a190f8afcc0c1334cdbf92d7da6b7722dc7ebd4f046e842fb733ff5b
right,other,U1761,TPS25810RVCR Type-C DFP controller,TPS25810RVCR,Package_DFN_QFN:Texas_RVC0020A_WQFN-20-1EP_3x4mm_P0.5mm_EP1.6x2.6mm,False,front,F.Cu,335.35,49.9,0.0,335.35,49.9,0.0,1.6,0.0,unverified,,,,,,,,8.0,,,,a9977a14a190f8afcc0c1334cdbf92d7da6b7722dc7ebd4f046e842fb733ff5b
right,other,U1763,TPD1S514-1YZR 5.9V VBUS OVP,TPD1S514-1YZR,ducktop2:Texas_TPD1S514_YZ_WCSP-12_1.99x1.29mm_P0.5mm,False,front,F.Cu,346.5,51.3,0.0,346.5,51.3,0.0,1.6,0.0,unverified,,,,,,,,8.0,,,,a9977a14a190f8afcc0c1334cdbf92d7da6b7722dc7ebd4f046e842fb733ff5b
right,other,U1765,TPD4E05U06 USB2/CC ESD,TPD4E05U06DQAR,Package_SON:USON-10_2.5x1.0mm_P0.5mm,False,front,F.Cu,346.385,48.05,180.0,346.385,48.05,180.0,1.6,0.0,unverified,,,,,,,,8.0,,,,a9977a14a190f8afcc0c1334cdbf92d7da6b7722dc7ebd4f046e842fb733ff5b
right,other,U2011,TPD4S201 CC and USB2 short-to-VBUS protector,TPD4S201RUKR,Package_DFN_QFN:Texas_RUK0020B_WQFN-20-1EP_3x3mm_P0.4mm_EP1.7x1.7mm_ThermalVias,False,front,F.Cu,345.4,29.9,180.0,345.4,29.9,180.0,1.6,0.0,verified_maximum,maximum,0.8,https://www.ti.com/lit/ds/symlink/tpd4s201.pdf,0.8,,,,8.0,8.8,,,a9977a14a190f8afcc0c1334cdbf92d7da6b7722dc7ebd4f046e842fb733ff5b
right,other,U2012,CAT24C256 32KB private TPS25751A EEPROM,CAT24C256WI-GT3,Package_SO:SOIC-8_3.9x4.9mm_P1.27mm,False,front,F.Cu,329.0,44.25,0.0,329.0,44.25,0.0,1.6,0.0,unverified,,,,,,,,8.0,,,,a9977a14a190f8afcc0c1334cdbf92d7da6b7722dc7ebd4f046e842fb733ff5b
right,other,U2013,TS3USB30E DFP-qualified USB2 disconnect,TS3USB30EDGSR,Package_SO:TSSOP-10_3x3mm_P0.5mm,False,front,F.Cu,338.85,30.05,0.0,338.85,30.05,0.0,1.6,0.0,verified_maximum,maximum,1.1,https://www.ti.com/lit/ds/symlink/ts3usb30e.pdf,1.1,,,,8.0,9.1,,,a9977a14a190f8afcc0c1334cdbf92d7da6b7722dc7ebd4f046e842fb733ff5b
right,other,U2014,SN74LVC2G07 partial-power-down mux controls,SN74LVC2G07DCKR,Package_TO_SOT_SMD:SOT-363_SC-70-6,False,back,B.Cu,334.7,33.9,0.0,334.7,33.9,0.0,1.6,-1.6,verified_maximum,maximum,1.1,https://www.ti.com/lit/ds/symlink/sn74lvc2g07.pdf,-2.7,,0.3,-3.0,6.4,5.3,,5.0,a9977a14a190f8afcc0c1334cdbf92d7da6b7722dc7ebd4f046e842fb733ff5b
right,other,U2015,TVS2200 22V USB VBUS surge clamp,TVS2200DRVR,Package_SON:WSON-6-1EP_2x2mm_P0.65mm_EP1x1.6mm,False,front,F.Cu,347.6,25.75,0.0,347.6,25.75,0.0,1.6,0.0,unverified,,,,,,,,8.0,,,,a9977a14a190f8afcc0c1334cdbf92d7da6b7722dc7ebd4f046e842fb733ff5b
right,other,U2016,SN74LVC1G08 DFP and attached qualifier,SN74LVC1G08DBVR,Package_TO_SOT_SMD:SOT-23-5,False,back,B.Cu,335.35,26.2,180.0,335.35,26.2,180.0,1.6,-1.6,verified_maximum,maximum,1.45,https://www.ti.com/lit/ds/symlink/sn74lvc1g08.pdf,-3.05,,0.3,-3.35,6.4,4.95,,4.65,a9977a14a190f8afcc0c1334cdbf92d7da6b7722dc7ebd4f046e842fb733ff5b
right,other,U2404,TPS22992SRXNR J11 PP5V gate,TPS22992SRXNR,ducktop2:Texas_RXN0008A_WQFN-HR-8_1.25x1.25mm,False,front,F.Cu,326.0,40.0,0.0,326.0,40.0,0.0,1.6,0.0,unverified,,,,,,,,8.0,,,,a9977a14a190f8afcc0c1334cdbf92d7da6b7722dc7ebd4f046e842fb733ff5b
right,other,U2409,SN74LVC1G08DBVR J12 source permission,SN74LVC1G08DBVR,Package_TO_SOT_SMD:SOT-23-5,False,front,F.Cu,313.0,43.25,0.0,313.0,43.25,0.0,1.6,0.0,verified_maximum,maximum,1.45,https://www.ti.com/lit/ds/symlink/sn74lvc1g08.pdf,1.45,,,,8.0,9.45,,,a9977a14a190f8afcc0c1334cdbf92d7da6b7722dc7ebd4f046e842fb733ff5b
right,pd2_input,U2631,SN74LVC1G04DBVR discharge control,SN74LVC1G04DBVR,Package_TO_SOT_SMD:SOT-23-5,False,back,B.Cu,340.75,53.9,0.0,340.75,53.9,0.0,1.6,-1.6,verified_maximum,maximum,1.45,https://www.ti.com/lit/ds/symlink/sn74lvc1g04.pdf,-3.05,,0.3,-3.35,6.4,4.95,,4.65,a9977a14a190f8afcc0c1334cdbf92d7da6b7722dc7ebd4f046e842fb733ff5b
right,other,Y500,ECS-250-8-33-AGN-TR 25MHz 8pF crystal,ECS-250-8-33-AGN-TR,Crystal:Crystal_SMD_3225-4Pin_3.2x2.5mm,False,front,F.Cu,315.5,100.0,0.0,315.5,100.0,0.0,1.6,0.0,unverified,,,,,,,,8.0,,,,a9977a14a190f8afcc0c1334cdbf92d7da6b7722dc7ebd4f046e842fb733ff5b
