ISO-10303-21;
HEADER;
FILE_DESCRIPTION(('Open CASCADE Model'),'2;1');
FILE_NAME('Open CASCADE Shape Model','2026-09-26T12:02:44',('Author'),(
    'Open CASCADE'),'Open CASCADE STEP processor 7.9','Open CASCADE 7.9'
  ,'Unknown');
FILE_SCHEMA(('AUTOMOTIVE_DESIGN { 1 0 10303 214 1 1 1 1 }'));
ENDSEC;
DATA;
#1 = APPLICATION_PROTOCOL_DEFINITION('international standard',
  'automotive_design',2000,#2);
#2 = APPLICATION_CONTEXT(
  'core data for automotive mechanical design processes');
#3 = SHAPE_DEFINITION_REPRESENTATION(#4,#10);
#4 = PRODUCT_DEFINITION_SHAPE('','',#5);
#5 = PRODUCT_DEFINITION('design','',#6,#9);
#6 = PRODUCT_DEFINITION_FORMATION('','',#7);
#7 = PRODUCT('Open CASCADE STEP translator 7.9 11',
  'Open CASCADE STEP translator 7.9 11','',(#8));
#8 = PRODUCT_CONTEXT('',#2,'mechanical');
#9 = PRODUCT_DEFINITION_CONTEXT('part definition',#2,'design');
#10 = ADVANCED_BREP_SHAPE_REPRESENTATION('',(#11,#15),#3853);
#11 = AXIS2_PLACEMENT_3D('',#12,#13,#14);
#12 = CARTESIAN_POINT('',(0.,0.,0.));
#13 = DIRECTION('',(0.,0.,1.));
#14 = DIRECTION('',(1.,0.,-0.));
#15 = MANIFOLD_SOLID_BREP('',#16);
#16 = CLOSED_SHELL('',(#17,#137,#218,#406,#534,#995,#1300,#1327,#1519,
    #1568,#1669,#1718,#1792,#2380,#2407,#2434,#2461,#2488,#2515,#2542,
    #2569,#2596,#2623,#2650,#2677,#2704,#2731,#2758,#2785,#2812,#2840,
    #2868,#2896,#2901,#2928,#3010,#3081,#3163,#3190,#3269,#3319,#3347,
    #3410,#3440,#3503,#3533,#3610,#3660,#3687,#3764,#3814,#3841,#3847));
#17 = ADVANCED_FACE('',(#18),#32,.F.);
#18 = FACE_BOUND('',#19,.F.);
#19 = EDGE_LOOP('',(#20,#55,#83,#111));
#20 = ORIENTED_EDGE('',*,*,#21,.F.);
#21 = EDGE_CURVE('',#22,#24,#26,.T.);
#22 = VERTEX_POINT('',#23);
#23 = CARTESIAN_POINT('',(-6.,256.,-3.135095805817E-14));
#24 = VERTEX_POINT('',#25);
#25 = CARTESIAN_POINT('',(-6.,256.,-2.4));
#26 = SURFACE_CURVE('',#27,(#31,#43),.PCURVE_S1.);
#27 = LINE('',#28,#29);
#28 = CARTESIAN_POINT('',(-6.,256.,-3.135095805817E-14));
#29 = VECTOR('',#30,1.);
#30 = DIRECTION('',(0.,-1.224646799147E-16,-1.));
#31 = PCURVE('',#32,#37);
#32 = PLANE('',#33);
#33 = AXIS2_PLACEMENT_3D('',#34,#35,#36);
#34 = CARTESIAN_POINT('',(-6.,256.,-3.135095805817E-14));
#35 = DIRECTION('',(1.,0.,0.));
#36 = DIRECTION('',(0.,-1.224646799147E-16,-1.));
#37 = DEFINITIONAL_REPRESENTATION('',(#38),#42);
#38 = LINE('',#39,#40);
#39 = CARTESIAN_POINT('',(0.,0.));
#40 = VECTOR('',#41,1.);
#41 = DIRECTION('',(1.,0.));
#42 = ( GEOMETRIC_REPRESENTATION_CONTEXT(2) 
PARAMETRIC_REPRESENTATION_CONTEXT() REPRESENTATION_CONTEXT('2D SPACE',''
  ) );
#43 = PCURVE('',#44,#49);
#44 = PLANE('',#45);
#45 = AXIS2_PLACEMENT_3D('',#46,#47,#48);
#46 = CARTESIAN_POINT('',(-6.,256.,-3.135095805817E-14));
#47 = DIRECTION('',(0.,-1.,1.224646799147E-16));
#48 = DIRECTION('',(0.,-1.224646799147E-16,-1.));
#49 = DEFINITIONAL_REPRESENTATION('',(#50),#54);
#50 = LINE('',#51,#52);
#51 = CARTESIAN_POINT('',(0.,0.));
#52 = VECTOR('',#53,1.);
#53 = DIRECTION('',(1.,0.));
#54 = ( GEOMETRIC_REPRESENTATION_CONTEXT(2) 
PARAMETRIC_REPRESENTATION_CONTEXT() REPRESENTATION_CONTEXT('2D SPACE',''
  ) );
#55 = ORIENTED_EDGE('',*,*,#56,.T.);
#56 = EDGE_CURVE('',#22,#57,#59,.T.);
#57 = VERTEX_POINT('',#58);
#58 = CARTESIAN_POINT('',(-6.,115.,-1.408343819019E-14));
#59 = SURFACE_CURVE('',#60,(#64,#71),.PCURVE_S1.);
#60 = LINE('',#61,#62);
#61 = CARTESIAN_POINT('',(-6.,256.,-3.135095805817E-14));
#62 = VECTOR('',#63,1.);
#63 = DIRECTION('',(0.,-1.,1.224646799147E-16));
#64 = PCURVE('',#32,#65);
#65 = DEFINITIONAL_REPRESENTATION('',(#66),#70);
#66 = LINE('',#67,#68);
#67 = CARTESIAN_POINT('',(0.,0.));
#68 = VECTOR('',#69,1.);
#69 = DIRECTION('',(0.,-1.));
#70 = ( GEOMETRIC_REPRESENTATION_CONTEXT(2) 
PARAMETRIC_REPRESENTATION_CONTEXT() REPRESENTATION_CONTEXT('2D SPACE',''
  ) );
#71 = PCURVE('',#72,#77);
#72 = PLANE('',#73);
#73 = AXIS2_PLACEMENT_3D('',#74,#75,#76);
#74 = CARTESIAN_POINT('',(-6.,256.,-3.135095805817E-14));
#75 = DIRECTION('',(0.,-1.224646799147E-16,-1.));
#76 = DIRECTION('',(1.,0.,0.));
#77 = DEFINITIONAL_REPRESENTATION('',(#78),#82);
#78 = LINE('',#79,#80);
#79 = CARTESIAN_POINT('',(0.,0.));
#80 = VECTOR('',#81,1.);
#81 = DIRECTION('',(0.,1.));
#82 = ( GEOMETRIC_REPRESENTATION_CONTEXT(2) 
PARAMETRIC_REPRESENTATION_CONTEXT() REPRESENTATION_CONTEXT('2D SPACE',''
  ) );
#83 = ORIENTED_EDGE('',*,*,#84,.T.);
#84 = EDGE_CURVE('',#57,#85,#87,.T.);
#85 = VERTEX_POINT('',#86);
#86 = CARTESIAN_POINT('',(-6.,115.,-2.4));
#87 = SURFACE_CURVE('',#88,(#92,#99),.PCURVE_S1.);
#88 = LINE('',#89,#90);
#89 = CARTESIAN_POINT('',(-6.,115.,10.));
#90 = VECTOR('',#91,1.);
#91 = DIRECTION('',(0.,-1.224646799147E-16,-1.));
#92 = PCURVE('',#32,#93);
#93 = DEFINITIONAL_REPRESENTATION('',(#94),#98);
#94 = LINE('',#95,#96);
#95 = CARTESIAN_POINT('',(-10.,-141.));
#96 = VECTOR('',#97,1.);
#97 = DIRECTION('',(1.,0.));
#98 = ( GEOMETRIC_REPRESENTATION_CONTEXT(2) 
PARAMETRIC_REPRESENTATION_CONTEXT() REPRESENTATION_CONTEXT('2D SPACE',''
  ) );
#99 = PCURVE('',#100,#105);
#100 = PLANE('',#101);
#101 = AXIS2_PLACEMENT_3D('',#102,#103,#104);
#102 = CARTESIAN_POINT('',(-50.,115.,20.));
#103 = DIRECTION('',(0.,-1.,1.224646799147E-16));
#104 = DIRECTION('',(0.,-1.224646799147E-16,-1.));
#105 = DEFINITIONAL_REPRESENTATION('',(#106),#110);
#106 = LINE('',#107,#108);
#107 = CARTESIAN_POINT('',(10.,44.));
#108 = VECTOR('',#109,1.);
#109 = DIRECTION('',(1.,0.));
#110 = ( GEOMETRIC_REPRESENTATION_CONTEXT(2) 
PARAMETRIC_REPRESENTATION_CONTEXT() REPRESENTATION_CONTEXT('2D SPACE',''
  ) );
#111 = ORIENTED_EDGE('',*,*,#112,.F.);
#112 = EDGE_CURVE('',#24,#85,#113,.T.);
#113 = SURFACE_CURVE('',#114,(#118,#125),.PCURVE_S1.);
#114 = LINE('',#115,#116);
#115 = CARTESIAN_POINT('',(-6.,256.,-2.4));
#116 = VECTOR('',#117,1.);
#117 = DIRECTION('',(0.,-1.,1.224646799147E-16));
#118 = PCURVE('',#32,#119);
#119 = DEFINITIONAL_REPRESENTATION('',(#120),#124);
#120 = LINE('',#121,#122);
#121 = CARTESIAN_POINT('',(2.4,2.939152317954E-16));
#122 = VECTOR('',#123,1.);
#123 = DIRECTION('',(0.,-1.));
#124 = ( GEOMETRIC_REPRESENTATION_CONTEXT(2) 
PARAMETRIC_REPRESENTATION_CONTEXT() REPRESENTATION_CONTEXT('2D SPACE',''
  ) );
#125 = PCURVE('',#126,#131);
#126 = PLANE('',#127);
#127 = AXIS2_PLACEMENT_3D('',#128,#129,#130);
#128 = CARTESIAN_POINT('',(-6.,256.,-2.4));
#129 = DIRECTION('',(1.,0.,0.));
#130 = DIRECTION('',(0.,-1.224646799147E-16,-1.));
#131 = DEFINITIONAL_REPRESENTATION('',(#132),#136);
#132 = LINE('',#133,#134);
#133 = CARTESIAN_POINT('',(0.,0.));
#134 = VECTOR('',#135,1.);
#135 = DIRECTION('',(0.,-1.));
#136 = ( GEOMETRIC_REPRESENTATION_CONTEXT(2) 
PARAMETRIC_REPRESENTATION_CONTEXT() REPRESENTATION_CONTEXT('2D SPACE',''
  ) );
#137 = ADVANCED_FACE('',(#138),#44,.F.);
#138 = FACE_BOUND('',#139,.F.);
#139 = EDGE_LOOP('',(#140,#163,#164,#192));
#140 = ORIENTED_EDGE('',*,*,#141,.F.);
#141 = EDGE_CURVE('',#22,#142,#144,.T.);
#142 = VERTEX_POINT('',#143);
#143 = CARTESIAN_POINT('',(179.,256.,-3.135095805817E-14));
#144 = SURFACE_CURVE('',#145,(#149,#156),.PCURVE_S1.);
#145 = LINE('',#146,#147);
#146 = CARTESIAN_POINT('',(-6.,256.,-3.135095805817E-14));
#147 = VECTOR('',#148,1.);
#148 = DIRECTION('',(1.,0.,0.));
#149 = PCURVE('',#44,#150);
#150 = DEFINITIONAL_REPRESENTATION('',(#151),#155);
#151 = LINE('',#152,#153);
#152 = CARTESIAN_POINT('',(0.,0.));
#153 = VECTOR('',#154,1.);
#154 = DIRECTION('',(0.,1.));
#155 = ( GEOMETRIC_REPRESENTATION_CONTEXT(2) 
PARAMETRIC_REPRESENTATION_CONTEXT() REPRESENTATION_CONTEXT('2D SPACE',''
  ) );
#156 = PCURVE('',#72,#157);
#157 = DEFINITIONAL_REPRESENTATION('',(#158),#162);
#158 = LINE('',#159,#160);
#159 = CARTESIAN_POINT('',(0.,0.));
#160 = VECTOR('',#161,1.);
#161 = DIRECTION('',(1.,0.));
#162 = ( GEOMETRIC_REPRESENTATION_CONTEXT(2) 
PARAMETRIC_REPRESENTATION_CONTEXT() REPRESENTATION_CONTEXT('2D SPACE',''
  ) );
#163 = ORIENTED_EDGE('',*,*,#21,.T.);
#164 = ORIENTED_EDGE('',*,*,#165,.T.);
#165 = EDGE_CURVE('',#24,#166,#168,.T.);
#166 = VERTEX_POINT('',#167);
#167 = CARTESIAN_POINT('',(179.,256.,-2.4));
#168 = SURFACE_CURVE('',#169,(#173,#180),.PCURVE_S1.);
#169 = LINE('',#170,#171);
#170 = CARTESIAN_POINT('',(-6.,256.,-2.4));
#171 = VECTOR('',#172,1.);
#172 = DIRECTION('',(1.,0.,0.));
#173 = PCURVE('',#44,#174);
#174 = DEFINITIONAL_REPRESENTATION('',(#175),#179);
#175 = LINE('',#176,#177);
#176 = CARTESIAN_POINT('',(2.4,0.));
#177 = VECTOR('',#178,1.);
#178 = DIRECTION('',(0.,1.));
#179 = ( GEOMETRIC_REPRESENTATION_CONTEXT(2) 
PARAMETRIC_REPRESENTATION_CONTEXT() REPRESENTATION_CONTEXT('2D SPACE',''
  ) );
#180 = PCURVE('',#181,#186);
#181 = PLANE('',#182);
#182 = AXIS2_PLACEMENT_3D('',#183,#184,#185);
#183 = CARTESIAN_POINT('',(-6.,256.,-2.4));
#184 = DIRECTION('',(0.,-1.,1.224646799147E-16));
#185 = DIRECTION('',(0.,-1.224646799147E-16,-1.));
#186 = DEFINITIONAL_REPRESENTATION('',(#187),#191);
#187 = LINE('',#188,#189);
#188 = CARTESIAN_POINT('',(0.,0.));
#189 = VECTOR('',#190,1.);
#190 = DIRECTION('',(0.,1.));
#191 = ( GEOMETRIC_REPRESENTATION_CONTEXT(2) 
PARAMETRIC_REPRESENTATION_CONTEXT() REPRESENTATION_CONTEXT('2D SPACE',''
  ) );
#192 = ORIENTED_EDGE('',*,*,#193,.T.);
#193 = EDGE_CURVE('',#166,#142,#194,.T.);
#194 = SURFACE_CURVE('',#195,(#199,#206),.PCURVE_S1.);
#195 = LINE('',#196,#197);
#196 = CARTESIAN_POINT('',(179.,256.,10.));
#197 = VECTOR('',#198,1.);
#198 = DIRECTION('',(0.,1.224646799147E-16,1.));
#199 = PCURVE('',#44,#200);
#200 = DEFINITIONAL_REPRESENTATION('',(#201),#205);
#201 = LINE('',#202,#203);
#202 = CARTESIAN_POINT('',(-10.,185.));
#203 = VECTOR('',#204,1.);
#204 = DIRECTION('',(-1.,0.));
#205 = ( GEOMETRIC_REPRESENTATION_CONTEXT(2) 
PARAMETRIC_REPRESENTATION_CONTEXT() REPRESENTATION_CONTEXT('2D SPACE',''
  ) );
#206 = PCURVE('',#207,#212);
#207 = PLANE('',#208);
#208 = AXIS2_PLACEMENT_3D('',#209,#210,#211);
#209 = CARTESIAN_POINT('',(179.,350.,20.));
#210 = DIRECTION('',(1.,0.,0.));
#211 = DIRECTION('',(0.,-1.224646799147E-16,-1.));
#212 = DEFINITIONAL_REPRESENTATION('',(#213),#217);
#213 = LINE('',#214,#215);
#214 = CARTESIAN_POINT('',(10.,-94.));
#215 = VECTOR('',#216,1.);
#216 = DIRECTION('',(-1.,0.));
#217 = ( GEOMETRIC_REPRESENTATION_CONTEXT(2) 
PARAMETRIC_REPRESENTATION_CONTEXT() REPRESENTATION_CONTEXT('2D SPACE',''
  ) );
#218 = ADVANCED_FACE('',(#219),#126,.F.);
#219 = FACE_BOUND('',#220,.F.);
#220 = EDGE_LOOP('',(#221,#251,#272,#273,#296,#324,#352,#380));
#221 = ORIENTED_EDGE('',*,*,#222,.F.);
#222 = EDGE_CURVE('',#223,#225,#227,.T.);
#223 = VERTEX_POINT('',#224);
#224 = CARTESIAN_POINT('',(-6.,256.,-32.6));
#225 = VERTEX_POINT('',#226);
#226 = CARTESIAN_POINT('',(-6.,115.,-32.6));
#227 = SURFACE_CURVE('',#228,(#232,#239),.PCURVE_S1.);
#228 = LINE('',#229,#230);
#229 = CARTESIAN_POINT('',(-6.,256.,-32.6));
#230 = VECTOR('',#231,1.);
#231 = DIRECTION('',(0.,-1.,1.224646799147E-16));
#232 = PCURVE('',#126,#233);
#233 = DEFINITIONAL_REPRESENTATION('',(#234),#238);
#234 = LINE('',#235,#236);
#235 = CARTESIAN_POINT('',(30.2,3.698433333425E-15));
#236 = VECTOR('',#237,1.);
#237 = DIRECTION('',(0.,-1.));
#238 = ( GEOMETRIC_REPRESENTATION_CONTEXT(2) 
PARAMETRIC_REPRESENTATION_CONTEXT() REPRESENTATION_CONTEXT('2D SPACE',''
  ) );
#239 = PCURVE('',#240,#245);
#240 = PLANE('',#241);
#241 = AXIS2_PLACEMENT_3D('',#242,#243,#244);
#242 = CARTESIAN_POINT('',(-6.,256.,-32.6));
#243 = DIRECTION('',(0.,-1.224646799147E-16,-1.));
#244 = DIRECTION('',(1.,0.,0.));
#245 = DEFINITIONAL_REPRESENTATION('',(#246),#250);
#246 = LINE('',#247,#248);
#247 = CARTESIAN_POINT('',(0.,0.));
#248 = VECTOR('',#249,1.);
#249 = DIRECTION('',(0.,1.));
#250 = ( GEOMETRIC_REPRESENTATION_CONTEXT(2) 
PARAMETRIC_REPRESENTATION_CONTEXT() REPRESENTATION_CONTEXT('2D SPACE',''
  ) );
#251 = ORIENTED_EDGE('',*,*,#252,.F.);
#252 = EDGE_CURVE('',#24,#223,#253,.T.);
#253 = SURFACE_CURVE('',#254,(#258,#265),.PCURVE_S1.);
#254 = LINE('',#255,#256);
#255 = CARTESIAN_POINT('',(-6.,256.,-2.4));
#256 = VECTOR('',#257,1.);
#257 = DIRECTION('',(0.,-1.224646799147E-16,-1.));
#258 = PCURVE('',#126,#259);
#259 = DEFINITIONAL_REPRESENTATION('',(#260),#264);
#260 = LINE('',#261,#262);
#261 = CARTESIAN_POINT('',(0.,0.));
#262 = VECTOR('',#263,1.);
#263 = DIRECTION('',(1.,0.));
#264 = ( GEOMETRIC_REPRESENTATION_CONTEXT(2) 
PARAMETRIC_REPRESENTATION_CONTEXT() REPRESENTATION_CONTEXT('2D SPACE',''
  ) );
#265 = PCURVE('',#181,#266);
#266 = DEFINITIONAL_REPRESENTATION('',(#267),#271);
#267 = LINE('',#268,#269);
#268 = CARTESIAN_POINT('',(0.,0.));
#269 = VECTOR('',#270,1.);
#270 = DIRECTION('',(1.,0.));
#271 = ( GEOMETRIC_REPRESENTATION_CONTEXT(2) 
PARAMETRIC_REPRESENTATION_CONTEXT() REPRESENTATION_CONTEXT('2D SPACE',''
  ) );
#272 = ORIENTED_EDGE('',*,*,#112,.T.);
#273 = ORIENTED_EDGE('',*,*,#274,.T.);
#274 = EDGE_CURVE('',#85,#275,#277,.T.);
#275 = VERTEX_POINT('',#276);
#276 = CARTESIAN_POINT('',(-6.,115.,-3.));
#277 = SURFACE_CURVE('',#278,(#282,#289),.PCURVE_S1.);
#278 = LINE('',#279,#280);
#279 = CARTESIAN_POINT('',(-6.,115.,8.8));
#280 = VECTOR('',#281,1.);
#281 = DIRECTION('',(0.,-1.224646799147E-16,-1.));
#282 = PCURVE('',#126,#283);
#283 = DEFINITIONAL_REPRESENTATION('',(#284),#288);
#284 = LINE('',#285,#286);
#285 = CARTESIAN_POINT('',(-11.2,-141.));
#286 = VECTOR('',#287,1.);
#287 = DIRECTION('',(1.,0.));
#288 = ( GEOMETRIC_REPRESENTATION_CONTEXT(2) 
PARAMETRIC_REPRESENTATION_CONTEXT() REPRESENTATION_CONTEXT('2D SPACE',''
  ) );
#289 = PCURVE('',#100,#290);
#290 = DEFINITIONAL_REPRESENTATION('',(#291),#295);
#291 = LINE('',#292,#293);
#292 = CARTESIAN_POINT('',(11.2,44.));
#293 = VECTOR('',#294,1.);
#294 = DIRECTION('',(1.,0.));
#295 = ( GEOMETRIC_REPRESENTATION_CONTEXT(2) 
PARAMETRIC_REPRESENTATION_CONTEXT() REPRESENTATION_CONTEXT('2D SPACE',''
  ) );
#296 = ORIENTED_EDGE('',*,*,#297,.T.);
#297 = EDGE_CURVE('',#275,#298,#300,.T.);
#298 = VERTEX_POINT('',#299);
#299 = CARTESIAN_POINT('',(-6.,182.,-3.));
#300 = SURFACE_CURVE('',#301,(#305,#312),.PCURVE_S1.);
#301 = LINE('',#302,#303);
#302 = CARTESIAN_POINT('',(-6.,219.,-3.));
#303 = VECTOR('',#304,1.);
#304 = DIRECTION('',(0.,1.,-1.224646799147E-16));
#305 = PCURVE('',#126,#306);
#306 = DEFINITIONAL_REPRESENTATION('',(#307),#311);
#307 = LINE('',#308,#309);
#308 = CARTESIAN_POINT('',(0.6,-37.));
#309 = VECTOR('',#310,1.);
#310 = DIRECTION('',(0.,1.));
#311 = ( GEOMETRIC_REPRESENTATION_CONTEXT(2) 
PARAMETRIC_REPRESENTATION_CONTEXT() REPRESENTATION_CONTEXT('2D SPACE',''
  ) );
#312 = PCURVE('',#313,#318);
#313 = PLANE('',#314);
#314 = AXIS2_PLACEMENT_3D('',#315,#316,#317);
#315 = CARTESIAN_POINT('',(-7.,182.,-3.));
#316 = DIRECTION('',(0.,-1.224646799147E-16,-1.));
#317 = DIRECTION('',(1.,0.,0.));
#318 = DEFINITIONAL_REPRESENTATION('',(#319),#323);
#319 = LINE('',#320,#321);
#320 = CARTESIAN_POINT('',(1.,-37.));
#321 = VECTOR('',#322,1.);
#322 = DIRECTION('',(0.,-1.));
#323 = ( GEOMETRIC_REPRESENTATION_CONTEXT(2) 
PARAMETRIC_REPRESENTATION_CONTEXT() REPRESENTATION_CONTEXT('2D SPACE',''
  ) );
#324 = ORIENTED_EDGE('',*,*,#325,.T.);
#325 = EDGE_CURVE('',#298,#326,#328,.T.);
#326 = VERTEX_POINT('',#327);
#327 = CARTESIAN_POINT('',(-6.,182.,-26.));
#328 = SURFACE_CURVE('',#329,(#333,#340),.PCURVE_S1.);
#329 = LINE('',#330,#331);
#330 = CARTESIAN_POINT('',(-6.,182.,-2.7));
#331 = VECTOR('',#332,1.);
#332 = DIRECTION('',(0.,-1.224646799147E-16,-1.));
#333 = PCURVE('',#126,#334);
#334 = DEFINITIONAL_REPRESENTATION('',(#335),#339);
#335 = LINE('',#336,#337);
#336 = CARTESIAN_POINT('',(0.3,-74.));
#337 = VECTOR('',#338,1.);
#338 = DIRECTION('',(1.,0.));
#339 = ( GEOMETRIC_REPRESENTATION_CONTEXT(2) 
PARAMETRIC_REPRESENTATION_CONTEXT() REPRESENTATION_CONTEXT('2D SPACE',''
  ) );
#340 = PCURVE('',#341,#346);
#341 = PLANE('',#342);
#342 = AXIS2_PLACEMENT_3D('',#343,#344,#345);
#343 = CARTESIAN_POINT('',(-7.,182.,-3.));
#344 = DIRECTION('',(0.,-1.,1.224646799147E-16));
#345 = DIRECTION('',(0.,-1.224646799147E-16,-1.));
#346 = DEFINITIONAL_REPRESENTATION('',(#347),#351);
#347 = LINE('',#348,#349);
#348 = CARTESIAN_POINT('',(-0.3,1.));
#349 = VECTOR('',#350,1.);
#350 = DIRECTION('',(1.,0.));
#351 = ( GEOMETRIC_REPRESENTATION_CONTEXT(2) 
PARAMETRIC_REPRESENTATION_CONTEXT() REPRESENTATION_CONTEXT('2D SPACE',''
  ) );
#352 = ORIENTED_EDGE('',*,*,#353,.F.);
#353 = EDGE_CURVE('',#354,#326,#356,.T.);
#354 = VERTEX_POINT('',#355);
#355 = CARTESIAN_POINT('',(-6.,115.,-26.));
#356 = SURFACE_CURVE('',#357,(#361,#368),.PCURVE_S1.);
#357 = LINE('',#358,#359);
#358 = CARTESIAN_POINT('',(-6.,219.,-26.));
#359 = VECTOR('',#360,1.);
#360 = DIRECTION('',(0.,1.,-1.224646799147E-16));
#361 = PCURVE('',#126,#362);
#362 = DEFINITIONAL_REPRESENTATION('',(#363),#367);
#363 = LINE('',#364,#365);
#364 = CARTESIAN_POINT('',(23.6,-37.));
#365 = VECTOR('',#366,1.);
#366 = DIRECTION('',(0.,1.));
#367 = ( GEOMETRIC_REPRESENTATION_CONTEXT(2) 
PARAMETRIC_REPRESENTATION_CONTEXT() REPRESENTATION_CONTEXT('2D SPACE',''
  ) );
#368 = PCURVE('',#369,#374);
#369 = PLANE('',#370);
#370 = AXIS2_PLACEMENT_3D('',#371,#372,#373);
#371 = CARTESIAN_POINT('',(-7.,182.,-26.));
#372 = DIRECTION('',(0.,-1.224646799147E-16,-1.));
#373 = DIRECTION('',(1.,0.,0.));
#374 = DEFINITIONAL_REPRESENTATION('',(#375),#379);
#375 = LINE('',#376,#377);
#376 = CARTESIAN_POINT('',(1.,-37.));
#377 = VECTOR('',#378,1.);
#378 = DIRECTION('',(0.,-1.));
#379 = ( GEOMETRIC_REPRESENTATION_CONTEXT(2) 
PARAMETRIC_REPRESENTATION_CONTEXT() REPRESENTATION_CONTEXT('2D SPACE',''
  ) );
#380 = ORIENTED_EDGE('',*,*,#381,.T.);
#381 = EDGE_CURVE('',#354,#225,#382,.T.);
#382 = SURFACE_CURVE('',#383,(#387,#394),.PCURVE_S1.);
#383 = LINE('',#384,#385);
#384 = CARTESIAN_POINT('',(-6.,115.,8.8));
#385 = VECTOR('',#386,1.);
#386 = DIRECTION('',(0.,-1.224646799147E-16,-1.));
#387 = PCURVE('',#126,#388);
#388 = DEFINITIONAL_REPRESENTATION('',(#389),#393);
#389 = LINE('',#390,#391);
#390 = CARTESIAN_POINT('',(-11.2,-141.));
#391 = VECTOR('',#392,1.);
#392 = DIRECTION('',(1.,0.));
#393 = ( GEOMETRIC_REPRESENTATION_CONTEXT(2) 
PARAMETRIC_REPRESENTATION_CONTEXT() REPRESENTATION_CONTEXT('2D SPACE',''
  ) );
#394 = PCURVE('',#395,#400);
#395 = PLANE('',#396);
#396 = AXIS2_PLACEMENT_3D('',#397,#398,#399);
#397 = CARTESIAN_POINT('',(-50.,115.,20.));
#398 = DIRECTION('',(0.,-1.,1.224646799147E-16));
#399 = DIRECTION('',(0.,-1.224646799147E-16,-1.));
#400 = DEFINITIONAL_REPRESENTATION('',(#401),#405);
#401 = LINE('',#402,#403);
#402 = CARTESIAN_POINT('',(11.2,44.));
#403 = VECTOR('',#404,1.);
#404 = DIRECTION('',(1.,0.));
#405 = ( GEOMETRIC_REPRESENTATION_CONTEXT(2) 
PARAMETRIC_REPRESENTATION_CONTEXT() REPRESENTATION_CONTEXT('2D SPACE',''
  ) );
#406 = ADVANCED_FACE('',(#407),#100,.T.);
#407 = FACE_BOUND('',#408,.T.);
#408 = EDGE_LOOP('',(#409,#434,#455,#456,#457,#480,#508));
#409 = ORIENTED_EDGE('',*,*,#410,.F.);
#410 = EDGE_CURVE('',#411,#413,#415,.T.);
#411 = VERTEX_POINT('',#412);
#412 = CARTESIAN_POINT('',(179.,115.,-1.408343819019E-14));
#413 = VERTEX_POINT('',#414);
#414 = CARTESIAN_POINT('',(179.,115.,-2.4));
#415 = SURFACE_CURVE('',#416,(#420,#427),.PCURVE_S1.);
#416 = LINE('',#417,#418);
#417 = CARTESIAN_POINT('',(179.,115.,20.));
#418 = VECTOR('',#419,1.);
#419 = DIRECTION('',(0.,-1.224646799147E-16,-1.));
#420 = PCURVE('',#100,#421);
#421 = DEFINITIONAL_REPRESENTATION('',(#422),#426);
#422 = LINE('',#423,#424);
#423 = CARTESIAN_POINT('',(0.,229.));
#424 = VECTOR('',#425,1.);
#425 = DIRECTION('',(1.,0.));
#426 = ( GEOMETRIC_REPRESENTATION_CONTEXT(2) 
PARAMETRIC_REPRESENTATION_CONTEXT() REPRESENTATION_CONTEXT('2D SPACE',''
  ) );
#427 = PCURVE('',#207,#428);
#428 = DEFINITIONAL_REPRESENTATION('',(#429),#433);
#429 = LINE('',#430,#431);
#430 = CARTESIAN_POINT('',(3.574903495588E-16,-235.));
#431 = VECTOR('',#432,1.);
#432 = DIRECTION('',(1.,0.));
#433 = ( GEOMETRIC_REPRESENTATION_CONTEXT(2) 
PARAMETRIC_REPRESENTATION_CONTEXT() REPRESENTATION_CONTEXT('2D SPACE',''
  ) );
#434 = ORIENTED_EDGE('',*,*,#435,.T.);
#435 = EDGE_CURVE('',#411,#57,#436,.T.);
#436 = SURFACE_CURVE('',#437,(#441,#448),.PCURVE_S1.);
#437 = LINE('',#438,#439);
#438 = CARTESIAN_POINT('',(-28.,115.,-1.408343819019E-14));
#439 = VECTOR('',#440,1.);
#440 = DIRECTION('',(-1.,0.,-0.));
#441 = PCURVE('',#100,#442);
#442 = DEFINITIONAL_REPRESENTATION('',(#443),#447);
#443 = LINE('',#444,#445);
#444 = CARTESIAN_POINT('',(20.,22.));
#445 = VECTOR('',#446,1.);
#446 = DIRECTION('',(-0.,-1.));
#447 = ( GEOMETRIC_REPRESENTATION_CONTEXT(2) 
PARAMETRIC_REPRESENTATION_CONTEXT() REPRESENTATION_CONTEXT('2D SPACE',''
  ) );
#448 = PCURVE('',#72,#449);
#449 = DEFINITIONAL_REPRESENTATION('',(#450),#454);
#450 = LINE('',#451,#452);
#451 = CARTESIAN_POINT('',(-22.,141.));
#452 = VECTOR('',#453,1.);
#453 = DIRECTION('',(-1.,0.));
#454 = ( GEOMETRIC_REPRESENTATION_CONTEXT(2) 
PARAMETRIC_REPRESENTATION_CONTEXT() REPRESENTATION_CONTEXT('2D SPACE',''
  ) );
#455 = ORIENTED_EDGE('',*,*,#84,.T.);
#456 = ORIENTED_EDGE('',*,*,#274,.T.);
#457 = ORIENTED_EDGE('',*,*,#458,.F.);
#458 = EDGE_CURVE('',#459,#275,#461,.T.);
#459 = VERTEX_POINT('',#460);
#460 = CARTESIAN_POINT('',(-3.6,115.,-3.));
#461 = SURFACE_CURVE('',#462,(#466,#473),.PCURVE_S1.);
#462 = LINE('',#463,#464);
#463 = CARTESIAN_POINT('',(-28.5,115.,-3.));
#464 = VECTOR('',#465,1.);
#465 = DIRECTION('',(-1.,0.,-0.));
#466 = PCURVE('',#100,#467);
#467 = DEFINITIONAL_REPRESENTATION('',(#468),#472);
#468 = LINE('',#469,#470);
#469 = CARTESIAN_POINT('',(23.,21.5));
#470 = VECTOR('',#471,1.);
#471 = DIRECTION('',(-0.,-1.));
#472 = ( GEOMETRIC_REPRESENTATION_CONTEXT(2) 
PARAMETRIC_REPRESENTATION_CONTEXT() REPRESENTATION_CONTEXT('2D SPACE',''
  ) );
#473 = PCURVE('',#313,#474);
#474 = DEFINITIONAL_REPRESENTATION('',(#475),#479);
#475 = LINE('',#476,#477);
#476 = CARTESIAN_POINT('',(-21.5,67.));
#477 = VECTOR('',#478,1.);
#478 = DIRECTION('',(-1.,0.));
#479 = ( GEOMETRIC_REPRESENTATION_CONTEXT(2) 
PARAMETRIC_REPRESENTATION_CONTEXT() REPRESENTATION_CONTEXT('2D SPACE',''
  ) );
#480 = ORIENTED_EDGE('',*,*,#481,.F.);
#481 = EDGE_CURVE('',#482,#459,#484,.T.);
#482 = VERTEX_POINT('',#483);
#483 = CARTESIAN_POINT('',(-3.6,115.,-2.4));
#484 = SURFACE_CURVE('',#485,(#489,#496),.PCURVE_S1.);
#485 = LINE('',#486,#487);
#486 = CARTESIAN_POINT('',(-3.6,115.,8.85));
#487 = VECTOR('',#488,1.);
#488 = DIRECTION('',(0.,-1.224646799147E-16,-1.));
#489 = PCURVE('',#100,#490);
#490 = DEFINITIONAL_REPRESENTATION('',(#491),#495);
#491 = LINE('',#492,#493);
#492 = CARTESIAN_POINT('',(11.15,46.4));
#493 = VECTOR('',#494,1.);
#494 = DIRECTION('',(1.,0.));
#495 = ( GEOMETRIC_REPRESENTATION_CONTEXT(2) 
PARAMETRIC_REPRESENTATION_CONTEXT() REPRESENTATION_CONTEXT('2D SPACE',''
  ) );
#496 = PCURVE('',#497,#502);
#497 = PLANE('',#498);
#498 = AXIS2_PLACEMENT_3D('',#499,#500,#501);
#499 = CARTESIAN_POINT('',(-3.6,253.6,-2.3));
#500 = DIRECTION('',(1.,0.,0.));
#501 = DIRECTION('',(0.,-1.224646799147E-16,-1.));
#502 = DEFINITIONAL_REPRESENTATION('',(#503),#507);
#503 = LINE('',#504,#505);
#504 = CARTESIAN_POINT('',(-11.15,-138.6));
#505 = VECTOR('',#506,1.);
#506 = DIRECTION('',(1.,0.));
#507 = ( GEOMETRIC_REPRESENTATION_CONTEXT(2) 
PARAMETRIC_REPRESENTATION_CONTEXT() REPRESENTATION_CONTEXT('2D SPACE',''
  ) );
#508 = ORIENTED_EDGE('',*,*,#509,.F.);
#509 = EDGE_CURVE('',#413,#482,#510,.T.);
#510 = SURFACE_CURVE('',#511,(#515,#522),.PCURVE_S1.);
#511 = LINE('',#512,#513);
#512 = CARTESIAN_POINT('',(-28.,115.,-2.4));
#513 = VECTOR('',#514,1.);
#514 = DIRECTION('',(-1.,0.,-0.));
#515 = PCURVE('',#100,#516);
#516 = DEFINITIONAL_REPRESENTATION('',(#517),#521);
#517 = LINE('',#518,#519);
#518 = CARTESIAN_POINT('',(22.4,22.));
#519 = VECTOR('',#520,1.);
#520 = DIRECTION('',(-0.,-1.));
#521 = ( GEOMETRIC_REPRESENTATION_CONTEXT(2) 
PARAMETRIC_REPRESENTATION_CONTEXT() REPRESENTATION_CONTEXT('2D SPACE',''
  ) );
#522 = PCURVE('',#523,#528);
#523 = PLANE('',#524);
#524 = AXIS2_PLACEMENT_3D('',#525,#526,#527);
#525 = CARTESIAN_POINT('',(-6.,256.,-2.4));
#526 = DIRECTION('',(0.,-1.224646799147E-16,-1.));
#527 = DIRECTION('',(1.,0.,0.));
#528 = DEFINITIONAL_REPRESENTATION('',(#529),#533);
#529 = LINE('',#530,#531);
#530 = CARTESIAN_POINT('',(-22.,141.));
#531 = VECTOR('',#532,1.);
#532 = DIRECTION('',(-1.,0.));
#533 = ( GEOMETRIC_REPRESENTATION_CONTEXT(2) 
PARAMETRIC_REPRESENTATION_CONTEXT() REPRESENTATION_CONTEXT('2D SPACE',''
  ) );
#534 = ADVANCED_FACE('',(#535,#561,#592,#623,#654,#685,#716,#747,#778,
    #809,#840,#871,#902,#933,#964),#72,.F.);
#535 = FACE_BOUND('',#536,.F.);
#536 = EDGE_LOOP('',(#537,#538,#539,#560));
#537 = ORIENTED_EDGE('',*,*,#56,.F.);
#538 = ORIENTED_EDGE('',*,*,#141,.T.);
#539 = ORIENTED_EDGE('',*,*,#540,.T.);
#540 = EDGE_CURVE('',#142,#411,#541,.T.);
#541 = SURFACE_CURVE('',#542,(#546,#553),.PCURVE_S1.);
#542 = LINE('',#543,#544);
#543 = CARTESIAN_POINT('',(179.,303.,-3.710679801416E-14));
#544 = VECTOR('',#545,1.);
#545 = DIRECTION('',(0.,-1.,1.224646799147E-16));
#546 = PCURVE('',#72,#547);
#547 = DEFINITIONAL_REPRESENTATION('',(#548),#552);
#548 = LINE('',#549,#550);
#549 = CARTESIAN_POINT('',(185.,-47.));
#550 = VECTOR('',#551,1.);
#551 = DIRECTION('',(0.,1.));
#552 = ( GEOMETRIC_REPRESENTATION_CONTEXT(2) 
PARAMETRIC_REPRESENTATION_CONTEXT() REPRESENTATION_CONTEXT('2D SPACE',''
  ) );
#553 = PCURVE('',#207,#554);
#554 = DEFINITIONAL_REPRESENTATION('',(#555),#559);
#555 = LINE('',#556,#557);
#556 = CARTESIAN_POINT('',(20.,-47.));
#557 = VECTOR('',#558,1.);
#558 = DIRECTION('',(0.,-1.));
#559 = ( GEOMETRIC_REPRESENTATION_CONTEXT(2) 
PARAMETRIC_REPRESENTATION_CONTEXT() REPRESENTATION_CONTEXT('2D SPACE',''
  ) );
#560 = ORIENTED_EDGE('',*,*,#435,.T.);
#561 = FACE_BOUND('',#562,.F.);
#562 = EDGE_LOOP('',(#563));
#563 = ORIENTED_EDGE('',*,*,#564,.F.);
#564 = EDGE_CURVE('',#565,#565,#567,.T.);
#565 = VERTEX_POINT('',#566);
#566 = CARTESIAN_POINT('',(26.4,251.,-3.07386346586E-14));
#567 = SURFACE_CURVE('',#568,(#573,#580),.PCURVE_S1.);
#568 = CIRCLE('',#569,1.4);
#569 = AXIS2_PLACEMENT_3D('',#570,#571,#572);
#570 = CARTESIAN_POINT('',(25.,251.,-3.07386346586E-14));
#571 = DIRECTION('',(0.,-1.224646799147E-16,-1.));
#572 = DIRECTION('',(1.,0.,0.));
#573 = PCURVE('',#72,#574);
#574 = DEFINITIONAL_REPRESENTATION('',(#575),#579);
#575 = CIRCLE('',#576,1.4);
#576 = AXIS2_PLACEMENT_2D('',#577,#578);
#577 = CARTESIAN_POINT('',(31.,5.));
#578 = DIRECTION('',(1.,0.));
#579 = ( GEOMETRIC_REPRESENTATION_CONTEXT(2) 
PARAMETRIC_REPRESENTATION_CONTEXT() REPRESENTATION_CONTEXT('2D SPACE',''
  ) );
#580 = PCURVE('',#581,#586);
#581 = CYLINDRICAL_SURFACE('',#582,1.4);
#582 = AXIS2_PLACEMENT_3D('',#583,#584,#585);
#583 = CARTESIAN_POINT('',(25.,251.,9.999999999997E-02));
#584 = DIRECTION('',(0.,-1.224646799147E-16,-1.));
#585 = DIRECTION('',(1.,0.,0.));
#586 = DEFINITIONAL_REPRESENTATION('',(#587),#591);
#587 = LINE('',#588,#589);
#588 = CARTESIAN_POINT('',(0.,0.1));
#589 = VECTOR('',#590,1.);
#590 = DIRECTION('',(1.,0.));
#591 = ( GEOMETRIC_REPRESENTATION_CONTEXT(2) 
PARAMETRIC_REPRESENTATION_CONTEXT() REPRESENTATION_CONTEXT('2D SPACE',''
  ) );
#592 = FACE_BOUND('',#593,.F.);
#593 = EDGE_LOOP('',(#594));
#594 = ORIENTED_EDGE('',*,*,#595,.F.);
#595 = EDGE_CURVE('',#596,#596,#598,.T.);
#596 = VERTEX_POINT('',#597);
#597 = CARTESIAN_POINT('',(86.4,251.,-3.07386346586E-14));
#598 = SURFACE_CURVE('',#599,(#604,#611),.PCURVE_S1.);
#599 = CIRCLE('',#600,1.4);
#600 = AXIS2_PLACEMENT_3D('',#601,#602,#603);
#601 = CARTESIAN_POINT('',(85.,251.,-3.07386346586E-14));
#602 = DIRECTION('',(0.,-1.224646799147E-16,-1.));
#603 = DIRECTION('',(1.,0.,0.));
#604 = PCURVE('',#72,#605);
#605 = DEFINITIONAL_REPRESENTATION('',(#606),#610);
#606 = CIRCLE('',#607,1.4);
#607 = AXIS2_PLACEMENT_2D('',#608,#609);
#608 = CARTESIAN_POINT('',(91.,5.));
#609 = DIRECTION('',(1.,0.));
#610 = ( GEOMETRIC_REPRESENTATION_CONTEXT(2) 
PARAMETRIC_REPRESENTATION_CONTEXT() REPRESENTATION_CONTEXT('2D SPACE',''
  ) );
#611 = PCURVE('',#612,#617);
#612 = CYLINDRICAL_SURFACE('',#613,1.4);
#613 = AXIS2_PLACEMENT_3D('',#614,#615,#616);
#614 = CARTESIAN_POINT('',(85.,251.,9.999999999997E-02));
#615 = DIRECTION('',(0.,-1.224646799147E-16,-1.));
#616 = DIRECTION('',(1.,0.,0.));
#617 = DEFINITIONAL_REPRESENTATION('',(#618),#622);
#618 = LINE('',#619,#620);
#619 = CARTESIAN_POINT('',(0.,0.1));
#620 = VECTOR('',#621,1.);
#621 = DIRECTION('',(1.,0.));
#622 = ( GEOMETRIC_REPRESENTATION_CONTEXT(2) 
PARAMETRIC_REPRESENTATION_CONTEXT() REPRESENTATION_CONTEXT('2D SPACE',''
  ) );
#623 = FACE_BOUND('',#624,.F.);
#624 = EDGE_LOOP('',(#625));
#625 = ORIENTED_EDGE('',*,*,#626,.F.);
#626 = EDGE_CURVE('',#627,#627,#629,.T.);
#627 = VERTEX_POINT('',#628);
#628 = CARTESIAN_POINT('',(150.4,251.,-3.07386346586E-14));
#629 = SURFACE_CURVE('',#630,(#635,#642),.PCURVE_S1.);
#630 = CIRCLE('',#631,1.4);
#631 = AXIS2_PLACEMENT_3D('',#632,#633,#634);
#632 = CARTESIAN_POINT('',(149.,251.,-3.07386346586E-14));
#633 = DIRECTION('',(0.,-1.224646799147E-16,-1.));
#634 = DIRECTION('',(1.,0.,0.));
#635 = PCURVE('',#72,#636);
#636 = DEFINITIONAL_REPRESENTATION('',(#637),#641);
#637 = CIRCLE('',#638,1.4);
#638 = AXIS2_PLACEMENT_2D('',#639,#640);
#639 = CARTESIAN_POINT('',(155.,5.));
#640 = DIRECTION('',(1.,0.));
#641 = ( GEOMETRIC_REPRESENTATION_CONTEXT(2) 
PARAMETRIC_REPRESENTATION_CONTEXT() REPRESENTATION_CONTEXT('2D SPACE',''
  ) );
#642 = PCURVE('',#643,#648);
#643 = CYLINDRICAL_SURFACE('',#644,1.4);
#644 = AXIS2_PLACEMENT_3D('',#645,#646,#647);
#645 = CARTESIAN_POINT('',(149.,251.,9.999999999997E-02));
#646 = DIRECTION('',(0.,-1.224646799147E-16,-1.));
#647 = DIRECTION('',(1.,0.,0.));
#648 = DEFINITIONAL_REPRESENTATION('',(#649),#653);
#649 = LINE('',#650,#651);
#650 = CARTESIAN_POINT('',(0.,0.1));
#651 = VECTOR('',#652,1.);
#652 = DIRECTION('',(1.,0.));
#653 = ( GEOMETRIC_REPRESENTATION_CONTEXT(2) 
PARAMETRIC_REPRESENTATION_CONTEXT() REPRESENTATION_CONTEXT('2D SPACE',''
  ) );
#654 = FACE_BOUND('',#655,.F.);
#655 = EDGE_LOOP('',(#656));
#656 = ORIENTED_EDGE('',*,*,#657,.F.);
#657 = EDGE_CURVE('',#658,#658,#660,.T.);
#658 = VERTEX_POINT('',#659);
#659 = CARTESIAN_POINT('',(6.4,180.75,-2.213549089459E-14));
#660 = SURFACE_CURVE('',#661,(#666,#673),.PCURVE_S1.);
#661 = CIRCLE('',#662,1.4);
#662 = AXIS2_PLACEMENT_3D('',#663,#664,#665);
#663 = CARTESIAN_POINT('',(5.,180.75,-2.213549089459E-14));
#664 = DIRECTION('',(0.,-1.224646799147E-16,-1.));
#665 = DIRECTION('',(1.,0.,0.));
#666 = PCURVE('',#72,#667);
#667 = DEFINITIONAL_REPRESENTATION('',(#668),#672);
#668 = CIRCLE('',#669,1.4);
#669 = AXIS2_PLACEMENT_2D('',#670,#671);
#670 = CARTESIAN_POINT('',(11.,75.25));
#671 = DIRECTION('',(1.,0.));
#672 = ( GEOMETRIC_REPRESENTATION_CONTEXT(2) 
PARAMETRIC_REPRESENTATION_CONTEXT() REPRESENTATION_CONTEXT('2D SPACE',''
  ) );
#673 = PCURVE('',#674,#679);
#674 = CYLINDRICAL_SURFACE('',#675,1.4);
#675 = AXIS2_PLACEMENT_3D('',#676,#677,#678);
#676 = CARTESIAN_POINT('',(5.,180.75,9.999999999998E-02));
#677 = DIRECTION('',(0.,-1.224646799147E-16,-1.));
#678 = DIRECTION('',(1.,0.,0.));
#679 = DEFINITIONAL_REPRESENTATION('',(#680),#684);
#680 = LINE('',#681,#682);
#681 = CARTESIAN_POINT('',(0.,0.1));
#682 = VECTOR('',#683,1.);
#683 = DIRECTION('',(1.,0.));
#684 = ( GEOMETRIC_REPRESENTATION_CONTEXT(2) 
PARAMETRIC_REPRESENTATION_CONTEXT() REPRESENTATION_CONTEXT('2D SPACE',''
  ) );
#685 = FACE_BOUND('',#686,.F.);
#686 = EDGE_LOOP('',(#687));
#687 = ORIENTED_EDGE('',*,*,#688,.F.);
#688 = EDGE_CURVE('',#689,#689,#691,.T.);
#689 = VERTEX_POINT('',#690);
#690 = CARTESIAN_POINT('',(6.4,150.75,-1.846155049715E-14));
#691 = SURFACE_CURVE('',#692,(#697,#704),.PCURVE_S1.);
#692 = CIRCLE('',#693,1.4);
#693 = AXIS2_PLACEMENT_3D('',#694,#695,#696);
#694 = CARTESIAN_POINT('',(5.,150.75,-1.846155049715E-14));
#695 = DIRECTION('',(0.,-1.224646799147E-16,-1.));
#696 = DIRECTION('',(1.,0.,0.));
#697 = PCURVE('',#72,#698);
#698 = DEFINITIONAL_REPRESENTATION('',(#699),#703);
#699 = CIRCLE('',#700,1.4);
#700 = AXIS2_PLACEMENT_2D('',#701,#702);
#701 = CARTESIAN_POINT('',(11.,105.25));
#702 = DIRECTION('',(1.,0.));
#703 = ( GEOMETRIC_REPRESENTATION_CONTEXT(2) 
PARAMETRIC_REPRESENTATION_CONTEXT() REPRESENTATION_CONTEXT('2D SPACE',''
  ) );
#704 = PCURVE('',#705,#710);
#705 = CYLINDRICAL_SURFACE('',#706,1.4);
#706 = AXIS2_PLACEMENT_3D('',#707,#708,#709);
#707 = CARTESIAN_POINT('',(5.,150.75,9.999999999998E-02));
#708 = DIRECTION('',(0.,-1.224646799147E-16,-1.));
#709 = DIRECTION('',(1.,0.,0.));
#710 = DEFINITIONAL_REPRESENTATION('',(#711),#715);
#711 = LINE('',#712,#713);
#712 = CARTESIAN_POINT('',(0.,0.1));
#713 = VECTOR('',#714,1.);
#714 = DIRECTION('',(1.,0.));
#715 = ( GEOMETRIC_REPRESENTATION_CONTEXT(2) 
PARAMETRIC_REPRESENTATION_CONTEXT() REPRESENTATION_CONTEXT('2D SPACE',''
  ) );
#716 = FACE_BOUND('',#717,.F.);
#717 = EDGE_LOOP('',(#718));
#718 = ORIENTED_EDGE('',*,*,#719,.F.);
#719 = EDGE_CURVE('',#720,#720,#722,.T.);
#720 = VERTEX_POINT('',#721);
#721 = CARTESIAN_POINT('',(45.6,121.,-1.481822626968E-14));
#722 = SURFACE_CURVE('',#723,(#728,#735),.PCURVE_S1.);
#723 = CIRCLE('',#724,1.6);
#724 = AXIS2_PLACEMENT_3D('',#725,#726,#727);
#725 = CARTESIAN_POINT('',(44.,121.,-1.481822626968E-14));
#726 = DIRECTION('',(0.,-1.224646799147E-16,-1.));
#727 = DIRECTION('',(1.,0.,0.));
#728 = PCURVE('',#72,#729);
#729 = DEFINITIONAL_REPRESENTATION('',(#730),#734);
#730 = CIRCLE('',#731,1.6);
#731 = AXIS2_PLACEMENT_2D('',#732,#733);
#732 = CARTESIAN_POINT('',(50.,135.));
#733 = DIRECTION('',(1.,0.));
#734 = ( GEOMETRIC_REPRESENTATION_CONTEXT(2) 
PARAMETRIC_REPRESENTATION_CONTEXT() REPRESENTATION_CONTEXT('2D SPACE',''
  ) );
#735 = PCURVE('',#736,#741);
#736 = CYLINDRICAL_SURFACE('',#737,1.6);
#737 = AXIS2_PLACEMENT_3D('',#738,#739,#740);
#738 = CARTESIAN_POINT('',(44.,121.,9.999999999999E-02));
#739 = DIRECTION('',(0.,-1.224646799147E-16,-1.));
#740 = DIRECTION('',(1.,0.,0.));
#741 = DEFINITIONAL_REPRESENTATION('',(#742),#746);
#742 = LINE('',#743,#744);
#743 = CARTESIAN_POINT('',(0.,0.1));
#744 = VECTOR('',#745,1.);
#745 = DIRECTION('',(1.,0.));
#746 = ( GEOMETRIC_REPRESENTATION_CONTEXT(2) 
PARAMETRIC_REPRESENTATION_CONTEXT() REPRESENTATION_CONTEXT('2D SPACE',''
  ) );
#747 = FACE_BOUND('',#748,.F.);
#748 = EDGE_LOOP('',(#749));
#749 = ORIENTED_EDGE('',*,*,#750,.F.);
#750 = EDGE_CURVE('',#751,#751,#753,.T.);
#751 = VERTEX_POINT('',#752);
#752 = CARTESIAN_POINT('',(57.6,121.,-1.481822626968E-14));
#753 = SURFACE_CURVE('',#754,(#759,#766),.PCURVE_S1.);
#754 = CIRCLE('',#755,1.6);
#755 = AXIS2_PLACEMENT_3D('',#756,#757,#758);
#756 = CARTESIAN_POINT('',(56.,121.,-1.481822626968E-14));
#757 = DIRECTION('',(0.,-1.224646799147E-16,-1.));
#758 = DIRECTION('',(1.,0.,0.));
#759 = PCURVE('',#72,#760);
#760 = DEFINITIONAL_REPRESENTATION('',(#761),#765);
#761 = CIRCLE('',#762,1.6);
#762 = AXIS2_PLACEMENT_2D('',#763,#764);
#763 = CARTESIAN_POINT('',(62.,135.));
#764 = DIRECTION('',(1.,0.));
#765 = ( GEOMETRIC_REPRESENTATION_CONTEXT(2) 
PARAMETRIC_REPRESENTATION_CONTEXT() REPRESENTATION_CONTEXT('2D SPACE',''
  ) );
#766 = PCURVE('',#767,#772);
#767 = CYLINDRICAL_SURFACE('',#768,1.6);
#768 = AXIS2_PLACEMENT_3D('',#769,#770,#771);
#769 = CARTESIAN_POINT('',(56.,121.,9.999999999999E-02));
#770 = DIRECTION('',(0.,-1.224646799147E-16,-1.));
#771 = DIRECTION('',(1.,0.,0.));
#772 = DEFINITIONAL_REPRESENTATION('',(#773),#777);
#773 = LINE('',#774,#775);
#774 = CARTESIAN_POINT('',(0.,0.1));
#775 = VECTOR('',#776,1.);
#776 = DIRECTION('',(1.,0.));
#777 = ( GEOMETRIC_REPRESENTATION_CONTEXT(2) 
PARAMETRIC_REPRESENTATION_CONTEXT() REPRESENTATION_CONTEXT('2D SPACE',''
  ) );
#778 = FACE_BOUND('',#779,.F.);
#779 = EDGE_LOOP('',(#780));
#780 = ORIENTED_EDGE('',*,*,#781,.F.);
#781 = EDGE_CURVE('',#782,#782,#784,.T.);
#782 = VERTEX_POINT('',#783);
#783 = CARTESIAN_POINT('',(125.5,180.4,-2.209262825662E-14));
#784 = SURFACE_CURVE('',#785,(#790,#797),.PCURVE_S1.);
#785 = CIRCLE('',#786,1.4);
#786 = AXIS2_PLACEMENT_3D('',#787,#788,#789);
#787 = CARTESIAN_POINT('',(124.1,180.4,-2.209262825662E-14));
#788 = DIRECTION('',(0.,-1.224646799147E-16,-1.));
#789 = DIRECTION('',(1.,0.,0.));
#790 = PCURVE('',#72,#791);
#791 = DEFINITIONAL_REPRESENTATION('',(#792),#796);
#792 = CIRCLE('',#793,1.4);
#793 = AXIS2_PLACEMENT_2D('',#794,#795);
#794 = CARTESIAN_POINT('',(130.1,75.6));
#795 = DIRECTION('',(1.,0.));
#796 = ( GEOMETRIC_REPRESENTATION_CONTEXT(2) 
PARAMETRIC_REPRESENTATION_CONTEXT() REPRESENTATION_CONTEXT('2D SPACE',''
  ) );
#797 = PCURVE('',#798,#803);
#798 = CYLINDRICAL_SURFACE('',#799,1.4);
#799 = AXIS2_PLACEMENT_3D('',#800,#801,#802);
#800 = CARTESIAN_POINT('',(124.1,180.4,9.999999999998E-02));
#801 = DIRECTION('',(0.,-1.224646799147E-16,-1.));
#802 = DIRECTION('',(1.,0.,0.));
#803 = DEFINITIONAL_REPRESENTATION('',(#804),#808);
#804 = LINE('',#805,#806);
#805 = CARTESIAN_POINT('',(0.,0.1));
#806 = VECTOR('',#807,1.);
#807 = DIRECTION('',(1.,0.));
#808 = ( GEOMETRIC_REPRESENTATION_CONTEXT(2) 
PARAMETRIC_REPRESENTATION_CONTEXT() REPRESENTATION_CONTEXT('2D SPACE',''
  ) );
#809 = FACE_BOUND('',#810,.F.);
#810 = EDGE_LOOP('',(#811));
#811 = ORIENTED_EDGE('',*,*,#812,.F.);
#812 = EDGE_CURVE('',#813,#813,#815,.T.);
#813 = VERTEX_POINT('',#814);
#814 = CARTESIAN_POINT('',(121.,168.,-2.057406622568E-14));
#815 = SURFACE_CURVE('',#816,(#821,#828),.PCURVE_S1.);
#816 = CIRCLE('',#817,1.);
#817 = AXIS2_PLACEMENT_3D('',#818,#819,#820);
#818 = CARTESIAN_POINT('',(120.,168.,-2.057406622568E-14));
#819 = DIRECTION('',(0.,-1.224646799147E-16,-1.));
#820 = DIRECTION('',(1.,0.,0.));
#821 = PCURVE('',#72,#822);
#822 = DEFINITIONAL_REPRESENTATION('',(#823),#827);
#823 = CIRCLE('',#824,1.);
#824 = AXIS2_PLACEMENT_2D('',#825,#826);
#825 = CARTESIAN_POINT('',(126.,88.));
#826 = DIRECTION('',(1.,0.));
#827 = ( GEOMETRIC_REPRESENTATION_CONTEXT(2) 
PARAMETRIC_REPRESENTATION_CONTEXT() REPRESENTATION_CONTEXT('2D SPACE',''
  ) );
#828 = PCURVE('',#829,#834);
#829 = CYLINDRICAL_SURFACE('',#830,1.);
#830 = AXIS2_PLACEMENT_3D('',#831,#832,#833);
#831 = CARTESIAN_POINT('',(120.,168.,9.999999999998E-02));
#832 = DIRECTION('',(0.,-1.224646799147E-16,-1.));
#833 = DIRECTION('',(1.,0.,0.));
#834 = DEFINITIONAL_REPRESENTATION('',(#835),#839);
#835 = LINE('',#836,#837);
#836 = CARTESIAN_POINT('',(0.,0.1));
#837 = VECTOR('',#838,1.);
#838 = DIRECTION('',(1.,0.));
#839 = ( GEOMETRIC_REPRESENTATION_CONTEXT(2) 
PARAMETRIC_REPRESENTATION_CONTEXT() REPRESENTATION_CONTEXT('2D SPACE',''
  ) );
#840 = FACE_BOUND('',#841,.F.);
#841 = EDGE_LOOP('',(#842));
#842 = ORIENTED_EDGE('',*,*,#843,.F.);
#843 = EDGE_CURVE('',#844,#844,#846,.T.);
#844 = VERTEX_POINT('',#845);
#845 = CARTESIAN_POINT('',(174.6,176.,-2.155378366499E-14));
#846 = SURFACE_CURVE('',#847,(#852,#859),.PCURVE_S1.);
#847 = CIRCLE('',#848,1.6);
#848 = AXIS2_PLACEMENT_3D('',#849,#850,#851);
#849 = CARTESIAN_POINT('',(173.,176.,-2.155378366499E-14));
#850 = DIRECTION('',(0.,-1.224646799147E-16,-1.));
#851 = DIRECTION('',(1.,0.,0.));
#852 = PCURVE('',#72,#853);
#853 = DEFINITIONAL_REPRESENTATION('',(#854),#858);
#854 = CIRCLE('',#855,1.6);
#855 = AXIS2_PLACEMENT_2D('',#856,#857);
#856 = CARTESIAN_POINT('',(179.,80.));
#857 = DIRECTION('',(1.,0.));
#858 = ( GEOMETRIC_REPRESENTATION_CONTEXT(2) 
PARAMETRIC_REPRESENTATION_CONTEXT() REPRESENTATION_CONTEXT('2D SPACE',''
  ) );
#859 = PCURVE('',#860,#865);
#860 = CYLINDRICAL_SURFACE('',#861,1.6);
#861 = AXIS2_PLACEMENT_3D('',#862,#863,#864);
#862 = CARTESIAN_POINT('',(173.,176.,9.999999999998E-02));
#863 = DIRECTION('',(0.,-1.224646799147E-16,-1.));
#864 = DIRECTION('',(1.,0.,0.));
#865 = DEFINITIONAL_REPRESENTATION('',(#866),#870);
#866 = LINE('',#867,#868);
#867 = CARTESIAN_POINT('',(0.,0.1));
#868 = VECTOR('',#869,1.);
#869 = DIRECTION('',(1.,0.));
#870 = ( GEOMETRIC_REPRESENTATION_CONTEXT(2) 
PARAMETRIC_REPRESENTATION_CONTEXT() REPRESENTATION_CONTEXT('2D SPACE',''
  ) );
#871 = FACE_BOUND('',#872,.F.);
#872 = EDGE_LOOP('',(#873));
#873 = ORIENTED_EDGE('',*,*,#874,.F.);
#874 = EDGE_CURVE('',#875,#875,#877,.T.);
#875 = VERTEX_POINT('',#876);
#876 = CARTESIAN_POINT('',(157.65,163.498,-2.00227302367E-14));
#877 = SURFACE_CURVE('',#878,(#883,#890),.PCURVE_S1.);
#878 = CIRCLE('',#879,1.4);
#879 = AXIS2_PLACEMENT_3D('',#880,#881,#882);
#880 = CARTESIAN_POINT('',(156.25,163.498,-2.00227302367E-14));
#881 = DIRECTION('',(0.,-1.224646799147E-16,-1.));
#882 = DIRECTION('',(1.,0.,0.));
#883 = PCURVE('',#72,#884);
#884 = DEFINITIONAL_REPRESENTATION('',(#885),#889);
#885 = CIRCLE('',#886,1.4);
#886 = AXIS2_PLACEMENT_2D('',#887,#888);
#887 = CARTESIAN_POINT('',(162.25,92.502));
#888 = DIRECTION('',(1.,0.));
#889 = ( GEOMETRIC_REPRESENTATION_CONTEXT(2) 
PARAMETRIC_REPRESENTATION_CONTEXT() REPRESENTATION_CONTEXT('2D SPACE',''
  ) );
#890 = PCURVE('',#891,#896);
#891 = CYLINDRICAL_SURFACE('',#892,1.4);
#892 = AXIS2_PLACEMENT_3D('',#893,#894,#895);
#893 = CARTESIAN_POINT('',(156.25,163.498,9.999999999998E-02));
#894 = DIRECTION('',(0.,-1.224646799147E-16,-1.));
#895 = DIRECTION('',(1.,0.,0.));
#896 = DEFINITIONAL_REPRESENTATION('',(#897),#901);
#897 = LINE('',#898,#899);
#898 = CARTESIAN_POINT('',(0.,0.1));
#899 = VECTOR('',#900,1.);
#900 = DIRECTION('',(1.,0.));
#901 = ( GEOMETRIC_REPRESENTATION_CONTEXT(2) 
PARAMETRIC_REPRESENTATION_CONTEXT() REPRESENTATION_CONTEXT('2D SPACE',''
  ) );
#902 = FACE_BOUND('',#903,.F.);
#903 = EDGE_LOOP('',(#904));
#904 = ORIENTED_EDGE('',*,*,#905,.F.);
#905 = EDGE_CURVE('',#906,#906,#908,.T.);
#906 = VERTEX_POINT('',#907);
#907 = CARTESIAN_POINT('',(174.6,164.,-2.008420750602E-14));
#908 = SURFACE_CURVE('',#909,(#914,#921),.PCURVE_S1.);
#909 = CIRCLE('',#910,1.6);
#910 = AXIS2_PLACEMENT_3D('',#911,#912,#913);
#911 = CARTESIAN_POINT('',(173.,164.,-2.008420750602E-14));
#912 = DIRECTION('',(0.,-1.224646799147E-16,-1.));
#913 = DIRECTION('',(1.,0.,0.));
#914 = PCURVE('',#72,#915);
#915 = DEFINITIONAL_REPRESENTATION('',(#916),#920);
#916 = CIRCLE('',#917,1.6);
#917 = AXIS2_PLACEMENT_2D('',#918,#919);
#918 = CARTESIAN_POINT('',(179.,92.));
#919 = DIRECTION('',(1.,0.));
#920 = ( GEOMETRIC_REPRESENTATION_CONTEXT(2) 
PARAMETRIC_REPRESENTATION_CONTEXT() REPRESENTATION_CONTEXT('2D SPACE',''
  ) );
#921 = PCURVE('',#922,#927);
#922 = CYLINDRICAL_SURFACE('',#923,1.6);
#923 = AXIS2_PLACEMENT_3D('',#924,#925,#926);
#924 = CARTESIAN_POINT('',(173.,164.,9.999999999998E-02));
#925 = DIRECTION('',(0.,-1.224646799147E-16,-1.));
#926 = DIRECTION('',(1.,0.,0.));
#927 = DEFINITIONAL_REPRESENTATION('',(#928),#932);
#928 = LINE('',#929,#930);
#929 = CARTESIAN_POINT('',(0.,0.1));
#930 = VECTOR('',#931,1.);
#931 = DIRECTION('',(1.,0.));
#932 = ( GEOMETRIC_REPRESENTATION_CONTEXT(2) 
PARAMETRIC_REPRESENTATION_CONTEXT() REPRESENTATION_CONTEXT('2D SPACE',''
  ) );
#933 = FACE_BOUND('',#934,.F.);
#934 = EDGE_LOOP('',(#935));
#935 = ORIENTED_EDGE('',*,*,#936,.F.);
#936 = EDGE_CURVE('',#937,#937,#939,.T.);
#937 = VERTEX_POINT('',#938);
#938 = CARTESIAN_POINT('',(157.679309,156.248,-1.913486130732E-14));
#939 = SURFACE_CURVE('',#940,(#945,#952),.PCURVE_S1.);
#940 = CIRCLE('',#941,1.4);
#941 = AXIS2_PLACEMENT_3D('',#942,#943,#944);
#942 = CARTESIAN_POINT('',(156.279309,156.248,-1.913486130732E-14));
#943 = DIRECTION('',(0.,-1.224646799147E-16,-1.));
#944 = DIRECTION('',(1.,0.,0.));
#945 = PCURVE('',#72,#946);
#946 = DEFINITIONAL_REPRESENTATION('',(#947),#951);
#947 = CIRCLE('',#948,1.4);
#948 = AXIS2_PLACEMENT_2D('',#949,#950);
#949 = CARTESIAN_POINT('',(162.279309,99.752));
#950 = DIRECTION('',(1.,0.));
#951 = ( GEOMETRIC_REPRESENTATION_CONTEXT(2) 
PARAMETRIC_REPRESENTATION_CONTEXT() REPRESENTATION_CONTEXT('2D SPACE',''
  ) );
#952 = PCURVE('',#953,#958);
#953 = CYLINDRICAL_SURFACE('',#954,1.4);
#954 = AXIS2_PLACEMENT_3D('',#955,#956,#957);
#955 = CARTESIAN_POINT('',(156.279309,156.248,9.999999999998E-02));
#956 = DIRECTION('',(0.,-1.224646799147E-16,-1.));
#957 = DIRECTION('',(1.,0.,0.));
#958 = DEFINITIONAL_REPRESENTATION('',(#959),#963);
#959 = LINE('',#960,#961);
#960 = CARTESIAN_POINT('',(0.,0.1));
#961 = VECTOR('',#962,1.);
#962 = DIRECTION('',(1.,0.));
#963 = ( GEOMETRIC_REPRESENTATION_CONTEXT(2) 
PARAMETRIC_REPRESENTATION_CONTEXT() REPRESENTATION_CONTEXT('2D SPACE',''
  ) );
#964 = FACE_BOUND('',#965,.F.);
#965 = EDGE_LOOP('',(#966));
#966 = ORIENTED_EDGE('',*,*,#967,.F.);
#967 = EDGE_CURVE('',#968,#968,#970,.T.);
#968 = VERTEX_POINT('',#969);
#969 = CARTESIAN_POINT('',(150.4,148.,-1.812477262738E-14));
#970 = SURFACE_CURVE('',#971,(#976,#983),.PCURVE_S1.);
#971 = CIRCLE('',#972,1.4);
#972 = AXIS2_PLACEMENT_3D('',#973,#974,#975);
#973 = CARTESIAN_POINT('',(149.,148.,-1.812477262738E-14));
#974 = DIRECTION('',(0.,-1.224646799147E-16,-1.));
#975 = DIRECTION('',(1.,0.,0.));
#976 = PCURVE('',#72,#977);
#977 = DEFINITIONAL_REPRESENTATION('',(#978),#982);
#978 = CIRCLE('',#979,1.4);
#979 = AXIS2_PLACEMENT_2D('',#980,#981);
#980 = CARTESIAN_POINT('',(155.,108.));
#981 = DIRECTION('',(1.,0.));
#982 = ( GEOMETRIC_REPRESENTATION_CONTEXT(2) 
PARAMETRIC_REPRESENTATION_CONTEXT() REPRESENTATION_CONTEXT('2D SPACE',''
  ) );
#983 = PCURVE('',#984,#989);
#984 = CYLINDRICAL_SURFACE('',#985,1.4);
#985 = AXIS2_PLACEMENT_3D('',#986,#987,#988);
#986 = CARTESIAN_POINT('',(149.,148.,9.999999999998E-02));
#987 = DIRECTION('',(0.,-1.224646799147E-16,-1.));
#988 = DIRECTION('',(1.,0.,0.));
#989 = DEFINITIONAL_REPRESENTATION('',(#990),#994);
#990 = LINE('',#991,#992);
#991 = CARTESIAN_POINT('',(0.,0.1));
#992 = VECTOR('',#993,1.);
#993 = DIRECTION('',(1.,0.));
#994 = ( GEOMETRIC_REPRESENTATION_CONTEXT(2) 
PARAMETRIC_REPRESENTATION_CONTEXT() REPRESENTATION_CONTEXT('2D SPACE',''
  ) );
#995 = ADVANCED_FACE('',(#996),#207,.T.);
#996 = FACE_BOUND('',#997,.T.);
#997 = EDGE_LOOP('',(#998,#999,#1022,#1050,#1078,#1106,#1134,#1157,#1180
    ,#1203,#1226,#1254,#1277,#1298,#1299));
#998 = ORIENTED_EDGE('',*,*,#410,.T.);
#999 = ORIENTED_EDGE('',*,*,#1000,.F.);
#1000 = EDGE_CURVE('',#1001,#413,#1003,.T.);
#1001 = VERTEX_POINT('',#1002);
#1002 = CARTESIAN_POINT('',(179.,248.5,-2.4));
#1003 = SURFACE_CURVE('',#1004,(#1008,#1015),.PCURVE_S1.);
#1004 = LINE('',#1005,#1006);
#1005 = CARTESIAN_POINT('',(179.,303.,-2.4));
#1006 = VECTOR('',#1007,1.);
#1007 = DIRECTION('',(0.,-1.,1.224646799147E-16));
#1008 = PCURVE('',#207,#1009);
#1009 = DEFINITIONAL_REPRESENTATION('',(#1010),#1014);
#1010 = LINE('',#1011,#1012);
#1011 = CARTESIAN_POINT('',(22.4,-47.));
#1012 = VECTOR('',#1013,1.);
#1013 = DIRECTION('',(0.,-1.));
#1014 = ( GEOMETRIC_REPRESENTATION_CONTEXT(2) 
PARAMETRIC_REPRESENTATION_CONTEXT() REPRESENTATION_CONTEXT('2D SPACE',''
  ) );
#1015 = PCURVE('',#523,#1016);
#1016 = DEFINITIONAL_REPRESENTATION('',(#1017),#1021);
#1017 = LINE('',#1018,#1019);
#1018 = CARTESIAN_POINT('',(185.,-47.));
#1019 = VECTOR('',#1020,1.);
#1020 = DIRECTION('',(0.,1.));
#1021 = ( GEOMETRIC_REPRESENTATION_CONTEXT(2) 
PARAMETRIC_REPRESENTATION_CONTEXT() REPRESENTATION_CONTEXT('2D SPACE',''
  ) );
#1022 = ORIENTED_EDGE('',*,*,#1023,.T.);
#1023 = EDGE_CURVE('',#1001,#1024,#1026,.T.);
#1024 = VERTEX_POINT('',#1025);
#1025 = CARTESIAN_POINT('',(179.,248.5,-32.6));
#1026 = SURFACE_CURVE('',#1027,(#1031,#1038),.PCURVE_S1.);
#1027 = LINE('',#1028,#1029);
#1028 = CARTESIAN_POINT('',(179.,248.5,-2.4));
#1029 = VECTOR('',#1030,1.);
#1030 = DIRECTION('',(0.,-1.224646799147E-16,-1.));
#1031 = PCURVE('',#207,#1032);
#1032 = DEFINITIONAL_REPRESENTATION('',(#1033),#1037);
#1033 = LINE('',#1034,#1035);
#1034 = CARTESIAN_POINT('',(22.4,-101.5));
#1035 = VECTOR('',#1036,1.);
#1036 = DIRECTION('',(1.,0.));
#1037 = ( GEOMETRIC_REPRESENTATION_CONTEXT(2) 
PARAMETRIC_REPRESENTATION_CONTEXT() REPRESENTATION_CONTEXT('2D SPACE',''
  ) );
#1038 = PCURVE('',#1039,#1044);
#1039 = CYLINDRICAL_SURFACE('',#1040,2.5);
#1040 = AXIS2_PLACEMENT_3D('',#1041,#1042,#1043);
#1041 = CARTESIAN_POINT('',(179.,251.,-2.4));
#1042 = DIRECTION('',(0.,-1.224646799147E-16,-1.));
#1043 = DIRECTION('',(1.,0.,0.));
#1044 = DEFINITIONAL_REPRESENTATION('',(#1045),#1049);
#1045 = LINE('',#1046,#1047);
#1046 = CARTESIAN_POINT('',(1.570796326795,0.));
#1047 = VECTOR('',#1048,1.);
#1048 = DIRECTION('',(0.,1.));
#1049 = ( GEOMETRIC_REPRESENTATION_CONTEXT(2) 
PARAMETRIC_REPRESENTATION_CONTEXT() REPRESENTATION_CONTEXT('2D SPACE',''
  ) );
#1050 = ORIENTED_EDGE('',*,*,#1051,.F.);
#1051 = EDGE_CURVE('',#1052,#1024,#1054,.T.);
#1052 = VERTEX_POINT('',#1053);
#1053 = CARTESIAN_POINT('',(179.,249.975,-32.6));
#1054 = SURFACE_CURVE('',#1055,(#1059,#1066),.PCURVE_S1.);
#1055 = LINE('',#1056,#1057);
#1056 = CARTESIAN_POINT('',(179.,300.5,-32.6));
#1057 = VECTOR('',#1058,1.);
#1058 = DIRECTION('',(0.,-1.,1.224646799147E-16));
#1059 = PCURVE('',#207,#1060);
#1060 = DEFINITIONAL_REPRESENTATION('',(#1061),#1065);
#1061 = LINE('',#1062,#1063);
#1062 = CARTESIAN_POINT('',(52.6,-49.5));
#1063 = VECTOR('',#1064,1.);
#1064 = DIRECTION('',(0.,-1.));
#1065 = ( GEOMETRIC_REPRESENTATION_CONTEXT(2) 
PARAMETRIC_REPRESENTATION_CONTEXT() REPRESENTATION_CONTEXT('2D SPACE',''
  ) );
#1066 = PCURVE('',#1067,#1072);
#1067 = PLANE('',#1068);
#1068 = AXIS2_PLACEMENT_3D('',#1069,#1070,#1071);
#1069 = CARTESIAN_POINT('',(179.,251.,-32.6));
#1070 = DIRECTION('',(0.,-1.224646799147E-16,-1.));
#1071 = DIRECTION('',(1.,0.,0.));
#1072 = DEFINITIONAL_REPRESENTATION('',(#1073),#1077);
#1073 = LINE('',#1074,#1075);
#1074 = CARTESIAN_POINT('',(0.,-49.5));
#1075 = VECTOR('',#1076,1.);
#1076 = DIRECTION('',(0.,1.));
#1077 = ( GEOMETRIC_REPRESENTATION_CONTEXT(2) 
PARAMETRIC_REPRESENTATION_CONTEXT() REPRESENTATION_CONTEXT('2D SPACE',''
  ) );
#1078 = ORIENTED_EDGE('',*,*,#1079,.F.);
#1079 = EDGE_CURVE('',#1080,#1052,#1082,.T.);
#1080 = VERTEX_POINT('',#1081);
#1081 = CARTESIAN_POINT('',(179.,249.975,-26.));
#1082 = SURFACE_CURVE('',#1083,(#1087,#1094),.PCURVE_S1.);
#1083 = LINE('',#1084,#1085);
#1084 = CARTESIAN_POINT('',(179.,249.975,-26.));
#1085 = VECTOR('',#1086,1.);
#1086 = DIRECTION('',(0.,-1.224646799147E-16,-1.));
#1087 = PCURVE('',#207,#1088);
#1088 = DEFINITIONAL_REPRESENTATION('',(#1089),#1093);
#1089 = LINE('',#1090,#1091);
#1090 = CARTESIAN_POINT('',(46.,-100.025));
#1091 = VECTOR('',#1092,1.);
#1092 = DIRECTION('',(1.,0.));
#1093 = ( GEOMETRIC_REPRESENTATION_CONTEXT(2) 
PARAMETRIC_REPRESENTATION_CONTEXT() REPRESENTATION_CONTEXT('2D SPACE',''
  ) );
#1094 = PCURVE('',#1095,#1100);
#1095 = CYLINDRICAL_SURFACE('',#1096,1.025);
#1096 = AXIS2_PLACEMENT_3D('',#1097,#1098,#1099);
#1097 = CARTESIAN_POINT('',(179.,251.,-26.));
#1098 = DIRECTION('',(0.,-1.224646799147E-16,-1.));
#1099 = DIRECTION('',(1.,0.,0.));
#1100 = DEFINITIONAL_REPRESENTATION('',(#1101),#1105);
#1101 = LINE('',#1102,#1103);
#1102 = CARTESIAN_POINT('',(1.570796326795,0.));
#1103 = VECTOR('',#1104,1.);
#1104 = DIRECTION('',(0.,1.));
#1105 = ( GEOMETRIC_REPRESENTATION_CONTEXT(2) 
PARAMETRIC_REPRESENTATION_CONTEXT() REPRESENTATION_CONTEXT('2D SPACE',''
  ) );
#1106 = ORIENTED_EDGE('',*,*,#1107,.F.);
#1107 = EDGE_CURVE('',#1108,#1080,#1110,.T.);
#1108 = VERTEX_POINT('',#1109);
#1109 = CARTESIAN_POINT('',(179.,252.025,-26.));
#1110 = SURFACE_CURVE('',#1111,(#1115,#1122),.PCURVE_S1.);
#1111 = LINE('',#1112,#1113);
#1112 = CARTESIAN_POINT('',(179.,300.5,-26.));
#1113 = VECTOR('',#1114,1.);
#1114 = DIRECTION('',(0.,-1.,1.224646799147E-16));
#1115 = PCURVE('',#207,#1116);
#1116 = DEFINITIONAL_REPRESENTATION('',(#1117),#1121);
#1117 = LINE('',#1118,#1119);
#1118 = CARTESIAN_POINT('',(46.,-49.5));
#1119 = VECTOR('',#1120,1.);
#1120 = DIRECTION('',(0.,-1.));
#1121 = ( GEOMETRIC_REPRESENTATION_CONTEXT(2) 
PARAMETRIC_REPRESENTATION_CONTEXT() REPRESENTATION_CONTEXT('2D SPACE',''
  ) );
#1122 = PCURVE('',#1123,#1128);
#1123 = PLANE('',#1124);
#1124 = AXIS2_PLACEMENT_3D('',#1125,#1126,#1127);
#1125 = CARTESIAN_POINT('',(179.,251.,-26.));
#1126 = DIRECTION('',(0.,-1.224646799147E-16,-1.));
#1127 = DIRECTION('',(1.,0.,0.));
#1128 = DEFINITIONAL_REPRESENTATION('',(#1129),#1133);
#1129 = LINE('',#1130,#1131);
#1130 = CARTESIAN_POINT('',(0.,-49.5));
#1131 = VECTOR('',#1132,1.);
#1132 = DIRECTION('',(0.,1.));
#1133 = ( GEOMETRIC_REPRESENTATION_CONTEXT(2) 
PARAMETRIC_REPRESENTATION_CONTEXT() REPRESENTATION_CONTEXT('2D SPACE',''
  ) );
#1134 = ORIENTED_EDGE('',*,*,#1135,.T.);
#1135 = EDGE_CURVE('',#1108,#1136,#1138,.T.);
#1136 = VERTEX_POINT('',#1137);
#1137 = CARTESIAN_POINT('',(179.,252.025,-32.6));
#1138 = SURFACE_CURVE('',#1139,(#1143,#1150),.PCURVE_S1.);
#1139 = LINE('',#1140,#1141);
#1140 = CARTESIAN_POINT('',(179.,252.025,-26.));
#1141 = VECTOR('',#1142,1.);
#1142 = DIRECTION('',(0.,-1.224646799147E-16,-1.));
#1143 = PCURVE('',#207,#1144);
#1144 = DEFINITIONAL_REPRESENTATION('',(#1145),#1149);
#1145 = LINE('',#1146,#1147);
#1146 = CARTESIAN_POINT('',(46.,-97.975));
#1147 = VECTOR('',#1148,1.);
#1148 = DIRECTION('',(1.,0.));
#1149 = ( GEOMETRIC_REPRESENTATION_CONTEXT(2) 
PARAMETRIC_REPRESENTATION_CONTEXT() REPRESENTATION_CONTEXT('2D SPACE',''
  ) );
#1150 = PCURVE('',#1095,#1151);
#1151 = DEFINITIONAL_REPRESENTATION('',(#1152),#1156);
#1152 = LINE('',#1153,#1154);
#1153 = CARTESIAN_POINT('',(4.712388980385,0.));
#1154 = VECTOR('',#1155,1.);
#1155 = DIRECTION('',(0.,1.));
#1156 = ( GEOMETRIC_REPRESENTATION_CONTEXT(2) 
PARAMETRIC_REPRESENTATION_CONTEXT() REPRESENTATION_CONTEXT('2D SPACE',''
  ) );
#1157 = ORIENTED_EDGE('',*,*,#1158,.F.);
#1158 = EDGE_CURVE('',#1159,#1136,#1161,.T.);
#1159 = VERTEX_POINT('',#1160);
#1160 = CARTESIAN_POINT('',(179.,253.5,-32.6));
#1161 = SURFACE_CURVE('',#1162,(#1166,#1173),.PCURVE_S1.);
#1162 = LINE('',#1163,#1164);
#1163 = CARTESIAN_POINT('',(179.,300.5,-32.6));
#1164 = VECTOR('',#1165,1.);
#1165 = DIRECTION('',(0.,-1.,1.224646799147E-16));
#1166 = PCURVE('',#207,#1167);
#1167 = DEFINITIONAL_REPRESENTATION('',(#1168),#1172);
#1168 = LINE('',#1169,#1170);
#1169 = CARTESIAN_POINT('',(52.6,-49.5));
#1170 = VECTOR('',#1171,1.);
#1171 = DIRECTION('',(0.,-1.));
#1172 = ( GEOMETRIC_REPRESENTATION_CONTEXT(2) 
PARAMETRIC_REPRESENTATION_CONTEXT() REPRESENTATION_CONTEXT('2D SPACE',''
  ) );
#1173 = PCURVE('',#1067,#1174);
#1174 = DEFINITIONAL_REPRESENTATION('',(#1175),#1179);
#1175 = LINE('',#1176,#1177);
#1176 = CARTESIAN_POINT('',(0.,-49.5));
#1177 = VECTOR('',#1178,1.);
#1178 = DIRECTION('',(0.,1.));
#1179 = ( GEOMETRIC_REPRESENTATION_CONTEXT(2) 
PARAMETRIC_REPRESENTATION_CONTEXT() REPRESENTATION_CONTEXT('2D SPACE',''
  ) );
#1180 = ORIENTED_EDGE('',*,*,#1181,.F.);
#1181 = EDGE_CURVE('',#1182,#1159,#1184,.T.);
#1182 = VERTEX_POINT('',#1183);
#1183 = CARTESIAN_POINT('',(179.,253.5,-2.4));
#1184 = SURFACE_CURVE('',#1185,(#1189,#1196),.PCURVE_S1.);
#1185 = LINE('',#1186,#1187);
#1186 = CARTESIAN_POINT('',(179.,253.5,-2.4));
#1187 = VECTOR('',#1188,1.);
#1188 = DIRECTION('',(0.,-1.224646799147E-16,-1.));
#1189 = PCURVE('',#207,#1190);
#1190 = DEFINITIONAL_REPRESENTATION('',(#1191),#1195);
#1191 = LINE('',#1192,#1193);
#1192 = CARTESIAN_POINT('',(22.4,-96.5));
#1193 = VECTOR('',#1194,1.);
#1194 = DIRECTION('',(1.,0.));
#1195 = ( GEOMETRIC_REPRESENTATION_CONTEXT(2) 
PARAMETRIC_REPRESENTATION_CONTEXT() REPRESENTATION_CONTEXT('2D SPACE',''
  ) );
#1196 = PCURVE('',#1039,#1197);
#1197 = DEFINITIONAL_REPRESENTATION('',(#1198),#1202);
#1198 = LINE('',#1199,#1200);
#1199 = CARTESIAN_POINT('',(4.712388980385,0.));
#1200 = VECTOR('',#1201,1.);
#1201 = DIRECTION('',(0.,1.));
#1202 = ( GEOMETRIC_REPRESENTATION_CONTEXT(2) 
PARAMETRIC_REPRESENTATION_CONTEXT() REPRESENTATION_CONTEXT('2D SPACE',''
  ) );
#1203 = ORIENTED_EDGE('',*,*,#1204,.F.);
#1204 = EDGE_CURVE('',#1205,#1182,#1207,.T.);
#1205 = VERTEX_POINT('',#1206);
#1206 = CARTESIAN_POINT('',(179.,253.6,-2.4));
#1207 = SURFACE_CURVE('',#1208,(#1212,#1219),.PCURVE_S1.);
#1208 = LINE('',#1209,#1210);
#1209 = CARTESIAN_POINT('',(179.,303.,-2.4));
#1210 = VECTOR('',#1211,1.);
#1211 = DIRECTION('',(0.,-1.,1.224646799147E-16));
#1212 = PCURVE('',#207,#1213);
#1213 = DEFINITIONAL_REPRESENTATION('',(#1214),#1218);
#1214 = LINE('',#1215,#1216);
#1215 = CARTESIAN_POINT('',(22.4,-47.));
#1216 = VECTOR('',#1217,1.);
#1217 = DIRECTION('',(0.,-1.));
#1218 = ( GEOMETRIC_REPRESENTATION_CONTEXT(2) 
PARAMETRIC_REPRESENTATION_CONTEXT() REPRESENTATION_CONTEXT('2D SPACE',''
  ) );
#1219 = PCURVE('',#523,#1220);
#1220 = DEFINITIONAL_REPRESENTATION('',(#1221),#1225);
#1221 = LINE('',#1222,#1223);
#1222 = CARTESIAN_POINT('',(185.,-47.));
#1223 = VECTOR('',#1224,1.);
#1224 = DIRECTION('',(0.,1.));
#1225 = ( GEOMETRIC_REPRESENTATION_CONTEXT(2) 
PARAMETRIC_REPRESENTATION_CONTEXT() REPRESENTATION_CONTEXT('2D SPACE',''
  ) );
#1226 = ORIENTED_EDGE('',*,*,#1227,.F.);
#1227 = EDGE_CURVE('',#1228,#1205,#1230,.T.);
#1228 = VERTEX_POINT('',#1229);
#1229 = CARTESIAN_POINT('',(179.,253.6,-32.6));
#1230 = SURFACE_CURVE('',#1231,(#1235,#1242),.PCURVE_S1.);
#1231 = LINE('',#1232,#1233);
#1232 = CARTESIAN_POINT('',(179.,253.6,8.85));
#1233 = VECTOR('',#1234,1.);
#1234 = DIRECTION('',(0.,1.224646799147E-16,1.));
#1235 = PCURVE('',#207,#1236);
#1236 = DEFINITIONAL_REPRESENTATION('',(#1237),#1241);
#1237 = LINE('',#1238,#1239);
#1238 = CARTESIAN_POINT('',(11.15,-96.4));
#1239 = VECTOR('',#1240,1.);
#1240 = DIRECTION('',(-1.,0.));
#1241 = ( GEOMETRIC_REPRESENTATION_CONTEXT(2) 
PARAMETRIC_REPRESENTATION_CONTEXT() REPRESENTATION_CONTEXT('2D SPACE',''
  ) );
#1242 = PCURVE('',#1243,#1248);
#1243 = PLANE('',#1244);
#1244 = AXIS2_PLACEMENT_3D('',#1245,#1246,#1247);
#1245 = CARTESIAN_POINT('',(-3.6,253.6,-2.3));
#1246 = DIRECTION('',(0.,-1.,1.224646799147E-16));
#1247 = DIRECTION('',(0.,-1.224646799147E-16,-1.));
#1248 = DEFINITIONAL_REPRESENTATION('',(#1249),#1253);
#1249 = LINE('',#1250,#1251);
#1250 = CARTESIAN_POINT('',(-11.15,182.6));
#1251 = VECTOR('',#1252,1.);
#1252 = DIRECTION('',(-1.,0.));
#1253 = ( GEOMETRIC_REPRESENTATION_CONTEXT(2) 
PARAMETRIC_REPRESENTATION_CONTEXT() REPRESENTATION_CONTEXT('2D SPACE',''
  ) );
#1254 = ORIENTED_EDGE('',*,*,#1255,.F.);
#1255 = EDGE_CURVE('',#1256,#1228,#1258,.T.);
#1256 = VERTEX_POINT('',#1257);
#1257 = CARTESIAN_POINT('',(179.,256.,-32.6));
#1258 = SURFACE_CURVE('',#1259,(#1263,#1270),.PCURVE_S1.);
#1259 = LINE('',#1260,#1261);
#1260 = CARTESIAN_POINT('',(179.,303.,-32.6));
#1261 = VECTOR('',#1262,1.);
#1262 = DIRECTION('',(0.,-1.,1.224646799147E-16));
#1263 = PCURVE('',#207,#1264);
#1264 = DEFINITIONAL_REPRESENTATION('',(#1265),#1269);
#1265 = LINE('',#1266,#1267);
#1266 = CARTESIAN_POINT('',(52.6,-47.));
#1267 = VECTOR('',#1268,1.);
#1268 = DIRECTION('',(0.,-1.));
#1269 = ( GEOMETRIC_REPRESENTATION_CONTEXT(2) 
PARAMETRIC_REPRESENTATION_CONTEXT() REPRESENTATION_CONTEXT('2D SPACE',''
  ) );
#1270 = PCURVE('',#240,#1271);
#1271 = DEFINITIONAL_REPRESENTATION('',(#1272),#1276);
#1272 = LINE('',#1273,#1274);
#1273 = CARTESIAN_POINT('',(185.,-47.));
#1274 = VECTOR('',#1275,1.);
#1275 = DIRECTION('',(0.,1.));
#1276 = ( GEOMETRIC_REPRESENTATION_CONTEXT(2) 
PARAMETRIC_REPRESENTATION_CONTEXT() REPRESENTATION_CONTEXT('2D SPACE',''
  ) );
#1277 = ORIENTED_EDGE('',*,*,#1278,.T.);
#1278 = EDGE_CURVE('',#1256,#166,#1279,.T.);
#1279 = SURFACE_CURVE('',#1280,(#1284,#1291),.PCURVE_S1.);
#1280 = LINE('',#1281,#1282);
#1281 = CARTESIAN_POINT('',(179.,256.,8.8));
#1282 = VECTOR('',#1283,1.);
#1283 = DIRECTION('',(0.,1.224646799147E-16,1.));
#1284 = PCURVE('',#207,#1285);
#1285 = DEFINITIONAL_REPRESENTATION('',(#1286),#1290);
#1286 = LINE('',#1287,#1288);
#1287 = CARTESIAN_POINT('',(11.2,-94.));
#1288 = VECTOR('',#1289,1.);
#1289 = DIRECTION('',(-1.,0.));
#1290 = ( GEOMETRIC_REPRESENTATION_CONTEXT(2) 
PARAMETRIC_REPRESENTATION_CONTEXT() REPRESENTATION_CONTEXT('2D SPACE',''
  ) );
#1291 = PCURVE('',#181,#1292);
#1292 = DEFINITIONAL_REPRESENTATION('',(#1293),#1297);
#1293 = LINE('',#1294,#1295);
#1294 = CARTESIAN_POINT('',(-11.2,185.));
#1295 = VECTOR('',#1296,1.);
#1296 = DIRECTION('',(-1.,0.));
#1297 = ( GEOMETRIC_REPRESENTATION_CONTEXT(2) 
PARAMETRIC_REPRESENTATION_CONTEXT() REPRESENTATION_CONTEXT('2D SPACE',''
  ) );
#1298 = ORIENTED_EDGE('',*,*,#193,.T.);
#1299 = ORIENTED_EDGE('',*,*,#540,.T.);
#1300 = ADVANCED_FACE('',(#1301),#181,.F.);
#1301 = FACE_BOUND('',#1302,.F.);
#1302 = EDGE_LOOP('',(#1303,#1304,#1305,#1326));
#1303 = ORIENTED_EDGE('',*,*,#165,.F.);
#1304 = ORIENTED_EDGE('',*,*,#252,.T.);
#1305 = ORIENTED_EDGE('',*,*,#1306,.T.);
#1306 = EDGE_CURVE('',#223,#1256,#1307,.T.);
#1307 = SURFACE_CURVE('',#1308,(#1312,#1319),.PCURVE_S1.);
#1308 = LINE('',#1309,#1310);
#1309 = CARTESIAN_POINT('',(-6.,256.,-32.6));
#1310 = VECTOR('',#1311,1.);
#1311 = DIRECTION('',(1.,0.,0.));
#1312 = PCURVE('',#181,#1313);
#1313 = DEFINITIONAL_REPRESENTATION('',(#1314),#1318);
#1314 = LINE('',#1315,#1316);
#1315 = CARTESIAN_POINT('',(30.2,0.));
#1316 = VECTOR('',#1317,1.);
#1317 = DIRECTION('',(0.,1.));
#1318 = ( GEOMETRIC_REPRESENTATION_CONTEXT(2) 
PARAMETRIC_REPRESENTATION_CONTEXT() REPRESENTATION_CONTEXT('2D SPACE',''
  ) );
#1319 = PCURVE('',#240,#1320);
#1320 = DEFINITIONAL_REPRESENTATION('',(#1321),#1325);
#1321 = LINE('',#1322,#1323);
#1322 = CARTESIAN_POINT('',(0.,0.));
#1323 = VECTOR('',#1324,1.);
#1324 = DIRECTION('',(1.,0.));
#1325 = ( GEOMETRIC_REPRESENTATION_CONTEXT(2) 
PARAMETRIC_REPRESENTATION_CONTEXT() REPRESENTATION_CONTEXT('2D SPACE',''
  ) );
#1326 = ORIENTED_EDGE('',*,*,#1278,.T.);
#1327 = ADVANCED_FACE('',(#1328),#240,.T.);
#1328 = FACE_BOUND('',#1329,.T.);
#1329 = EDGE_LOOP('',(#1330,#1331,#1332,#1333,#1356,#1384,#1413,#1441,
    #1470,#1498));
#1330 = ORIENTED_EDGE('',*,*,#222,.F.);
#1331 = ORIENTED_EDGE('',*,*,#1306,.T.);
#1332 = ORIENTED_EDGE('',*,*,#1255,.T.);
#1333 = ORIENTED_EDGE('',*,*,#1334,.T.);
#1334 = EDGE_CURVE('',#1228,#1335,#1337,.T.);
#1335 = VERTEX_POINT('',#1336);
#1336 = CARTESIAN_POINT('',(-3.6,253.6,-32.6));
#1337 = SURFACE_CURVE('',#1338,(#1342,#1349),.PCURVE_S1.);
#1338 = LINE('',#1339,#1340);
#1339 = CARTESIAN_POINT('',(-4.8,253.6,-32.6));
#1340 = VECTOR('',#1341,1.);
#1341 = DIRECTION('',(-1.,0.,-0.));
#1342 = PCURVE('',#240,#1343);
#1343 = DEFINITIONAL_REPRESENTATION('',(#1344),#1348);
#1344 = LINE('',#1345,#1346);
#1345 = CARTESIAN_POINT('',(1.2,2.4));
#1346 = VECTOR('',#1347,1.);
#1347 = DIRECTION('',(-1.,0.));
#1348 = ( GEOMETRIC_REPRESENTATION_CONTEXT(2) 
PARAMETRIC_REPRESENTATION_CONTEXT() REPRESENTATION_CONTEXT('2D SPACE',''
  ) );
#1349 = PCURVE('',#1243,#1350);
#1350 = DEFINITIONAL_REPRESENTATION('',(#1351),#1355);
#1351 = LINE('',#1352,#1353);
#1352 = CARTESIAN_POINT('',(30.3,-1.2));
#1353 = VECTOR('',#1354,1.);
#1354 = DIRECTION('',(-0.,-1.));
#1355 = ( GEOMETRIC_REPRESENTATION_CONTEXT(2) 
PARAMETRIC_REPRESENTATION_CONTEXT() REPRESENTATION_CONTEXT('2D SPACE',''
  ) );
#1356 = ORIENTED_EDGE('',*,*,#1357,.T.);
#1357 = EDGE_CURVE('',#1335,#1358,#1360,.T.);
#1358 = VERTEX_POINT('',#1359);
#1359 = CARTESIAN_POINT('',(-3.6,253.4269322199,-32.6));
#1360 = SURFACE_CURVE('',#1361,(#1365,#1372),.PCURVE_S1.);
#1361 = LINE('',#1362,#1363);
#1362 = CARTESIAN_POINT('',(-3.6,254.8,-32.6));
#1363 = VECTOR('',#1364,1.);
#1364 = DIRECTION('',(0.,-1.,1.224646799147E-16));
#1365 = PCURVE('',#240,#1366);
#1366 = DEFINITIONAL_REPRESENTATION('',(#1367),#1371);
#1367 = LINE('',#1368,#1369);
#1368 = CARTESIAN_POINT('',(2.4,1.2));
#1369 = VECTOR('',#1370,1.);
#1370 = DIRECTION('',(0.,1.));
#1371 = ( GEOMETRIC_REPRESENTATION_CONTEXT(2) 
PARAMETRIC_REPRESENTATION_CONTEXT() REPRESENTATION_CONTEXT('2D SPACE',''
  ) );
#1372 = PCURVE('',#1373,#1378);
#1373 = PLANE('',#1374);
#1374 = AXIS2_PLACEMENT_3D('',#1375,#1376,#1377);
#1375 = CARTESIAN_POINT('',(-3.6,253.6,-2.3));
#1376 = DIRECTION('',(1.,0.,0.));
#1377 = DIRECTION('',(0.,-1.224646799147E-16,-1.));
#1378 = DEFINITIONAL_REPRESENTATION('',(#1379),#1383);
#1379 = LINE('',#1380,#1381);
#1380 = CARTESIAN_POINT('',(30.3,1.2));
#1381 = VECTOR('',#1382,1.);
#1382 = DIRECTION('',(0.,-1.));
#1383 = ( GEOMETRIC_REPRESENTATION_CONTEXT(2) 
PARAMETRIC_REPRESENTATION_CONTEXT() REPRESENTATION_CONTEXT('2D SPACE',''
  ) );
#1384 = ORIENTED_EDGE('',*,*,#1385,.F.);
#1385 = EDGE_CURVE('',#1386,#1358,#1388,.T.);
#1386 = VERTEX_POINT('',#1387);
#1387 = CARTESIAN_POINT('',(-3.6,248.57306778009,-32.6));
#1388 = SURFACE_CURVE('',#1389,(#1394,#1401),.PCURVE_S1.);
#1389 = CIRCLE('',#1390,2.5);
#1390 = AXIS2_PLACEMENT_3D('',#1391,#1392,#1393);
#1391 = CARTESIAN_POINT('',(-3.,251.,-32.6));
#1392 = DIRECTION('',(0.,-1.224646799147E-16,-1.));
#1393 = DIRECTION('',(1.,0.,0.));
#1394 = PCURVE('',#240,#1395);
#1395 = DEFINITIONAL_REPRESENTATION('',(#1396),#1400);
#1396 = CIRCLE('',#1397,2.5);
#1397 = AXIS2_PLACEMENT_2D('',#1398,#1399);
#1398 = CARTESIAN_POINT('',(3.,5.));
#1399 = DIRECTION('',(1.,0.));
#1400 = ( GEOMETRIC_REPRESENTATION_CONTEXT(2) 
PARAMETRIC_REPRESENTATION_CONTEXT() REPRESENTATION_CONTEXT('2D SPACE',''
  ) );
#1401 = PCURVE('',#1402,#1407);
#1402 = PLANE('',#1403);
#1403 = AXIS2_PLACEMENT_3D('',#1404,#1405,#1406);
#1404 = CARTESIAN_POINT('',(-6.,256.,-32.6));
#1405 = DIRECTION('',(0.,-1.224646799147E-16,-1.));
#1406 = DIRECTION('',(1.,0.,0.));
#1407 = DEFINITIONAL_REPRESENTATION('',(#1408),#1412);
#1408 = CIRCLE('',#1409,2.5);
#1409 = AXIS2_PLACEMENT_2D('',#1410,#1411);
#1410 = CARTESIAN_POINT('',(3.,5.));
#1411 = DIRECTION('',(1.,0.));
#1412 = ( GEOMETRIC_REPRESENTATION_CONTEXT(2) 
PARAMETRIC_REPRESENTATION_CONTEXT() REPRESENTATION_CONTEXT('2D SPACE',''
  ) );
#1413 = ORIENTED_EDGE('',*,*,#1414,.T.);
#1414 = EDGE_CURVE('',#1386,#1415,#1417,.T.);
#1415 = VERTEX_POINT('',#1416);
#1416 = CARTESIAN_POINT('',(-3.6,124.4269322199,-32.6));
#1417 = SURFACE_CURVE('',#1418,(#1422,#1429),.PCURVE_S1.);
#1418 = LINE('',#1419,#1420);
#1419 = CARTESIAN_POINT('',(-3.6,254.8,-32.6));
#1420 = VECTOR('',#1421,1.);
#1421 = DIRECTION('',(0.,-1.,1.224646799147E-16));
#1422 = PCURVE('',#240,#1423);
#1423 = DEFINITIONAL_REPRESENTATION('',(#1424),#1428);
#1424 = LINE('',#1425,#1426);
#1425 = CARTESIAN_POINT('',(2.4,1.2));
#1426 = VECTOR('',#1427,1.);
#1427 = DIRECTION('',(0.,1.));
#1428 = ( GEOMETRIC_REPRESENTATION_CONTEXT(2) 
PARAMETRIC_REPRESENTATION_CONTEXT() REPRESENTATION_CONTEXT('2D SPACE',''
  ) );
#1429 = PCURVE('',#1430,#1435);
#1430 = PLANE('',#1431);
#1431 = AXIS2_PLACEMENT_3D('',#1432,#1433,#1434);
#1432 = CARTESIAN_POINT('',(-3.6,253.6,-2.3));
#1433 = DIRECTION('',(1.,0.,0.));
#1434 = DIRECTION('',(0.,-1.224646799147E-16,-1.));
#1435 = DEFINITIONAL_REPRESENTATION('',(#1436),#1440);
#1436 = LINE('',#1437,#1438);
#1437 = CARTESIAN_POINT('',(30.3,1.2));
#1438 = VECTOR('',#1439,1.);
#1439 = DIRECTION('',(0.,-1.));
#1440 = ( GEOMETRIC_REPRESENTATION_CONTEXT(2) 
PARAMETRIC_REPRESENTATION_CONTEXT() REPRESENTATION_CONTEXT('2D SPACE',''
  ) );
#1441 = ORIENTED_EDGE('',*,*,#1442,.F.);
#1442 = EDGE_CURVE('',#1443,#1415,#1445,.T.);
#1443 = VERTEX_POINT('',#1444);
#1444 = CARTESIAN_POINT('',(-3.6,119.57306778009,-32.6));
#1445 = SURFACE_CURVE('',#1446,(#1451,#1458),.PCURVE_S1.);
#1446 = CIRCLE('',#1447,2.5);
#1447 = AXIS2_PLACEMENT_3D('',#1448,#1449,#1450);
#1448 = CARTESIAN_POINT('',(-3.,122.,-32.6));
#1449 = DIRECTION('',(0.,-1.224646799147E-16,-1.));
#1450 = DIRECTION('',(1.,0.,0.));
#1451 = PCURVE('',#240,#1452);
#1452 = DEFINITIONAL_REPRESENTATION('',(#1453),#1457);
#1453 = CIRCLE('',#1454,2.5);
#1454 = AXIS2_PLACEMENT_2D('',#1455,#1456);
#1455 = CARTESIAN_POINT('',(3.,134.));
#1456 = DIRECTION('',(1.,0.));
#1457 = ( GEOMETRIC_REPRESENTATION_CONTEXT(2) 
PARAMETRIC_REPRESENTATION_CONTEXT() REPRESENTATION_CONTEXT('2D SPACE',''
  ) );
#1458 = PCURVE('',#1459,#1464);
#1459 = PLANE('',#1460);
#1460 = AXIS2_PLACEMENT_3D('',#1461,#1462,#1463);
#1461 = CARTESIAN_POINT('',(-6.,256.,-32.6));
#1462 = DIRECTION('',(0.,-1.224646799147E-16,-1.));
#1463 = DIRECTION('',(1.,0.,0.));
#1464 = DEFINITIONAL_REPRESENTATION('',(#1465),#1469);
#1465 = CIRCLE('',#1466,2.5);
#1466 = AXIS2_PLACEMENT_2D('',#1467,#1468);
#1467 = CARTESIAN_POINT('',(3.,134.));
#1468 = DIRECTION('',(1.,0.));
#1469 = ( GEOMETRIC_REPRESENTATION_CONTEXT(2) 
PARAMETRIC_REPRESENTATION_CONTEXT() REPRESENTATION_CONTEXT('2D SPACE',''
  ) );
#1470 = ORIENTED_EDGE('',*,*,#1471,.T.);
#1471 = EDGE_CURVE('',#1443,#1472,#1474,.T.);
#1472 = VERTEX_POINT('',#1473);
#1473 = CARTESIAN_POINT('',(-3.6,115.,-32.6));
#1474 = SURFACE_CURVE('',#1475,(#1479,#1486),.PCURVE_S1.);
#1475 = LINE('',#1476,#1477);
#1476 = CARTESIAN_POINT('',(-3.6,254.8,-32.6));
#1477 = VECTOR('',#1478,1.);
#1478 = DIRECTION('',(0.,-1.,1.224646799147E-16));
#1479 = PCURVE('',#240,#1480);
#1480 = DEFINITIONAL_REPRESENTATION('',(#1481),#1485);
#1481 = LINE('',#1482,#1483);
#1482 = CARTESIAN_POINT('',(2.4,1.2));
#1483 = VECTOR('',#1484,1.);
#1484 = DIRECTION('',(0.,1.));
#1485 = ( GEOMETRIC_REPRESENTATION_CONTEXT(2) 
PARAMETRIC_REPRESENTATION_CONTEXT() REPRESENTATION_CONTEXT('2D SPACE',''
  ) );
#1486 = PCURVE('',#1487,#1492);
#1487 = PLANE('',#1488);
#1488 = AXIS2_PLACEMENT_3D('',#1489,#1490,#1491);
#1489 = CARTESIAN_POINT('',(-3.6,253.6,-2.3));
#1490 = DIRECTION('',(1.,0.,0.));
#1491 = DIRECTION('',(0.,-1.224646799147E-16,-1.));
#1492 = DEFINITIONAL_REPRESENTATION('',(#1493),#1497);
#1493 = LINE('',#1494,#1495);
#1494 = CARTESIAN_POINT('',(30.3,1.2));
#1495 = VECTOR('',#1496,1.);
#1496 = DIRECTION('',(0.,-1.));
#1497 = ( GEOMETRIC_REPRESENTATION_CONTEXT(2) 
PARAMETRIC_REPRESENTATION_CONTEXT() REPRESENTATION_CONTEXT('2D SPACE',''
  ) );
#1498 = ORIENTED_EDGE('',*,*,#1499,.T.);
#1499 = EDGE_CURVE('',#1472,#225,#1500,.T.);
#1500 = SURFACE_CURVE('',#1501,(#1505,#1512),.PCURVE_S1.);
#1501 = LINE('',#1502,#1503);
#1502 = CARTESIAN_POINT('',(-28.,115.,-32.6));
#1503 = VECTOR('',#1504,1.);
#1504 = DIRECTION('',(-1.,0.,-0.));
#1505 = PCURVE('',#240,#1506);
#1506 = DEFINITIONAL_REPRESENTATION('',(#1507),#1511);
#1507 = LINE('',#1508,#1509);
#1508 = CARTESIAN_POINT('',(-22.,141.));
#1509 = VECTOR('',#1510,1.);
#1510 = DIRECTION('',(-1.,0.));
#1511 = ( GEOMETRIC_REPRESENTATION_CONTEXT(2) 
PARAMETRIC_REPRESENTATION_CONTEXT() REPRESENTATION_CONTEXT('2D SPACE',''
  ) );
#1512 = PCURVE('',#395,#1513);
#1513 = DEFINITIONAL_REPRESENTATION('',(#1514),#1518);
#1514 = LINE('',#1515,#1516);
#1515 = CARTESIAN_POINT('',(52.6,22.));
#1516 = VECTOR('',#1517,1.);
#1517 = DIRECTION('',(-0.,-1.));
#1518 = ( GEOMETRIC_REPRESENTATION_CONTEXT(2) 
PARAMETRIC_REPRESENTATION_CONTEXT() REPRESENTATION_CONTEXT('2D SPACE',''
  ) );
#1519 = ADVANCED_FACE('',(#1520),#395,.T.);
#1520 = FACE_BOUND('',#1521,.T.);
#1521 = EDGE_LOOP('',(#1522,#1545,#1546,#1547));
#1522 = ORIENTED_EDGE('',*,*,#1523,.T.);
#1523 = EDGE_CURVE('',#1524,#354,#1526,.T.);
#1524 = VERTEX_POINT('',#1525);
#1525 = CARTESIAN_POINT('',(-3.6,115.,-26.));
#1526 = SURFACE_CURVE('',#1527,(#1531,#1538),.PCURVE_S1.);
#1527 = LINE('',#1528,#1529);
#1528 = CARTESIAN_POINT('',(-28.5,115.,-26.));
#1529 = VECTOR('',#1530,1.);
#1530 = DIRECTION('',(-1.,0.,-0.));
#1531 = PCURVE('',#395,#1532);
#1532 = DEFINITIONAL_REPRESENTATION('',(#1533),#1537);
#1533 = LINE('',#1534,#1535);
#1534 = CARTESIAN_POINT('',(46.,21.5));
#1535 = VECTOR('',#1536,1.);
#1536 = DIRECTION('',(-0.,-1.));
#1537 = ( GEOMETRIC_REPRESENTATION_CONTEXT(2) 
PARAMETRIC_REPRESENTATION_CONTEXT() REPRESENTATION_CONTEXT('2D SPACE',''
  ) );
#1538 = PCURVE('',#369,#1539);
#1539 = DEFINITIONAL_REPRESENTATION('',(#1540),#1544);
#1540 = LINE('',#1541,#1542);
#1541 = CARTESIAN_POINT('',(-21.5,67.));
#1542 = VECTOR('',#1543,1.);
#1543 = DIRECTION('',(-1.,0.));
#1544 = ( GEOMETRIC_REPRESENTATION_CONTEXT(2) 
PARAMETRIC_REPRESENTATION_CONTEXT() REPRESENTATION_CONTEXT('2D SPACE',''
  ) );
#1545 = ORIENTED_EDGE('',*,*,#381,.T.);
#1546 = ORIENTED_EDGE('',*,*,#1499,.F.);
#1547 = ORIENTED_EDGE('',*,*,#1548,.F.);
#1548 = EDGE_CURVE('',#1524,#1472,#1549,.T.);
#1549 = SURFACE_CURVE('',#1550,(#1554,#1561),.PCURVE_S1.);
#1550 = LINE('',#1551,#1552);
#1551 = CARTESIAN_POINT('',(-3.6,115.,8.85));
#1552 = VECTOR('',#1553,1.);
#1553 = DIRECTION('',(0.,-1.224646799147E-16,-1.));
#1554 = PCURVE('',#395,#1555);
#1555 = DEFINITIONAL_REPRESENTATION('',(#1556),#1560);
#1556 = LINE('',#1557,#1558);
#1557 = CARTESIAN_POINT('',(11.15,46.4));
#1558 = VECTOR('',#1559,1.);
#1559 = DIRECTION('',(1.,0.));
#1560 = ( GEOMETRIC_REPRESENTATION_CONTEXT(2) 
PARAMETRIC_REPRESENTATION_CONTEXT() REPRESENTATION_CONTEXT('2D SPACE',''
  ) );
#1561 = PCURVE('',#1487,#1562);
#1562 = DEFINITIONAL_REPRESENTATION('',(#1563),#1567);
#1563 = LINE('',#1564,#1565);
#1564 = CARTESIAN_POINT('',(-11.15,-138.6));
#1565 = VECTOR('',#1566,1.);
#1566 = DIRECTION('',(1.,0.));
#1567 = ( GEOMETRIC_REPRESENTATION_CONTEXT(2) 
PARAMETRIC_REPRESENTATION_CONTEXT() REPRESENTATION_CONTEXT('2D SPACE',''
  ) );
#1568 = ADVANCED_FACE('',(#1569),#369,.F.);
#1569 = FACE_BOUND('',#1570,.F.);
#1570 = EDGE_LOOP('',(#1571,#1572,#1573,#1596,#1619,#1648));
#1571 = ORIENTED_EDGE('',*,*,#1523,.T.);
#1572 = ORIENTED_EDGE('',*,*,#353,.T.);
#1573 = ORIENTED_EDGE('',*,*,#1574,.T.);
#1574 = EDGE_CURVE('',#326,#1575,#1577,.T.);
#1575 = VERTEX_POINT('',#1576);
#1576 = CARTESIAN_POINT('',(-3.6,182.,-26.));
#1577 = SURFACE_CURVE('',#1578,(#1582,#1589),.PCURVE_S1.);
#1578 = LINE('',#1579,#1580);
#1579 = CARTESIAN_POINT('',(-7.,182.,-26.));
#1580 = VECTOR('',#1581,1.);
#1581 = DIRECTION('',(1.,0.,0.));
#1582 = PCURVE('',#369,#1583);
#1583 = DEFINITIONAL_REPRESENTATION('',(#1584),#1588);
#1584 = LINE('',#1585,#1586);
#1585 = CARTESIAN_POINT('',(0.,0.));
#1586 = VECTOR('',#1587,1.);
#1587 = DIRECTION('',(1.,0.));
#1588 = ( GEOMETRIC_REPRESENTATION_CONTEXT(2) 
PARAMETRIC_REPRESENTATION_CONTEXT() REPRESENTATION_CONTEXT('2D SPACE',''
  ) );
#1589 = PCURVE('',#341,#1590);
#1590 = DEFINITIONAL_REPRESENTATION('',(#1591),#1595);
#1591 = LINE('',#1592,#1593);
#1592 = CARTESIAN_POINT('',(23.,0.));
#1593 = VECTOR('',#1594,1.);
#1594 = DIRECTION('',(0.,1.));
#1595 = ( GEOMETRIC_REPRESENTATION_CONTEXT(2) 
PARAMETRIC_REPRESENTATION_CONTEXT() REPRESENTATION_CONTEXT('2D SPACE',''
  ) );
#1596 = ORIENTED_EDGE('',*,*,#1597,.F.);
#1597 = EDGE_CURVE('',#1598,#1575,#1600,.T.);
#1598 = VERTEX_POINT('',#1599);
#1599 = CARTESIAN_POINT('',(-3.6,124.4269322199,-26.));
#1600 = SURFACE_CURVE('',#1601,(#1605,#1612),.PCURVE_S1.);
#1601 = LINE('',#1602,#1603);
#1602 = CARTESIAN_POINT('',(-3.6,217.8,-26.));
#1603 = VECTOR('',#1604,1.);
#1604 = DIRECTION('',(0.,1.,-1.224646799147E-16));
#1605 = PCURVE('',#369,#1606);
#1606 = DEFINITIONAL_REPRESENTATION('',(#1607),#1611);
#1607 = LINE('',#1608,#1609);
#1608 = CARTESIAN_POINT('',(3.4,-35.8));
#1609 = VECTOR('',#1610,1.);
#1610 = DIRECTION('',(0.,-1.));
#1611 = ( GEOMETRIC_REPRESENTATION_CONTEXT(2) 
PARAMETRIC_REPRESENTATION_CONTEXT() REPRESENTATION_CONTEXT('2D SPACE',''
  ) );
#1612 = PCURVE('',#1430,#1613);
#1613 = DEFINITIONAL_REPRESENTATION('',(#1614),#1618);
#1614 = LINE('',#1615,#1616);
#1615 = CARTESIAN_POINT('',(23.7,-35.8));
#1616 = VECTOR('',#1617,1.);
#1617 = DIRECTION('',(0.,1.));
#1618 = ( GEOMETRIC_REPRESENTATION_CONTEXT(2) 
PARAMETRIC_REPRESENTATION_CONTEXT() REPRESENTATION_CONTEXT('2D SPACE',''
  ) );
#1619 = ORIENTED_EDGE('',*,*,#1620,.F.);
#1620 = EDGE_CURVE('',#1621,#1598,#1623,.T.);
#1621 = VERTEX_POINT('',#1622);
#1622 = CARTESIAN_POINT('',(-3.6,119.57306778009,-26.));
#1623 = SURFACE_CURVE('',#1624,(#1629,#1636),.PCURVE_S1.);
#1624 = CIRCLE('',#1625,2.5);
#1625 = AXIS2_PLACEMENT_3D('',#1626,#1627,#1628);
#1626 = CARTESIAN_POINT('',(-3.,122.,-26.));
#1627 = DIRECTION('',(0.,-1.224646799147E-16,-1.));
#1628 = DIRECTION('',(1.,0.,0.));
#1629 = PCURVE('',#369,#1630);
#1630 = DEFINITIONAL_REPRESENTATION('',(#1631),#1635);
#1631 = CIRCLE('',#1632,2.5);
#1632 = AXIS2_PLACEMENT_2D('',#1633,#1634);
#1633 = CARTESIAN_POINT('',(4.,60.));
#1634 = DIRECTION('',(1.,0.));
#1635 = ( GEOMETRIC_REPRESENTATION_CONTEXT(2) 
PARAMETRIC_REPRESENTATION_CONTEXT() REPRESENTATION_CONTEXT('2D SPACE',''
  ) );
#1636 = PCURVE('',#1637,#1642);
#1637 = CYLINDRICAL_SURFACE('',#1638,2.5);
#1638 = AXIS2_PLACEMENT_3D('',#1639,#1640,#1641);
#1639 = CARTESIAN_POINT('',(-3.,122.,-2.4));
#1640 = DIRECTION('',(0.,-1.224646799147E-16,-1.));
#1641 = DIRECTION('',(1.,0.,0.));
#1642 = DEFINITIONAL_REPRESENTATION('',(#1643),#1647);
#1643 = LINE('',#1644,#1645);
#1644 = CARTESIAN_POINT('',(0.,23.6));
#1645 = VECTOR('',#1646,1.);
#1646 = DIRECTION('',(1.,0.));
#1647 = ( GEOMETRIC_REPRESENTATION_CONTEXT(2) 
PARAMETRIC_REPRESENTATION_CONTEXT() REPRESENTATION_CONTEXT('2D SPACE',''
  ) );
#1648 = ORIENTED_EDGE('',*,*,#1649,.F.);
#1649 = EDGE_CURVE('',#1524,#1621,#1650,.T.);
#1650 = SURFACE_CURVE('',#1651,(#1655,#1662),.PCURVE_S1.);
#1651 = LINE('',#1652,#1653);
#1652 = CARTESIAN_POINT('',(-3.6,217.8,-26.));
#1653 = VECTOR('',#1654,1.);
#1654 = DIRECTION('',(0.,1.,-1.224646799147E-16));
#1655 = PCURVE('',#369,#1656);
#1656 = DEFINITIONAL_REPRESENTATION('',(#1657),#1661);
#1657 = LINE('',#1658,#1659);
#1658 = CARTESIAN_POINT('',(3.4,-35.8));
#1659 = VECTOR('',#1660,1.);
#1660 = DIRECTION('',(0.,-1.));
#1661 = ( GEOMETRIC_REPRESENTATION_CONTEXT(2) 
PARAMETRIC_REPRESENTATION_CONTEXT() REPRESENTATION_CONTEXT('2D SPACE',''
  ) );
#1662 = PCURVE('',#1487,#1663);
#1663 = DEFINITIONAL_REPRESENTATION('',(#1664),#1668);
#1664 = LINE('',#1665,#1666);
#1665 = CARTESIAN_POINT('',(23.7,-35.8));
#1666 = VECTOR('',#1667,1.);
#1667 = DIRECTION('',(0.,1.));
#1668 = ( GEOMETRIC_REPRESENTATION_CONTEXT(2) 
PARAMETRIC_REPRESENTATION_CONTEXT() REPRESENTATION_CONTEXT('2D SPACE',''
  ) );
#1669 = ADVANCED_FACE('',(#1670),#341,.T.);
#1670 = FACE_BOUND('',#1671,.T.);
#1671 = EDGE_LOOP('',(#1672,#1695,#1696,#1697));
#1672 = ORIENTED_EDGE('',*,*,#1673,.F.);
#1673 = EDGE_CURVE('',#298,#1674,#1676,.T.);
#1674 = VERTEX_POINT('',#1675);
#1675 = CARTESIAN_POINT('',(-3.6,182.,-3.));
#1676 = SURFACE_CURVE('',#1677,(#1681,#1688),.PCURVE_S1.);
#1677 = LINE('',#1678,#1679);
#1678 = CARTESIAN_POINT('',(-7.,182.,-3.));
#1679 = VECTOR('',#1680,1.);
#1680 = DIRECTION('',(1.,0.,0.));
#1681 = PCURVE('',#341,#1682);
#1682 = DEFINITIONAL_REPRESENTATION('',(#1683),#1687);
#1683 = LINE('',#1684,#1685);
#1684 = CARTESIAN_POINT('',(0.,0.));
#1685 = VECTOR('',#1686,1.);
#1686 = DIRECTION('',(0.,1.));
#1687 = ( GEOMETRIC_REPRESENTATION_CONTEXT(2) 
PARAMETRIC_REPRESENTATION_CONTEXT() REPRESENTATION_CONTEXT('2D SPACE',''
  ) );
#1688 = PCURVE('',#313,#1689);
#1689 = DEFINITIONAL_REPRESENTATION('',(#1690),#1694);
#1690 = LINE('',#1691,#1692);
#1691 = CARTESIAN_POINT('',(0.,0.));
#1692 = VECTOR('',#1693,1.);
#1693 = DIRECTION('',(1.,0.));
#1694 = ( GEOMETRIC_REPRESENTATION_CONTEXT(2) 
PARAMETRIC_REPRESENTATION_CONTEXT() REPRESENTATION_CONTEXT('2D SPACE',''
  ) );
#1695 = ORIENTED_EDGE('',*,*,#325,.T.);
#1696 = ORIENTED_EDGE('',*,*,#1574,.T.);
#1697 = ORIENTED_EDGE('',*,*,#1698,.F.);
#1698 = EDGE_CURVE('',#1674,#1575,#1699,.T.);
#1699 = SURFACE_CURVE('',#1700,(#1704,#1711),.PCURVE_S1.);
#1700 = LINE('',#1701,#1702);
#1701 = CARTESIAN_POINT('',(-3.6,182.,-2.65));
#1702 = VECTOR('',#1703,1.);
#1703 = DIRECTION('',(0.,-1.224646799147E-16,-1.));
#1704 = PCURVE('',#341,#1705);
#1705 = DEFINITIONAL_REPRESENTATION('',(#1706),#1710);
#1706 = LINE('',#1707,#1708);
#1707 = CARTESIAN_POINT('',(-0.35,3.4));
#1708 = VECTOR('',#1709,1.);
#1709 = DIRECTION('',(1.,0.));
#1710 = ( GEOMETRIC_REPRESENTATION_CONTEXT(2) 
PARAMETRIC_REPRESENTATION_CONTEXT() REPRESENTATION_CONTEXT('2D SPACE',''
  ) );
#1711 = PCURVE('',#1430,#1712);
#1712 = DEFINITIONAL_REPRESENTATION('',(#1713),#1717);
#1713 = LINE('',#1714,#1715);
#1714 = CARTESIAN_POINT('',(0.35,-71.6));
#1715 = VECTOR('',#1716,1.);
#1716 = DIRECTION('',(1.,0.));
#1717 = ( GEOMETRIC_REPRESENTATION_CONTEXT(2) 
PARAMETRIC_REPRESENTATION_CONTEXT() REPRESENTATION_CONTEXT('2D SPACE',''
  ) );
#1718 = ADVANCED_FACE('',(#1719),#313,.T.);
#1719 = FACE_BOUND('',#1720,.T.);
#1720 = EDGE_LOOP('',(#1721,#1722,#1723,#1724,#1747,#1771));
#1721 = ORIENTED_EDGE('',*,*,#458,.T.);
#1722 = ORIENTED_EDGE('',*,*,#297,.T.);
#1723 = ORIENTED_EDGE('',*,*,#1673,.T.);
#1724 = ORIENTED_EDGE('',*,*,#1725,.F.);
#1725 = EDGE_CURVE('',#1726,#1674,#1728,.T.);
#1726 = VERTEX_POINT('',#1727);
#1727 = CARTESIAN_POINT('',(-3.6,124.4269322199,-3.));
#1728 = SURFACE_CURVE('',#1729,(#1733,#1740),.PCURVE_S1.);
#1729 = LINE('',#1730,#1731);
#1730 = CARTESIAN_POINT('',(-3.6,217.8,-3.));
#1731 = VECTOR('',#1732,1.);
#1732 = DIRECTION('',(0.,1.,-1.224646799147E-16));
#1733 = PCURVE('',#313,#1734);
#1734 = DEFINITIONAL_REPRESENTATION('',(#1735),#1739);
#1735 = LINE('',#1736,#1737);
#1736 = CARTESIAN_POINT('',(3.4,-35.8));
#1737 = VECTOR('',#1738,1.);
#1738 = DIRECTION('',(0.,-1.));
#1739 = ( GEOMETRIC_REPRESENTATION_CONTEXT(2) 
PARAMETRIC_REPRESENTATION_CONTEXT() REPRESENTATION_CONTEXT('2D SPACE',''
  ) );
#1740 = PCURVE('',#1430,#1741);
#1741 = DEFINITIONAL_REPRESENTATION('',(#1742),#1746);
#1742 = LINE('',#1743,#1744);
#1743 = CARTESIAN_POINT('',(0.7,-35.8));
#1744 = VECTOR('',#1745,1.);
#1745 = DIRECTION('',(0.,1.));
#1746 = ( GEOMETRIC_REPRESENTATION_CONTEXT(2) 
PARAMETRIC_REPRESENTATION_CONTEXT() REPRESENTATION_CONTEXT('2D SPACE',''
  ) );
#1747 = ORIENTED_EDGE('',*,*,#1748,.F.);
#1748 = EDGE_CURVE('',#1749,#1726,#1751,.T.);
#1749 = VERTEX_POINT('',#1750);
#1750 = CARTESIAN_POINT('',(-3.6,119.57306778009,-3.));
#1751 = SURFACE_CURVE('',#1752,(#1757,#1764),.PCURVE_S1.);
#1752 = CIRCLE('',#1753,2.5);
#1753 = AXIS2_PLACEMENT_3D('',#1754,#1755,#1756);
#1754 = CARTESIAN_POINT('',(-3.,122.,-3.));
#1755 = DIRECTION('',(0.,-1.224646799147E-16,-1.));
#1756 = DIRECTION('',(1.,0.,0.));
#1757 = PCURVE('',#313,#1758);
#1758 = DEFINITIONAL_REPRESENTATION('',(#1759),#1763);
#1759 = CIRCLE('',#1760,2.5);
#1760 = AXIS2_PLACEMENT_2D('',#1761,#1762);
#1761 = CARTESIAN_POINT('',(4.,60.));
#1762 = DIRECTION('',(1.,0.));
#1763 = ( GEOMETRIC_REPRESENTATION_CONTEXT(2) 
PARAMETRIC_REPRESENTATION_CONTEXT() REPRESENTATION_CONTEXT('2D SPACE',''
  ) );
#1764 = PCURVE('',#1637,#1765);
#1765 = DEFINITIONAL_REPRESENTATION('',(#1766),#1770);
#1766 = LINE('',#1767,#1768);
#1767 = CARTESIAN_POINT('',(0.,0.6));
#1768 = VECTOR('',#1769,1.);
#1769 = DIRECTION('',(1.,0.));
#1770 = ( GEOMETRIC_REPRESENTATION_CONTEXT(2) 
PARAMETRIC_REPRESENTATION_CONTEXT() REPRESENTATION_CONTEXT('2D SPACE',''
  ) );
#1771 = ORIENTED_EDGE('',*,*,#1772,.F.);
#1772 = EDGE_CURVE('',#459,#1749,#1773,.T.);
#1773 = SURFACE_CURVE('',#1774,(#1778,#1785),.PCURVE_S1.);
#1774 = LINE('',#1775,#1776);
#1775 = CARTESIAN_POINT('',(-3.6,217.8,-3.));
#1776 = VECTOR('',#1777,1.);
#1777 = DIRECTION('',(0.,1.,-1.224646799147E-16));
#1778 = PCURVE('',#313,#1779);
#1779 = DEFINITIONAL_REPRESENTATION('',(#1780),#1784);
#1780 = LINE('',#1781,#1782);
#1781 = CARTESIAN_POINT('',(3.4,-35.8));
#1782 = VECTOR('',#1783,1.);
#1783 = DIRECTION('',(0.,-1.));
#1784 = ( GEOMETRIC_REPRESENTATION_CONTEXT(2) 
PARAMETRIC_REPRESENTATION_CONTEXT() REPRESENTATION_CONTEXT('2D SPACE',''
  ) );
#1785 = PCURVE('',#497,#1786);
#1786 = DEFINITIONAL_REPRESENTATION('',(#1787),#1791);
#1787 = LINE('',#1788,#1789);
#1788 = CARTESIAN_POINT('',(0.7,-35.8));
#1789 = VECTOR('',#1790,1.);
#1790 = DIRECTION('',(0.,1.));
#1791 = ( GEOMETRIC_REPRESENTATION_CONTEXT(2) 
PARAMETRIC_REPRESENTATION_CONTEXT() REPRESENTATION_CONTEXT('2D SPACE',''
  ) );
#1792 = ADVANCED_FACE('',(#1793,#2016,#2042,#2068,#2094,#2120,#2146,
    #2172,#2198,#2224,#2250,#2276,#2302,#2328,#2354),#523,.T.);
#1793 = FACE_BOUND('',#1794,.T.);
#1794 = EDGE_LOOP('',(#1795,#1818,#1819,#1841,#1842,#1843,#1866,#1890,
    #1914,#1937,#1966,#1995));
#1795 = ORIENTED_EDGE('',*,*,#1796,.F.);
#1796 = EDGE_CURVE('',#1205,#1797,#1799,.T.);
#1797 = VERTEX_POINT('',#1798);
#1798 = CARTESIAN_POINT('',(-3.6,253.6,-2.4));
#1799 = SURFACE_CURVE('',#1800,(#1804,#1811),.PCURVE_S1.);
#1800 = LINE('',#1801,#1802);
#1801 = CARTESIAN_POINT('',(-4.8,253.6,-2.4));
#1802 = VECTOR('',#1803,1.);
#1803 = DIRECTION('',(-1.,0.,-0.));
#1804 = PCURVE('',#523,#1805);
#1805 = DEFINITIONAL_REPRESENTATION('',(#1806),#1810);
#1806 = LINE('',#1807,#1808);
#1807 = CARTESIAN_POINT('',(1.2,2.4));
#1808 = VECTOR('',#1809,1.);
#1809 = DIRECTION('',(-1.,0.));
#1810 = ( GEOMETRIC_REPRESENTATION_CONTEXT(2) 
PARAMETRIC_REPRESENTATION_CONTEXT() REPRESENTATION_CONTEXT('2D SPACE',''
  ) );
#1811 = PCURVE('',#1243,#1812);
#1812 = DEFINITIONAL_REPRESENTATION('',(#1813),#1817);
#1813 = LINE('',#1814,#1815);
#1814 = CARTESIAN_POINT('',(0.1,-1.2));
#1815 = VECTOR('',#1816,1.);
#1816 = DIRECTION('',(-0.,-1.));
#1817 = ( GEOMETRIC_REPRESENTATION_CONTEXT(2) 
PARAMETRIC_REPRESENTATION_CONTEXT() REPRESENTATION_CONTEXT('2D SPACE',''
  ) );
#1818 = ORIENTED_EDGE('',*,*,#1204,.T.);
#1819 = ORIENTED_EDGE('',*,*,#1820,.F.);
#1820 = EDGE_CURVE('',#1001,#1182,#1821,.T.);
#1821 = SURFACE_CURVE('',#1822,(#1827,#1834),.PCURVE_S1.);
#1822 = CIRCLE('',#1823,2.5);
#1823 = AXIS2_PLACEMENT_3D('',#1824,#1825,#1826);
#1824 = CARTESIAN_POINT('',(179.,251.,-2.4));
#1825 = DIRECTION('',(0.,-1.224646799147E-16,-1.));
#1826 = DIRECTION('',(1.,0.,0.));
#1827 = PCURVE('',#523,#1828);
#1828 = DEFINITIONAL_REPRESENTATION('',(#1829),#1833);
#1829 = CIRCLE('',#1830,2.5);
#1830 = AXIS2_PLACEMENT_2D('',#1831,#1832);
#1831 = CARTESIAN_POINT('',(185.,5.));
#1832 = DIRECTION('',(1.,0.));
#1833 = ( GEOMETRIC_REPRESENTATION_CONTEXT(2) 
PARAMETRIC_REPRESENTATION_CONTEXT() REPRESENTATION_CONTEXT('2D SPACE',''
  ) );
#1834 = PCURVE('',#1039,#1835);
#1835 = DEFINITIONAL_REPRESENTATION('',(#1836),#1840);
#1836 = LINE('',#1837,#1838);
#1837 = CARTESIAN_POINT('',(0.,0.));
#1838 = VECTOR('',#1839,1.);
#1839 = DIRECTION('',(1.,0.));
#1840 = ( GEOMETRIC_REPRESENTATION_CONTEXT(2) 
PARAMETRIC_REPRESENTATION_CONTEXT() REPRESENTATION_CONTEXT('2D SPACE',''
  ) );
#1841 = ORIENTED_EDGE('',*,*,#1000,.T.);
#1842 = ORIENTED_EDGE('',*,*,#509,.T.);
#1843 = ORIENTED_EDGE('',*,*,#1844,.F.);
#1844 = EDGE_CURVE('',#1845,#482,#1847,.T.);
#1845 = VERTEX_POINT('',#1846);
#1846 = CARTESIAN_POINT('',(-3.6,119.57306778009,-2.4));
#1847 = SURFACE_CURVE('',#1848,(#1852,#1859),.PCURVE_S1.);
#1848 = LINE('',#1849,#1850);
#1849 = CARTESIAN_POINT('',(-3.6,254.8,-2.4));
#1850 = VECTOR('',#1851,1.);
#1851 = DIRECTION('',(0.,-1.,1.224646799147E-16));
#1852 = PCURVE('',#523,#1853);
#1853 = DEFINITIONAL_REPRESENTATION('',(#1854),#1858);
#1854 = LINE('',#1855,#1856);
#1855 = CARTESIAN_POINT('',(2.4,1.2));
#1856 = VECTOR('',#1857,1.);
#1857 = DIRECTION('',(0.,1.));
#1858 = ( GEOMETRIC_REPRESENTATION_CONTEXT(2) 
PARAMETRIC_REPRESENTATION_CONTEXT() REPRESENTATION_CONTEXT('2D SPACE',''
  ) );
#1859 = PCURVE('',#497,#1860);
#1860 = DEFINITIONAL_REPRESENTATION('',(#1861),#1865);
#1861 = LINE('',#1862,#1863);
#1862 = CARTESIAN_POINT('',(1.E-01,1.2));
#1863 = VECTOR('',#1864,1.);
#1864 = DIRECTION('',(0.,-1.));
#1865 = ( GEOMETRIC_REPRESENTATION_CONTEXT(2) 
PARAMETRIC_REPRESENTATION_CONTEXT() REPRESENTATION_CONTEXT('2D SPACE',''
  ) );
#1866 = ORIENTED_EDGE('',*,*,#1867,.F.);
#1867 = EDGE_CURVE('',#1868,#1845,#1870,.T.);
#1868 = VERTEX_POINT('',#1869);
#1869 = CARTESIAN_POINT('',(-0.5,122.,-2.4));
#1870 = SURFACE_CURVE('',#1871,(#1876,#1883),.PCURVE_S1.);
#1871 = CIRCLE('',#1872,2.5);
#1872 = AXIS2_PLACEMENT_3D('',#1873,#1874,#1875);
#1873 = CARTESIAN_POINT('',(-3.,122.,-2.4));
#1874 = DIRECTION('',(0.,-1.224646799147E-16,-1.));
#1875 = DIRECTION('',(1.,0.,0.));
#1876 = PCURVE('',#523,#1877);
#1877 = DEFINITIONAL_REPRESENTATION('',(#1878),#1882);
#1878 = CIRCLE('',#1879,2.5);
#1879 = AXIS2_PLACEMENT_2D('',#1880,#1881);
#1880 = CARTESIAN_POINT('',(3.,134.));
#1881 = DIRECTION('',(1.,0.));
#1882 = ( GEOMETRIC_REPRESENTATION_CONTEXT(2) 
PARAMETRIC_REPRESENTATION_CONTEXT() REPRESENTATION_CONTEXT('2D SPACE',''
  ) );
#1883 = PCURVE('',#1637,#1884);
#1884 = DEFINITIONAL_REPRESENTATION('',(#1885),#1889);
#1885 = LINE('',#1886,#1887);
#1886 = CARTESIAN_POINT('',(0.,0.));
#1887 = VECTOR('',#1888,1.);
#1888 = DIRECTION('',(1.,0.));
#1889 = ( GEOMETRIC_REPRESENTATION_CONTEXT(2) 
PARAMETRIC_REPRESENTATION_CONTEXT() REPRESENTATION_CONTEXT('2D SPACE',''
  ) );
#1890 = ORIENTED_EDGE('',*,*,#1891,.F.);
#1891 = EDGE_CURVE('',#1892,#1868,#1894,.T.);
#1892 = VERTEX_POINT('',#1893);
#1893 = CARTESIAN_POINT('',(-3.6,124.4269322199,-2.4));
#1894 = SURFACE_CURVE('',#1895,(#1900,#1907),.PCURVE_S1.);
#1895 = CIRCLE('',#1896,2.5);
#1896 = AXIS2_PLACEMENT_3D('',#1897,#1898,#1899);
#1897 = CARTESIAN_POINT('',(-3.,122.,-2.4));
#1898 = DIRECTION('',(0.,-1.224646799147E-16,-1.));
#1899 = DIRECTION('',(1.,0.,0.));
#1900 = PCURVE('',#523,#1901);
#1901 = DEFINITIONAL_REPRESENTATION('',(#1902),#1906);
#1902 = CIRCLE('',#1903,2.5);
#1903 = AXIS2_PLACEMENT_2D('',#1904,#1905);
#1904 = CARTESIAN_POINT('',(3.,134.));
#1905 = DIRECTION('',(1.,0.));
#1906 = ( GEOMETRIC_REPRESENTATION_CONTEXT(2) 
PARAMETRIC_REPRESENTATION_CONTEXT() REPRESENTATION_CONTEXT('2D SPACE',''
  ) );
#1907 = PCURVE('',#1637,#1908);
#1908 = DEFINITIONAL_REPRESENTATION('',(#1909),#1913);
#1909 = LINE('',#1910,#1911);
#1910 = CARTESIAN_POINT('',(0.,0.));
#1911 = VECTOR('',#1912,1.);
#1912 = DIRECTION('',(1.,0.));
#1913 = ( GEOMETRIC_REPRESENTATION_CONTEXT(2) 
PARAMETRIC_REPRESENTATION_CONTEXT() REPRESENTATION_CONTEXT('2D SPACE',''
  ) );
#1914 = ORIENTED_EDGE('',*,*,#1915,.F.);
#1915 = EDGE_CURVE('',#1916,#1892,#1918,.T.);
#1916 = VERTEX_POINT('',#1917);
#1917 = CARTESIAN_POINT('',(-3.6,248.57306778009,-2.4));
#1918 = SURFACE_CURVE('',#1919,(#1923,#1930),.PCURVE_S1.);
#1919 = LINE('',#1920,#1921);
#1920 = CARTESIAN_POINT('',(-3.6,254.8,-2.4));
#1921 = VECTOR('',#1922,1.);
#1922 = DIRECTION('',(0.,-1.,1.224646799147E-16));
#1923 = PCURVE('',#523,#1924);
#1924 = DEFINITIONAL_REPRESENTATION('',(#1925),#1929);
#1925 = LINE('',#1926,#1927);
#1926 = CARTESIAN_POINT('',(2.4,1.2));
#1927 = VECTOR('',#1928,1.);
#1928 = DIRECTION('',(0.,1.));
#1929 = ( GEOMETRIC_REPRESENTATION_CONTEXT(2) 
PARAMETRIC_REPRESENTATION_CONTEXT() REPRESENTATION_CONTEXT('2D SPACE',''
  ) );
#1930 = PCURVE('',#1430,#1931);
#1931 = DEFINITIONAL_REPRESENTATION('',(#1932),#1936);
#1932 = LINE('',#1933,#1934);
#1933 = CARTESIAN_POINT('',(1.E-01,1.2));
#1934 = VECTOR('',#1935,1.);
#1935 = DIRECTION('',(0.,-1.));
#1936 = ( GEOMETRIC_REPRESENTATION_CONTEXT(2) 
PARAMETRIC_REPRESENTATION_CONTEXT() REPRESENTATION_CONTEXT('2D SPACE',''
  ) );
#1937 = ORIENTED_EDGE('',*,*,#1938,.F.);
#1938 = EDGE_CURVE('',#1939,#1916,#1941,.T.);
#1939 = VERTEX_POINT('',#1940);
#1940 = CARTESIAN_POINT('',(-0.5,251.,-2.4));
#1941 = SURFACE_CURVE('',#1942,(#1947,#1954),.PCURVE_S1.);
#1942 = CIRCLE('',#1943,2.5);
#1943 = AXIS2_PLACEMENT_3D('',#1944,#1945,#1946);
#1944 = CARTESIAN_POINT('',(-3.,251.,-2.4));
#1945 = DIRECTION('',(0.,-1.224646799147E-16,-1.));
#1946 = DIRECTION('',(1.,0.,0.));
#1947 = PCURVE('',#523,#1948);
#1948 = DEFINITIONAL_REPRESENTATION('',(#1949),#1953);
#1949 = CIRCLE('',#1950,2.5);
#1950 = AXIS2_PLACEMENT_2D('',#1951,#1952);
#1951 = CARTESIAN_POINT('',(3.,5.));
#1952 = DIRECTION('',(1.,0.));
#1953 = ( GEOMETRIC_REPRESENTATION_CONTEXT(2) 
PARAMETRIC_REPRESENTATION_CONTEXT() REPRESENTATION_CONTEXT('2D SPACE',''
  ) );
#1954 = PCURVE('',#1955,#1960);
#1955 = CYLINDRICAL_SURFACE('',#1956,2.5);
#1956 = AXIS2_PLACEMENT_3D('',#1957,#1958,#1959);
#1957 = CARTESIAN_POINT('',(-3.,251.,-2.4));
#1958 = DIRECTION('',(0.,-1.224646799147E-16,-1.));
#1959 = DIRECTION('',(1.,0.,0.));
#1960 = DEFINITIONAL_REPRESENTATION('',(#1961),#1965);
#1961 = LINE('',#1962,#1963);
#1962 = CARTESIAN_POINT('',(0.,0.));
#1963 = VECTOR('',#1964,1.);
#1964 = DIRECTION('',(1.,0.));
#1965 = ( GEOMETRIC_REPRESENTATION_CONTEXT(2) 
PARAMETRIC_REPRESENTATION_CONTEXT() REPRESENTATION_CONTEXT('2D SPACE',''
  ) );
#1966 = ORIENTED_EDGE('',*,*,#1967,.F.);
#1967 = EDGE_CURVE('',#1968,#1939,#1970,.T.);
#1968 = VERTEX_POINT('',#1969);
#1969 = CARTESIAN_POINT('',(-3.6,253.4269322199,-2.4));
#1970 = SURFACE_CURVE('',#1971,(#1976,#1983),.PCURVE_S1.);
#1971 = CIRCLE('',#1972,2.5);
#1972 = AXIS2_PLACEMENT_3D('',#1973,#1974,#1975);
#1973 = CARTESIAN_POINT('',(-3.,251.,-2.4));
#1974 = DIRECTION('',(0.,-1.224646799147E-16,-1.));
#1975 = DIRECTION('',(1.,0.,0.));
#1976 = PCURVE('',#523,#1977);
#1977 = DEFINITIONAL_REPRESENTATION('',(#1978),#1982);
#1978 = CIRCLE('',#1979,2.5);
#1979 = AXIS2_PLACEMENT_2D('',#1980,#1981);
#1980 = CARTESIAN_POINT('',(3.,5.));
#1981 = DIRECTION('',(1.,0.));
#1982 = ( GEOMETRIC_REPRESENTATION_CONTEXT(2) 
PARAMETRIC_REPRESENTATION_CONTEXT() REPRESENTATION_CONTEXT('2D SPACE',''
  ) );
#1983 = PCURVE('',#1984,#1989);
#1984 = CYLINDRICAL_SURFACE('',#1985,2.5);
#1985 = AXIS2_PLACEMENT_3D('',#1986,#1987,#1988);
#1986 = CARTESIAN_POINT('',(-3.,251.,-2.4));
#1987 = DIRECTION('',(0.,-1.224646799147E-16,-1.));
#1988 = DIRECTION('',(1.,0.,0.));
#1989 = DEFINITIONAL_REPRESENTATION('',(#1990),#1994);
#1990 = LINE('',#1991,#1992);
#1991 = CARTESIAN_POINT('',(0.,0.));
#1992 = VECTOR('',#1993,1.);
#1993 = DIRECTION('',(1.,0.));
#1994 = ( GEOMETRIC_REPRESENTATION_CONTEXT(2) 
PARAMETRIC_REPRESENTATION_CONTEXT() REPRESENTATION_CONTEXT('2D SPACE',''
  ) );
#1995 = ORIENTED_EDGE('',*,*,#1996,.F.);
#1996 = EDGE_CURVE('',#1797,#1968,#1997,.T.);
#1997 = SURFACE_CURVE('',#1998,(#2002,#2009),.PCURVE_S1.);
#1998 = LINE('',#1999,#2000);
#1999 = CARTESIAN_POINT('',(-3.6,254.8,-2.4));
#2000 = VECTOR('',#2001,1.);
#2001 = DIRECTION('',(0.,-1.,1.224646799147E-16));
#2002 = PCURVE('',#523,#2003);
#2003 = DEFINITIONAL_REPRESENTATION('',(#2004),#2008);
#2004 = LINE('',#2005,#2006);
#2005 = CARTESIAN_POINT('',(2.4,1.2));
#2006 = VECTOR('',#2007,1.);
#2007 = DIRECTION('',(0.,1.));
#2008 = ( GEOMETRIC_REPRESENTATION_CONTEXT(2) 
PARAMETRIC_REPRESENTATION_CONTEXT() REPRESENTATION_CONTEXT('2D SPACE',''
  ) );
#2009 = PCURVE('',#1373,#2010);
#2010 = DEFINITIONAL_REPRESENTATION('',(#2011),#2015);
#2011 = LINE('',#2012,#2013);
#2012 = CARTESIAN_POINT('',(1.E-01,1.2));
#2013 = VECTOR('',#2014,1.);
#2014 = DIRECTION('',(0.,-1.));
#2015 = ( GEOMETRIC_REPRESENTATION_CONTEXT(2) 
PARAMETRIC_REPRESENTATION_CONTEXT() REPRESENTATION_CONTEXT('2D SPACE',''
  ) );
#2016 = FACE_BOUND('',#2017,.T.);
#2017 = EDGE_LOOP('',(#2018));
#2018 = ORIENTED_EDGE('',*,*,#2019,.F.);
#2019 = EDGE_CURVE('',#2020,#2020,#2022,.T.);
#2020 = VERTEX_POINT('',#2021);
#2021 = CARTESIAN_POINT('',(26.4,251.,-2.4));
#2022 = SURFACE_CURVE('',#2023,(#2028,#2035),.PCURVE_S1.);
#2023 = CIRCLE('',#2024,1.4);
#2024 = AXIS2_PLACEMENT_3D('',#2025,#2026,#2027);
#2025 = CARTESIAN_POINT('',(25.,251.,-2.4));
#2026 = DIRECTION('',(0.,-1.224646799147E-16,-1.));
#2027 = DIRECTION('',(1.,0.,0.));
#2028 = PCURVE('',#523,#2029);
#2029 = DEFINITIONAL_REPRESENTATION('',(#2030),#2034);
#2030 = CIRCLE('',#2031,1.4);
#2031 = AXIS2_PLACEMENT_2D('',#2032,#2033);
#2032 = CARTESIAN_POINT('',(31.,5.));
#2033 = DIRECTION('',(1.,0.));
#2034 = ( GEOMETRIC_REPRESENTATION_CONTEXT(2) 
PARAMETRIC_REPRESENTATION_CONTEXT() REPRESENTATION_CONTEXT('2D SPACE',''
  ) );
#2035 = PCURVE('',#581,#2036);
#2036 = DEFINITIONAL_REPRESENTATION('',(#2037),#2041);
#2037 = LINE('',#2038,#2039);
#2038 = CARTESIAN_POINT('',(0.,2.5));
#2039 = VECTOR('',#2040,1.);
#2040 = DIRECTION('',(1.,0.));
#2041 = ( GEOMETRIC_REPRESENTATION_CONTEXT(2) 
PARAMETRIC_REPRESENTATION_CONTEXT() REPRESENTATION_CONTEXT('2D SPACE',''
  ) );
#2042 = FACE_BOUND('',#2043,.T.);
#2043 = EDGE_LOOP('',(#2044));
#2044 = ORIENTED_EDGE('',*,*,#2045,.F.);
#2045 = EDGE_CURVE('',#2046,#2046,#2048,.T.);
#2046 = VERTEX_POINT('',#2047);
#2047 = CARTESIAN_POINT('',(86.4,251.,-2.4));
#2048 = SURFACE_CURVE('',#2049,(#2054,#2061),.PCURVE_S1.);
#2049 = CIRCLE('',#2050,1.4);
#2050 = AXIS2_PLACEMENT_3D('',#2051,#2052,#2053);
#2051 = CARTESIAN_POINT('',(85.,251.,-2.4));
#2052 = DIRECTION('',(0.,-1.224646799147E-16,-1.));
#2053 = DIRECTION('',(1.,0.,0.));
#2054 = PCURVE('',#523,#2055);
#2055 = DEFINITIONAL_REPRESENTATION('',(#2056),#2060);
#2056 = CIRCLE('',#2057,1.4);
#2057 = AXIS2_PLACEMENT_2D('',#2058,#2059);
#2058 = CARTESIAN_POINT('',(91.,5.));
#2059 = DIRECTION('',(1.,0.));
#2060 = ( GEOMETRIC_REPRESENTATION_CONTEXT(2) 
PARAMETRIC_REPRESENTATION_CONTEXT() REPRESENTATION_CONTEXT('2D SPACE',''
  ) );
#2061 = PCURVE('',#612,#2062);
#2062 = DEFINITIONAL_REPRESENTATION('',(#2063),#2067);
#2063 = LINE('',#2064,#2065);
#2064 = CARTESIAN_POINT('',(0.,2.5));
#2065 = VECTOR('',#2066,1.);
#2066 = DIRECTION('',(1.,0.));
#2067 = ( GEOMETRIC_REPRESENTATION_CONTEXT(2) 
PARAMETRIC_REPRESENTATION_CONTEXT() REPRESENTATION_CONTEXT('2D SPACE',''
  ) );
#2068 = FACE_BOUND('',#2069,.T.);
#2069 = EDGE_LOOP('',(#2070));
#2070 = ORIENTED_EDGE('',*,*,#2071,.F.);
#2071 = EDGE_CURVE('',#2072,#2072,#2074,.T.);
#2072 = VERTEX_POINT('',#2073);
#2073 = CARTESIAN_POINT('',(150.4,251.,-2.4));
#2074 = SURFACE_CURVE('',#2075,(#2080,#2087),.PCURVE_S1.);
#2075 = CIRCLE('',#2076,1.4);
#2076 = AXIS2_PLACEMENT_3D('',#2077,#2078,#2079);
#2077 = CARTESIAN_POINT('',(149.,251.,-2.4));
#2078 = DIRECTION('',(0.,-1.224646799147E-16,-1.));
#2079 = DIRECTION('',(1.,0.,0.));
#2080 = PCURVE('',#523,#2081);
#2081 = DEFINITIONAL_REPRESENTATION('',(#2082),#2086);
#2082 = CIRCLE('',#2083,1.4);
#2083 = AXIS2_PLACEMENT_2D('',#2084,#2085);
#2084 = CARTESIAN_POINT('',(155.,5.));
#2085 = DIRECTION('',(1.,0.));
#2086 = ( GEOMETRIC_REPRESENTATION_CONTEXT(2) 
PARAMETRIC_REPRESENTATION_CONTEXT() REPRESENTATION_CONTEXT('2D SPACE',''
  ) );
#2087 = PCURVE('',#643,#2088);
#2088 = DEFINITIONAL_REPRESENTATION('',(#2089),#2093);
#2089 = LINE('',#2090,#2091);
#2090 = CARTESIAN_POINT('',(0.,2.5));
#2091 = VECTOR('',#2092,1.);
#2092 = DIRECTION('',(1.,0.));
#2093 = ( GEOMETRIC_REPRESENTATION_CONTEXT(2) 
PARAMETRIC_REPRESENTATION_CONTEXT() REPRESENTATION_CONTEXT('2D SPACE',''
  ) );
#2094 = FACE_BOUND('',#2095,.T.);
#2095 = EDGE_LOOP('',(#2096));
#2096 = ORIENTED_EDGE('',*,*,#2097,.F.);
#2097 = EDGE_CURVE('',#2098,#2098,#2100,.T.);
#2098 = VERTEX_POINT('',#2099);
#2099 = CARTESIAN_POINT('',(6.4,180.75,-2.4));
#2100 = SURFACE_CURVE('',#2101,(#2106,#2113),.PCURVE_S1.);
#2101 = CIRCLE('',#2102,1.4);
#2102 = AXIS2_PLACEMENT_3D('',#2103,#2104,#2105);
#2103 = CARTESIAN_POINT('',(5.,180.75,-2.4));
#2104 = DIRECTION('',(0.,-1.224646799147E-16,-1.));
#2105 = DIRECTION('',(1.,0.,0.));
#2106 = PCURVE('',#523,#2107);
#2107 = DEFINITIONAL_REPRESENTATION('',(#2108),#2112);
#2108 = CIRCLE('',#2109,1.4);
#2109 = AXIS2_PLACEMENT_2D('',#2110,#2111);
#2110 = CARTESIAN_POINT('',(11.,75.25));
#2111 = DIRECTION('',(1.,0.));
#2112 = ( GEOMETRIC_REPRESENTATION_CONTEXT(2) 
PARAMETRIC_REPRESENTATION_CONTEXT() REPRESENTATION_CONTEXT('2D SPACE',''
  ) );
#2113 = PCURVE('',#674,#2114);
#2114 = DEFINITIONAL_REPRESENTATION('',(#2115),#2119);
#2115 = LINE('',#2116,#2117);
#2116 = CARTESIAN_POINT('',(0.,2.5));
#2117 = VECTOR('',#2118,1.);
#2118 = DIRECTION('',(1.,0.));
#2119 = ( GEOMETRIC_REPRESENTATION_CONTEXT(2) 
PARAMETRIC_REPRESENTATION_CONTEXT() REPRESENTATION_CONTEXT('2D SPACE',''
  ) );
#2120 = FACE_BOUND('',#2121,.T.);
#2121 = EDGE_LOOP('',(#2122));
#2122 = ORIENTED_EDGE('',*,*,#2123,.F.);
#2123 = EDGE_CURVE('',#2124,#2124,#2126,.T.);
#2124 = VERTEX_POINT('',#2125);
#2125 = CARTESIAN_POINT('',(6.4,150.75,-2.4));
#2126 = SURFACE_CURVE('',#2127,(#2132,#2139),.PCURVE_S1.);
#2127 = CIRCLE('',#2128,1.4);
#2128 = AXIS2_PLACEMENT_3D('',#2129,#2130,#2131);
#2129 = CARTESIAN_POINT('',(5.,150.75,-2.4));
#2130 = DIRECTION('',(0.,-1.224646799147E-16,-1.));
#2131 = DIRECTION('',(1.,0.,0.));
#2132 = PCURVE('',#523,#2133);
#2133 = DEFINITIONAL_REPRESENTATION('',(#2134),#2138);
#2134 = CIRCLE('',#2135,1.4);
#2135 = AXIS2_PLACEMENT_2D('',#2136,#2137);
#2136 = CARTESIAN_POINT('',(11.,105.25));
#2137 = DIRECTION('',(1.,0.));
#2138 = ( GEOMETRIC_REPRESENTATION_CONTEXT(2) 
PARAMETRIC_REPRESENTATION_CONTEXT() REPRESENTATION_CONTEXT('2D SPACE',''
  ) );
#2139 = PCURVE('',#705,#2140);
#2140 = DEFINITIONAL_REPRESENTATION('',(#2141),#2145);
#2141 = LINE('',#2142,#2143);
#2142 = CARTESIAN_POINT('',(0.,2.5));
#2143 = VECTOR('',#2144,1.);
#2144 = DIRECTION('',(1.,0.));
#2145 = ( GEOMETRIC_REPRESENTATION_CONTEXT(2) 
PARAMETRIC_REPRESENTATION_CONTEXT() REPRESENTATION_CONTEXT('2D SPACE',''
  ) );
#2146 = FACE_BOUND('',#2147,.T.);
#2147 = EDGE_LOOP('',(#2148));
#2148 = ORIENTED_EDGE('',*,*,#2149,.F.);
#2149 = EDGE_CURVE('',#2150,#2150,#2152,.T.);
#2150 = VERTEX_POINT('',#2151);
#2151 = CARTESIAN_POINT('',(45.6,121.,-2.4));
#2152 = SURFACE_CURVE('',#2153,(#2158,#2165),.PCURVE_S1.);
#2153 = CIRCLE('',#2154,1.6);
#2154 = AXIS2_PLACEMENT_3D('',#2155,#2156,#2157);
#2155 = CARTESIAN_POINT('',(44.,121.,-2.4));
#2156 = DIRECTION('',(0.,-1.224646799147E-16,-1.));
#2157 = DIRECTION('',(1.,0.,0.));
#2158 = PCURVE('',#523,#2159);
#2159 = DEFINITIONAL_REPRESENTATION('',(#2160),#2164);
#2160 = CIRCLE('',#2161,1.6);
#2161 = AXIS2_PLACEMENT_2D('',#2162,#2163);
#2162 = CARTESIAN_POINT('',(50.,135.));
#2163 = DIRECTION('',(1.,0.));
#2164 = ( GEOMETRIC_REPRESENTATION_CONTEXT(2) 
PARAMETRIC_REPRESENTATION_CONTEXT() REPRESENTATION_CONTEXT('2D SPACE',''
  ) );
#2165 = PCURVE('',#736,#2166);
#2166 = DEFINITIONAL_REPRESENTATION('',(#2167),#2171);
#2167 = LINE('',#2168,#2169);
#2168 = CARTESIAN_POINT('',(0.,2.5));
#2169 = VECTOR('',#2170,1.);
#2170 = DIRECTION('',(1.,0.));
#2171 = ( GEOMETRIC_REPRESENTATION_CONTEXT(2) 
PARAMETRIC_REPRESENTATION_CONTEXT() REPRESENTATION_CONTEXT('2D SPACE',''
  ) );
#2172 = FACE_BOUND('',#2173,.T.);
#2173 = EDGE_LOOP('',(#2174));
#2174 = ORIENTED_EDGE('',*,*,#2175,.F.);
#2175 = EDGE_CURVE('',#2176,#2176,#2178,.T.);
#2176 = VERTEX_POINT('',#2177);
#2177 = CARTESIAN_POINT('',(57.6,121.,-2.4));
#2178 = SURFACE_CURVE('',#2179,(#2184,#2191),.PCURVE_S1.);
#2179 = CIRCLE('',#2180,1.6);
#2180 = AXIS2_PLACEMENT_3D('',#2181,#2182,#2183);
#2181 = CARTESIAN_POINT('',(56.,121.,-2.4));
#2182 = DIRECTION('',(0.,-1.224646799147E-16,-1.));
#2183 = DIRECTION('',(1.,0.,0.));
#2184 = PCURVE('',#523,#2185);
#2185 = DEFINITIONAL_REPRESENTATION('',(#2186),#2190);
#2186 = CIRCLE('',#2187,1.6);
#2187 = AXIS2_PLACEMENT_2D('',#2188,#2189);
#2188 = CARTESIAN_POINT('',(62.,135.));
#2189 = DIRECTION('',(1.,0.));
#2190 = ( GEOMETRIC_REPRESENTATION_CONTEXT(2) 
PARAMETRIC_REPRESENTATION_CONTEXT() REPRESENTATION_CONTEXT('2D SPACE',''
  ) );
#2191 = PCURVE('',#767,#2192);
#2192 = DEFINITIONAL_REPRESENTATION('',(#2193),#2197);
#2193 = LINE('',#2194,#2195);
#2194 = CARTESIAN_POINT('',(0.,2.5));
#2195 = VECTOR('',#2196,1.);
#2196 = DIRECTION('',(1.,0.));
#2197 = ( GEOMETRIC_REPRESENTATION_CONTEXT(2) 
PARAMETRIC_REPRESENTATION_CONTEXT() REPRESENTATION_CONTEXT('2D SPACE',''
  ) );
#2198 = FACE_BOUND('',#2199,.T.);
#2199 = EDGE_LOOP('',(#2200));
#2200 = ORIENTED_EDGE('',*,*,#2201,.F.);
#2201 = EDGE_CURVE('',#2202,#2202,#2204,.T.);
#2202 = VERTEX_POINT('',#2203);
#2203 = CARTESIAN_POINT('',(125.5,180.4,-2.4));
#2204 = SURFACE_CURVE('',#2205,(#2210,#2217),.PCURVE_S1.);
#2205 = CIRCLE('',#2206,1.4);
#2206 = AXIS2_PLACEMENT_3D('',#2207,#2208,#2209);
#2207 = CARTESIAN_POINT('',(124.1,180.4,-2.4));
#2208 = DIRECTION('',(0.,-1.224646799147E-16,-1.));
#2209 = DIRECTION('',(1.,0.,0.));
#2210 = PCURVE('',#523,#2211);
#2211 = DEFINITIONAL_REPRESENTATION('',(#2212),#2216);
#2212 = CIRCLE('',#2213,1.4);
#2213 = AXIS2_PLACEMENT_2D('',#2214,#2215);
#2214 = CARTESIAN_POINT('',(130.1,75.6));
#2215 = DIRECTION('',(1.,0.));
#2216 = ( GEOMETRIC_REPRESENTATION_CONTEXT(2) 
PARAMETRIC_REPRESENTATION_CONTEXT() REPRESENTATION_CONTEXT('2D SPACE',''
  ) );
#2217 = PCURVE('',#798,#2218);
#2218 = DEFINITIONAL_REPRESENTATION('',(#2219),#2223);
#2219 = LINE('',#2220,#2221);
#2220 = CARTESIAN_POINT('',(0.,2.5));
#2221 = VECTOR('',#2222,1.);
#2222 = DIRECTION('',(1.,0.));
#2223 = ( GEOMETRIC_REPRESENTATION_CONTEXT(2) 
PARAMETRIC_REPRESENTATION_CONTEXT() REPRESENTATION_CONTEXT('2D SPACE',''
  ) );
#2224 = FACE_BOUND('',#2225,.T.);
#2225 = EDGE_LOOP('',(#2226));
#2226 = ORIENTED_EDGE('',*,*,#2227,.F.);
#2227 = EDGE_CURVE('',#2228,#2228,#2230,.T.);
#2228 = VERTEX_POINT('',#2229);
#2229 = CARTESIAN_POINT('',(121.,168.,-2.4));
#2230 = SURFACE_CURVE('',#2231,(#2236,#2243),.PCURVE_S1.);
#2231 = CIRCLE('',#2232,1.);
#2232 = AXIS2_PLACEMENT_3D('',#2233,#2234,#2235);
#2233 = CARTESIAN_POINT('',(120.,168.,-2.4));
#2234 = DIRECTION('',(0.,-1.224646799147E-16,-1.));
#2235 = DIRECTION('',(1.,0.,0.));
#2236 = PCURVE('',#523,#2237);
#2237 = DEFINITIONAL_REPRESENTATION('',(#2238),#2242);
#2238 = CIRCLE('',#2239,1.);
#2239 = AXIS2_PLACEMENT_2D('',#2240,#2241);
#2240 = CARTESIAN_POINT('',(126.,88.));
#2241 = DIRECTION('',(1.,0.));
#2242 = ( GEOMETRIC_REPRESENTATION_CONTEXT(2) 
PARAMETRIC_REPRESENTATION_CONTEXT() REPRESENTATION_CONTEXT('2D SPACE',''
  ) );
#2243 = PCURVE('',#829,#2244);
#2244 = DEFINITIONAL_REPRESENTATION('',(#2245),#2249);
#2245 = LINE('',#2246,#2247);
#2246 = CARTESIAN_POINT('',(0.,2.5));
#2247 = VECTOR('',#2248,1.);
#2248 = DIRECTION('',(1.,0.));
#2249 = ( GEOMETRIC_REPRESENTATION_CONTEXT(2) 
PARAMETRIC_REPRESENTATION_CONTEXT() REPRESENTATION_CONTEXT('2D SPACE',''
  ) );
#2250 = FACE_BOUND('',#2251,.T.);
#2251 = EDGE_LOOP('',(#2252));
#2252 = ORIENTED_EDGE('',*,*,#2253,.F.);
#2253 = EDGE_CURVE('',#2254,#2254,#2256,.T.);
#2254 = VERTEX_POINT('',#2255);
#2255 = CARTESIAN_POINT('',(174.6,176.,-2.4));
#2256 = SURFACE_CURVE('',#2257,(#2262,#2269),.PCURVE_S1.);
#2257 = CIRCLE('',#2258,1.6);
#2258 = AXIS2_PLACEMENT_3D('',#2259,#2260,#2261);
#2259 = CARTESIAN_POINT('',(173.,176.,-2.4));
#2260 = DIRECTION('',(0.,-1.224646799147E-16,-1.));
#2261 = DIRECTION('',(1.,0.,0.));
#2262 = PCURVE('',#523,#2263);
#2263 = DEFINITIONAL_REPRESENTATION('',(#2264),#2268);
#2264 = CIRCLE('',#2265,1.6);
#2265 = AXIS2_PLACEMENT_2D('',#2266,#2267);
#2266 = CARTESIAN_POINT('',(179.,80.));
#2267 = DIRECTION('',(1.,0.));
#2268 = ( GEOMETRIC_REPRESENTATION_CONTEXT(2) 
PARAMETRIC_REPRESENTATION_CONTEXT() REPRESENTATION_CONTEXT('2D SPACE',''
  ) );
#2269 = PCURVE('',#860,#2270);
#2270 = DEFINITIONAL_REPRESENTATION('',(#2271),#2275);
#2271 = LINE('',#2272,#2273);
#2272 = CARTESIAN_POINT('',(0.,2.5));
#2273 = VECTOR('',#2274,1.);
#2274 = DIRECTION('',(1.,0.));
#2275 = ( GEOMETRIC_REPRESENTATION_CONTEXT(2) 
PARAMETRIC_REPRESENTATION_CONTEXT() REPRESENTATION_CONTEXT('2D SPACE',''
  ) );
#2276 = FACE_BOUND('',#2277,.T.);
#2277 = EDGE_LOOP('',(#2278));
#2278 = ORIENTED_EDGE('',*,*,#2279,.F.);
#2279 = EDGE_CURVE('',#2280,#2280,#2282,.T.);
#2280 = VERTEX_POINT('',#2281);
#2281 = CARTESIAN_POINT('',(157.65,163.498,-2.4));
#2282 = SURFACE_CURVE('',#2283,(#2288,#2295),.PCURVE_S1.);
#2283 = CIRCLE('',#2284,1.4);
#2284 = AXIS2_PLACEMENT_3D('',#2285,#2286,#2287);
#2285 = CARTESIAN_POINT('',(156.25,163.498,-2.4));
#2286 = DIRECTION('',(0.,-1.224646799147E-16,-1.));
#2287 = DIRECTION('',(1.,0.,0.));
#2288 = PCURVE('',#523,#2289);
#2289 = DEFINITIONAL_REPRESENTATION('',(#2290),#2294);
#2290 = CIRCLE('',#2291,1.4);
#2291 = AXIS2_PLACEMENT_2D('',#2292,#2293);
#2292 = CARTESIAN_POINT('',(162.25,92.502));
#2293 = DIRECTION('',(1.,0.));
#2294 = ( GEOMETRIC_REPRESENTATION_CONTEXT(2) 
PARAMETRIC_REPRESENTATION_CONTEXT() REPRESENTATION_CONTEXT('2D SPACE',''
  ) );
#2295 = PCURVE('',#891,#2296);
#2296 = DEFINITIONAL_REPRESENTATION('',(#2297),#2301);
#2297 = LINE('',#2298,#2299);
#2298 = CARTESIAN_POINT('',(0.,2.5));
#2299 = VECTOR('',#2300,1.);
#2300 = DIRECTION('',(1.,0.));
#2301 = ( GEOMETRIC_REPRESENTATION_CONTEXT(2) 
PARAMETRIC_REPRESENTATION_CONTEXT() REPRESENTATION_CONTEXT('2D SPACE',''
  ) );
#2302 = FACE_BOUND('',#2303,.T.);
#2303 = EDGE_LOOP('',(#2304));
#2304 = ORIENTED_EDGE('',*,*,#2305,.F.);
#2305 = EDGE_CURVE('',#2306,#2306,#2308,.T.);
#2306 = VERTEX_POINT('',#2307);
#2307 = CARTESIAN_POINT('',(174.6,164.,-2.4));
#2308 = SURFACE_CURVE('',#2309,(#2314,#2321),.PCURVE_S1.);
#2309 = CIRCLE('',#2310,1.6);
#2310 = AXIS2_PLACEMENT_3D('',#2311,#2312,#2313);
#2311 = CARTESIAN_POINT('',(173.,164.,-2.4));
#2312 = DIRECTION('',(0.,-1.224646799147E-16,-1.));
#2313 = DIRECTION('',(1.,0.,0.));
#2314 = PCURVE('',#523,#2315);
#2315 = DEFINITIONAL_REPRESENTATION('',(#2316),#2320);
#2316 = CIRCLE('',#2317,1.6);
#2317 = AXIS2_PLACEMENT_2D('',#2318,#2319);
#2318 = CARTESIAN_POINT('',(179.,92.));
#2319 = DIRECTION('',(1.,0.));
#2320 = ( GEOMETRIC_REPRESENTATION_CONTEXT(2) 
PARAMETRIC_REPRESENTATION_CONTEXT() REPRESENTATION_CONTEXT('2D SPACE',''
  ) );
#2321 = PCURVE('',#922,#2322);
#2322 = DEFINITIONAL_REPRESENTATION('',(#2323),#2327);
#2323 = LINE('',#2324,#2325);
#2324 = CARTESIAN_POINT('',(0.,2.5));
#2325 = VECTOR('',#2326,1.);
#2326 = DIRECTION('',(1.,0.));
#2327 = ( GEOMETRIC_REPRESENTATION_CONTEXT(2) 
PARAMETRIC_REPRESENTATION_CONTEXT() REPRESENTATION_CONTEXT('2D SPACE',''
  ) );
#2328 = FACE_BOUND('',#2329,.T.);
#2329 = EDGE_LOOP('',(#2330));
#2330 = ORIENTED_EDGE('',*,*,#2331,.F.);
#2331 = EDGE_CURVE('',#2332,#2332,#2334,.T.);
#2332 = VERTEX_POINT('',#2333);
#2333 = CARTESIAN_POINT('',(157.679309,156.248,-2.4));
#2334 = SURFACE_CURVE('',#2335,(#2340,#2347),.PCURVE_S1.);
#2335 = CIRCLE('',#2336,1.4);
#2336 = AXIS2_PLACEMENT_3D('',#2337,#2338,#2339);
#2337 = CARTESIAN_POINT('',(156.279309,156.248,-2.4));
#2338 = DIRECTION('',(0.,-1.224646799147E-16,-1.));
#2339 = DIRECTION('',(1.,0.,0.));
#2340 = PCURVE('',#523,#2341);
#2341 = DEFINITIONAL_REPRESENTATION('',(#2342),#2346);
#2342 = CIRCLE('',#2343,1.4);
#2343 = AXIS2_PLACEMENT_2D('',#2344,#2345);
#2344 = CARTESIAN_POINT('',(162.279309,99.752));
#2345 = DIRECTION('',(1.,0.));
#2346 = ( GEOMETRIC_REPRESENTATION_CONTEXT(2) 
PARAMETRIC_REPRESENTATION_CONTEXT() REPRESENTATION_CONTEXT('2D SPACE',''
  ) );
#2347 = PCURVE('',#953,#2348);
#2348 = DEFINITIONAL_REPRESENTATION('',(#2349),#2353);
#2349 = LINE('',#2350,#2351);
#2350 = CARTESIAN_POINT('',(0.,2.5));
#2351 = VECTOR('',#2352,1.);
#2352 = DIRECTION('',(1.,0.));
#2353 = ( GEOMETRIC_REPRESENTATION_CONTEXT(2) 
PARAMETRIC_REPRESENTATION_CONTEXT() REPRESENTATION_CONTEXT('2D SPACE',''
  ) );
#2354 = FACE_BOUND('',#2355,.T.);
#2355 = EDGE_LOOP('',(#2356));
#2356 = ORIENTED_EDGE('',*,*,#2357,.F.);
#2357 = EDGE_CURVE('',#2358,#2358,#2360,.T.);
#2358 = VERTEX_POINT('',#2359);
#2359 = CARTESIAN_POINT('',(150.4,148.,-2.4));
#2360 = SURFACE_CURVE('',#2361,(#2366,#2373),.PCURVE_S1.);
#2361 = CIRCLE('',#2362,1.4);
#2362 = AXIS2_PLACEMENT_3D('',#2363,#2364,#2365);
#2363 = CARTESIAN_POINT('',(149.,148.,-2.4));
#2364 = DIRECTION('',(0.,-1.224646799147E-16,-1.));
#2365 = DIRECTION('',(1.,0.,0.));
#2366 = PCURVE('',#523,#2367);
#2367 = DEFINITIONAL_REPRESENTATION('',(#2368),#2372);
#2368 = CIRCLE('',#2369,1.4);
#2369 = AXIS2_PLACEMENT_2D('',#2370,#2371);
#2370 = CARTESIAN_POINT('',(155.,108.));
#2371 = DIRECTION('',(1.,0.));
#2372 = ( GEOMETRIC_REPRESENTATION_CONTEXT(2) 
PARAMETRIC_REPRESENTATION_CONTEXT() REPRESENTATION_CONTEXT('2D SPACE',''
  ) );
#2373 = PCURVE('',#984,#2374);
#2374 = DEFINITIONAL_REPRESENTATION('',(#2375),#2379);
#2375 = LINE('',#2376,#2377);
#2376 = CARTESIAN_POINT('',(0.,2.5));
#2377 = VECTOR('',#2378,1.);
#2378 = DIRECTION('',(1.,0.));
#2379 = ( GEOMETRIC_REPRESENTATION_CONTEXT(2) 
PARAMETRIC_REPRESENTATION_CONTEXT() REPRESENTATION_CONTEXT('2D SPACE',''
  ) );
#2380 = ADVANCED_FACE('',(#2381),#497,.T.);
#2381 = FACE_BOUND('',#2382,.T.);
#2382 = EDGE_LOOP('',(#2383,#2404,#2405,#2406));
#2383 = ORIENTED_EDGE('',*,*,#2384,.F.);
#2384 = EDGE_CURVE('',#1845,#1749,#2385,.T.);
#2385 = SURFACE_CURVE('',#2386,(#2390,#2397),.PCURVE_S1.);
#2386 = LINE('',#2387,#2388);
#2387 = CARTESIAN_POINT('',(-3.6,119.57306778009,-2.4));
#2388 = VECTOR('',#2389,1.);
#2389 = DIRECTION('',(0.,-1.224646799147E-16,-1.));
#2390 = PCURVE('',#497,#2391);
#2391 = DEFINITIONAL_REPRESENTATION('',(#2392),#2396);
#2392 = LINE('',#2393,#2394);
#2393 = CARTESIAN_POINT('',(0.1,-134.0269322199));
#2394 = VECTOR('',#2395,1.);
#2395 = DIRECTION('',(1.,0.));
#2396 = ( GEOMETRIC_REPRESENTATION_CONTEXT(2) 
PARAMETRIC_REPRESENTATION_CONTEXT() REPRESENTATION_CONTEXT('2D SPACE',''
  ) );
#2397 = PCURVE('',#1637,#2398);
#2398 = DEFINITIONAL_REPRESENTATION('',(#2399),#2403);
#2399 = LINE('',#2400,#2401);
#2400 = CARTESIAN_POINT('',(1.813162177834,0.));
#2401 = VECTOR('',#2402,1.);
#2402 = DIRECTION('',(0.,1.));
#2403 = ( GEOMETRIC_REPRESENTATION_CONTEXT(2) 
PARAMETRIC_REPRESENTATION_CONTEXT() REPRESENTATION_CONTEXT('2D SPACE',''
  ) );
#2404 = ORIENTED_EDGE('',*,*,#1844,.T.);
#2405 = ORIENTED_EDGE('',*,*,#481,.T.);
#2406 = ORIENTED_EDGE('',*,*,#1772,.T.);
#2407 = ADVANCED_FACE('',(#2408),#581,.F.);
#2408 = FACE_BOUND('',#2409,.F.);
#2409 = EDGE_LOOP('',(#2410,#2411,#2432,#2433));
#2410 = ORIENTED_EDGE('',*,*,#2019,.F.);
#2411 = ORIENTED_EDGE('',*,*,#2412,.F.);
#2412 = EDGE_CURVE('',#565,#2020,#2413,.T.);
#2413 = SEAM_CURVE('',#2414,(#2418,#2425),.PCURVE_S1.);
#2414 = LINE('',#2415,#2416);
#2415 = CARTESIAN_POINT('',(26.4,251.,9.999999999997E-02));
#2416 = VECTOR('',#2417,1.);
#2417 = DIRECTION('',(0.,-1.224646799147E-16,-1.));
#2418 = PCURVE('',#581,#2419);
#2419 = DEFINITIONAL_REPRESENTATION('',(#2420),#2424);
#2420 = LINE('',#2421,#2422);
#2421 = CARTESIAN_POINT('',(6.28318530718,-0.));
#2422 = VECTOR('',#2423,1.);
#2423 = DIRECTION('',(0.,1.));
#2424 = ( GEOMETRIC_REPRESENTATION_CONTEXT(2) 
PARAMETRIC_REPRESENTATION_CONTEXT() REPRESENTATION_CONTEXT('2D SPACE',''
  ) );
#2425 = PCURVE('',#581,#2426);
#2426 = DEFINITIONAL_REPRESENTATION('',(#2427),#2431);
#2427 = LINE('',#2428,#2429);
#2428 = CARTESIAN_POINT('',(0.,-0.));
#2429 = VECTOR('',#2430,1.);
#2430 = DIRECTION('',(0.,1.));
#2431 = ( GEOMETRIC_REPRESENTATION_CONTEXT(2) 
PARAMETRIC_REPRESENTATION_CONTEXT() REPRESENTATION_CONTEXT('2D SPACE',''
  ) );
#2432 = ORIENTED_EDGE('',*,*,#564,.T.);
#2433 = ORIENTED_EDGE('',*,*,#2412,.T.);
#2434 = ADVANCED_FACE('',(#2435),#612,.F.);
#2435 = FACE_BOUND('',#2436,.F.);
#2436 = EDGE_LOOP('',(#2437,#2438,#2459,#2460));
#2437 = ORIENTED_EDGE('',*,*,#2045,.F.);
#2438 = ORIENTED_EDGE('',*,*,#2439,.F.);
#2439 = EDGE_CURVE('',#596,#2046,#2440,.T.);
#2440 = SEAM_CURVE('',#2441,(#2445,#2452),.PCURVE_S1.);
#2441 = LINE('',#2442,#2443);
#2442 = CARTESIAN_POINT('',(86.4,251.,9.999999999997E-02));
#2443 = VECTOR('',#2444,1.);
#2444 = DIRECTION('',(0.,-1.224646799147E-16,-1.));
#2445 = PCURVE('',#612,#2446);
#2446 = DEFINITIONAL_REPRESENTATION('',(#2447),#2451);
#2447 = LINE('',#2448,#2449);
#2448 = CARTESIAN_POINT('',(6.28318530718,-0.));
#2449 = VECTOR('',#2450,1.);
#2450 = DIRECTION('',(0.,1.));
#2451 = ( GEOMETRIC_REPRESENTATION_CONTEXT(2) 
PARAMETRIC_REPRESENTATION_CONTEXT() REPRESENTATION_CONTEXT('2D SPACE',''
  ) );
#2452 = PCURVE('',#612,#2453);
#2453 = DEFINITIONAL_REPRESENTATION('',(#2454),#2458);
#2454 = LINE('',#2455,#2456);
#2455 = CARTESIAN_POINT('',(0.,-0.));
#2456 = VECTOR('',#2457,1.);
#2457 = DIRECTION('',(0.,1.));
#2458 = ( GEOMETRIC_REPRESENTATION_CONTEXT(2) 
PARAMETRIC_REPRESENTATION_CONTEXT() REPRESENTATION_CONTEXT('2D SPACE',''
  ) );
#2459 = ORIENTED_EDGE('',*,*,#595,.T.);
#2460 = ORIENTED_EDGE('',*,*,#2439,.T.);
#2461 = ADVANCED_FACE('',(#2462),#643,.F.);
#2462 = FACE_BOUND('',#2463,.F.);
#2463 = EDGE_LOOP('',(#2464,#2465,#2486,#2487));
#2464 = ORIENTED_EDGE('',*,*,#2071,.F.);
#2465 = ORIENTED_EDGE('',*,*,#2466,.F.);
#2466 = EDGE_CURVE('',#627,#2072,#2467,.T.);
#2467 = SEAM_CURVE('',#2468,(#2472,#2479),.PCURVE_S1.);
#2468 = LINE('',#2469,#2470);
#2469 = CARTESIAN_POINT('',(150.4,251.,9.999999999997E-02));
#2470 = VECTOR('',#2471,1.);
#2471 = DIRECTION('',(0.,-1.224646799147E-16,-1.));
#2472 = PCURVE('',#643,#2473);
#2473 = DEFINITIONAL_REPRESENTATION('',(#2474),#2478);
#2474 = LINE('',#2475,#2476);
#2475 = CARTESIAN_POINT('',(6.28318530718,-0.));
#2476 = VECTOR('',#2477,1.);
#2477 = DIRECTION('',(0.,1.));
#2478 = ( GEOMETRIC_REPRESENTATION_CONTEXT(2) 
PARAMETRIC_REPRESENTATION_CONTEXT() REPRESENTATION_CONTEXT('2D SPACE',''
  ) );
#2479 = PCURVE('',#643,#2480);
#2480 = DEFINITIONAL_REPRESENTATION('',(#2481),#2485);
#2481 = LINE('',#2482,#2483);
#2482 = CARTESIAN_POINT('',(0.,-0.));
#2483 = VECTOR('',#2484,1.);
#2484 = DIRECTION('',(0.,1.));
#2485 = ( GEOMETRIC_REPRESENTATION_CONTEXT(2) 
PARAMETRIC_REPRESENTATION_CONTEXT() REPRESENTATION_CONTEXT('2D SPACE',''
  ) );
#2486 = ORIENTED_EDGE('',*,*,#626,.T.);
#2487 = ORIENTED_EDGE('',*,*,#2466,.T.);
#2488 = ADVANCED_FACE('',(#2489),#674,.F.);
#2489 = FACE_BOUND('',#2490,.F.);
#2490 = EDGE_LOOP('',(#2491,#2492,#2513,#2514));
#2491 = ORIENTED_EDGE('',*,*,#2097,.F.);
#2492 = ORIENTED_EDGE('',*,*,#2493,.F.);
#2493 = EDGE_CURVE('',#658,#2098,#2494,.T.);
#2494 = SEAM_CURVE('',#2495,(#2499,#2506),.PCURVE_S1.);
#2495 = LINE('',#2496,#2497);
#2496 = CARTESIAN_POINT('',(6.4,180.75,9.999999999998E-02));
#2497 = VECTOR('',#2498,1.);
#2498 = DIRECTION('',(0.,-1.224646799147E-16,-1.));
#2499 = PCURVE('',#674,#2500);
#2500 = DEFINITIONAL_REPRESENTATION('',(#2501),#2505);
#2501 = LINE('',#2502,#2503);
#2502 = CARTESIAN_POINT('',(6.28318530718,-0.));
#2503 = VECTOR('',#2504,1.);
#2504 = DIRECTION('',(0.,1.));
#2505 = ( GEOMETRIC_REPRESENTATION_CONTEXT(2) 
PARAMETRIC_REPRESENTATION_CONTEXT() REPRESENTATION_CONTEXT('2D SPACE',''
  ) );
#2506 = PCURVE('',#674,#2507);
#2507 = DEFINITIONAL_REPRESENTATION('',(#2508),#2512);
#2508 = LINE('',#2509,#2510);
#2509 = CARTESIAN_POINT('',(0.,-0.));
#2510 = VECTOR('',#2511,1.);
#2511 = DIRECTION('',(0.,1.));
#2512 = ( GEOMETRIC_REPRESENTATION_CONTEXT(2) 
PARAMETRIC_REPRESENTATION_CONTEXT() REPRESENTATION_CONTEXT('2D SPACE',''
  ) );
#2513 = ORIENTED_EDGE('',*,*,#657,.T.);
#2514 = ORIENTED_EDGE('',*,*,#2493,.T.);
#2515 = ADVANCED_FACE('',(#2516),#705,.F.);
#2516 = FACE_BOUND('',#2517,.F.);
#2517 = EDGE_LOOP('',(#2518,#2519,#2540,#2541));
#2518 = ORIENTED_EDGE('',*,*,#2123,.F.);
#2519 = ORIENTED_EDGE('',*,*,#2520,.F.);
#2520 = EDGE_CURVE('',#689,#2124,#2521,.T.);
#2521 = SEAM_CURVE('',#2522,(#2526,#2533),.PCURVE_S1.);
#2522 = LINE('',#2523,#2524);
#2523 = CARTESIAN_POINT('',(6.4,150.75,9.999999999998E-02));
#2524 = VECTOR('',#2525,1.);
#2525 = DIRECTION('',(0.,-1.224646799147E-16,-1.));
#2526 = PCURVE('',#705,#2527);
#2527 = DEFINITIONAL_REPRESENTATION('',(#2528),#2532);
#2528 = LINE('',#2529,#2530);
#2529 = CARTESIAN_POINT('',(6.28318530718,-0.));
#2530 = VECTOR('',#2531,1.);
#2531 = DIRECTION('',(0.,1.));
#2532 = ( GEOMETRIC_REPRESENTATION_CONTEXT(2) 
PARAMETRIC_REPRESENTATION_CONTEXT() REPRESENTATION_CONTEXT('2D SPACE',''
  ) );
#2533 = PCURVE('',#705,#2534);
#2534 = DEFINITIONAL_REPRESENTATION('',(#2535),#2539);
#2535 = LINE('',#2536,#2537);
#2536 = CARTESIAN_POINT('',(0.,-0.));
#2537 = VECTOR('',#2538,1.);
#2538 = DIRECTION('',(0.,1.));
#2539 = ( GEOMETRIC_REPRESENTATION_CONTEXT(2) 
PARAMETRIC_REPRESENTATION_CONTEXT() REPRESENTATION_CONTEXT('2D SPACE',''
  ) );
#2540 = ORIENTED_EDGE('',*,*,#688,.T.);
#2541 = ORIENTED_EDGE('',*,*,#2520,.T.);
#2542 = ADVANCED_FACE('',(#2543),#736,.F.);
#2543 = FACE_BOUND('',#2544,.F.);
#2544 = EDGE_LOOP('',(#2545,#2546,#2567,#2568));
#2545 = ORIENTED_EDGE('',*,*,#2149,.F.);
#2546 = ORIENTED_EDGE('',*,*,#2547,.F.);
#2547 = EDGE_CURVE('',#720,#2150,#2548,.T.);
#2548 = SEAM_CURVE('',#2549,(#2553,#2560),.PCURVE_S1.);
#2549 = LINE('',#2550,#2551);
#2550 = CARTESIAN_POINT('',(45.6,121.,9.999999999999E-02));
#2551 = VECTOR('',#2552,1.);
#2552 = DIRECTION('',(0.,-1.224646799147E-16,-1.));
#2553 = PCURVE('',#736,#2554);
#2554 = DEFINITIONAL_REPRESENTATION('',(#2555),#2559);
#2555 = LINE('',#2556,#2557);
#2556 = CARTESIAN_POINT('',(6.28318530718,-0.));
#2557 = VECTOR('',#2558,1.);
#2558 = DIRECTION('',(0.,1.));
#2559 = ( GEOMETRIC_REPRESENTATION_CONTEXT(2) 
PARAMETRIC_REPRESENTATION_CONTEXT() REPRESENTATION_CONTEXT('2D SPACE',''
  ) );
#2560 = PCURVE('',#736,#2561);
#2561 = DEFINITIONAL_REPRESENTATION('',(#2562),#2566);
#2562 = LINE('',#2563,#2564);
#2563 = CARTESIAN_POINT('',(0.,-0.));
#2564 = VECTOR('',#2565,1.);
#2565 = DIRECTION('',(0.,1.));
#2566 = ( GEOMETRIC_REPRESENTATION_CONTEXT(2) 
PARAMETRIC_REPRESENTATION_CONTEXT() REPRESENTATION_CONTEXT('2D SPACE',''
  ) );
#2567 = ORIENTED_EDGE('',*,*,#719,.T.);
#2568 = ORIENTED_EDGE('',*,*,#2547,.T.);
#2569 = ADVANCED_FACE('',(#2570),#767,.F.);
#2570 = FACE_BOUND('',#2571,.F.);
#2571 = EDGE_LOOP('',(#2572,#2573,#2594,#2595));
#2572 = ORIENTED_EDGE('',*,*,#2175,.F.);
#2573 = ORIENTED_EDGE('',*,*,#2574,.F.);
#2574 = EDGE_CURVE('',#751,#2176,#2575,.T.);
#2575 = SEAM_CURVE('',#2576,(#2580,#2587),.PCURVE_S1.);
#2576 = LINE('',#2577,#2578);
#2577 = CARTESIAN_POINT('',(57.6,121.,9.999999999999E-02));
#2578 = VECTOR('',#2579,1.);
#2579 = DIRECTION('',(0.,-1.224646799147E-16,-1.));
#2580 = PCURVE('',#767,#2581);
#2581 = DEFINITIONAL_REPRESENTATION('',(#2582),#2586);
#2582 = LINE('',#2583,#2584);
#2583 = CARTESIAN_POINT('',(6.28318530718,-0.));
#2584 = VECTOR('',#2585,1.);
#2585 = DIRECTION('',(0.,1.));
#2586 = ( GEOMETRIC_REPRESENTATION_CONTEXT(2) 
PARAMETRIC_REPRESENTATION_CONTEXT() REPRESENTATION_CONTEXT('2D SPACE',''
  ) );
#2587 = PCURVE('',#767,#2588);
#2588 = DEFINITIONAL_REPRESENTATION('',(#2589),#2593);
#2589 = LINE('',#2590,#2591);
#2590 = CARTESIAN_POINT('',(0.,-0.));
#2591 = VECTOR('',#2592,1.);
#2592 = DIRECTION('',(0.,1.));
#2593 = ( GEOMETRIC_REPRESENTATION_CONTEXT(2) 
PARAMETRIC_REPRESENTATION_CONTEXT() REPRESENTATION_CONTEXT('2D SPACE',''
  ) );
#2594 = ORIENTED_EDGE('',*,*,#750,.T.);
#2595 = ORIENTED_EDGE('',*,*,#2574,.T.);
#2596 = ADVANCED_FACE('',(#2597),#798,.F.);
#2597 = FACE_BOUND('',#2598,.F.);
#2598 = EDGE_LOOP('',(#2599,#2600,#2621,#2622));
#2599 = ORIENTED_EDGE('',*,*,#2201,.F.);
#2600 = ORIENTED_EDGE('',*,*,#2601,.F.);
#2601 = EDGE_CURVE('',#782,#2202,#2602,.T.);
#2602 = SEAM_CURVE('',#2603,(#2607,#2614),.PCURVE_S1.);
#2603 = LINE('',#2604,#2605);
#2604 = CARTESIAN_POINT('',(125.5,180.4,9.999999999998E-02));
#2605 = VECTOR('',#2606,1.);
#2606 = DIRECTION('',(0.,-1.224646799147E-16,-1.));
#2607 = PCURVE('',#798,#2608);
#2608 = DEFINITIONAL_REPRESENTATION('',(#2609),#2613);
#2609 = LINE('',#2610,#2611);
#2610 = CARTESIAN_POINT('',(6.28318530718,-0.));
#2611 = VECTOR('',#2612,1.);
#2612 = DIRECTION('',(0.,1.));
#2613 = ( GEOMETRIC_REPRESENTATION_CONTEXT(2) 
PARAMETRIC_REPRESENTATION_CONTEXT() REPRESENTATION_CONTEXT('2D SPACE',''
  ) );
#2614 = PCURVE('',#798,#2615);
#2615 = DEFINITIONAL_REPRESENTATION('',(#2616),#2620);
#2616 = LINE('',#2617,#2618);
#2617 = CARTESIAN_POINT('',(0.,-0.));
#2618 = VECTOR('',#2619,1.);
#2619 = DIRECTION('',(0.,1.));
#2620 = ( GEOMETRIC_REPRESENTATION_CONTEXT(2) 
PARAMETRIC_REPRESENTATION_CONTEXT() REPRESENTATION_CONTEXT('2D SPACE',''
  ) );
#2621 = ORIENTED_EDGE('',*,*,#781,.T.);
#2622 = ORIENTED_EDGE('',*,*,#2601,.T.);
#2623 = ADVANCED_FACE('',(#2624),#829,.F.);
#2624 = FACE_BOUND('',#2625,.F.);
#2625 = EDGE_LOOP('',(#2626,#2627,#2648,#2649));
#2626 = ORIENTED_EDGE('',*,*,#2227,.F.);
#2627 = ORIENTED_EDGE('',*,*,#2628,.F.);
#2628 = EDGE_CURVE('',#813,#2228,#2629,.T.);
#2629 = SEAM_CURVE('',#2630,(#2634,#2641),.PCURVE_S1.);
#2630 = LINE('',#2631,#2632);
#2631 = CARTESIAN_POINT('',(121.,168.,9.999999999998E-02));
#2632 = VECTOR('',#2633,1.);
#2633 = DIRECTION('',(0.,-1.224646799147E-16,-1.));
#2634 = PCURVE('',#829,#2635);
#2635 = DEFINITIONAL_REPRESENTATION('',(#2636),#2640);
#2636 = LINE('',#2637,#2638);
#2637 = CARTESIAN_POINT('',(6.28318530718,-0.));
#2638 = VECTOR('',#2639,1.);
#2639 = DIRECTION('',(0.,1.));
#2640 = ( GEOMETRIC_REPRESENTATION_CONTEXT(2) 
PARAMETRIC_REPRESENTATION_CONTEXT() REPRESENTATION_CONTEXT('2D SPACE',''
  ) );
#2641 = PCURVE('',#829,#2642);
#2642 = DEFINITIONAL_REPRESENTATION('',(#2643),#2647);
#2643 = LINE('',#2644,#2645);
#2644 = CARTESIAN_POINT('',(0.,-0.));
#2645 = VECTOR('',#2646,1.);
#2646 = DIRECTION('',(0.,1.));
#2647 = ( GEOMETRIC_REPRESENTATION_CONTEXT(2) 
PARAMETRIC_REPRESENTATION_CONTEXT() REPRESENTATION_CONTEXT('2D SPACE',''
  ) );
#2648 = ORIENTED_EDGE('',*,*,#812,.T.);
#2649 = ORIENTED_EDGE('',*,*,#2628,.T.);
#2650 = ADVANCED_FACE('',(#2651),#860,.F.);
#2651 = FACE_BOUND('',#2652,.F.);
#2652 = EDGE_LOOP('',(#2653,#2654,#2675,#2676));
#2653 = ORIENTED_EDGE('',*,*,#2253,.F.);
#2654 = ORIENTED_EDGE('',*,*,#2655,.F.);
#2655 = EDGE_CURVE('',#844,#2254,#2656,.T.);
#2656 = SEAM_CURVE('',#2657,(#2661,#2668),.PCURVE_S1.);
#2657 = LINE('',#2658,#2659);
#2658 = CARTESIAN_POINT('',(174.6,176.,9.999999999998E-02));
#2659 = VECTOR('',#2660,1.);
#2660 = DIRECTION('',(0.,-1.224646799147E-16,-1.));
#2661 = PCURVE('',#860,#2662);
#2662 = DEFINITIONAL_REPRESENTATION('',(#2663),#2667);
#2663 = LINE('',#2664,#2665);
#2664 = CARTESIAN_POINT('',(6.28318530718,-0.));
#2665 = VECTOR('',#2666,1.);
#2666 = DIRECTION('',(0.,1.));
#2667 = ( GEOMETRIC_REPRESENTATION_CONTEXT(2) 
PARAMETRIC_REPRESENTATION_CONTEXT() REPRESENTATION_CONTEXT('2D SPACE',''
  ) );
#2668 = PCURVE('',#860,#2669);
#2669 = DEFINITIONAL_REPRESENTATION('',(#2670),#2674);
#2670 = LINE('',#2671,#2672);
#2671 = CARTESIAN_POINT('',(0.,-0.));
#2672 = VECTOR('',#2673,1.);
#2673 = DIRECTION('',(0.,1.));
#2674 = ( GEOMETRIC_REPRESENTATION_CONTEXT(2) 
PARAMETRIC_REPRESENTATION_CONTEXT() REPRESENTATION_CONTEXT('2D SPACE',''
  ) );
#2675 = ORIENTED_EDGE('',*,*,#843,.T.);
#2676 = ORIENTED_EDGE('',*,*,#2655,.T.);
#2677 = ADVANCED_FACE('',(#2678),#891,.F.);
#2678 = FACE_BOUND('',#2679,.F.);
#2679 = EDGE_LOOP('',(#2680,#2681,#2702,#2703));
#2680 = ORIENTED_EDGE('',*,*,#2279,.F.);
#2681 = ORIENTED_EDGE('',*,*,#2682,.F.);
#2682 = EDGE_CURVE('',#875,#2280,#2683,.T.);
#2683 = SEAM_CURVE('',#2684,(#2688,#2695),.PCURVE_S1.);
#2684 = LINE('',#2685,#2686);
#2685 = CARTESIAN_POINT('',(157.65,163.498,9.999999999998E-02));
#2686 = VECTOR('',#2687,1.);
#2687 = DIRECTION('',(0.,-1.224646799147E-16,-1.));
#2688 = PCURVE('',#891,#2689);
#2689 = DEFINITIONAL_REPRESENTATION('',(#2690),#2694);
#2690 = LINE('',#2691,#2692);
#2691 = CARTESIAN_POINT('',(6.28318530718,-0.));
#2692 = VECTOR('',#2693,1.);
#2693 = DIRECTION('',(0.,1.));
#2694 = ( GEOMETRIC_REPRESENTATION_CONTEXT(2) 
PARAMETRIC_REPRESENTATION_CONTEXT() REPRESENTATION_CONTEXT('2D SPACE',''
  ) );
#2695 = PCURVE('',#891,#2696);
#2696 = DEFINITIONAL_REPRESENTATION('',(#2697),#2701);
#2697 = LINE('',#2698,#2699);
#2698 = CARTESIAN_POINT('',(0.,-0.));
#2699 = VECTOR('',#2700,1.);
#2700 = DIRECTION('',(0.,1.));
#2701 = ( GEOMETRIC_REPRESENTATION_CONTEXT(2) 
PARAMETRIC_REPRESENTATION_CONTEXT() REPRESENTATION_CONTEXT('2D SPACE',''
  ) );
#2702 = ORIENTED_EDGE('',*,*,#874,.T.);
#2703 = ORIENTED_EDGE('',*,*,#2682,.T.);
#2704 = ADVANCED_FACE('',(#2705),#922,.F.);
#2705 = FACE_BOUND('',#2706,.F.);
#2706 = EDGE_LOOP('',(#2707,#2708,#2729,#2730));
#2707 = ORIENTED_EDGE('',*,*,#2305,.F.);
#2708 = ORIENTED_EDGE('',*,*,#2709,.F.);
#2709 = EDGE_CURVE('',#906,#2306,#2710,.T.);
#2710 = SEAM_CURVE('',#2711,(#2715,#2722),.PCURVE_S1.);
#2711 = LINE('',#2712,#2713);
#2712 = CARTESIAN_POINT('',(174.6,164.,9.999999999998E-02));
#2713 = VECTOR('',#2714,1.);
#2714 = DIRECTION('',(0.,-1.224646799147E-16,-1.));
#2715 = PCURVE('',#922,#2716);
#2716 = DEFINITIONAL_REPRESENTATION('',(#2717),#2721);
#2717 = LINE('',#2718,#2719);
#2718 = CARTESIAN_POINT('',(6.28318530718,-0.));
#2719 = VECTOR('',#2720,1.);
#2720 = DIRECTION('',(0.,1.));
#2721 = ( GEOMETRIC_REPRESENTATION_CONTEXT(2) 
PARAMETRIC_REPRESENTATION_CONTEXT() REPRESENTATION_CONTEXT('2D SPACE',''
  ) );
#2722 = PCURVE('',#922,#2723);
#2723 = DEFINITIONAL_REPRESENTATION('',(#2724),#2728);
#2724 = LINE('',#2725,#2726);
#2725 = CARTESIAN_POINT('',(0.,-0.));
#2726 = VECTOR('',#2727,1.);
#2727 = DIRECTION('',(0.,1.));
#2728 = ( GEOMETRIC_REPRESENTATION_CONTEXT(2) 
PARAMETRIC_REPRESENTATION_CONTEXT() REPRESENTATION_CONTEXT('2D SPACE',''
  ) );
#2729 = ORIENTED_EDGE('',*,*,#905,.T.);
#2730 = ORIENTED_EDGE('',*,*,#2709,.T.);
#2731 = ADVANCED_FACE('',(#2732),#953,.F.);
#2732 = FACE_BOUND('',#2733,.F.);
#2733 = EDGE_LOOP('',(#2734,#2735,#2756,#2757));
#2734 = ORIENTED_EDGE('',*,*,#2331,.F.);
#2735 = ORIENTED_EDGE('',*,*,#2736,.F.);
#2736 = EDGE_CURVE('',#937,#2332,#2737,.T.);
#2737 = SEAM_CURVE('',#2738,(#2742,#2749),.PCURVE_S1.);
#2738 = LINE('',#2739,#2740);
#2739 = CARTESIAN_POINT('',(157.679309,156.248,9.999999999998E-02));
#2740 = VECTOR('',#2741,1.);
#2741 = DIRECTION('',(0.,-1.224646799147E-16,-1.));
#2742 = PCURVE('',#953,#2743);
#2743 = DEFINITIONAL_REPRESENTATION('',(#2744),#2748);
#2744 = LINE('',#2745,#2746);
#2745 = CARTESIAN_POINT('',(6.28318530718,-0.));
#2746 = VECTOR('',#2747,1.);
#2747 = DIRECTION('',(0.,1.));
#2748 = ( GEOMETRIC_REPRESENTATION_CONTEXT(2) 
PARAMETRIC_REPRESENTATION_CONTEXT() REPRESENTATION_CONTEXT('2D SPACE',''
  ) );
#2749 = PCURVE('',#953,#2750);
#2750 = DEFINITIONAL_REPRESENTATION('',(#2751),#2755);
#2751 = LINE('',#2752,#2753);
#2752 = CARTESIAN_POINT('',(0.,-0.));
#2753 = VECTOR('',#2754,1.);
#2754 = DIRECTION('',(0.,1.));
#2755 = ( GEOMETRIC_REPRESENTATION_CONTEXT(2) 
PARAMETRIC_REPRESENTATION_CONTEXT() REPRESENTATION_CONTEXT('2D SPACE',''
  ) );
#2756 = ORIENTED_EDGE('',*,*,#936,.T.);
#2757 = ORIENTED_EDGE('',*,*,#2736,.T.);
#2758 = ADVANCED_FACE('',(#2759),#984,.F.);
#2759 = FACE_BOUND('',#2760,.F.);
#2760 = EDGE_LOOP('',(#2761,#2762,#2783,#2784));
#2761 = ORIENTED_EDGE('',*,*,#2357,.F.);
#2762 = ORIENTED_EDGE('',*,*,#2763,.F.);
#2763 = EDGE_CURVE('',#968,#2358,#2764,.T.);
#2764 = SEAM_CURVE('',#2765,(#2769,#2776),.PCURVE_S1.);
#2765 = LINE('',#2766,#2767);
#2766 = CARTESIAN_POINT('',(150.4,148.,9.999999999998E-02));
#2767 = VECTOR('',#2768,1.);
#2768 = DIRECTION('',(0.,-1.224646799147E-16,-1.));
#2769 = PCURVE('',#984,#2770);
#2770 = DEFINITIONAL_REPRESENTATION('',(#2771),#2775);
#2771 = LINE('',#2772,#2773);
#2772 = CARTESIAN_POINT('',(6.28318530718,-0.));
#2773 = VECTOR('',#2774,1.);
#2774 = DIRECTION('',(0.,1.));
#2775 = ( GEOMETRIC_REPRESENTATION_CONTEXT(2) 
PARAMETRIC_REPRESENTATION_CONTEXT() REPRESENTATION_CONTEXT('2D SPACE',''
  ) );
#2776 = PCURVE('',#984,#2777);
#2777 = DEFINITIONAL_REPRESENTATION('',(#2778),#2782);
#2778 = LINE('',#2779,#2780);
#2779 = CARTESIAN_POINT('',(0.,-0.));
#2780 = VECTOR('',#2781,1.);
#2781 = DIRECTION('',(0.,1.));
#2782 = ( GEOMETRIC_REPRESENTATION_CONTEXT(2) 
PARAMETRIC_REPRESENTATION_CONTEXT() REPRESENTATION_CONTEXT('2D SPACE',''
  ) );
#2783 = ORIENTED_EDGE('',*,*,#967,.T.);
#2784 = ORIENTED_EDGE('',*,*,#2763,.T.);
#2785 = ADVANCED_FACE('',(#2786),#1243,.T.);
#2786 = FACE_BOUND('',#2787,.T.);
#2787 = EDGE_LOOP('',(#2788,#2789,#2790,#2811));
#2788 = ORIENTED_EDGE('',*,*,#1227,.T.);
#2789 = ORIENTED_EDGE('',*,*,#1796,.T.);
#2790 = ORIENTED_EDGE('',*,*,#2791,.T.);
#2791 = EDGE_CURVE('',#1797,#1335,#2792,.T.);
#2792 = SURFACE_CURVE('',#2793,(#2797,#2804),.PCURVE_S1.);
#2793 = LINE('',#2794,#2795);
#2794 = CARTESIAN_POINT('',(-3.6,253.6,-2.3));
#2795 = VECTOR('',#2796,1.);
#2796 = DIRECTION('',(0.,-1.224646799147E-16,-1.));
#2797 = PCURVE('',#1243,#2798);
#2798 = DEFINITIONAL_REPRESENTATION('',(#2799),#2803);
#2799 = LINE('',#2800,#2801);
#2800 = CARTESIAN_POINT('',(0.,0.));
#2801 = VECTOR('',#2802,1.);
#2802 = DIRECTION('',(1.,0.));
#2803 = ( GEOMETRIC_REPRESENTATION_CONTEXT(2) 
PARAMETRIC_REPRESENTATION_CONTEXT() REPRESENTATION_CONTEXT('2D SPACE',''
  ) );
#2804 = PCURVE('',#1373,#2805);
#2805 = DEFINITIONAL_REPRESENTATION('',(#2806),#2810);
#2806 = LINE('',#2807,#2808);
#2807 = CARTESIAN_POINT('',(0.,0.));
#2808 = VECTOR('',#2809,1.);
#2809 = DIRECTION('',(1.,0.));
#2810 = ( GEOMETRIC_REPRESENTATION_CONTEXT(2) 
PARAMETRIC_REPRESENTATION_CONTEXT() REPRESENTATION_CONTEXT('2D SPACE',''
  ) );
#2811 = ORIENTED_EDGE('',*,*,#1334,.F.);
#2812 = ADVANCED_FACE('',(#2813),#1039,.T.);
#2813 = FACE_BOUND('',#2814,.T.);
#2814 = EDGE_LOOP('',(#2815,#2837,#2838,#2839));
#2815 = ORIENTED_EDGE('',*,*,#2816,.F.);
#2816 = EDGE_CURVE('',#1024,#1159,#2817,.T.);
#2817 = SURFACE_CURVE('',#2818,(#2823,#2830),.PCURVE_S1.);
#2818 = CIRCLE('',#2819,2.5);
#2819 = AXIS2_PLACEMENT_3D('',#2820,#2821,#2822);
#2820 = CARTESIAN_POINT('',(179.,251.,-32.6));
#2821 = DIRECTION('',(0.,-1.224646799147E-16,-1.));
#2822 = DIRECTION('',(1.,0.,0.));
#2823 = PCURVE('',#1039,#2824);
#2824 = DEFINITIONAL_REPRESENTATION('',(#2825),#2829);
#2825 = LINE('',#2826,#2827);
#2826 = CARTESIAN_POINT('',(0.,30.2));
#2827 = VECTOR('',#2828,1.);
#2828 = DIRECTION('',(1.,0.));
#2829 = ( GEOMETRIC_REPRESENTATION_CONTEXT(2) 
PARAMETRIC_REPRESENTATION_CONTEXT() REPRESENTATION_CONTEXT('2D SPACE',''
  ) );
#2830 = PCURVE('',#1067,#2831);
#2831 = DEFINITIONAL_REPRESENTATION('',(#2832),#2836);
#2832 = CIRCLE('',#2833,2.5);
#2833 = AXIS2_PLACEMENT_2D('',#2834,#2835);
#2834 = CARTESIAN_POINT('',(0.,0.));
#2835 = DIRECTION('',(1.,0.));
#2836 = ( GEOMETRIC_REPRESENTATION_CONTEXT(2) 
PARAMETRIC_REPRESENTATION_CONTEXT() REPRESENTATION_CONTEXT('2D SPACE',''
  ) );
#2837 = ORIENTED_EDGE('',*,*,#1023,.F.);
#2838 = ORIENTED_EDGE('',*,*,#1820,.T.);
#2839 = ORIENTED_EDGE('',*,*,#1181,.T.);
#2840 = ADVANCED_FACE('',(#2841),#1067,.T.);
#2841 = FACE_BOUND('',#2842,.T.);
#2842 = EDGE_LOOP('',(#2843,#2844,#2845,#2846));
#2843 = ORIENTED_EDGE('',*,*,#1051,.T.);
#2844 = ORIENTED_EDGE('',*,*,#2816,.T.);
#2845 = ORIENTED_EDGE('',*,*,#1158,.T.);
#2846 = ORIENTED_EDGE('',*,*,#2847,.F.);
#2847 = EDGE_CURVE('',#1052,#1136,#2848,.T.);
#2848 = SURFACE_CURVE('',#2849,(#2854,#2861),.PCURVE_S1.);
#2849 = CIRCLE('',#2850,1.025);
#2850 = AXIS2_PLACEMENT_3D('',#2851,#2852,#2853);
#2851 = CARTESIAN_POINT('',(179.,251.,-32.6));
#2852 = DIRECTION('',(0.,-1.224646799147E-16,-1.));
#2853 = DIRECTION('',(1.,0.,0.));
#2854 = PCURVE('',#1067,#2855);
#2855 = DEFINITIONAL_REPRESENTATION('',(#2856),#2860);
#2856 = CIRCLE('',#2857,1.025);
#2857 = AXIS2_PLACEMENT_2D('',#2858,#2859);
#2858 = CARTESIAN_POINT('',(0.,0.));
#2859 = DIRECTION('',(1.,0.));
#2860 = ( GEOMETRIC_REPRESENTATION_CONTEXT(2) 
PARAMETRIC_REPRESENTATION_CONTEXT() REPRESENTATION_CONTEXT('2D SPACE',''
  ) );
#2861 = PCURVE('',#1095,#2862);
#2862 = DEFINITIONAL_REPRESENTATION('',(#2863),#2867);
#2863 = LINE('',#2864,#2865);
#2864 = CARTESIAN_POINT('',(0.,6.6));
#2865 = VECTOR('',#2866,1.);
#2866 = DIRECTION('',(1.,0.));
#2867 = ( GEOMETRIC_REPRESENTATION_CONTEXT(2) 
PARAMETRIC_REPRESENTATION_CONTEXT() REPRESENTATION_CONTEXT('2D SPACE',''
  ) );
#2868 = ADVANCED_FACE('',(#2869),#1095,.F.);
#2869 = FACE_BOUND('',#2870,.F.);
#2870 = EDGE_LOOP('',(#2871,#2872,#2873,#2895));
#2871 = ORIENTED_EDGE('',*,*,#2847,.F.);
#2872 = ORIENTED_EDGE('',*,*,#1079,.F.);
#2873 = ORIENTED_EDGE('',*,*,#2874,.T.);
#2874 = EDGE_CURVE('',#1080,#1108,#2875,.T.);
#2875 = SURFACE_CURVE('',#2876,(#2881,#2888),.PCURVE_S1.);
#2876 = CIRCLE('',#2877,1.025);
#2877 = AXIS2_PLACEMENT_3D('',#2878,#2879,#2880);
#2878 = CARTESIAN_POINT('',(179.,251.,-26.));
#2879 = DIRECTION('',(0.,-1.224646799147E-16,-1.));
#2880 = DIRECTION('',(1.,0.,0.));
#2881 = PCURVE('',#1095,#2882);
#2882 = DEFINITIONAL_REPRESENTATION('',(#2883),#2887);
#2883 = LINE('',#2884,#2885);
#2884 = CARTESIAN_POINT('',(0.,0.));
#2885 = VECTOR('',#2886,1.);
#2886 = DIRECTION('',(1.,0.));
#2887 = ( GEOMETRIC_REPRESENTATION_CONTEXT(2) 
PARAMETRIC_REPRESENTATION_CONTEXT() REPRESENTATION_CONTEXT('2D SPACE',''
  ) );
#2888 = PCURVE('',#1123,#2889);
#2889 = DEFINITIONAL_REPRESENTATION('',(#2890),#2894);
#2890 = CIRCLE('',#2891,1.025);
#2891 = AXIS2_PLACEMENT_2D('',#2892,#2893);
#2892 = CARTESIAN_POINT('',(0.,0.));
#2893 = DIRECTION('',(1.,0.));
#2894 = ( GEOMETRIC_REPRESENTATION_CONTEXT(2) 
PARAMETRIC_REPRESENTATION_CONTEXT() REPRESENTATION_CONTEXT('2D SPACE',''
  ) );
#2895 = ORIENTED_EDGE('',*,*,#1135,.T.);
#2896 = ADVANCED_FACE('',(#2897),#1123,.T.);
#2897 = FACE_BOUND('',#2898,.T.);
#2898 = EDGE_LOOP('',(#2899,#2900));
#2899 = ORIENTED_EDGE('',*,*,#1107,.T.);
#2900 = ORIENTED_EDGE('',*,*,#2874,.T.);
#2901 = ADVANCED_FACE('',(#2902),#1487,.T.);
#2902 = FACE_BOUND('',#2903,.T.);
#2903 = EDGE_LOOP('',(#2904,#2905,#2906,#2927));
#2904 = ORIENTED_EDGE('',*,*,#1548,.T.);
#2905 = ORIENTED_EDGE('',*,*,#1471,.F.);
#2906 = ORIENTED_EDGE('',*,*,#2907,.F.);
#2907 = EDGE_CURVE('',#1621,#1443,#2908,.T.);
#2908 = SURFACE_CURVE('',#2909,(#2913,#2920),.PCURVE_S1.);
#2909 = LINE('',#2910,#2911);
#2910 = CARTESIAN_POINT('',(-3.6,119.57306778009,-2.4));
#2911 = VECTOR('',#2912,1.);
#2912 = DIRECTION('',(0.,-1.224646799147E-16,-1.));
#2913 = PCURVE('',#1487,#2914);
#2914 = DEFINITIONAL_REPRESENTATION('',(#2915),#2919);
#2915 = LINE('',#2916,#2917);
#2916 = CARTESIAN_POINT('',(0.1,-134.0269322199));
#2917 = VECTOR('',#2918,1.);
#2918 = DIRECTION('',(1.,0.));
#2919 = ( GEOMETRIC_REPRESENTATION_CONTEXT(2) 
PARAMETRIC_REPRESENTATION_CONTEXT() REPRESENTATION_CONTEXT('2D SPACE',''
  ) );
#2920 = PCURVE('',#1637,#2921);
#2921 = DEFINITIONAL_REPRESENTATION('',(#2922),#2926);
#2922 = LINE('',#2923,#2924);
#2923 = CARTESIAN_POINT('',(1.813162177834,0.));
#2924 = VECTOR('',#2925,1.);
#2925 = DIRECTION('',(0.,1.));
#2926 = ( GEOMETRIC_REPRESENTATION_CONTEXT(2) 
PARAMETRIC_REPRESENTATION_CONTEXT() REPRESENTATION_CONTEXT('2D SPACE',''
  ) );
#2927 = ORIENTED_EDGE('',*,*,#1649,.F.);
#2928 = ADVANCED_FACE('',(#2929),#1459,.T.);
#2929 = FACE_BOUND('',#2930,.T.);
#2930 = EDGE_LOOP('',(#2931,#2959,#2960,#2983));
#2931 = ORIENTED_EDGE('',*,*,#2932,.T.);
#2932 = EDGE_CURVE('',#2933,#1443,#2935,.T.);
#2933 = VERTEX_POINT('',#2934);
#2934 = CARTESIAN_POINT('',(-3.6,121.16896149307,-32.6));
#2935 = SURFACE_CURVE('',#2936,(#2940,#2947),.PCURVE_S1.);
#2936 = LINE('',#2937,#2938);
#2937 = CARTESIAN_POINT('',(-3.6,254.8,-32.6));
#2938 = VECTOR('',#2939,1.);
#2939 = DIRECTION('',(0.,-1.,1.224646799147E-16));
#2940 = PCURVE('',#1459,#2941);
#2941 = DEFINITIONAL_REPRESENTATION('',(#2942),#2946);
#2942 = LINE('',#2943,#2944);
#2943 = CARTESIAN_POINT('',(2.4,1.2));
#2944 = VECTOR('',#2945,1.);
#2945 = DIRECTION('',(0.,1.));
#2946 = ( GEOMETRIC_REPRESENTATION_CONTEXT(2) 
PARAMETRIC_REPRESENTATION_CONTEXT() REPRESENTATION_CONTEXT('2D SPACE',''
  ) );
#2947 = PCURVE('',#2948,#2953);
#2948 = PLANE('',#2949);
#2949 = AXIS2_PLACEMENT_3D('',#2950,#2951,#2952);
#2950 = CARTESIAN_POINT('',(-3.,122.,-32.6));
#2951 = DIRECTION('',(0.,-1.224646799147E-16,-1.));
#2952 = DIRECTION('',(1.,0.,0.));
#2953 = DEFINITIONAL_REPRESENTATION('',(#2954),#2958);
#2954 = LINE('',#2955,#2956);
#2955 = CARTESIAN_POINT('',(-0.6,-132.8));
#2956 = VECTOR('',#2957,1.);
#2957 = DIRECTION('',(0.,1.));
#2958 = ( GEOMETRIC_REPRESENTATION_CONTEXT(2) 
PARAMETRIC_REPRESENTATION_CONTEXT() REPRESENTATION_CONTEXT('2D SPACE',''
  ) );
#2959 = ORIENTED_EDGE('',*,*,#1442,.T.);
#2960 = ORIENTED_EDGE('',*,*,#2961,.T.);
#2961 = EDGE_CURVE('',#1415,#2962,#2964,.T.);
#2962 = VERTEX_POINT('',#2963);
#2963 = CARTESIAN_POINT('',(-3.6,122.83103850693,-32.6));
#2964 = SURFACE_CURVE('',#2965,(#2969,#2976),.PCURVE_S1.);
#2965 = LINE('',#2966,#2967);
#2966 = CARTESIAN_POINT('',(-3.6,254.8,-32.6));
#2967 = VECTOR('',#2968,1.);
#2968 = DIRECTION('',(0.,-1.,1.224646799147E-16));
#2969 = PCURVE('',#1459,#2970);
#2970 = DEFINITIONAL_REPRESENTATION('',(#2971),#2975);
#2971 = LINE('',#2972,#2973);
#2972 = CARTESIAN_POINT('',(2.4,1.2));
#2973 = VECTOR('',#2974,1.);
#2974 = DIRECTION('',(0.,1.));
#2975 = ( GEOMETRIC_REPRESENTATION_CONTEXT(2) 
PARAMETRIC_REPRESENTATION_CONTEXT() REPRESENTATION_CONTEXT('2D SPACE',''
  ) );
#2976 = PCURVE('',#2948,#2977);
#2977 = DEFINITIONAL_REPRESENTATION('',(#2978),#2982);
#2978 = LINE('',#2979,#2980);
#2979 = CARTESIAN_POINT('',(-0.6,-132.8));
#2980 = VECTOR('',#2981,1.);
#2981 = DIRECTION('',(0.,1.));
#2982 = ( GEOMETRIC_REPRESENTATION_CONTEXT(2) 
PARAMETRIC_REPRESENTATION_CONTEXT() REPRESENTATION_CONTEXT('2D SPACE',''
  ) );
#2983 = ORIENTED_EDGE('',*,*,#2984,.F.);
#2984 = EDGE_CURVE('',#2933,#2962,#2985,.T.);
#2985 = SURFACE_CURVE('',#2986,(#2991,#2998),.PCURVE_S1.);
#2986 = CIRCLE('',#2987,1.025);
#2987 = AXIS2_PLACEMENT_3D('',#2988,#2989,#2990);
#2988 = CARTESIAN_POINT('',(-3.,122.,-32.6));
#2989 = DIRECTION('',(0.,-1.224646799147E-16,-1.));
#2990 = DIRECTION('',(1.,0.,0.));
#2991 = PCURVE('',#1459,#2992);
#2992 = DEFINITIONAL_REPRESENTATION('',(#2993),#2997);
#2993 = CIRCLE('',#2994,1.025);
#2994 = AXIS2_PLACEMENT_2D('',#2995,#2996);
#2995 = CARTESIAN_POINT('',(3.,134.));
#2996 = DIRECTION('',(1.,0.));
#2997 = ( GEOMETRIC_REPRESENTATION_CONTEXT(2) 
PARAMETRIC_REPRESENTATION_CONTEXT() REPRESENTATION_CONTEXT('2D SPACE',''
  ) );
#2998 = PCURVE('',#2999,#3004);
#2999 = PLANE('',#3000);
#3000 = AXIS2_PLACEMENT_3D('',#3001,#3002,#3003);
#3001 = CARTESIAN_POINT('',(-6.,256.,-32.6));
#3002 = DIRECTION('',(0.,-1.224646799147E-16,-1.));
#3003 = DIRECTION('',(1.,0.,0.));
#3004 = DEFINITIONAL_REPRESENTATION('',(#3005),#3009);
#3005 = CIRCLE('',#3006,1.025);
#3006 = AXIS2_PLACEMENT_2D('',#3007,#3008);
#3007 = CARTESIAN_POINT('',(3.,134.));
#3008 = DIRECTION('',(1.,0.));
#3009 = ( GEOMETRIC_REPRESENTATION_CONTEXT(2) 
PARAMETRIC_REPRESENTATION_CONTEXT() REPRESENTATION_CONTEXT('2D SPACE',''
  ) );
#3010 = ADVANCED_FACE('',(#3011),#1430,.T.);
#3011 = FACE_BOUND('',#3012,.T.);
#3012 = EDGE_LOOP('',(#3013,#3034,#3035,#3056,#3057,#3058,#3059,#3080));
#3013 = ORIENTED_EDGE('',*,*,#3014,.F.);
#3014 = EDGE_CURVE('',#1916,#1386,#3015,.T.);
#3015 = SURFACE_CURVE('',#3016,(#3020,#3027),.PCURVE_S1.);
#3016 = LINE('',#3017,#3018);
#3017 = CARTESIAN_POINT('',(-3.6,248.57306778009,-2.4));
#3018 = VECTOR('',#3019,1.);
#3019 = DIRECTION('',(0.,-1.224646799147E-16,-1.));
#3020 = PCURVE('',#1430,#3021);
#3021 = DEFINITIONAL_REPRESENTATION('',(#3022),#3026);
#3022 = LINE('',#3023,#3024);
#3023 = CARTESIAN_POINT('',(0.1,-5.026932219902));
#3024 = VECTOR('',#3025,1.);
#3025 = DIRECTION('',(1.,0.));
#3026 = ( GEOMETRIC_REPRESENTATION_CONTEXT(2) 
PARAMETRIC_REPRESENTATION_CONTEXT() REPRESENTATION_CONTEXT('2D SPACE',''
  ) );
#3027 = PCURVE('',#1955,#3028);
#3028 = DEFINITIONAL_REPRESENTATION('',(#3029),#3033);
#3029 = LINE('',#3030,#3031);
#3030 = CARTESIAN_POINT('',(1.813162177834,0.));
#3031 = VECTOR('',#3032,1.);
#3032 = DIRECTION('',(0.,1.));
#3033 = ( GEOMETRIC_REPRESENTATION_CONTEXT(2) 
PARAMETRIC_REPRESENTATION_CONTEXT() REPRESENTATION_CONTEXT('2D SPACE',''
  ) );
#3034 = ORIENTED_EDGE('',*,*,#1915,.T.);
#3035 = ORIENTED_EDGE('',*,*,#3036,.T.);
#3036 = EDGE_CURVE('',#1892,#1726,#3037,.T.);
#3037 = SURFACE_CURVE('',#3038,(#3042,#3049),.PCURVE_S1.);
#3038 = LINE('',#3039,#3040);
#3039 = CARTESIAN_POINT('',(-3.6,124.4269322199,-2.4));
#3040 = VECTOR('',#3041,1.);
#3041 = DIRECTION('',(0.,-1.224646799147E-16,-1.));
#3042 = PCURVE('',#1430,#3043);
#3043 = DEFINITIONAL_REPRESENTATION('',(#3044),#3048);
#3044 = LINE('',#3045,#3046);
#3045 = CARTESIAN_POINT('',(1.E-01,-129.17306778));
#3046 = VECTOR('',#3047,1.);
#3047 = DIRECTION('',(1.,0.));
#3048 = ( GEOMETRIC_REPRESENTATION_CONTEXT(2) 
PARAMETRIC_REPRESENTATION_CONTEXT() REPRESENTATION_CONTEXT('2D SPACE',''
  ) );
#3049 = PCURVE('',#1637,#3050);
#3050 = DEFINITIONAL_REPRESENTATION('',(#3051),#3055);
#3051 = LINE('',#3052,#3053);
#3052 = CARTESIAN_POINT('',(4.470023129346,0.));
#3053 = VECTOR('',#3054,1.);
#3054 = DIRECTION('',(0.,1.));
#3055 = ( GEOMETRIC_REPRESENTATION_CONTEXT(2) 
PARAMETRIC_REPRESENTATION_CONTEXT() REPRESENTATION_CONTEXT('2D SPACE',''
  ) );
#3056 = ORIENTED_EDGE('',*,*,#1725,.T.);
#3057 = ORIENTED_EDGE('',*,*,#1698,.T.);
#3058 = ORIENTED_EDGE('',*,*,#1597,.F.);
#3059 = ORIENTED_EDGE('',*,*,#3060,.T.);
#3060 = EDGE_CURVE('',#1598,#1415,#3061,.T.);
#3061 = SURFACE_CURVE('',#3062,(#3066,#3073),.PCURVE_S1.);
#3062 = LINE('',#3063,#3064);
#3063 = CARTESIAN_POINT('',(-3.6,124.4269322199,-2.4));
#3064 = VECTOR('',#3065,1.);
#3065 = DIRECTION('',(0.,-1.224646799147E-16,-1.));
#3066 = PCURVE('',#1430,#3067);
#3067 = DEFINITIONAL_REPRESENTATION('',(#3068),#3072);
#3068 = LINE('',#3069,#3070);
#3069 = CARTESIAN_POINT('',(1.E-01,-129.17306778));
#3070 = VECTOR('',#3071,1.);
#3071 = DIRECTION('',(1.,0.));
#3072 = ( GEOMETRIC_REPRESENTATION_CONTEXT(2) 
PARAMETRIC_REPRESENTATION_CONTEXT() REPRESENTATION_CONTEXT('2D SPACE',''
  ) );
#3073 = PCURVE('',#1637,#3074);
#3074 = DEFINITIONAL_REPRESENTATION('',(#3075),#3079);
#3075 = LINE('',#3076,#3077);
#3076 = CARTESIAN_POINT('',(4.470023129346,0.));
#3077 = VECTOR('',#3078,1.);
#3078 = DIRECTION('',(0.,1.));
#3079 = ( GEOMETRIC_REPRESENTATION_CONTEXT(2) 
PARAMETRIC_REPRESENTATION_CONTEXT() REPRESENTATION_CONTEXT('2D SPACE',''
  ) );
#3080 = ORIENTED_EDGE('',*,*,#1414,.F.);
#3081 = ADVANCED_FACE('',(#3082),#1402,.T.);
#3082 = FACE_BOUND('',#3083,.T.);
#3083 = EDGE_LOOP('',(#3084,#3112,#3113,#3136));
#3084 = ORIENTED_EDGE('',*,*,#3085,.T.);
#3085 = EDGE_CURVE('',#3086,#1386,#3088,.T.);
#3086 = VERTEX_POINT('',#3087);
#3087 = CARTESIAN_POINT('',(-3.6,250.16896149307,-32.6));
#3088 = SURFACE_CURVE('',#3089,(#3093,#3100),.PCURVE_S1.);
#3089 = LINE('',#3090,#3091);
#3090 = CARTESIAN_POINT('',(-3.6,254.8,-32.6));
#3091 = VECTOR('',#3092,1.);
#3092 = DIRECTION('',(0.,-1.,1.224646799147E-16));
#3093 = PCURVE('',#1402,#3094);
#3094 = DEFINITIONAL_REPRESENTATION('',(#3095),#3099);
#3095 = LINE('',#3096,#3097);
#3096 = CARTESIAN_POINT('',(2.4,1.2));
#3097 = VECTOR('',#3098,1.);
#3098 = DIRECTION('',(0.,1.));
#3099 = ( GEOMETRIC_REPRESENTATION_CONTEXT(2) 
PARAMETRIC_REPRESENTATION_CONTEXT() REPRESENTATION_CONTEXT('2D SPACE',''
  ) );
#3100 = PCURVE('',#3101,#3106);
#3101 = PLANE('',#3102);
#3102 = AXIS2_PLACEMENT_3D('',#3103,#3104,#3105);
#3103 = CARTESIAN_POINT('',(-3.,251.,-32.6));
#3104 = DIRECTION('',(0.,-1.224646799147E-16,-1.));
#3105 = DIRECTION('',(1.,0.,0.));
#3106 = DEFINITIONAL_REPRESENTATION('',(#3107),#3111);
#3107 = LINE('',#3108,#3109);
#3108 = CARTESIAN_POINT('',(-0.6,-3.8));
#3109 = VECTOR('',#3110,1.);
#3110 = DIRECTION('',(0.,1.));
#3111 = ( GEOMETRIC_REPRESENTATION_CONTEXT(2) 
PARAMETRIC_REPRESENTATION_CONTEXT() REPRESENTATION_CONTEXT('2D SPACE',''
  ) );
#3112 = ORIENTED_EDGE('',*,*,#1385,.T.);
#3113 = ORIENTED_EDGE('',*,*,#3114,.T.);
#3114 = EDGE_CURVE('',#1358,#3115,#3117,.T.);
#3115 = VERTEX_POINT('',#3116);
#3116 = CARTESIAN_POINT('',(-3.6,251.83103850693,-32.6));
#3117 = SURFACE_CURVE('',#3118,(#3122,#3129),.PCURVE_S1.);
#3118 = LINE('',#3119,#3120);
#3119 = CARTESIAN_POINT('',(-3.6,254.8,-32.6));
#3120 = VECTOR('',#3121,1.);
#3121 = DIRECTION('',(0.,-1.,1.224646799147E-16));
#3122 = PCURVE('',#1402,#3123);
#3123 = DEFINITIONAL_REPRESENTATION('',(#3124),#3128);
#3124 = LINE('',#3125,#3126);
#3125 = CARTESIAN_POINT('',(2.4,1.2));
#3126 = VECTOR('',#3127,1.);
#3127 = DIRECTION('',(0.,1.));
#3128 = ( GEOMETRIC_REPRESENTATION_CONTEXT(2) 
PARAMETRIC_REPRESENTATION_CONTEXT() REPRESENTATION_CONTEXT('2D SPACE',''
  ) );
#3129 = PCURVE('',#3101,#3130);
#3130 = DEFINITIONAL_REPRESENTATION('',(#3131),#3135);
#3131 = LINE('',#3132,#3133);
#3132 = CARTESIAN_POINT('',(-0.6,-3.8));
#3133 = VECTOR('',#3134,1.);
#3134 = DIRECTION('',(0.,1.));
#3135 = ( GEOMETRIC_REPRESENTATION_CONTEXT(2) 
PARAMETRIC_REPRESENTATION_CONTEXT() REPRESENTATION_CONTEXT('2D SPACE',''
  ) );
#3136 = ORIENTED_EDGE('',*,*,#3137,.F.);
#3137 = EDGE_CURVE('',#3086,#3115,#3138,.T.);
#3138 = SURFACE_CURVE('',#3139,(#3144,#3151),.PCURVE_S1.);
#3139 = CIRCLE('',#3140,1.025);
#3140 = AXIS2_PLACEMENT_3D('',#3141,#3142,#3143);
#3141 = CARTESIAN_POINT('',(-3.,251.,-32.6));
#3142 = DIRECTION('',(0.,-1.224646799147E-16,-1.));
#3143 = DIRECTION('',(1.,0.,0.));
#3144 = PCURVE('',#1402,#3145);
#3145 = DEFINITIONAL_REPRESENTATION('',(#3146),#3150);
#3146 = CIRCLE('',#3147,1.025);
#3147 = AXIS2_PLACEMENT_2D('',#3148,#3149);
#3148 = CARTESIAN_POINT('',(3.,5.));
#3149 = DIRECTION('',(1.,0.));
#3150 = ( GEOMETRIC_REPRESENTATION_CONTEXT(2) 
PARAMETRIC_REPRESENTATION_CONTEXT() REPRESENTATION_CONTEXT('2D SPACE',''
  ) );
#3151 = PCURVE('',#3152,#3157);
#3152 = PLANE('',#3153);
#3153 = AXIS2_PLACEMENT_3D('',#3154,#3155,#3156);
#3154 = CARTESIAN_POINT('',(-6.,256.,-32.6));
#3155 = DIRECTION('',(0.,-1.224646799147E-16,-1.));
#3156 = DIRECTION('',(1.,0.,0.));
#3157 = DEFINITIONAL_REPRESENTATION('',(#3158),#3162);
#3158 = CIRCLE('',#3159,1.025);
#3159 = AXIS2_PLACEMENT_2D('',#3160,#3161);
#3160 = CARTESIAN_POINT('',(3.,5.));
#3161 = DIRECTION('',(1.,0.));
#3162 = ( GEOMETRIC_REPRESENTATION_CONTEXT(2) 
PARAMETRIC_REPRESENTATION_CONTEXT() REPRESENTATION_CONTEXT('2D SPACE',''
  ) );
#3163 = ADVANCED_FACE('',(#3164),#1373,.T.);
#3164 = FACE_BOUND('',#3165,.T.);
#3165 = EDGE_LOOP('',(#3166,#3167,#3168,#3189));
#3166 = ORIENTED_EDGE('',*,*,#2791,.F.);
#3167 = ORIENTED_EDGE('',*,*,#1996,.T.);
#3168 = ORIENTED_EDGE('',*,*,#3169,.T.);
#3169 = EDGE_CURVE('',#1968,#1358,#3170,.T.);
#3170 = SURFACE_CURVE('',#3171,(#3175,#3182),.PCURVE_S1.);
#3171 = LINE('',#3172,#3173);
#3172 = CARTESIAN_POINT('',(-3.6,253.4269322199,-2.4));
#3173 = VECTOR('',#3174,1.);
#3174 = DIRECTION('',(0.,-1.224646799147E-16,-1.));
#3175 = PCURVE('',#1373,#3176);
#3176 = DEFINITIONAL_REPRESENTATION('',(#3177),#3181);
#3177 = LINE('',#3178,#3179);
#3178 = CARTESIAN_POINT('',(0.1,-0.173067780098));
#3179 = VECTOR('',#3180,1.);
#3180 = DIRECTION('',(1.,0.));
#3181 = ( GEOMETRIC_REPRESENTATION_CONTEXT(2) 
PARAMETRIC_REPRESENTATION_CONTEXT() REPRESENTATION_CONTEXT('2D SPACE',''
  ) );
#3182 = PCURVE('',#1984,#3183);
#3183 = DEFINITIONAL_REPRESENTATION('',(#3184),#3188);
#3184 = LINE('',#3185,#3186);
#3185 = CARTESIAN_POINT('',(4.470023129346,0.));
#3186 = VECTOR('',#3187,1.);
#3187 = DIRECTION('',(0.,1.));
#3188 = ( GEOMETRIC_REPRESENTATION_CONTEXT(2) 
PARAMETRIC_REPRESENTATION_CONTEXT() REPRESENTATION_CONTEXT('2D SPACE',''
  ) );
#3189 = ORIENTED_EDGE('',*,*,#1357,.F.);
#3190 = ADVANCED_FACE('',(#3191),#1637,.T.);
#3191 = FACE_BOUND('',#3192,.T.);
#3192 = EDGE_LOOP('',(#3193,#3216,#3238,#3239,#3240,#3241,#3263,#3264,
    #3265,#3266,#3267,#3268));
#3193 = ORIENTED_EDGE('',*,*,#3194,.T.);
#3194 = EDGE_CURVE('',#1868,#3195,#3197,.T.);
#3195 = VERTEX_POINT('',#3196);
#3196 = CARTESIAN_POINT('',(-0.5,122.,-32.6));
#3197 = SEAM_CURVE('',#3198,(#3202,#3209),.PCURVE_S1.);
#3198 = LINE('',#3199,#3200);
#3199 = CARTESIAN_POINT('',(-0.5,122.,-2.4));
#3200 = VECTOR('',#3201,1.);
#3201 = DIRECTION('',(0.,-1.224646799147E-16,-1.));
#3202 = PCURVE('',#1637,#3203);
#3203 = DEFINITIONAL_REPRESENTATION('',(#3204),#3208);
#3204 = LINE('',#3205,#3206);
#3205 = CARTESIAN_POINT('',(6.28318530718,-0.));
#3206 = VECTOR('',#3207,1.);
#3207 = DIRECTION('',(0.,1.));
#3208 = ( GEOMETRIC_REPRESENTATION_CONTEXT(2) 
PARAMETRIC_REPRESENTATION_CONTEXT() REPRESENTATION_CONTEXT('2D SPACE',''
  ) );
#3209 = PCURVE('',#1637,#3210);
#3210 = DEFINITIONAL_REPRESENTATION('',(#3211),#3215);
#3211 = LINE('',#3212,#3213);
#3212 = CARTESIAN_POINT('',(0.,-0.));
#3213 = VECTOR('',#3214,1.);
#3214 = DIRECTION('',(0.,1.));
#3215 = ( GEOMETRIC_REPRESENTATION_CONTEXT(2) 
PARAMETRIC_REPRESENTATION_CONTEXT() REPRESENTATION_CONTEXT('2D SPACE',''
  ) );
#3216 = ORIENTED_EDGE('',*,*,#3217,.F.);
#3217 = EDGE_CURVE('',#1415,#3195,#3218,.T.);
#3218 = SURFACE_CURVE('',#3219,(#3224,#3231),.PCURVE_S1.);
#3219 = CIRCLE('',#3220,2.5);
#3220 = AXIS2_PLACEMENT_3D('',#3221,#3222,#3223);
#3221 = CARTESIAN_POINT('',(-3.,122.,-32.6));
#3222 = DIRECTION('',(0.,-1.224646799147E-16,-1.));
#3223 = DIRECTION('',(1.,0.,0.));
#3224 = PCURVE('',#1637,#3225);
#3225 = DEFINITIONAL_REPRESENTATION('',(#3226),#3230);
#3226 = LINE('',#3227,#3228);
#3227 = CARTESIAN_POINT('',(0.,30.2));
#3228 = VECTOR('',#3229,1.);
#3229 = DIRECTION('',(1.,0.));
#3230 = ( GEOMETRIC_REPRESENTATION_CONTEXT(2) 
PARAMETRIC_REPRESENTATION_CONTEXT() REPRESENTATION_CONTEXT('2D SPACE',''
  ) );
#3231 = PCURVE('',#2948,#3232);
#3232 = DEFINITIONAL_REPRESENTATION('',(#3233),#3237);
#3233 = CIRCLE('',#3234,2.5);
#3234 = AXIS2_PLACEMENT_2D('',#3235,#3236);
#3235 = CARTESIAN_POINT('',(0.,0.));
#3236 = DIRECTION('',(1.,0.));
#3237 = ( GEOMETRIC_REPRESENTATION_CONTEXT(2) 
PARAMETRIC_REPRESENTATION_CONTEXT() REPRESENTATION_CONTEXT('2D SPACE',''
  ) );
#3238 = ORIENTED_EDGE('',*,*,#3060,.F.);
#3239 = ORIENTED_EDGE('',*,*,#1620,.F.);
#3240 = ORIENTED_EDGE('',*,*,#2907,.T.);
#3241 = ORIENTED_EDGE('',*,*,#3242,.F.);
#3242 = EDGE_CURVE('',#3195,#1443,#3243,.T.);
#3243 = SURFACE_CURVE('',#3244,(#3249,#3256),.PCURVE_S1.);
#3244 = CIRCLE('',#3245,2.5);
#3245 = AXIS2_PLACEMENT_3D('',#3246,#3247,#3248);
#3246 = CARTESIAN_POINT('',(-3.,122.,-32.6));
#3247 = DIRECTION('',(0.,-1.224646799147E-16,-1.));
#3248 = DIRECTION('',(1.,0.,0.));
#3249 = PCURVE('',#1637,#3250);
#3250 = DEFINITIONAL_REPRESENTATION('',(#3251),#3255);
#3251 = LINE('',#3252,#3253);
#3252 = CARTESIAN_POINT('',(0.,30.2));
#3253 = VECTOR('',#3254,1.);
#3254 = DIRECTION('',(1.,0.));
#3255 = ( GEOMETRIC_REPRESENTATION_CONTEXT(2) 
PARAMETRIC_REPRESENTATION_CONTEXT() REPRESENTATION_CONTEXT('2D SPACE',''
  ) );
#3256 = PCURVE('',#2948,#3257);
#3257 = DEFINITIONAL_REPRESENTATION('',(#3258),#3262);
#3258 = CIRCLE('',#3259,2.5);
#3259 = AXIS2_PLACEMENT_2D('',#3260,#3261);
#3260 = CARTESIAN_POINT('',(0.,0.));
#3261 = DIRECTION('',(1.,0.));
#3262 = ( GEOMETRIC_REPRESENTATION_CONTEXT(2) 
PARAMETRIC_REPRESENTATION_CONTEXT() REPRESENTATION_CONTEXT('2D SPACE',''
  ) );
#3263 = ORIENTED_EDGE('',*,*,#3194,.F.);
#3264 = ORIENTED_EDGE('',*,*,#1867,.T.);
#3265 = ORIENTED_EDGE('',*,*,#2384,.T.);
#3266 = ORIENTED_EDGE('',*,*,#1748,.T.);
#3267 = ORIENTED_EDGE('',*,*,#3036,.F.);
#3268 = ORIENTED_EDGE('',*,*,#1891,.T.);
#3269 = ADVANCED_FACE('',(#3270),#1984,.T.);
#3270 = FACE_BOUND('',#3271,.T.);
#3271 = EDGE_LOOP('',(#3272,#3295,#3317,#3318));
#3272 = ORIENTED_EDGE('',*,*,#3273,.T.);
#3273 = EDGE_CURVE('',#1939,#3274,#3276,.T.);
#3274 = VERTEX_POINT('',#3275);
#3275 = CARTESIAN_POINT('',(-0.5,251.,-32.6));
#3276 = SURFACE_CURVE('',#3277,(#3281,#3288),.PCURVE_S1.);
#3277 = LINE('',#3278,#3279);
#3278 = CARTESIAN_POINT('',(-0.5,251.,-2.4));
#3279 = VECTOR('',#3280,1.);
#3280 = DIRECTION('',(0.,-1.224646799147E-16,-1.));
#3281 = PCURVE('',#1984,#3282);
#3282 = DEFINITIONAL_REPRESENTATION('',(#3283),#3287);
#3283 = LINE('',#3284,#3285);
#3284 = CARTESIAN_POINT('',(6.28318530718,-0.));
#3285 = VECTOR('',#3286,1.);
#3286 = DIRECTION('',(0.,1.));
#3287 = ( GEOMETRIC_REPRESENTATION_CONTEXT(2) 
PARAMETRIC_REPRESENTATION_CONTEXT() REPRESENTATION_CONTEXT('2D SPACE',''
  ) );
#3288 = PCURVE('',#1955,#3289);
#3289 = DEFINITIONAL_REPRESENTATION('',(#3290),#3294);
#3290 = LINE('',#3291,#3292);
#3291 = CARTESIAN_POINT('',(0.,-0.));
#3292 = VECTOR('',#3293,1.);
#3293 = DIRECTION('',(0.,1.));
#3294 = ( GEOMETRIC_REPRESENTATION_CONTEXT(2) 
PARAMETRIC_REPRESENTATION_CONTEXT() REPRESENTATION_CONTEXT('2D SPACE',''
  ) );
#3295 = ORIENTED_EDGE('',*,*,#3296,.F.);
#3296 = EDGE_CURVE('',#1358,#3274,#3297,.T.);
#3297 = SURFACE_CURVE('',#3298,(#3303,#3310),.PCURVE_S1.);
#3298 = CIRCLE('',#3299,2.5);
#3299 = AXIS2_PLACEMENT_3D('',#3300,#3301,#3302);
#3300 = CARTESIAN_POINT('',(-3.,251.,-32.6));
#3301 = DIRECTION('',(0.,-1.224646799147E-16,-1.));
#3302 = DIRECTION('',(1.,0.,0.));
#3303 = PCURVE('',#1984,#3304);
#3304 = DEFINITIONAL_REPRESENTATION('',(#3305),#3309);
#3305 = LINE('',#3306,#3307);
#3306 = CARTESIAN_POINT('',(0.,30.2));
#3307 = VECTOR('',#3308,1.);
#3308 = DIRECTION('',(1.,0.));
#3309 = ( GEOMETRIC_REPRESENTATION_CONTEXT(2) 
PARAMETRIC_REPRESENTATION_CONTEXT() REPRESENTATION_CONTEXT('2D SPACE',''
  ) );
#3310 = PCURVE('',#3101,#3311);
#3311 = DEFINITIONAL_REPRESENTATION('',(#3312),#3316);
#3312 = CIRCLE('',#3313,2.5);
#3313 = AXIS2_PLACEMENT_2D('',#3314,#3315);
#3314 = CARTESIAN_POINT('',(0.,0.));
#3315 = DIRECTION('',(1.,0.));
#3316 = ( GEOMETRIC_REPRESENTATION_CONTEXT(2) 
PARAMETRIC_REPRESENTATION_CONTEXT() REPRESENTATION_CONTEXT('2D SPACE',''
  ) );
#3317 = ORIENTED_EDGE('',*,*,#3169,.F.);
#3318 = ORIENTED_EDGE('',*,*,#1967,.T.);
#3319 = ADVANCED_FACE('',(#3320),#1955,.T.);
#3320 = FACE_BOUND('',#3321,.T.);
#3321 = EDGE_LOOP('',(#3322,#3344,#3345,#3346));
#3322 = ORIENTED_EDGE('',*,*,#3323,.F.);
#3323 = EDGE_CURVE('',#3274,#1386,#3324,.T.);
#3324 = SURFACE_CURVE('',#3325,(#3330,#3337),.PCURVE_S1.);
#3325 = CIRCLE('',#3326,2.5);
#3326 = AXIS2_PLACEMENT_3D('',#3327,#3328,#3329);
#3327 = CARTESIAN_POINT('',(-3.,251.,-32.6));
#3328 = DIRECTION('',(0.,-1.224646799147E-16,-1.));
#3329 = DIRECTION('',(1.,0.,0.));
#3330 = PCURVE('',#1955,#3331);
#3331 = DEFINITIONAL_REPRESENTATION('',(#3332),#3336);
#3332 = LINE('',#3333,#3334);
#3333 = CARTESIAN_POINT('',(0.,30.2));
#3334 = VECTOR('',#3335,1.);
#3335 = DIRECTION('',(1.,0.));
#3336 = ( GEOMETRIC_REPRESENTATION_CONTEXT(2) 
PARAMETRIC_REPRESENTATION_CONTEXT() REPRESENTATION_CONTEXT('2D SPACE',''
  ) );
#3337 = PCURVE('',#3101,#3338);
#3338 = DEFINITIONAL_REPRESENTATION('',(#3339),#3343);
#3339 = CIRCLE('',#3340,2.5);
#3340 = AXIS2_PLACEMENT_2D('',#3341,#3342);
#3341 = CARTESIAN_POINT('',(0.,0.));
#3342 = DIRECTION('',(1.,0.));
#3343 = ( GEOMETRIC_REPRESENTATION_CONTEXT(2) 
PARAMETRIC_REPRESENTATION_CONTEXT() REPRESENTATION_CONTEXT('2D SPACE',''
  ) );
#3344 = ORIENTED_EDGE('',*,*,#3273,.F.);
#3345 = ORIENTED_EDGE('',*,*,#1938,.T.);
#3346 = ORIENTED_EDGE('',*,*,#3014,.T.);
#3347 = ADVANCED_FACE('',(#3348),#2948,.T.);
#3348 = FACE_BOUND('',#3349,.T.);
#3349 = EDGE_LOOP('',(#3350,#3351,#3352,#3353,#3382,#3409));
#3350 = ORIENTED_EDGE('',*,*,#3217,.T.);
#3351 = ORIENTED_EDGE('',*,*,#3242,.T.);
#3352 = ORIENTED_EDGE('',*,*,#2932,.F.);
#3353 = ORIENTED_EDGE('',*,*,#3354,.F.);
#3354 = EDGE_CURVE('',#3355,#2933,#3357,.T.);
#3355 = VERTEX_POINT('',#3356);
#3356 = CARTESIAN_POINT('',(-1.975,122.,-32.6));
#3357 = SURFACE_CURVE('',#3358,(#3363,#3370),.PCURVE_S1.);
#3358 = CIRCLE('',#3359,1.025);
#3359 = AXIS2_PLACEMENT_3D('',#3360,#3361,#3362);
#3360 = CARTESIAN_POINT('',(-3.,122.,-32.6));
#3361 = DIRECTION('',(0.,-1.224646799147E-16,-1.));
#3362 = DIRECTION('',(1.,0.,0.));
#3363 = PCURVE('',#2948,#3364);
#3364 = DEFINITIONAL_REPRESENTATION('',(#3365),#3369);
#3365 = CIRCLE('',#3366,1.025);
#3366 = AXIS2_PLACEMENT_2D('',#3367,#3368);
#3367 = CARTESIAN_POINT('',(0.,0.));
#3368 = DIRECTION('',(1.,0.));
#3369 = ( GEOMETRIC_REPRESENTATION_CONTEXT(2) 
PARAMETRIC_REPRESENTATION_CONTEXT() REPRESENTATION_CONTEXT('2D SPACE',''
  ) );
#3370 = PCURVE('',#3371,#3376);
#3371 = CYLINDRICAL_SURFACE('',#3372,1.025);
#3372 = AXIS2_PLACEMENT_3D('',#3373,#3374,#3375);
#3373 = CARTESIAN_POINT('',(-3.,122.,-26.));
#3374 = DIRECTION('',(0.,-1.224646799147E-16,-1.));
#3375 = DIRECTION('',(1.,0.,0.));
#3376 = DEFINITIONAL_REPRESENTATION('',(#3377),#3381);
#3377 = LINE('',#3378,#3379);
#3378 = CARTESIAN_POINT('',(0.,6.6));
#3379 = VECTOR('',#3380,1.);
#3380 = DIRECTION('',(1.,0.));
#3381 = ( GEOMETRIC_REPRESENTATION_CONTEXT(2) 
PARAMETRIC_REPRESENTATION_CONTEXT() REPRESENTATION_CONTEXT('2D SPACE',''
  ) );
#3382 = ORIENTED_EDGE('',*,*,#3383,.F.);
#3383 = EDGE_CURVE('',#2962,#3355,#3384,.T.);
#3384 = SURFACE_CURVE('',#3385,(#3390,#3397),.PCURVE_S1.);
#3385 = CIRCLE('',#3386,1.025);
#3386 = AXIS2_PLACEMENT_3D('',#3387,#3388,#3389);
#3387 = CARTESIAN_POINT('',(-3.,122.,-32.6));
#3388 = DIRECTION('',(0.,-1.224646799147E-16,-1.));
#3389 = DIRECTION('',(1.,0.,0.));
#3390 = PCURVE('',#2948,#3391);
#3391 = DEFINITIONAL_REPRESENTATION('',(#3392),#3396);
#3392 = CIRCLE('',#3393,1.025);
#3393 = AXIS2_PLACEMENT_2D('',#3394,#3395);
#3394 = CARTESIAN_POINT('',(0.,0.));
#3395 = DIRECTION('',(1.,0.));
#3396 = ( GEOMETRIC_REPRESENTATION_CONTEXT(2) 
PARAMETRIC_REPRESENTATION_CONTEXT() REPRESENTATION_CONTEXT('2D SPACE',''
  ) );
#3397 = PCURVE('',#3398,#3403);
#3398 = CYLINDRICAL_SURFACE('',#3399,1.025);
#3399 = AXIS2_PLACEMENT_3D('',#3400,#3401,#3402);
#3400 = CARTESIAN_POINT('',(-3.,122.,-26.));
#3401 = DIRECTION('',(0.,-1.224646799147E-16,-1.));
#3402 = DIRECTION('',(1.,0.,0.));
#3403 = DEFINITIONAL_REPRESENTATION('',(#3404),#3408);
#3404 = LINE('',#3405,#3406);
#3405 = CARTESIAN_POINT('',(0.,6.6));
#3406 = VECTOR('',#3407,1.);
#3407 = DIRECTION('',(1.,0.));
#3408 = ( GEOMETRIC_REPRESENTATION_CONTEXT(2) 
PARAMETRIC_REPRESENTATION_CONTEXT() REPRESENTATION_CONTEXT('2D SPACE',''
  ) );
#3409 = ORIENTED_EDGE('',*,*,#2961,.F.);
#3410 = ADVANCED_FACE('',(#3411),#2999,.T.);
#3411 = FACE_BOUND('',#3412,.T.);
#3412 = EDGE_LOOP('',(#3413,#3439));
#3413 = ORIENTED_EDGE('',*,*,#3414,.T.);
#3414 = EDGE_CURVE('',#2962,#2933,#3415,.T.);
#3415 = SURFACE_CURVE('',#3416,(#3420,#3427),.PCURVE_S1.);
#3416 = LINE('',#3417,#3418);
#3417 = CARTESIAN_POINT('',(-3.6,254.8,-32.6));
#3418 = VECTOR('',#3419,1.);
#3419 = DIRECTION('',(0.,-1.,1.224646799147E-16));
#3420 = PCURVE('',#2999,#3421);
#3421 = DEFINITIONAL_REPRESENTATION('',(#3422),#3426);
#3422 = LINE('',#3423,#3424);
#3423 = CARTESIAN_POINT('',(2.4,1.2));
#3424 = VECTOR('',#3425,1.);
#3425 = DIRECTION('',(0.,1.));
#3426 = ( GEOMETRIC_REPRESENTATION_CONTEXT(2) 
PARAMETRIC_REPRESENTATION_CONTEXT() REPRESENTATION_CONTEXT('2D SPACE',''
  ) );
#3427 = PCURVE('',#3428,#3433);
#3428 = PLANE('',#3429);
#3429 = AXIS2_PLACEMENT_3D('',#3430,#3431,#3432);
#3430 = CARTESIAN_POINT('',(-3.6,253.6,-2.3));
#3431 = DIRECTION('',(1.,0.,0.));
#3432 = DIRECTION('',(0.,-1.224646799147E-16,-1.));
#3433 = DEFINITIONAL_REPRESENTATION('',(#3434),#3438);
#3434 = LINE('',#3435,#3436);
#3435 = CARTESIAN_POINT('',(30.3,1.2));
#3436 = VECTOR('',#3437,1.);
#3437 = DIRECTION('',(0.,-1.));
#3438 = ( GEOMETRIC_REPRESENTATION_CONTEXT(2) 
PARAMETRIC_REPRESENTATION_CONTEXT() REPRESENTATION_CONTEXT('2D SPACE',''
  ) );
#3439 = ORIENTED_EDGE('',*,*,#2984,.T.);
#3440 = ADVANCED_FACE('',(#3441),#3101,.T.);
#3441 = FACE_BOUND('',#3442,.T.);
#3442 = EDGE_LOOP('',(#3443,#3444,#3445,#3446,#3475,#3502));
#3443 = ORIENTED_EDGE('',*,*,#3296,.T.);
#3444 = ORIENTED_EDGE('',*,*,#3323,.T.);
#3445 = ORIENTED_EDGE('',*,*,#3085,.F.);
#3446 = ORIENTED_EDGE('',*,*,#3447,.F.);
#3447 = EDGE_CURVE('',#3448,#3086,#3450,.T.);
#3448 = VERTEX_POINT('',#3449);
#3449 = CARTESIAN_POINT('',(-1.975,251.,-32.6));
#3450 = SURFACE_CURVE('',#3451,(#3456,#3463),.PCURVE_S1.);
#3451 = CIRCLE('',#3452,1.025);
#3452 = AXIS2_PLACEMENT_3D('',#3453,#3454,#3455);
#3453 = CARTESIAN_POINT('',(-3.,251.,-32.6));
#3454 = DIRECTION('',(0.,-1.224646799147E-16,-1.));
#3455 = DIRECTION('',(1.,0.,0.));
#3456 = PCURVE('',#3101,#3457);
#3457 = DEFINITIONAL_REPRESENTATION('',(#3458),#3462);
#3458 = CIRCLE('',#3459,1.025);
#3459 = AXIS2_PLACEMENT_2D('',#3460,#3461);
#3460 = CARTESIAN_POINT('',(0.,0.));
#3461 = DIRECTION('',(1.,0.));
#3462 = ( GEOMETRIC_REPRESENTATION_CONTEXT(2) 
PARAMETRIC_REPRESENTATION_CONTEXT() REPRESENTATION_CONTEXT('2D SPACE',''
  ) );
#3463 = PCURVE('',#3464,#3469);
#3464 = CYLINDRICAL_SURFACE('',#3465,1.025);
#3465 = AXIS2_PLACEMENT_3D('',#3466,#3467,#3468);
#3466 = CARTESIAN_POINT('',(-3.,251.,-26.));
#3467 = DIRECTION('',(0.,-1.224646799147E-16,-1.));
#3468 = DIRECTION('',(1.,0.,0.));
#3469 = DEFINITIONAL_REPRESENTATION('',(#3470),#3474);
#3470 = LINE('',#3471,#3472);
#3471 = CARTESIAN_POINT('',(0.,6.6));
#3472 = VECTOR('',#3473,1.);
#3473 = DIRECTION('',(1.,0.));
#3474 = ( GEOMETRIC_REPRESENTATION_CONTEXT(2) 
PARAMETRIC_REPRESENTATION_CONTEXT() REPRESENTATION_CONTEXT('2D SPACE',''
  ) );
#3475 = ORIENTED_EDGE('',*,*,#3476,.F.);
#3476 = EDGE_CURVE('',#3115,#3448,#3477,.T.);
#3477 = SURFACE_CURVE('',#3478,(#3483,#3490),.PCURVE_S1.);
#3478 = CIRCLE('',#3479,1.025);
#3479 = AXIS2_PLACEMENT_3D('',#3480,#3481,#3482);
#3480 = CARTESIAN_POINT('',(-3.,251.,-32.6));
#3481 = DIRECTION('',(0.,-1.224646799147E-16,-1.));
#3482 = DIRECTION('',(1.,0.,0.));
#3483 = PCURVE('',#3101,#3484);
#3484 = DEFINITIONAL_REPRESENTATION('',(#3485),#3489);
#3485 = CIRCLE('',#3486,1.025);
#3486 = AXIS2_PLACEMENT_2D('',#3487,#3488);
#3487 = CARTESIAN_POINT('',(0.,0.));
#3488 = DIRECTION('',(1.,0.));
#3489 = ( GEOMETRIC_REPRESENTATION_CONTEXT(2) 
PARAMETRIC_REPRESENTATION_CONTEXT() REPRESENTATION_CONTEXT('2D SPACE',''
  ) );
#3490 = PCURVE('',#3491,#3496);
#3491 = CYLINDRICAL_SURFACE('',#3492,1.025);
#3492 = AXIS2_PLACEMENT_3D('',#3493,#3494,#3495);
#3493 = CARTESIAN_POINT('',(-3.,251.,-26.));
#3494 = DIRECTION('',(0.,-1.224646799147E-16,-1.));
#3495 = DIRECTION('',(1.,0.,0.));
#3496 = DEFINITIONAL_REPRESENTATION('',(#3497),#3501);
#3497 = LINE('',#3498,#3499);
#3498 = CARTESIAN_POINT('',(0.,6.6));
#3499 = VECTOR('',#3500,1.);
#3500 = DIRECTION('',(1.,0.));
#3501 = ( GEOMETRIC_REPRESENTATION_CONTEXT(2) 
PARAMETRIC_REPRESENTATION_CONTEXT() REPRESENTATION_CONTEXT('2D SPACE',''
  ) );
#3502 = ORIENTED_EDGE('',*,*,#3114,.F.);
#3503 = ADVANCED_FACE('',(#3504),#3152,.T.);
#3504 = FACE_BOUND('',#3505,.T.);
#3505 = EDGE_LOOP('',(#3506,#3532));
#3506 = ORIENTED_EDGE('',*,*,#3507,.T.);
#3507 = EDGE_CURVE('',#3115,#3086,#3508,.T.);
#3508 = SURFACE_CURVE('',#3509,(#3513,#3520),.PCURVE_S1.);
#3509 = LINE('',#3510,#3511);
#3510 = CARTESIAN_POINT('',(-3.6,254.8,-32.6));
#3511 = VECTOR('',#3512,1.);
#3512 = DIRECTION('',(0.,-1.,1.224646799147E-16));
#3513 = PCURVE('',#3152,#3514);
#3514 = DEFINITIONAL_REPRESENTATION('',(#3515),#3519);
#3515 = LINE('',#3516,#3517);
#3516 = CARTESIAN_POINT('',(2.4,1.2));
#3517 = VECTOR('',#3518,1.);
#3518 = DIRECTION('',(0.,1.));
#3519 = ( GEOMETRIC_REPRESENTATION_CONTEXT(2) 
PARAMETRIC_REPRESENTATION_CONTEXT() REPRESENTATION_CONTEXT('2D SPACE',''
  ) );
#3520 = PCURVE('',#3521,#3526);
#3521 = PLANE('',#3522);
#3522 = AXIS2_PLACEMENT_3D('',#3523,#3524,#3525);
#3523 = CARTESIAN_POINT('',(-3.6,253.6,-2.3));
#3524 = DIRECTION('',(1.,0.,0.));
#3525 = DIRECTION('',(0.,-1.224646799147E-16,-1.));
#3526 = DEFINITIONAL_REPRESENTATION('',(#3527),#3531);
#3527 = LINE('',#3528,#3529);
#3528 = CARTESIAN_POINT('',(30.3,1.2));
#3529 = VECTOR('',#3530,1.);
#3530 = DIRECTION('',(0.,-1.));
#3531 = ( GEOMETRIC_REPRESENTATION_CONTEXT(2) 
PARAMETRIC_REPRESENTATION_CONTEXT() REPRESENTATION_CONTEXT('2D SPACE',''
  ) );
#3532 = ORIENTED_EDGE('',*,*,#3137,.T.);
#3533 = ADVANCED_FACE('',(#3534),#3398,.F.);
#3534 = FACE_BOUND('',#3535,.F.);
#3535 = EDGE_LOOP('',(#3536,#3559,#3560,#3583));
#3536 = ORIENTED_EDGE('',*,*,#3537,.T.);
#3537 = EDGE_CURVE('',#3538,#3355,#3540,.T.);
#3538 = VERTEX_POINT('',#3539);
#3539 = CARTESIAN_POINT('',(-1.975,122.,-26.));
#3540 = SURFACE_CURVE('',#3541,(#3545,#3552),.PCURVE_S1.);
#3541 = LINE('',#3542,#3543);
#3542 = CARTESIAN_POINT('',(-1.975,122.,-26.));
#3543 = VECTOR('',#3544,1.);
#3544 = DIRECTION('',(0.,-1.224646799147E-16,-1.));
#3545 = PCURVE('',#3398,#3546);
#3546 = DEFINITIONAL_REPRESENTATION('',(#3547),#3551);
#3547 = LINE('',#3548,#3549);
#3548 = CARTESIAN_POINT('',(6.28318530718,-0.));
#3549 = VECTOR('',#3550,1.);
#3550 = DIRECTION('',(0.,1.));
#3551 = ( GEOMETRIC_REPRESENTATION_CONTEXT(2) 
PARAMETRIC_REPRESENTATION_CONTEXT() REPRESENTATION_CONTEXT('2D SPACE',''
  ) );
#3552 = PCURVE('',#3371,#3553);
#3553 = DEFINITIONAL_REPRESENTATION('',(#3554),#3558);
#3554 = LINE('',#3555,#3556);
#3555 = CARTESIAN_POINT('',(0.,-0.));
#3556 = VECTOR('',#3557,1.);
#3557 = DIRECTION('',(0.,1.));
#3558 = ( GEOMETRIC_REPRESENTATION_CONTEXT(2) 
PARAMETRIC_REPRESENTATION_CONTEXT() REPRESENTATION_CONTEXT('2D SPACE',''
  ) );
#3559 = ORIENTED_EDGE('',*,*,#3383,.F.);
#3560 = ORIENTED_EDGE('',*,*,#3561,.F.);
#3561 = EDGE_CURVE('',#3562,#2962,#3564,.T.);
#3562 = VERTEX_POINT('',#3563);
#3563 = CARTESIAN_POINT('',(-3.6,122.83103850693,-26.));
#3564 = SURFACE_CURVE('',#3565,(#3569,#3576),.PCURVE_S1.);
#3565 = LINE('',#3566,#3567);
#3566 = CARTESIAN_POINT('',(-3.6,122.83103850693,-26.));
#3567 = VECTOR('',#3568,1.);
#3568 = DIRECTION('',(0.,-1.224646799147E-16,-1.));
#3569 = PCURVE('',#3398,#3570);
#3570 = DEFINITIONAL_REPRESENTATION('',(#3571),#3575);
#3571 = LINE('',#3572,#3573);
#3572 = CARTESIAN_POINT('',(4.087057753462,0.));
#3573 = VECTOR('',#3574,1.);
#3574 = DIRECTION('',(0.,1.));
#3575 = ( GEOMETRIC_REPRESENTATION_CONTEXT(2) 
PARAMETRIC_REPRESENTATION_CONTEXT() REPRESENTATION_CONTEXT('2D SPACE',''
  ) );
#3576 = PCURVE('',#3428,#3577);
#3577 = DEFINITIONAL_REPRESENTATION('',(#3578),#3582);
#3578 = LINE('',#3579,#3580);
#3579 = CARTESIAN_POINT('',(23.7,-130.768961493));
#3580 = VECTOR('',#3581,1.);
#3581 = DIRECTION('',(1.,0.));
#3582 = ( GEOMETRIC_REPRESENTATION_CONTEXT(2) 
PARAMETRIC_REPRESENTATION_CONTEXT() REPRESENTATION_CONTEXT('2D SPACE',''
  ) );
#3583 = ORIENTED_EDGE('',*,*,#3584,.T.);
#3584 = EDGE_CURVE('',#3562,#3538,#3585,.T.);
#3585 = SURFACE_CURVE('',#3586,(#3591,#3598),.PCURVE_S1.);
#3586 = CIRCLE('',#3587,1.025);
#3587 = AXIS2_PLACEMENT_3D('',#3588,#3589,#3590);
#3588 = CARTESIAN_POINT('',(-3.,122.,-26.));
#3589 = DIRECTION('',(0.,-1.224646799147E-16,-1.));
#3590 = DIRECTION('',(1.,0.,0.));
#3591 = PCURVE('',#3398,#3592);
#3592 = DEFINITIONAL_REPRESENTATION('',(#3593),#3597);
#3593 = LINE('',#3594,#3595);
#3594 = CARTESIAN_POINT('',(0.,0.));
#3595 = VECTOR('',#3596,1.);
#3596 = DIRECTION('',(1.,0.));
#3597 = ( GEOMETRIC_REPRESENTATION_CONTEXT(2) 
PARAMETRIC_REPRESENTATION_CONTEXT() REPRESENTATION_CONTEXT('2D SPACE',''
  ) );
#3598 = PCURVE('',#3599,#3604);
#3599 = PLANE('',#3600);
#3600 = AXIS2_PLACEMENT_3D('',#3601,#3602,#3603);
#3601 = CARTESIAN_POINT('',(-3.,122.,-26.));
#3602 = DIRECTION('',(0.,-1.224646799147E-16,-1.));
#3603 = DIRECTION('',(1.,0.,0.));
#3604 = DEFINITIONAL_REPRESENTATION('',(#3605),#3609);
#3605 = CIRCLE('',#3606,1.025);
#3606 = AXIS2_PLACEMENT_2D('',#3607,#3608);
#3607 = CARTESIAN_POINT('',(0.,0.));
#3608 = DIRECTION('',(1.,0.));
#3609 = ( GEOMETRIC_REPRESENTATION_CONTEXT(2) 
PARAMETRIC_REPRESENTATION_CONTEXT() REPRESENTATION_CONTEXT('2D SPACE',''
  ) );
#3610 = ADVANCED_FACE('',(#3611),#3371,.F.);
#3611 = FACE_BOUND('',#3612,.F.);
#3612 = EDGE_LOOP('',(#3613,#3614,#3615,#3639));
#3613 = ORIENTED_EDGE('',*,*,#3354,.F.);
#3614 = ORIENTED_EDGE('',*,*,#3537,.F.);
#3615 = ORIENTED_EDGE('',*,*,#3616,.T.);
#3616 = EDGE_CURVE('',#3538,#3617,#3619,.T.);
#3617 = VERTEX_POINT('',#3618);
#3618 = CARTESIAN_POINT('',(-3.6,121.16896149307,-26.));
#3619 = SURFACE_CURVE('',#3620,(#3625,#3632),.PCURVE_S1.);
#3620 = CIRCLE('',#3621,1.025);
#3621 = AXIS2_PLACEMENT_3D('',#3622,#3623,#3624);
#3622 = CARTESIAN_POINT('',(-3.,122.,-26.));
#3623 = DIRECTION('',(0.,-1.224646799147E-16,-1.));
#3624 = DIRECTION('',(1.,0.,0.));
#3625 = PCURVE('',#3371,#3626);
#3626 = DEFINITIONAL_REPRESENTATION('',(#3627),#3631);
#3627 = LINE('',#3628,#3629);
#3628 = CARTESIAN_POINT('',(0.,0.));
#3629 = VECTOR('',#3630,1.);
#3630 = DIRECTION('',(1.,0.));
#3631 = ( GEOMETRIC_REPRESENTATION_CONTEXT(2) 
PARAMETRIC_REPRESENTATION_CONTEXT() REPRESENTATION_CONTEXT('2D SPACE',''
  ) );
#3632 = PCURVE('',#3599,#3633);
#3633 = DEFINITIONAL_REPRESENTATION('',(#3634),#3638);
#3634 = CIRCLE('',#3635,1.025);
#3635 = AXIS2_PLACEMENT_2D('',#3636,#3637);
#3636 = CARTESIAN_POINT('',(0.,0.));
#3637 = DIRECTION('',(1.,0.));
#3638 = ( GEOMETRIC_REPRESENTATION_CONTEXT(2) 
PARAMETRIC_REPRESENTATION_CONTEXT() REPRESENTATION_CONTEXT('2D SPACE',''
  ) );
#3639 = ORIENTED_EDGE('',*,*,#3640,.T.);
#3640 = EDGE_CURVE('',#3617,#2933,#3641,.T.);
#3641 = SURFACE_CURVE('',#3642,(#3646,#3653),.PCURVE_S1.);
#3642 = LINE('',#3643,#3644);
#3643 = CARTESIAN_POINT('',(-3.6,121.16896149307,-26.));
#3644 = VECTOR('',#3645,1.);
#3645 = DIRECTION('',(0.,-1.224646799147E-16,-1.));
#3646 = PCURVE('',#3371,#3647);
#3647 = DEFINITIONAL_REPRESENTATION('',(#3648),#3652);
#3648 = LINE('',#3649,#3650);
#3649 = CARTESIAN_POINT('',(2.196127553718,0.));
#3650 = VECTOR('',#3651,1.);
#3651 = DIRECTION('',(0.,1.));
#3652 = ( GEOMETRIC_REPRESENTATION_CONTEXT(2) 
PARAMETRIC_REPRESENTATION_CONTEXT() REPRESENTATION_CONTEXT('2D SPACE',''
  ) );
#3653 = PCURVE('',#3428,#3654);
#3654 = DEFINITIONAL_REPRESENTATION('',(#3655),#3659);
#3655 = LINE('',#3656,#3657);
#3656 = CARTESIAN_POINT('',(23.7,-132.4310385069));
#3657 = VECTOR('',#3658,1.);
#3658 = DIRECTION('',(1.,0.));
#3659 = ( GEOMETRIC_REPRESENTATION_CONTEXT(2) 
PARAMETRIC_REPRESENTATION_CONTEXT() REPRESENTATION_CONTEXT('2D SPACE',''
  ) );
#3660 = ADVANCED_FACE('',(#3661),#3428,.T.);
#3661 = FACE_BOUND('',#3662,.T.);
#3662 = EDGE_LOOP('',(#3663,#3664,#3665,#3686));
#3663 = ORIENTED_EDGE('',*,*,#3414,.F.);
#3664 = ORIENTED_EDGE('',*,*,#3561,.F.);
#3665 = ORIENTED_EDGE('',*,*,#3666,.F.);
#3666 = EDGE_CURVE('',#3617,#3562,#3667,.T.);
#3667 = SURFACE_CURVE('',#3668,(#3672,#3679),.PCURVE_S1.);
#3668 = LINE('',#3669,#3670);
#3669 = CARTESIAN_POINT('',(-3.6,217.8,-26.));
#3670 = VECTOR('',#3671,1.);
#3671 = DIRECTION('',(0.,1.,-1.224646799147E-16));
#3672 = PCURVE('',#3428,#3673);
#3673 = DEFINITIONAL_REPRESENTATION('',(#3674),#3678);
#3674 = LINE('',#3675,#3676);
#3675 = CARTESIAN_POINT('',(23.7,-35.8));
#3676 = VECTOR('',#3677,1.);
#3677 = DIRECTION('',(0.,1.));
#3678 = ( GEOMETRIC_REPRESENTATION_CONTEXT(2) 
PARAMETRIC_REPRESENTATION_CONTEXT() REPRESENTATION_CONTEXT('2D SPACE',''
  ) );
#3679 = PCURVE('',#3599,#3680);
#3680 = DEFINITIONAL_REPRESENTATION('',(#3681),#3685);
#3681 = LINE('',#3682,#3683);
#3682 = CARTESIAN_POINT('',(-0.6,-95.8));
#3683 = VECTOR('',#3684,1.);
#3684 = DIRECTION('',(0.,-1.));
#3685 = ( GEOMETRIC_REPRESENTATION_CONTEXT(2) 
PARAMETRIC_REPRESENTATION_CONTEXT() REPRESENTATION_CONTEXT('2D SPACE',''
  ) );
#3686 = ORIENTED_EDGE('',*,*,#3640,.T.);
#3687 = ADVANCED_FACE('',(#3688),#3491,.F.);
#3688 = FACE_BOUND('',#3689,.F.);
#3689 = EDGE_LOOP('',(#3690,#3713,#3714,#3737));
#3690 = ORIENTED_EDGE('',*,*,#3691,.T.);
#3691 = EDGE_CURVE('',#3692,#3448,#3694,.T.);
#3692 = VERTEX_POINT('',#3693);
#3693 = CARTESIAN_POINT('',(-1.975,251.,-26.));
#3694 = SURFACE_CURVE('',#3695,(#3699,#3706),.PCURVE_S1.);
#3695 = LINE('',#3696,#3697);
#3696 = CARTESIAN_POINT('',(-1.975,251.,-26.));
#3697 = VECTOR('',#3698,1.);
#3698 = DIRECTION('',(0.,-1.224646799147E-16,-1.));
#3699 = PCURVE('',#3491,#3700);
#3700 = DEFINITIONAL_REPRESENTATION('',(#3701),#3705);
#3701 = LINE('',#3702,#3703);
#3702 = CARTESIAN_POINT('',(6.28318530718,-0.));
#3703 = VECTOR('',#3704,1.);
#3704 = DIRECTION('',(0.,1.));
#3705 = ( GEOMETRIC_REPRESENTATION_CONTEXT(2) 
PARAMETRIC_REPRESENTATION_CONTEXT() REPRESENTATION_CONTEXT('2D SPACE',''
  ) );
#3706 = PCURVE('',#3464,#3707);
#3707 = DEFINITIONAL_REPRESENTATION('',(#3708),#3712);
#3708 = LINE('',#3709,#3710);
#3709 = CARTESIAN_POINT('',(0.,-0.));
#3710 = VECTOR('',#3711,1.);
#3711 = DIRECTION('',(0.,1.));
#3712 = ( GEOMETRIC_REPRESENTATION_CONTEXT(2) 
PARAMETRIC_REPRESENTATION_CONTEXT() REPRESENTATION_CONTEXT('2D SPACE',''
  ) );
#3713 = ORIENTED_EDGE('',*,*,#3476,.F.);
#3714 = ORIENTED_EDGE('',*,*,#3715,.F.);
#3715 = EDGE_CURVE('',#3716,#3115,#3718,.T.);
#3716 = VERTEX_POINT('',#3717);
#3717 = CARTESIAN_POINT('',(-3.6,251.83103850693,-26.));
#3718 = SURFACE_CURVE('',#3719,(#3723,#3730),.PCURVE_S1.);
#3719 = LINE('',#3720,#3721);
#3720 = CARTESIAN_POINT('',(-3.6,251.83103850693,-26.));
#3721 = VECTOR('',#3722,1.);
#3722 = DIRECTION('',(0.,-1.224646799147E-16,-1.));
#3723 = PCURVE('',#3491,#3724);
#3724 = DEFINITIONAL_REPRESENTATION('',(#3725),#3729);
#3725 = LINE('',#3726,#3727);
#3726 = CARTESIAN_POINT('',(4.087057753462,0.));
#3727 = VECTOR('',#3728,1.);
#3728 = DIRECTION('',(0.,1.));
#3729 = ( GEOMETRIC_REPRESENTATION_CONTEXT(2) 
PARAMETRIC_REPRESENTATION_CONTEXT() REPRESENTATION_CONTEXT('2D SPACE',''
  ) );
#3730 = PCURVE('',#3521,#3731);
#3731 = DEFINITIONAL_REPRESENTATION('',(#3732),#3736);
#3732 = LINE('',#3733,#3734);
#3733 = CARTESIAN_POINT('',(23.7,-1.76896149307));
#3734 = VECTOR('',#3735,1.);
#3735 = DIRECTION('',(1.,0.));
#3736 = ( GEOMETRIC_REPRESENTATION_CONTEXT(2) 
PARAMETRIC_REPRESENTATION_CONTEXT() REPRESENTATION_CONTEXT('2D SPACE',''
  ) );
#3737 = ORIENTED_EDGE('',*,*,#3738,.T.);
#3738 = EDGE_CURVE('',#3716,#3692,#3739,.T.);
#3739 = SURFACE_CURVE('',#3740,(#3745,#3752),.PCURVE_S1.);
#3740 = CIRCLE('',#3741,1.025);
#3741 = AXIS2_PLACEMENT_3D('',#3742,#3743,#3744);
#3742 = CARTESIAN_POINT('',(-3.,251.,-26.));
#3743 = DIRECTION('',(0.,-1.224646799147E-16,-1.));
#3744 = DIRECTION('',(1.,0.,0.));
#3745 = PCURVE('',#3491,#3746);
#3746 = DEFINITIONAL_REPRESENTATION('',(#3747),#3751);
#3747 = LINE('',#3748,#3749);
#3748 = CARTESIAN_POINT('',(0.,0.));
#3749 = VECTOR('',#3750,1.);
#3750 = DIRECTION('',(1.,0.));
#3751 = ( GEOMETRIC_REPRESENTATION_CONTEXT(2) 
PARAMETRIC_REPRESENTATION_CONTEXT() REPRESENTATION_CONTEXT('2D SPACE',''
  ) );
#3752 = PCURVE('',#3753,#3758);
#3753 = PLANE('',#3754);
#3754 = AXIS2_PLACEMENT_3D('',#3755,#3756,#3757);
#3755 = CARTESIAN_POINT('',(-3.,251.,-26.));
#3756 = DIRECTION('',(0.,-1.224646799147E-16,-1.));
#3757 = DIRECTION('',(1.,0.,0.));
#3758 = DEFINITIONAL_REPRESENTATION('',(#3759),#3763);
#3759 = CIRCLE('',#3760,1.025);
#3760 = AXIS2_PLACEMENT_2D('',#3761,#3762);
#3761 = CARTESIAN_POINT('',(0.,0.));
#3762 = DIRECTION('',(1.,0.));
#3763 = ( GEOMETRIC_REPRESENTATION_CONTEXT(2) 
PARAMETRIC_REPRESENTATION_CONTEXT() REPRESENTATION_CONTEXT('2D SPACE',''
  ) );
#3764 = ADVANCED_FACE('',(#3765),#3464,.F.);
#3765 = FACE_BOUND('',#3766,.F.);
#3766 = EDGE_LOOP('',(#3767,#3768,#3769,#3793));
#3767 = ORIENTED_EDGE('',*,*,#3447,.F.);
#3768 = ORIENTED_EDGE('',*,*,#3691,.F.);
#3769 = ORIENTED_EDGE('',*,*,#3770,.T.);
#3770 = EDGE_CURVE('',#3692,#3771,#3773,.T.);
#3771 = VERTEX_POINT('',#3772);
#3772 = CARTESIAN_POINT('',(-3.6,250.16896149307,-26.));
#3773 = SURFACE_CURVE('',#3774,(#3779,#3786),.PCURVE_S1.);
#3774 = CIRCLE('',#3775,1.025);
#3775 = AXIS2_PLACEMENT_3D('',#3776,#3777,#3778);
#3776 = CARTESIAN_POINT('',(-3.,251.,-26.));
#3777 = DIRECTION('',(0.,-1.224646799147E-16,-1.));
#3778 = DIRECTION('',(1.,0.,0.));
#3779 = PCURVE('',#3464,#3780);
#3780 = DEFINITIONAL_REPRESENTATION('',(#3781),#3785);
#3781 = LINE('',#3782,#3783);
#3782 = CARTESIAN_POINT('',(0.,0.));
#3783 = VECTOR('',#3784,1.);
#3784 = DIRECTION('',(1.,0.));
#3785 = ( GEOMETRIC_REPRESENTATION_CONTEXT(2) 
PARAMETRIC_REPRESENTATION_CONTEXT() REPRESENTATION_CONTEXT('2D SPACE',''
  ) );
#3786 = PCURVE('',#3753,#3787);
#3787 = DEFINITIONAL_REPRESENTATION('',(#3788),#3792);
#3788 = CIRCLE('',#3789,1.025);
#3789 = AXIS2_PLACEMENT_2D('',#3790,#3791);
#3790 = CARTESIAN_POINT('',(0.,0.));
#3791 = DIRECTION('',(1.,0.));
#3792 = ( GEOMETRIC_REPRESENTATION_CONTEXT(2) 
PARAMETRIC_REPRESENTATION_CONTEXT() REPRESENTATION_CONTEXT('2D SPACE',''
  ) );
#3793 = ORIENTED_EDGE('',*,*,#3794,.T.);
#3794 = EDGE_CURVE('',#3771,#3086,#3795,.T.);
#3795 = SURFACE_CURVE('',#3796,(#3800,#3807),.PCURVE_S1.);
#3796 = LINE('',#3797,#3798);
#3797 = CARTESIAN_POINT('',(-3.6,250.16896149307,-26.));
#3798 = VECTOR('',#3799,1.);
#3799 = DIRECTION('',(0.,-1.224646799147E-16,-1.));
#3800 = PCURVE('',#3464,#3801);
#3801 = DEFINITIONAL_REPRESENTATION('',(#3802),#3806);
#3802 = LINE('',#3803,#3804);
#3803 = CARTESIAN_POINT('',(2.196127553718,0.));
#3804 = VECTOR('',#3805,1.);
#3805 = DIRECTION('',(0.,1.));
#3806 = ( GEOMETRIC_REPRESENTATION_CONTEXT(2) 
PARAMETRIC_REPRESENTATION_CONTEXT() REPRESENTATION_CONTEXT('2D SPACE',''
  ) );
#3807 = PCURVE('',#3521,#3808);
#3808 = DEFINITIONAL_REPRESENTATION('',(#3809),#3813);
#3809 = LINE('',#3810,#3811);
#3810 = CARTESIAN_POINT('',(23.7,-3.43103850693));
#3811 = VECTOR('',#3812,1.);
#3812 = DIRECTION('',(1.,0.));
#3813 = ( GEOMETRIC_REPRESENTATION_CONTEXT(2) 
PARAMETRIC_REPRESENTATION_CONTEXT() REPRESENTATION_CONTEXT('2D SPACE',''
  ) );
#3814 = ADVANCED_FACE('',(#3815),#3521,.T.);
#3815 = FACE_BOUND('',#3816,.T.);
#3816 = EDGE_LOOP('',(#3817,#3818,#3819,#3840));
#3817 = ORIENTED_EDGE('',*,*,#3507,.F.);
#3818 = ORIENTED_EDGE('',*,*,#3715,.F.);
#3819 = ORIENTED_EDGE('',*,*,#3820,.F.);
#3820 = EDGE_CURVE('',#3771,#3716,#3821,.T.);
#3821 = SURFACE_CURVE('',#3822,(#3826,#3833),.PCURVE_S1.);
#3822 = LINE('',#3823,#3824);
#3823 = CARTESIAN_POINT('',(-3.6,252.3,-26.));
#3824 = VECTOR('',#3825,1.);
#3825 = DIRECTION('',(0.,1.,-1.224646799147E-16));
#3826 = PCURVE('',#3521,#3827);
#3827 = DEFINITIONAL_REPRESENTATION('',(#3828),#3832);
#3828 = LINE('',#3829,#3830);
#3829 = CARTESIAN_POINT('',(23.7,-1.3));
#3830 = VECTOR('',#3831,1.);
#3831 = DIRECTION('',(0.,1.));
#3832 = ( GEOMETRIC_REPRESENTATION_CONTEXT(2) 
PARAMETRIC_REPRESENTATION_CONTEXT() REPRESENTATION_CONTEXT('2D SPACE',''
  ) );
#3833 = PCURVE('',#3753,#3834);
#3834 = DEFINITIONAL_REPRESENTATION('',(#3835),#3839);
#3835 = LINE('',#3836,#3837);
#3836 = CARTESIAN_POINT('',(-0.6,-1.3));
#3837 = VECTOR('',#3838,1.);
#3838 = DIRECTION('',(0.,-1.));
#3839 = ( GEOMETRIC_REPRESENTATION_CONTEXT(2) 
PARAMETRIC_REPRESENTATION_CONTEXT() REPRESENTATION_CONTEXT('2D SPACE',''
  ) );
#3840 = ORIENTED_EDGE('',*,*,#3794,.T.);
#3841 = ADVANCED_FACE('',(#3842),#3599,.T.);
#3842 = FACE_BOUND('',#3843,.T.);
#3843 = EDGE_LOOP('',(#3844,#3845,#3846));
#3844 = ORIENTED_EDGE('',*,*,#3584,.T.);
#3845 = ORIENTED_EDGE('',*,*,#3616,.T.);
#3846 = ORIENTED_EDGE('',*,*,#3666,.T.);
#3847 = ADVANCED_FACE('',(#3848),#3753,.T.);
#3848 = FACE_BOUND('',#3849,.T.);
#3849 = EDGE_LOOP('',(#3850,#3851,#3852));
#3850 = ORIENTED_EDGE('',*,*,#3738,.T.);
#3851 = ORIENTED_EDGE('',*,*,#3770,.T.);
#3852 = ORIENTED_EDGE('',*,*,#3820,.T.);
#3853 = ( GEOMETRIC_REPRESENTATION_CONTEXT(3) 
GLOBAL_UNCERTAINTY_ASSIGNED_CONTEXT((#3857)) 
GLOBAL_UNIT_ASSIGNED_CONTEXT((#3854,#3855,#3856)) REPRESENTATION_CONTEXT
('Context #1','3D Context with UNIT and UNCERTAINTY') );
#3854 = ( LENGTH_UNIT() NAMED_UNIT(*) SI_UNIT(.MILLI.,.METRE.) );
#3855 = ( NAMED_UNIT(*) PLANE_ANGLE_UNIT() SI_UNIT($,.RADIAN.) );
#3856 = ( NAMED_UNIT(*) SI_UNIT($,.STERADIAN.) SOLID_ANGLE_UNIT() );
#3857 = UNCERTAINTY_MEASURE_WITH_UNIT(LENGTH_MEASURE(1.E-07),#3854,
  'distance_accuracy_value','confusion accuracy');
#3858 = PRODUCT_RELATED_PRODUCT_CATEGORY('part',$,(#7));
ENDSEC;
END-ISO-10303-21;
